OBJECTID,INDEX,ACCNUM,DATE,ACCIDENT_YEAR,TIME,STREET1,STREET2,OFFSET,ROAD_CLASS,DISTRICT,LATITUDE,LONGITUDE,ACCLOC,TRAFFCTL,VISIBILITY,LIGHT,RDSFCOND,ACCLASS,IMPACTYPE,INVTYPE,INVAGE,INJURY,FATAL_NO,INITDIR,VEHTYPE,MANOEUVER,DRIVACT,DRIVCOND,PEDTYPE,PEDACT,PEDCOND,CYCLISTYPE,CYCACT,CYCCOND,PEDESTRIAN,CYCLIST,AUTOMOBILE,MOTORCYCLE,TRUCK,TRSN_CITY_VEH,EMERG_VEH,PASSENGER,SPEEDING,AG_DRIV,REDLIGHT,ALCOHOL,DISABILITY,HOOD_158,NEIGHBOURHOOD_158,HOOD_140,NEIGHBOURHOOD_140,DIVISION,x,y
320,3402769,898340,20/04/2006,2006,843,AVENUE RD,CORTLEIGH BLVD,,Major Arterial,North York,43.713045,-79.41179,At Intersection,No Control,Clear,Daylight,Dry,Fatal,Cyclist Collisions,Cyclist,45 to 49,Fatal,,South,Bicycle,Going Ahead,,,,,,"Motorist turns right at non-signal Inter.(stop, yield, no cont.,and dwy) and strikes cyclist.",Driving Properly,Normal,,Yes,,,Yes,,,,,,,,,103,Lawrence Park South,103,Lawrence Park South (103),D53,627946.4623,4841226.831
321,3532636,898350,20/04/2006,2006,2053,KEELE ST,FINCH AVE W,,Major Arterial,Etobicoke York,43.763445,-79.49099,At Intersection,Traffic Signal,Clear,Dark,Dry,Fatal,Cyclist Collisions,Vehicle Owner,unknown,,,,Other,,,,,,,,,,,Yes,,,Yes,,,,,,,,,27,York University Heights,27,York University Heights (27),D31,621464.0928,4846705.277
322,3532637,898350,20/04/2006,2006,2053,KEELE ST,FINCH AVE W,,Major Arterial,Etobicoke York,43.763445,-79.49099,At Intersection,Traffic Signal,Clear,Dark,Dry,Fatal,Cyclist Collisions,Cyclist,15 to 19,Fatal,,North,Bicycle,Making U Turn,,,,,,Cyclist makes u-turn in-front of driver.,Improper Turn,Had Been Drinking,,Yes,,,Yes,,,,,,,,,27,York University Heights,27,York University Heights (27),D31,621464.0928,4846705.277
323,3532638,898350,20/04/2006,2006,2053,KEELE ST,FINCH AVE W,,Major Arterial,Etobicoke York,43.763445,-79.49099,At Intersection,Traffic Signal,Clear,Dark,Dry,Fatal,Cyclist Collisions,Vehicle Owner,unknown,,,,Other,,,,,,,,,,,Yes,,,Yes,,,,,,,,,27,York University Heights,27,York University Heights (27),D31,621464.0928,4846705.277
324,3532639,898350,20/04/2006,2006,2053,KEELE ST,FINCH AVE W,,Major Arterial,Etobicoke York,43.763445,-79.49099,At Intersection,Traffic Signal,Clear,Dark,Dry,Fatal,Cyclist Collisions,Truck Driver,45 to 49,None,,West,Truck - Open,Turning Right,Driving Properly,Normal,,,,,,,,Yes,,,Yes,,,,,,,,,27,York University Heights,27,York University Heights (27),D31,621464.0928,4846705.277
325,3403315,898555,23/04/2006,2006,950,MCCOWAN RD,ELLESMERE RD,,Major Arterial,Scarborough,43.772145,-79.25149,At Intersection,Traffic Signal,Rain,Daylight,Wet,Non-Fatal Injury,Turning Movement,Passenger,75 to 79,Major,,,Other,Other,,,,,,,,,,,Yes,,,,,Yes,Yes,Yes,,,,142,Woburn North,137,Woburn (137),D43,640721.8604,4848050.71
326,3403316,898555,23/04/2006,2006,950,MCCOWAN RD,ELLESMERE RD,,Major Arterial,Scarborough,43.772145,-79.25149,At Intersection,Traffic Signal,Rain,Daylight,Wet,Non-Fatal Injury,Turning Movement,Driver,80 to 84,Minor,,South,"Automobile, Station Wagon",Turning Left,Improper Turn,Normal,,,,,,,,,Yes,,,,,Yes,Yes,Yes,,,,142,Woburn North,137,Woburn (137),D43,640721.8604,4848050.71
327,3403317,898555,23/04/2006,2006,950,MCCOWAN RD,ELLESMERE RD,,Major Arterial,Scarborough,43.772145,-79.25149,At Intersection,Traffic Signal,Rain,Daylight,Wet,Non-Fatal Injury,Turning Movement,Driver,35 to 39,Minimal,,North,"Automobile, Station Wagon",Going Ahead,Speed too Fast For Condition,Normal,,,,,,,,,Yes,,,,,Yes,Yes,Yes,,,,142,Woburn North,137,Woburn (137),D43,640721.8604,4848050.71
328,3403950,898801,25/04/2006,2006,119,MILNER AVE,AUTO MALL DR,,Minor Arterial,Scarborough,43.799545,-79.19169,At Intersection,No Control,Clear,Dark,Dry,Non-Fatal Injury,SMV Other,Passenger,20 to 24,Minimal,,,Other,Other,,,,,,,,,,,Yes,,,,,Yes,,,,,,144,Morningside Heights,131,Rouge (131),D42,645468.2016,4851197.296
329,3403951,898801,25/04/2006,2006,119,MILNER AVE,AUTO MALL DR,,Minor Arterial,Scarborough,43.799545,-79.19169,At Intersection,No Control,Clear,Dark,Dry,Non-Fatal Injury,SMV Other,Passenger,25 to 29,Major,,,Other,Other,,,,,,,,,,,Yes,,,,,Yes,,,,,,144,Morningside Heights,131,Rouge (131),D42,645468.2016,4851197.296
330,3403952,898801,25/04/2006,2006,119,MILNER AVE,AUTO MALL DR,,Minor Arterial,Scarborough,43.799545,-79.19169,At Intersection,No Control,Clear,Dark,Dry,Non-Fatal Injury,SMV Other,Vehicle Owner,unknown,None,,,Other,Going Ahead,,,,,,,,,,,Yes,,,,,Yes,,,,,,144,Morningside Heights,131,Rouge (131),D42,645468.2016,4851197.296
331,3403953,898801,25/04/2006,2006,119,MILNER AVE,AUTO MALL DR,,Minor Arterial,Scarborough,43.799545,-79.19169,At Intersection,No Control,Clear,Dark,Dry,Non-Fatal Injury,SMV Other,Driver,25 to 29,Minimal,,,"Automobile, Station Wagon",Going Ahead,,,,,,,,,,,Yes,,,,,Yes,,,,,,144,Morningside Heights,131,Rouge (131),D42,645468.2016,4851197.296
332,3551265,912860,25/04/2006,2006,119,MILNER AVE,AUTO MALL DR,,Minor Arterial,Scarborough,43.800045,-79.19079,,No Control,Clear,Dark,Dry,Non-Fatal Injury,SMV Other,Passenger,25 to 29,Major,,,Other,,,,,,,,,,,,Yes,,,,,Yes,Yes,Yes,,Yes,,144,Morningside Heights,131,Rouge (131),D42,645539.3882,4851254.412
333,3551266,912860,25/04/2006,2006,119,MILNER AVE,AUTO MALL DR,,Minor Arterial,Scarborough,43.800045,-79.19079,,No Control,Clear,Dark,Dry,Non-Fatal Injury,SMV Other,Passenger,20 to 24,Minor,,,Other,,,,,,,,,,,,Yes,,,,,Yes,Yes,Yes,,Yes,,144,Morningside Heights,131,Rouge (131),D42,645539.3882,4851254.412
334,3551267,912860,25/04/2006,2006,119,MILNER AVE,AUTO MALL DR,,Minor Arterial,Scarborough,43.800045,-79.19079,,No Control,Clear,Dark,Dry,Non-Fatal Injury,SMV Other,Vehicle Owner,unknown,,,,Other,,,,,,,,,,,,Yes,,,,,Yes,Yes,Yes,,Yes,,144,Morningside Heights,131,Rouge (131),D42,645539.3882,4851254.412
335,3551268,912860,25/04/2006,2006,119,MILNER AVE,AUTO MALL DR,,Minor Arterial,Scarborough,43.800045,-79.19079,,No Control,Clear,Dark,Dry,Non-Fatal Injury,SMV Other,Driver,25 to 29,Minor,,East,"Automobile, Station Wagon",Going Ahead,Lost control,"Ability Impaired, Alcohol",,,,,,,,,Yes,,,,,Yes,Yes,Yes,,Yes,,144,Morningside Heights,131,Rouge (131),D42,645539.3882,4851254.412
336,3414822,902863,25/04/2006,2006,800,BLOOR ST W,SYMINGTON AVE,,Major Arterial,Toronto and East York,43.657244,-79.447788,At Intersection,Traffic Signal,Rain,Daylight,Wet,Non-Fatal Injury,Cyclist Collisions,Vehicle Owner,unknown,,,,,,,,,,,,,,,Yes,Yes,,,,,,,,,,,83,Dufferin Grove,83,Dufferin Grove (83),D11,625162.4246,4834974.437
337,3414823,902863,25/04/2006,2006,800,BLOOR ST W,SYMINGTON AVE,,Major Arterial,Toronto and East York,43.657244,-79.447788,At Intersection,Traffic Signal,Rain,Daylight,Wet,Non-Fatal Injury,Cyclist Collisions,Driver,25 to 29,None,,South,"Automobile, Station Wagon",Turning Left,Driving Properly,Normal,,,,,,,,Yes,Yes,,,,,,,,,,,83,Dufferin Grove,83,Dufferin Grove (83),D11,625162.4246,4834974.437
338,3414824,902863,25/04/2006,2006,800,BLOOR ST W,SYMINGTON AVE,,Major Arterial,Toronto and East York,43.657244,-79.447788,At Intersection,Traffic Signal,Rain,Daylight,Wet,Non-Fatal Injury,Cyclist Collisions,Cyclist,45 to 49,Major,,North,Bicycle,Other,,,,,,Motorist turned left across cyclists path.,,,,Yes,Yes,,,,,,,,,,,83,Dufferin Grove,83,Dufferin Grove (83),D11,625162.4246,4834974.437
339,3404465,899004,25/04/2006,2006,1630,40 STORMONT AVE,,,Local,North York,43.719345,-79.42529,At Intersection,No Control,Clear,Daylight,Dry,Non-Fatal Injury,Pedestrian Collisions,Vehicle Owner,unknown,None,,,Other,,,,,,,,,,Yes,,Yes,,,,,Yes,,,,,,39,Bedford Park-Nortown,39,Bedford Park-Nortown (39),D53,626845.5964,4841905.786
340,3404466,899004,25/04/2006,2006,1630,40 STORMONT AVE,,,Local,North York,43.719345,-79.42529,At Intersection,No Control,Clear,Daylight,Dry,Non-Fatal Injury,Pedestrian Collisions,Pedestrian,5 to 9,Major,,,Other,,,,Pedestrian hit on sidewalk or shoulder,On Sidewalk or Shoulder,Normal,,,,Yes,,Yes,,,,,Yes,,,,,,39,Bedford Park-Nortown,39,Bedford Park-Nortown (39),D53,626845.5964,4841905.786
341,3404467,899004,25/04/2006,2006,1630,40 STORMONT AVE,,,Local,North York,43.719345,-79.42529,At Intersection,No Control,Clear,Daylight,Dry,Non-Fatal Injury,Pedestrian Collisions,Passenger,10 to 14,None,,,Other,,,,,,,,,,Yes,,Yes,,,,,Yes,,,,,,39,Bedford Park-Nortown,39,Bedford Park-Nortown (39),D53,626845.5964,4841905.786
342,3404468,899004,25/04/2006,2006,1630,40 STORMONT AVE,,,Local,North York,43.719345,-79.42529,At Intersection,No Control,Clear,Daylight,Dry,Non-Fatal Injury,Pedestrian Collisions,Passenger,0 to 4,None,,,Other,,,,,,,,,,Yes,,Yes,,,,,Yes,,,,,,39,Bedford Park-Nortown,39,Bedford Park-Nortown (39),D53,626845.5964,4841905.786
343,3404469,899004,25/04/2006,2006,1630,40 STORMONT AVE,,,Local,North York,43.719345,-79.42529,At Intersection,No Control,Clear,Daylight,Dry,Non-Fatal Injury,Pedestrian Collisions,Passenger,10 to 14,None,,,Other,,,,,,,,,,Yes,,Yes,,,,,Yes,,,,,,39,Bedford Park-Nortown,39,Bedford Park-Nortown (39),D53,626845.5964,4841905.786
344,3404470,899004,25/04/2006,2006,1630,40 STORMONT AVE,,,Local,North York,43.719345,-79.42529,At Intersection,No Control,Clear,Daylight,Dry,Non-Fatal Injury,Pedestrian Collisions,Driver,30 to 34,None,,East,"Automobile, Station Wagon",Unknown,Lost control,Fatigue,,,,,,,Yes,,Yes,,,,,Yes,,,,,,39,Bedford Park-Nortown,39,Bedford Park-Nortown (39),D53,626845.5964,4841905.786
345,3404471,899004,25/04/2006,2006,1630,40 STORMONT AVE,,,Local,North York,43.719345,-79.42529,At Intersection,No Control,Clear,Daylight,Dry,Non-Fatal Injury,Pedestrian Collisions,Vehicle Owner,unknown,None,,,Other,,,,,,,,,,Yes,,Yes,,,,,Yes,,,,,,39,Bedford Park-Nortown,39,Bedford Park-Nortown (39),D53,626845.5964,4841905.786
346,3415416,903074,26/04/2006,2006,920,KINGSTON RD,WARDEN AVE,,Major Arterial,Scarborough,43.687745,-79.27089,At Intersection,Traffic Signal,Clear,Daylight,Dry,Non-Fatal Injury,Pedestrian Collisions,Driver,75 to 79,None,,South,"Automobile, Station Wagon",Turning Left,Failed to Yield Right of Way,Inattentive,,,,,,,Yes,,Yes,,,,,,,Yes,,,,122,Birchcliffe-Cliffside,122,Birchcliffe-Cliffside (122),D41,639356.1216,4838644.048
347,3415417,903074,26/04/2006,2006,920,KINGSTON RD,WARDEN AVE,,Major Arterial,Scarborough,43.687745,-79.27089,At Intersection,Traffic Signal,Clear,Daylight,Dry,Non-Fatal Injury,Pedestrian Collisions,Pedestrian,20 to 24,Minor,,North,Other,,,,Vehicle turns left while ped crosses with ROW at inter.,Crossing with right of way,Normal,,,,Yes,,Yes,,,,,,,Yes,,,,122,Birchcliffe-Cliffside,122,Birchcliffe-Cliffside (122),D41,639356.1216,4838644.048
348,3415418,903074,26/04/2006,2006,920,KINGSTON RD,WARDEN AVE,,Major Arterial,Scarborough,43.687745,-79.27089,At Intersection,Traffic Signal,Clear,Daylight,Dry,Non-Fatal Injury,Pedestrian Collisions,Pedestrian,20 to 24,Major,,North,Other,,,,Vehicle turns left while ped crosses with ROW at inter.,Crossing with right of way,Normal,,,,Yes,,Yes,,,,,,,Yes,,,,122,Birchcliffe-Cliffside,122,Birchcliffe-Cliffside (122),D41,639356.1216,4838644.048
349,3415531,903114,27/04/2006,2006,2044,THE QUEENSWAY,NORTH QUEEN ST,,Major Arterial,Etobicoke York,43.614245,-79.55619,At Intersection,Traffic Signal,Clear,Dark,Dry,Non-Fatal Injury,Turning Movement,Passenger,15 to 19,Major,,,Other,,,,,,,,,,,,Yes,,,,,Yes,,,,,,159,Etobicoke City Centre,14,Islington-City Centre West (14),D22,616504.4319,4830041.06
350,3415532,903114,27/04/2006,2006,2044,THE QUEENSWAY,NORTH QUEEN ST,,Major Arterial,Etobicoke York,43.614245,-79.55619,At Intersection,Traffic Signal,Clear,Dark,Dry,Non-Fatal Injury,Turning Movement,Vehicle Owner,unknown,,,,Other,,,,,,,,,,,,Yes,,,,,Yes,,,,,,159,Etobicoke City Centre,14,Islington-City Centre West (14),D22,616504.4319,4830041.06
351,3415533,903114,27/04/2006,2006,2044,THE QUEENSWAY,NORTH QUEEN ST,,Major Arterial,Etobicoke York,43.614245,-79.55619,At Intersection,Traffic Signal,Clear,Dark,Dry,Non-Fatal Injury,Turning Movement,Driver,15 to 19,None,,East,"Automobile, Station Wagon",Turning Left,Improper Turn,Normal,,,,,,,,,Yes,,,,,Yes,,,,,,159,Etobicoke City Centre,14,Islington-City Centre West (14),D22,616504.4319,4830041.06
352,3415534,903114,27/04/2006,2006,2044,THE QUEENSWAY,NORTH QUEEN ST,,Major Arterial,Etobicoke York,43.614245,-79.55619,At Intersection,Traffic Signal,Clear,Dark,Dry,Non-Fatal Injury,Turning Movement,Driver,25 to 29,None,,West,"Automobile, Station Wagon",Going Ahead,Driving Properly,Normal,,,,,,,,,Yes,,,,,Yes,,,,,,159,Etobicoke City Centre,14,Islington-City Centre West (14),D22,616504.4319,4830041.06
353,3416133,903348,28/04/2006,2006,1310,EGLINTON AVE W,OLD FOREST HILL RD,,Major Arterial,North York,43.701545,-79.42309,At Intersection,Traffic Signal,Clear,Daylight,Dry,Non-Fatal Injury,Turning Movement,Driver,70 to 74,None,,East,"Automobile, Station Wagon",Turning Left,Improper Turn,Normal,,,,,,,,,Yes,Yes,,,,,,,,,,102,Forest Hill North,102,Forest Hill North (102),D53,627060.4194,4839932.215
354,3416134,903348,28/04/2006,2006,1310,EGLINTON AVE W,OLD FOREST HILL RD,,Major Arterial,North York,43.701545,-79.42309,At Intersection,Traffic Signal,Clear,Daylight,Dry,Non-Fatal Injury,Turning Movement,Motorcycle Driver,35 to 39,Major,,West,Motorcycle,Going Ahead,Driving Properly,Normal,,,,,,,,,Yes,Yes,,,,,,,,,,102,Forest Hill North,102,Forest Hill North (102),D53,627060.4194,4839932.215
355,3514246,939781,28/04/2006,2006,2349,BLOOR ST W,DUFFERIN ST,,Major Arterial,Toronto and East York,43.659945,-79.43499,,No Control,Clear,Dark,Dry,Non-Fatal Injury,Cyclist Collisions,Driver,25 to 29,None,,West,"Automobile, Station Wagon",Going Ahead,Driving Properly,Normal,,,,,,,,Yes,Yes,,,,,Yes,Yes,Yes,,,,83,Dufferin Grove,83,Dufferin Grove (83),D14,626188.7415,4835293.803
356,3514247,939781,28/04/2006,2006,2349,BLOOR ST W,DUFFERIN ST,,Major Arterial,Toronto and East York,43.659945,-79.43499,,No Control,Clear,Dark,Dry,Non-Fatal Injury,Cyclist Collisions,Passenger,50 to 54,Minimal,,,Other,,,,,,,,,,,Yes,Yes,,,,,Yes,Yes,Yes,,,,83,Dufferin Grove,83,Dufferin Grove (83),D14,626188.7415,4835293.803
357,3514248,939781,28/04/2006,2006,2349,BLOOR ST W,DUFFERIN ST,,Major Arterial,Toronto and East York,43.659945,-79.43499,,No Control,Clear,Dark,Dry,Non-Fatal Injury,Cyclist Collisions,Driver,50 to 54,None,,West,"Automobile, Station Wagon",Going Ahead,Driving Properly,Normal,,,,,,,,Yes,Yes,,,,,Yes,Yes,Yes,,,,83,Dufferin Grove,83,Dufferin Grove (83),D14,626188.7415,4835293.803
358,3514249,939781,28/04/2006,2006,2349,BLOOR ST W,DUFFERIN ST,,Major Arterial,Toronto and East York,43.659945,-79.43499,,No Control,Clear,Dark,Dry,Non-Fatal Injury,Cyclist Collisions,Driver,unknown,None,,East,"Automobile, Station Wagon",Going Ahead,Speed too Fast For Condition,Normal,,,,,,,,Yes,Yes,,,,,Yes,Yes,Yes,,,,83,Dufferin Grove,83,Dufferin Grove (83),D14,626188.7415,4835293.803
359,3514250,939781,28/04/2006,2006,2349,BLOOR ST W,DUFFERIN ST,,Major Arterial,Toronto and East York,43.659945,-79.43499,,No Control,Clear,Dark,Dry,Non-Fatal Injury,Cyclist Collisions,Vehicle Owner,unknown,,,,Other,,,,,,,,,,,Yes,Yes,,,,,Yes,Yes,Yes,,,,83,Dufferin Grove,83,Dufferin Grove (83),D14,626188.7415,4835293.803
360,3514251,939781,28/04/2006,2006,2349,BLOOR ST W,DUFFERIN ST,,Major Arterial,Toronto and East York,43.659945,-79.43499,,No Control,Clear,Dark,Dry,Non-Fatal Injury,Cyclist Collisions,Vehicle Owner,unknown,,,,Other,,,,,,,,,,,Yes,Yes,,,,,Yes,Yes,Yes,,,,83,Dufferin Grove,83,Dufferin Grove (83),D14,626188.7415,4835293.803
361,3514252,939781,28/04/2006,2006,2349,BLOOR ST W,DUFFERIN ST,,Major Arterial,Toronto and East York,43.659945,-79.43499,,No Control,Clear,Dark,Dry,Non-Fatal Injury,Cyclist Collisions,Driver,35 to 39,Minor,,East,"Automobile, Station Wagon",Going Ahead,Driving Properly,Normal,,,,,,,,Yes,Yes,,,,,Yes,Yes,Yes,,,,83,Dufferin Grove,83,Dufferin Grove (83),D14,626188.7415,4835293.803
362,3514253,939781,28/04/2006,2006,2349,BLOOR ST W,DUFFERIN ST,,Major Arterial,Toronto and East York,43.659945,-79.43499,,No Control,Clear,Dark,Dry,Non-Fatal Injury,Cyclist Collisions,Driver,40 to 44,None,,West,"Automobile, Station Wagon",Going Ahead,Driving Properly,Normal,,,,,,,,Yes,Yes,,,,,Yes,Yes,Yes,,,,83,Dufferin Grove,83,Dufferin Grove (83),D14,626188.7415,4835293.803
363,3514254,939781,28/04/2006,2006,2349,BLOOR ST W,DUFFERIN ST,,Major Arterial,Toronto and East York,43.659945,-79.43499,,No Control,Clear,Dark,Dry,Non-Fatal Injury,Cyclist Collisions,Cyclist,25 to 29,Major,,East,Bicycle,Going Ahead,,,,,,Cyclist and Driver travelling in same direction. One vehicle rear-ended the other.,Driving Properly,Normal,,Yes,Yes,,,,,Yes,Yes,Yes,,,,83,Dufferin Grove,83,Dufferin Grove (83),D14,626188.7415,4835293.803
364,3514255,939781,28/04/2006,2006,2349,BLOOR ST W,DUFFERIN ST,,Major Arterial,Toronto and East York,43.659945,-79.43499,,No Control,Clear,Dark,Dry,Non-Fatal Injury,Cyclist Collisions,Other Property Owner,unknown,,,,Other,,,,,,,,,,,Yes,Yes,,,,,Yes,Yes,Yes,,,,83,Dufferin Grove,83,Dufferin Grove (83),D14,626188.7415,4835293.803
365,3407500,900117,29/04/2006,2006,1521,DOUGLAS BLVD,LAKE SHORE BLVD W,,Local,Etobicoke York,43.610362,-79.488437,Non Intersection,No Control,Clear,Daylight,Dry,Non-Fatal Injury,SMV Other,Motorcycle Driver,20 to 24,Major,,South,Motorcycle,Going Ahead,Lost control,Normal,,,,,,,,,,Yes,,,,,,,,,,160,Mimico-Queensway,17,Mimico (includes Humber Bay Shores) (17),D22,621979.4785,4829707.09
366,3603052,900120,29/04/2006,2006,2136,MILLWICK DR,MILVAN DR,,Collector,Etobicoke York,43.758145,-79.55959,,No Control,Clear,Dark,Dry,Fatal,SMV Other,Driver,40 to 44,Minimal,,North,"Automobile, Station Wagon",Going Ahead,Speed too Fast For Condition,Had Been Drinking,,,,,,,,,Yes,,,,,Yes,Yes,Yes,,,,21,Humber Summit,21,Humber Summit (21),D31,615952.5004,4846018.308
367,3603053,900120,29/04/2006,2006,2136,MILLWICK DR,MILVAN DR,,Collector,Etobicoke York,43.758145,-79.55959,,No Control,Clear,Dark,Dry,Fatal,SMV Other,Vehicle Owner,unknown,,,,Other,,,,,,,,,,,,Yes,,,,,Yes,Yes,Yes,,,,21,Humber Summit,21,Humber Summit (21),D31,615952.5004,4846018.308
368,3603054,900120,29/04/2006,2006,2136,MILLWICK DR,MILVAN DR,,Collector,Etobicoke York,43.758145,-79.55959,,No Control,Clear,Dark,Dry,Fatal,SMV Other,Passenger,40 to 44,Fatal,,,Other,,,,,,,,,,,,Yes,,,,,Yes,Yes,Yes,,,,21,Humber Summit,21,Humber Summit (21),D31,615952.5004,4846018.308
369,3603055,900120,29/04/2006,2006,2136,MILLWICK DR,MILVAN DR,,Collector,Etobicoke York,43.758145,-79.55959,,No Control,Clear,Dark,Dry,Fatal,SMV Other,Passenger,40 to 44,Minor,,,"Automobile, Station Wagon",,,,,,,,,,,,Yes,,,,,Yes,Yes,Yes,,,,21,Humber Summit,21,Humber Summit (21),D31,615952.5004,4846018.308
370,3603056,900120,29/04/2006,2006,2136,MILLWICK DR,MILVAN DR,,Collector,Etobicoke York,43.758145,-79.55959,,No Control,Clear,Dark,Dry,Fatal,SMV Other,Other Property Owner,unknown,,,,Other,,,,,,,,,,,,Yes,,,,,Yes,Yes,Yes,,,,21,Humber Summit,21,Humber Summit (21),D31,615952.5004,4846018.308
371,3407617,900159,30/04/2006,2006,857,QUEEN ST E,FALLINGBROOK RD,,Collector,Scarborough,43.675345,-79.27639,At Intersection,Stop Sign,Clear,Daylight,Dry,Fatal,SMV Other,Driver,55 to 59,Fatal,,East,"Automobile, Station Wagon",Going Ahead,Speed too Fast For Condition,Unknown,,,,,,,,,Yes,,,,,,Yes,Yes,,,,122,Birchcliffe-Cliffside,122,Birchcliffe-Cliffside (122),D41,638941.4705,4837257.627
372,3407618,900159,30/04/2006,2006,857,QUEEN ST E,FALLINGBROOK RD,,Collector,Scarborough,43.675345,-79.27639,At Intersection,Stop Sign,Clear,Daylight,Dry,Fatal,SMV Other,Other Property Owner,unknown,,,,Other,,,,,,,,,,,,Yes,,,,,,Yes,Yes,,,,122,Birchcliffe-Cliffside,122,Birchcliffe-Cliffside (122),D41,638941.4705,4837257.627
373,3416373,903432,01/05/2006,2006,1610,96 NYMARK AVE,,,Collector,North York,43.781745,-79.35849,,No Control,Clear,Daylight,Dry,Non-Fatal Injury,SMV Other,Driver,35 to 39,Major,,East,"Automobile, Station Wagon",Going Ahead,Improper Passing,Normal,,,,,,,,,Yes,,,,,Yes,Yes,Yes,,,,47,Don Valley Village,47,Don Valley Village (47),D33,632089.1623,4848940.645
374,3416374,903432,01/05/2006,2006,1610,96 NYMARK AVE,,,Collector,North York,43.781745,-79.35849,,No Control,Clear,Daylight,Dry,Non-Fatal Injury,SMV Other,Passenger,5 to 9,Minor,,,Other,,,,,,,,,,,,Yes,,,,,Yes,Yes,Yes,,,,47,Don Valley Village,47,Don Valley Village (47),D33,632089.1623,4848940.645
375,3416375,903432,01/05/2006,2006,1610,96 NYMARK AVE,,,Collector,North York,43.781745,-79.35849,,No Control,Clear,Daylight,Dry,Non-Fatal Injury,SMV Other,Passenger,5 to 9,Minor,,,Other,,,,,,,,,,,,Yes,,,,,Yes,Yes,Yes,,,,47,Don Valley Village,47,Don Valley Village (47),D33,632089.1623,4848940.645
376,3416376,903432,01/05/2006,2006,1610,96 NYMARK AVE,,,Collector,North York,43.781745,-79.35849,,No Control,Clear,Daylight,Dry,Non-Fatal Injury,SMV Other,Other Property Owner,unknown,None,,,Other,,,,,,,,,,,,Yes,,,,,Yes,Yes,Yes,,,,47,Don Valley Village,47,Don Valley Village (47),D33,632089.1623,4848940.645
377,3417452,903839,01/05/2006,2006,1900,BLACK CREEK DR,TRETHEWEY DR,,Major Arterial,Etobicoke York,43.695245,-79.48649,,No Control,Clear,Daylight,Dry,Non-Fatal Injury,SMV Other,Driver,40 to 44,Major,,South,"Automobile, Station Wagon",Going Ahead,Lost control,Normal,,,,,,,,,Yes,,,,,,,,,,,112,Beechborough-Greenbrook,112,Beechborough-Greenbrook (112),D12,621964.6558,4839137.303
378,3417678,903913,02/05/2006,2006,1335,OLD FINCH AVE,SEWELLS RD,,Collector,Scarborough,43.824245,-79.19339,,No Control,Clear,Daylight,Dry,Non-Fatal Injury,Approaching,Driver,20 to 24,None,,East,"Automobile, Station Wagon",Going Ahead,Disobeyed Traffic Control,Normal,,,,,,,,,Yes,Yes,,,,,Yes,Yes,,,,144,Morningside Heights,131,Rouge (131),D42,645271.5406,4853937.651
379,3417679,903913,02/05/2006,2006,1335,OLD FINCH AVE,SEWELLS RD,,Collector,Scarborough,43.824245,-79.19339,,No Control,Clear,Daylight,Dry,Non-Fatal Injury,Approaching,Motorcycle Driver,20 to 24,Major,,West,Motorcycle,Going Ahead,Exceeding Speed Limit,Normal,,,,,,,,,Yes,Yes,,,,,Yes,Yes,,,,144,Morningside Heights,131,Rouge (131),D42,645271.5406,4853937.651
380,3414715,902826,03/05/2006,2006,900,BATHURST ST,BLOOR ST W,,Major Arterial,Toronto and East York,43.665445,-79.41139,,No Control,Clear,Daylight,Dry,Non-Fatal Injury,Cyclist Collisions,Driver,unknown,None,,North,"Automobile, Station Wagon",Parked,Other,Unknown,,,,,,,,Yes,Yes,,,,,,,,,,,95,Annex,95,Annex (95),D14,628079.9621,4835940.815
381,3414716,902826,03/05/2006,2006,900,BATHURST ST,BLOOR ST W,,Major Arterial,Toronto and East York,43.665445,-79.41139,,No Control,Clear,Daylight,Dry,Non-Fatal Injury,Cyclist Collisions,Cyclist,30 to 34,Major,,North,Bicycle,Going Ahead,,,,,,Cyclist struck opened vehicle door,Driving Properly,Normal,,Yes,Yes,,,,,,,,,,,95,Annex,95,Annex (95),D14,628079.9621,4835940.815
382,3409197,900756,03/05/2006,2006,1032,DUNDAS ST W,SHAW ST,,Major Arterial,Toronto and East York,43.649845,-79.41829,At Intersection,Traffic Signal,Clear,Daylight,Dry,Fatal,Pedestrian Collisions,Vehicle Owner,unknown,,,,Other,,,,,,,,,,Yes,,Yes,,,,,,,Yes,,,,81,Trinity-Bellwoods,81,Trinity-Bellwoods (81),D14,627556.6791,4834197.601
383,3409198,900756,03/05/2006,2006,1032,DUNDAS ST W,SHAW ST,,Major Arterial,Toronto and East York,43.649845,-79.41829,At Intersection,Traffic Signal,Clear,Daylight,Dry,Fatal,Pedestrian Collisions,Driver,65 to 69,None,,South,"Automobile, Station Wagon",Turning Left,Failed to Yield Right of Way,Inattentive,,,,,,,Yes,,Yes,,,,,,,Yes,,,,81,Trinity-Bellwoods,81,Trinity-Bellwoods (81),D14,627556.6791,4834197.601
384,3409199,900756,03/05/2006,2006,1032,DUNDAS ST W,SHAW ST,,Major Arterial,Toronto and East York,43.649845,-79.41829,At Intersection,Traffic Signal,Clear,Daylight,Dry,Fatal,Pedestrian Collisions,Pedestrian,70 to 74,Fatal,,North,Other,,,,Vehicle turns left while ped crosses with ROW at inter.,Crossing with right of way,Normal,,,,Yes,,Yes,,,,,,,Yes,,,,81,Trinity-Bellwoods,81,Trinity-Bellwoods (81),D14,627556.6791,4834197.601