OBJECTID,INDEX,ACCNUM,DATE,ACCIDENT_YEAR,TIME,STREET1,STREET2,OFFSET,ROAD_CLASS,DISTRICT,LATITUDE,LONGITUDE,ACCLOC,TRAFFCTL,VISIBILITY,LIGHT,RDSFCOND,ACCLASS,IMPACTYPE,INVTYPE,INVAGE,INJURY,FATAL_NO,INITDIR,VEHTYPE,MANOEUVER,DRIVACT,DRIVCOND,PEDTYPE,PEDACT,PEDCOND,CYCLISTYPE,CYCACT,CYCCOND,PEDESTRIAN,CYCLIST,AUTOMOBILE,MOTORCYCLE,TRUCK,TRSN_CITY_VEH,EMERG_VEH,PASSENGER,SPEEDING,AG_DRIV,REDLIGHT,ALCOHOL,DISABILITY,HOOD_158,NEIGHBOURHOOD_158,HOOD_140,NEIGHBOURHOOD_140,DIVISION,x,y
891,3495904,932873,20/08/2006,2006,1543,COLLEGE ST,CLINTON ST,,Major Arterial,Toronto and East York,43.655345,-79.41299,At Intersection,No Control,Clear,Daylight,Dry,Non-Fatal Injury,Cyclist Collisions,Cyclist,20 to 24,Minimal,,West,Bicycle,Going Ahead,,,,,,Cyclist struck opened vehicle door,Driving Properly,Normal,,Yes,Yes,,,,,Yes,,,,,,81,Trinity-Bellwoods,81,Trinity-Bellwoods (81),D14,627972.4185,4834816.608
892,3469962,923341,21/08/2006,2006,850,BIRCHMOUNT RD,GLENDOWER CRCT,,Major Arterial,Scarborough,43.797145,-79.30519,,Traffic Signal,Clear,Daylight,Dry,Non-Fatal Injury,Pedestrian Collisions,Driver,25 to 29,None,,South,"Automobile, Station Wagon",Going Ahead,Driving Properly,Normal,,,,,,,Yes,,Yes,,,,,,,,,,,148,East L'Amoreaux,117,L'Amoreaux (117),D42,636343.1337,4850737.485
893,3469963,923341,21/08/2006,2006,850,BIRCHMOUNT RD,GLENDOWER CRCT,,Major Arterial,Scarborough,43.797145,-79.30519,,Traffic Signal,Clear,Daylight,Dry,Non-Fatal Injury,Pedestrian Collisions,Pedestrian,10 to 14,Major,,West,Other,,,,Vehicle is going straight thru inter.while ped cross without ROW,Crossing without right of way,Normal,,,,Yes,,Yes,,,,,,,,,,,148,East L'Amoreaux,117,L'Amoreaux (117),D42,636343.1337,4850737.485
894,3603476,919517,21/08/2006,2006,1040,DVP S EGLINTON RAMP E,EGLINTON AVE E,,Major Arterial,North York,43.722145,-79.33279,,No Control,Clear,Daylight,Other,Non-Fatal Injury,Pedestrian Collisions,Driver,55 to 59,None,,East,"Automobile, Station Wagon",Going Ahead,Driving Properly,Normal,,,,,,,Yes,,Yes,,,,,,,,,,,44,Flemingdon Park,44,Flemingdon Park (44),D55,634290.4513,4842362.495
895,3603477,919517,21/08/2006,2006,1040,DVP S EGLINTON RAMP E,EGLINTON AVE E,,Major Arterial,North York,43.722145,-79.33279,,No Control,Clear,Daylight,Other,Non-Fatal Injury,Pedestrian Collisions,Pedestrian,25 to 29,Major,,North,Other,,,,Pedestrian hit on sidewalk or shoulder,On Sidewalk or Shoulder,Inattentive,,,,Yes,,Yes,,,,,,,,,,,44,Flemingdon Park,44,Flemingdon Park (44),D55,634290.4513,4842362.495
896,3459527,919520,21/08/2006,2006,1142,MCCOWAN RD,SHEPPARD AVE E,,Major Arterial,Scarborough,43.789645,-79.25879,At Intersection,Traffic Signal,Clear,Daylight,Dry,Non-Fatal Injury,Pedestrian Collisions,Passenger,40 to 44,None,,,Other,,,,,,,,,,Yes,,Yes,,,,,Yes,,Yes,,,,128,Agincourt South-Malvern West,128,Agincourt South-Malvern West (128),D42,640093.4608,4849981.979
897,3459528,919520,21/08/2006,2006,1142,MCCOWAN RD,SHEPPARD AVE E,,Major Arterial,Scarborough,43.789645,-79.25879,At Intersection,Traffic Signal,Clear,Daylight,Dry,Non-Fatal Injury,Pedestrian Collisions,Driver,75 to 79,None,,West,"Automobile, Station Wagon",Turning Right,Failed to Yield Right of Way,Normal,,,,,,,Yes,,Yes,,,,,Yes,,Yes,,,,128,Agincourt South-Malvern West,128,Agincourt South-Malvern West (128),D42,640093.4608,4849981.979
898,3459529,919520,21/08/2006,2006,1142,MCCOWAN RD,SHEPPARD AVE E,,Major Arterial,Scarborough,43.789645,-79.25879,At Intersection,Traffic Signal,Clear,Daylight,Dry,Non-Fatal Injury,Pedestrian Collisions,Pedestrian,65 to 69,Major,,West,Other,,,,Vehicle turns right while ped crosses with ROW at inter.,Crossing with right of way,Normal,,,,Yes,,Yes,,,,,Yes,,Yes,,,,128,Agincourt South-Malvern West,128,Agincourt South-Malvern West (128),D42,640093.4608,4849981.979
899,3605082,936265,21/08/2006,2006,1315,KHEDIVE AVE,SULTANA AVE,,Local,North York,43.728345,-79.43379,At Intersection,Stop Sign,Clear,Daylight,Dry,Non-Fatal Injury,Pedestrian Collisions,In-Line Skater,50 to 54,None,,North,"Automobile, Station Wagon",Stopped,,,Vehicle is going straight thru inter.while ped cross with ROW,Crossing with right of way,Normal,,,,Yes,,Yes,,,,,,,Yes,,,,32,Englemount-Lawrence,32,Englemount-Lawrence (32),D32,626142.0099,4842892.391
900,3605083,936265,21/08/2006,2006,1315,KHEDIVE AVE,SULTANA AVE,,Local,North York,43.728345,-79.43379,At Intersection,Stop Sign,Clear,Daylight,Dry,Non-Fatal Injury,Pedestrian Collisions,Driver,15 to 19,Major,,North,Other,Going Ahead,Disobeyed Traffic Control,Normal,,,,,,,Yes,,Yes,,,,,,,Yes,,,,32,Englemount-Lawrence,32,Englemount-Lawrence (32),D32,626142.0099,4842892.391
901,3474493,924979,22/08/2006,2006,1045,QUEEN ST W,JAMESON AVE,,Major Arterial,Toronto and East York,43.640445,-79.43729,At Intersection,Stop Sign,Clear,Daylight,Dry,Non-Fatal Injury,Pedestrian Collisions,Passenger,10 to 14,None,,,Other,,,,,,,,,,Yes,,Yes,,,,,Yes,,,,,,85,South Parkdale,86,Roncesvalles (86),D14,626044.0705,4833124.58
902,3474494,924979,22/08/2006,2006,1045,QUEEN ST W,JAMESON AVE,,Major Arterial,Toronto and East York,43.640445,-79.43729,At Intersection,Stop Sign,Clear,Daylight,Dry,Non-Fatal Injury,Pedestrian Collisions,Passenger,10 to 14,None,,,Other,,,,,,,,,,Yes,,Yes,,,,,Yes,,,,,,85,South Parkdale,86,Roncesvalles (86),D14,626044.0705,4833124.58
903,3474495,924979,22/08/2006,2006,1045,QUEEN ST W,JAMESON AVE,,Major Arterial,Toronto and East York,43.640445,-79.43729,At Intersection,Stop Sign,Clear,Daylight,Dry,Non-Fatal Injury,Pedestrian Collisions,Passenger,5 to 9,None,,,Other,,,,,,,,,,Yes,,Yes,,,,,Yes,,,,,,85,South Parkdale,86,Roncesvalles (86),D14,626044.0705,4833124.58
904,3474496,924979,22/08/2006,2006,1045,QUEEN ST W,JAMESON AVE,,Major Arterial,Toronto and East York,43.640445,-79.43729,At Intersection,Stop Sign,Clear,Daylight,Dry,Non-Fatal Injury,Pedestrian Collisions,Driver,60 to 64,None,,North,"Automobile, Station Wagon",Turning Right,Driving Properly,Normal,,,,,,,Yes,,Yes,,,,,Yes,,,,,,85,South Parkdale,86,Roncesvalles (86),D14,626044.0705,4833124.58
905,3474497,924979,22/08/2006,2006,1045,QUEEN ST W,JAMESON AVE,,Major Arterial,Toronto and East York,43.640445,-79.43729,At Intersection,Stop Sign,Clear,Daylight,Dry,Non-Fatal Injury,Pedestrian Collisions,Passenger,5 to 9,None,,,Other,,,,,,,,,,Yes,,Yes,,,,,Yes,,,,,,85,South Parkdale,86,Roncesvalles (86),D14,626044.0705,4833124.58
906,3474498,924979,22/08/2006,2006,1045,QUEEN ST W,JAMESON AVE,,Major Arterial,Toronto and East York,43.640445,-79.43729,At Intersection,Stop Sign,Clear,Daylight,Dry,Non-Fatal Injury,Pedestrian Collisions,Pedestrian,65 to 69,Major,,West,Other,,,,Vehicle turns right while ped crosses without ROW at inter.,"Crossing, no Traffic Control",Inattentive,,,,Yes,,Yes,,,,,Yes,,,,,,85,South Parkdale,86,Roncesvalles (86),D14,626044.0705,4833124.58
907,3470656,923585,22/08/2006,2006,1104,55 SUNNYPOINT CRES,,,Local,Scarborough,43.714545,-79.23159,,No Control,Clear,Daylight,Dry,Non-Fatal Injury,SMV Other,Driver,35 to 39,Major,,North,"Automobile, Station Wagon",Going Ahead,Lost control,Medical or Physical Disability,,,,,,,,,Yes,,,,,,Yes,Yes,,,Yes,123,Cliffcrest,123,Cliffcrest (123),D43,642460.0189,4841687.371
908,3470657,923585,22/08/2006,2006,1104,55 SUNNYPOINT CRES,,,Local,Scarborough,43.714545,-79.23159,,No Control,Clear,Daylight,Dry,Non-Fatal Injury,SMV Other,Other Property Owner,unknown,None,,,Other,,,,,,,,,,,,Yes,,,,,,Yes,Yes,,,Yes,123,Cliffcrest,123,Cliffcrest (123),D43,642460.0189,4841687.371
909,3551410,919681,22/08/2006,2006,2004,DUFFERIN ST,LIVINGSTONE AVE,,Major Arterial,North York,43.696445,-79.45079,At Intersection,Stop Sign,Clear,Daylight,Dry,Non-Fatal Injury,Turning Movement,Motorcycle Driver,25 to 29,Major,,North,Motorcycle,Going Ahead,Driving Properly,Normal,,,,,,,,,Yes,Yes,,,,,,,,,,108,Briar Hill-Belgravia,108,Briar Hill-Belgravia (108),D13,624839.0393,4839323.71
910,3551411,919681,22/08/2006,2006,2004,DUFFERIN ST,LIVINGSTONE AVE,,Major Arterial,North York,43.696445,-79.45079,At Intersection,Stop Sign,Clear,Daylight,Dry,Non-Fatal Injury,Turning Movement,Driver,50 to 54,None,,South,"Automobile, Station Wagon",Turning Left,Improper Turn,Normal,,,,,,,,,Yes,Yes,,,,,,,,,,108,Briar Hill-Belgravia,108,Briar Hill-Belgravia (108),D13,624839.0393,4839323.71
911,3459970,919684,22/08/2006,2006,2046,EGLINTON AVE E,BELLAMY RD N,,Major Arterial,Scarborough,43.740245,-79.23209,At Intersection,Traffic Signal,Clear,Dark,Dry,Non-Fatal Injury,Pedestrian Collisions,Vehicle Owner,unknown,None,,,Other,,,,,,,,,,Yes,,Yes,,,,,Yes,,Yes,,,,138,Eglinton East,138,Eglinton East (138),D43,642358.8407,4844540.879
912,3459971,919684,22/08/2006,2006,2046,EGLINTON AVE E,BELLAMY RD N,,Major Arterial,Scarborough,43.740245,-79.23209,At Intersection,Traffic Signal,Clear,Dark,Dry,Non-Fatal Injury,Pedestrian Collisions,Driver,45 to 49,None,,West,"Automobile, Station Wagon",Turning Left,Improper Turn,Normal,,,,,,,Yes,,Yes,,,,,Yes,,Yes,,,,138,Eglinton East,138,Eglinton East (138),D43,642358.8407,4844540.879
913,3459972,919684,22/08/2006,2006,2046,EGLINTON AVE E,BELLAMY RD N,,Major Arterial,Scarborough,43.740245,-79.23209,At Intersection,Traffic Signal,Clear,Dark,Dry,Non-Fatal Injury,Pedestrian Collisions,Passenger,40 to 44,Minimal,,,Other,,,,,,,,,,Yes,,Yes,,,,,Yes,,Yes,,,,138,Eglinton East,138,Eglinton East (138),D43,642358.8407,4844540.879
914,3459973,919684,22/08/2006,2006,2046,EGLINTON AVE E,BELLAMY RD N,,Major Arterial,Scarborough,43.740245,-79.23209,At Intersection,Traffic Signal,Clear,Dark,Dry,Non-Fatal Injury,Pedestrian Collisions,Driver,40 to 44,Minimal,,North,"Automobile, Station Wagon",Stopped,Driving Properly,Normal,,,,,,,Yes,,Yes,,,,,Yes,,Yes,,,,138,Eglinton East,138,Eglinton East (138),D43,642358.8407,4844540.879
915,3459974,919684,22/08/2006,2006,2046,EGLINTON AVE E,BELLAMY RD N,,Major Arterial,Scarborough,43.740245,-79.23209,At Intersection,Traffic Signal,Clear,Dark,Dry,Non-Fatal Injury,Pedestrian Collisions,Vehicle Owner,unknown,None,,,Other,,,,,,,,,,Yes,,Yes,,,,,Yes,,Yes,,,,138,Eglinton East,138,Eglinton East (138),D43,642358.8407,4844540.879
916,3459975,919684,22/08/2006,2006,2046,EGLINTON AVE E,BELLAMY RD N,,Major Arterial,Scarborough,43.740245,-79.23209,At Intersection,Traffic Signal,Clear,Dark,Dry,Non-Fatal Injury,Pedestrian Collisions,Driver,20 to 24,Minor,,East,"Automobile, Station Wagon",Going Ahead,Driving Properly,Normal,,,,,,,Yes,,Yes,,,,,Yes,,Yes,,,,138,Eglinton East,138,Eglinton East (138),D43,642358.8407,4844540.879
917,3459976,919684,22/08/2006,2006,2046,EGLINTON AVE E,BELLAMY RD N,,Major Arterial,Scarborough,43.740245,-79.23209,At Intersection,Traffic Signal,Clear,Dark,Dry,Non-Fatal Injury,Pedestrian Collisions,Vehicle Owner,unknown,None,,,Other,,,,,,,,,,Yes,,Yes,,,,,Yes,,Yes,,,,138,Eglinton East,138,Eglinton East (138),D43,642358.8407,4844540.879
918,3459977,919684,22/08/2006,2006,2046,EGLINTON AVE E,BELLAMY RD N,,Major Arterial,Scarborough,43.740245,-79.23209,At Intersection,Traffic Signal,Clear,Dark,Dry,Non-Fatal Injury,Pedestrian Collisions,Driver,35 to 39,None,,East,"Automobile, Station Wagon",Going Ahead,Driving Properly,Normal,,,,,,,Yes,,Yes,,,,,Yes,,Yes,,,,138,Eglinton East,138,Eglinton East (138),D43,642358.8407,4844540.879
919,3459978,919684,22/08/2006,2006,2046,EGLINTON AVE E,BELLAMY RD N,,Major Arterial,Scarborough,43.740245,-79.23209,At Intersection,Traffic Signal,Clear,Dark,Dry,Non-Fatal Injury,Pedestrian Collisions,Pedestrian,70 to 74,Major,,,Other,,,,Pedestrian hit on sidewalk or shoulder,On Sidewalk or Shoulder,Normal,,,,Yes,,Yes,,,,,Yes,,Yes,,,,138,Eglinton East,138,Eglinton East (138),D43,642358.8407,4844540.879
920,3461591,920271,23/08/2006,2006,954,F G GARDINER XY W  W,GARDINER LAKESHORE W RAMP,,,Toronto and East York,43.633245,-79.42779,,No Control,Clear,Daylight,Dry,Non-Fatal Injury,SMV Other,Driver,unknown,None,,West,"Automobile, Station Wagon",Changing Lanes,Failed to Yield Right of Way,Unknown,,,,,,,,,Yes,,,,,Yes,,Yes,,,,163,Fort York-Liberty Village,82,Niagara (82),D14,626825.4692,4832339.399
921,3461592,920271,23/08/2006,2006,954,F G GARDINER XY W  W,GARDINER LAKESHORE W RAMP,,,Toronto and East York,43.633245,-79.42779,,No Control,Clear,Daylight,Dry,Non-Fatal Injury,SMV Other,Passenger,40 to 44,Major,,,Other,,,,,,,,,,,,Yes,,,,,Yes,,Yes,,,,163,Fort York-Liberty Village,82,Niagara (82),D14,626825.4692,4832339.399
922,3461593,920271,23/08/2006,2006,954,F G GARDINER XY W  W,GARDINER LAKESHORE W RAMP,,,Toronto and East York,43.633245,-79.42779,,No Control,Clear,Daylight,Dry,Non-Fatal Injury,SMV Other,Vehicle Owner,unknown,None,,,Other,,,,,,,,,,,,Yes,,,,,Yes,,Yes,,,,163,Fort York-Liberty Village,82,Niagara (82),D14,626825.4692,4832339.399
923,3461594,920271,23/08/2006,2006,954,F G GARDINER XY W  W,GARDINER LAKESHORE W RAMP,,,Toronto and East York,43.633245,-79.42779,,No Control,Clear,Daylight,Dry,Non-Fatal Injury,SMV Other,Driver,50 to 54,Minimal,,West,"Automobile, Station Wagon",Going Ahead,Driving Properly,Normal,,,,,,,,,Yes,,,,,Yes,,Yes,,,,163,Fort York-Liberty Village,82,Niagara (82),D14,626825.4692,4832339.399
924,3470810,923640,24/08/2006,2006,600,JOHN ST,QUEEN ST W,,Major Arterial,Toronto and East York,43.650145,-79.39119,,No Control,Clear,Dawn,Dry,Non-Fatal Injury,Pedestrian Collisions,Vehicle Owner,unknown,None,,,Other,,,,,,,,,,Yes,,Yes,,,,,,,,,,Yes,78,Kensington-Chinatown,78,Kensington-Chinatown (78),D52,629741.5297,4834272.932
925,3470811,923640,24/08/2006,2006,600,JOHN ST,QUEEN ST W,,Major Arterial,Toronto and East York,43.650145,-79.39119,,No Control,Clear,Dawn,Dry,Non-Fatal Injury,Pedestrian Collisions,Vehicle Owner,unknown,None,,,Other,,,,,,,,,,Yes,,Yes,,,,,,,,,,Yes,78,Kensington-Chinatown,78,Kensington-Chinatown (78),D52,629741.5297,4834272.932
926,3470812,923640,24/08/2006,2006,600,JOHN ST,QUEEN ST W,,Major Arterial,Toronto and East York,43.650145,-79.39119,,No Control,Clear,Dawn,Dry,Non-Fatal Injury,Pedestrian Collisions,Driver,50 to 54,None,,East,"Automobile, Station Wagon",Turning Left,Lost control,Medical or Physical Disability,,,,,,,Yes,,Yes,,,,,,,,,,Yes,78,Kensington-Chinatown,78,Kensington-Chinatown (78),D52,629741.5297,4834272.932
927,3470813,923640,24/08/2006,2006,600,JOHN ST,QUEEN ST W,,Major Arterial,Toronto and East York,43.650145,-79.39119,,No Control,Clear,Dawn,Dry,Non-Fatal Injury,Pedestrian Collisions,Vehicle Owner,unknown,None,,North,Other,Parked,,,,,,,,,Yes,,Yes,,,,,,,,,,Yes,78,Kensington-Chinatown,78,Kensington-Chinatown (78),D52,629741.5297,4834272.932
928,3470814,923640,24/08/2006,2006,600,JOHN ST,QUEEN ST W,,Major Arterial,Toronto and East York,43.650145,-79.39119,,No Control,Clear,Dawn,Dry,Non-Fatal Injury,Pedestrian Collisions,Pedestrian,30 to 34,Major,,,Other,,,,Pedestrian hit at mid-block,Other,Normal,,,,Yes,,Yes,,,,,,,,,,Yes,78,Kensington-Chinatown,78,Kensington-Chinatown (78),D52,629741.5297,4834272.932
929,3470858,923655,24/08/2006,2006,2126,ATTWELL DR,READING CRT,,Collector,Etobicoke York,43.690745,-79.58729,At Intersection,No Control,Clear,Daylight,Dry,Non-Fatal Injury,Approaching,Driver,15 to 19,Major,,South,"Automobile, Station Wagon",Going Ahead,Driving Properly,Normal,,,,,,,,,Yes,,,,,,Yes,Yes,,Yes,,1,West Humber-Clairville,1,West Humber-Clairville (1),D23,613850.2449,4838494.191
930,3470859,923655,24/08/2006,2006,2126,ATTWELL DR,READING CRT,,Collector,Etobicoke York,43.690745,-79.58729,At Intersection,No Control,Clear,Daylight,Dry,Non-Fatal Injury,Approaching,Vehicle Owner,unknown,None,,,Other,,,,,,,,,,,,Yes,,,,,,Yes,Yes,,Yes,,1,West Humber-Clairville,1,West Humber-Clairville (1),D23,613850.2449,4838494.191
931,3470860,923655,24/08/2006,2006,2126,ATTWELL DR,READING CRT,,Collector,Etobicoke York,43.690745,-79.58729,At Intersection,No Control,Clear,Daylight,Dry,Non-Fatal Injury,Approaching,Driver,45 to 49,None,,North,"Automobile, Station Wagon",Going Ahead,Failed to Yield Right of Way,"Ability Impaired, Alcohol Over .08",,,,,,,,,Yes,,,,,,Yes,Yes,,Yes,,1,West Humber-Clairville,1,West Humber-Clairville (1),D23,613850.2449,4838494.191
932,3461925,920395,24/08/2006,2006,2130,MCCOWAN RD,STEELES AVE E,,Major Arterial,Scarborough,43.831045,-79.27519,At Intersection,Traffic Signal,Clear,Dark,Dry,Non-Fatal Injury,Pedestrian Collisions,Driver,unknown,None,,South,"Automobile, Station Wagon",Going Ahead,,,,,,,,,Yes,,Yes,,,,,,,,,,,130,Milliken,NSA,NSA,D42,638678.0886,4854552.494
933,3461926,920395,24/08/2006,2006,2130,MCCOWAN RD,STEELES AVE E,,Major Arterial,Scarborough,43.831045,-79.27519,At Intersection,Traffic Signal,Clear,Dark,Dry,Non-Fatal Injury,Pedestrian Collisions,Pedestrian,unknown,Major,,,Other,Other,,,Unknown,,,,,,Yes,,Yes,,,,,,,,,,,130,Milliken,NSA,NSA,D42,638678.0886,4854552.494
934,3476319,925640,25/08/2006,2006,1700,2111 LAKE SHORE BLVD W,,,Major Arterial,Etobicoke York,43.628546,-79.478587,Non Intersection,No Control,Clear,Daylight,Wet,Non-Fatal Injury,Rear End,Motorcycle Driver,30 to 34,Major,,East,Motorcycle,Going Ahead,Speed too Fast For Condition,Inattentive,,,,,,,,,Yes,Yes,,,,,Yes,Yes,,,,161,Humber Bay Shores,17,Mimico (includes Humber Bay Shores) (17),D22,622737.3532,4831741.162
935,3476320,925640,25/08/2006,2006,1700,2111 LAKE SHORE BLVD W,,,Major Arterial,Etobicoke York,43.628546,-79.478587,Non Intersection,No Control,Clear,Daylight,Wet,Non-Fatal Injury,Rear End,Vehicle Owner,unknown,,,,,,,,,,,,,,,,Yes,Yes,,,,,Yes,Yes,,,,161,Humber Bay Shores,17,Mimico (includes Humber Bay Shores) (17),D22,622737.3532,4831741.162
936,3476321,925640,25/08/2006,2006,1700,2111 LAKE SHORE BLVD W,,,Major Arterial,Etobicoke York,43.628546,-79.478587,Non Intersection,No Control,Clear,Daylight,Wet,Non-Fatal Injury,Rear End,Driver,55 to 59,None,,East,Delivery Van,Stopped,Driving Properly,Normal,,,,,,,,,Yes,Yes,,,,,Yes,Yes,,,,161,Humber Bay Shores,17,Mimico (includes Humber Bay Shores) (17),D22,622737.3532,4831741.162
937,3462224,920502,25/08/2006,2006,2330,LESLIE ST,COLDWATER RD,,Major Arterial,North York,43.755245,-79.36049,,No Control,Rain,Dark,Wet,Fatal,Turning Movement,Vehicle Owner,unknown,,,,Other,,,,,,,,,,,,Yes,,,,,,,Yes,,,,40,St.Andrew-Windfields,40,St.Andrew-Windfields (40),D33,631986.4994,4845994.226
938,3462225,920502,25/08/2006,2006,2330,LESLIE ST,COLDWATER RD,,Major Arterial,North York,43.755245,-79.36049,,No Control,Rain,Dark,Wet,Fatal,Turning Movement,Driver,60 to 64,Fatal,,West,"Automobile, Station Wagon",Turning Left,Failed to Yield Right of Way,Unknown,,,,,,,,,Yes,,,,,,,Yes,,,,40,St.Andrew-Windfields,40,St.Andrew-Windfields (40),D33,631986.4994,4845994.226
939,3462226,920502,25/08/2006,2006,2330,LESLIE ST,COLDWATER RD,,Major Arterial,North York,43.755245,-79.36049,,No Control,Rain,Dark,Wet,Fatal,Turning Movement,Driver,20 to 24,Minimal,,North,"Automobile, Station Wagon",Going Ahead,Driving Properly,Normal,,,,,,,,,Yes,,,,,,,Yes,,,,40,St.Andrew-Windfields,40,St.Andrew-Windfields (40),D33,631986.4994,4845994.226
940,3471956,924041,26/08/2006,2006,1536,OSLER ST,DAVENPORT RD,,Local,Toronto and East York,43.671045,-79.45999,,No Control,Clear,Daylight,Dry,Non-Fatal Injury,Pedestrian Collisions,Driver,30 to 34,None,,South,"Automobile, Station Wagon",Going Ahead,Driving Properly,Normal,,,,,,,Yes,,Yes,,,,,,,,,,,91,Weston-Pelham Park,91,Weston-Pellam Park (91),D11,624150.0571,4836488.887
941,3471957,924041,26/08/2006,2006,1536,OSLER ST,DAVENPORT RD,,Local,Toronto and East York,43.671045,-79.45999,,No Control,Clear,Daylight,Dry,Non-Fatal Injury,Pedestrian Collisions,Pedestrian,0 to 4,Major,,West,Other,,,,Pedestrian hit at mid-block,Running onto Roadway,Inattentive,,,,Yes,,Yes,,,,,,,,,,,91,Weston-Pelham Park,91,Weston-Pellam Park (91),D11,624150.0571,4836488.887
942,3472017,924064,26/08/2006,2006,2056,DUPONT ST,EDWIN AVE,,Major Arterial,Toronto and East York,43.665045,-79.45459,,No Control,Rain,Dark,Wet,Non-Fatal Injury,Pedestrian Collisions,Driver,55 to 59,None,,East,"Automobile, Station Wagon",Slowing or Stopping,Driving Properly,Normal,,,,,,,Yes,,Yes,,,,,,,,,,,171,Junction-Wallace Emerson,93,Dovercourt-Wallace Emerson-Junction (93),D11,624597.8033,4835830.603
943,3472018,924064,26/08/2006,2006,2056,DUPONT ST,EDWIN AVE,,Major Arterial,Toronto and East York,43.665045,-79.45459,,No Control,Rain,Dark,Wet,Non-Fatal Injury,Pedestrian Collisions,Pedestrian,85 to 89,Major,,North,Other,,,,Vehicle hits the pedestrian walking or running out from between parked vehicles at mid-block,"Crossing, no Traffic Control",Unknown,,,,Yes,,Yes,,,,,,,,,,,171,Junction-Wallace Emerson,93,Dovercourt-Wallace Emerson-Junction (93),D11,624597.8033,4835830.603
944,3462732,920690,27/08/2006,2006,1928,F G GARDINER XY  W,BATHURST ST,,,Toronto and East York,43.637945,-79.40389,,No Control,Clear,Daylight,Dry,Fatal,SMV Other,Vehicle Owner,unknown,None,,,Other,Other,,,,,,,,,,,,Yes,,,,,,,,,,163,Fort York-Liberty Village,82,Niagara (82),D14,628743.3932,4832898.187
945,3462733,920690,27/08/2006,2006,1928,F G GARDINER XY  W,BATHURST ST,,,Toronto and East York,43.637945,-79.40389,,No Control,Clear,Daylight,Dry,Fatal,SMV Other,Motorcycle Driver,30 to 34,Fatal,,West,Motorcycle,Going Ahead,Lost control,Unknown,,,,,,,,,,Yes,,,,,,,,,,163,Fort York-Liberty Village,82,Niagara (82),D14,628743.3932,4832898.187
946,3463839,921084,29/08/2006,2006,921,3680 KEELE ST,,,Major Arterial,Etobicoke York,43.753345,-79.48849,,No Control,Clear,Daylight,Dry,Non-Fatal Injury,Pedestrian Collisions,Pedestrian,75 to 79,Major,,East,Other,,,,Pedestrian hit at mid-block,"Crossing, no Traffic Control",Inattentive,,,,Yes,,Yes,,,,,,,,,,,27,York University Heights,27,York University Heights (27),D31,621685.7975,4845587.192
947,3463840,921084,29/08/2006,2006,921,3680 KEELE ST,,,Major Arterial,Etobicoke York,43.753345,-79.48849,,No Control,Clear,Daylight,Dry,Non-Fatal Injury,Pedestrian Collisions,Driver,45 to 49,None,,South,"Automobile, Station Wagon",Going Ahead,Other,Unknown,,,,,,,Yes,,Yes,,,,,,,,,,,27,York University Heights,27,York University Heights (27),D31,621685.7975,4845587.192
948,3477581,926117,29/08/2006,2006,1415,EASTERN AVE,MARIGOLD AVE,,Minor Arterial,Toronto and East York,43.660845,-79.33029,,No Control,Clear,Daylight,Dry,Non-Fatal Injury,Turning Movement,Motorcycle Driver,35 to 39,Major,,West,Motorcycle,Going Ahead,Driving Properly,Normal,,,,,,,,,Yes,Yes,,,,,,,,,,70,South Riverdale,70,South Riverdale (70),D55,634628.9155,4835558.327
949,3477582,926117,29/08/2006,2006,1415,EASTERN AVE,MARIGOLD AVE,,Minor Arterial,Toronto and East York,43.660845,-79.33029,,No Control,Clear,Daylight,Dry,Non-Fatal Injury,Turning Movement,Driver,55 to 59,None,,East,"Automobile, Station Wagon",Turning Left,Improper Turn,Inattentive,,,,,,,,,Yes,Yes,,,,,,,,,,70,South Riverdale,70,South Riverdale (70),D55,634628.9155,4835558.327
950,3475122,925202,29/08/2006,2006,1700,LESLIE ST,LAWRENCE AVE E,,Major Arterial,North York,43.734545,-79.35599,At Intersection,Traffic Signal,Clear,Daylight,Dry,Non-Fatal Injury,Pedestrian Collisions,Driver,40 to 44,None,,South,"Automobile, Station Wagon",Going Ahead,Driving Properly,Normal,,,,,,,Yes,,Yes,,,,,,,,,,,42,Banbury-Don Mills,42,Banbury-Don Mills (42),D33,632394.3949,4843702.364
951,3475123,925202,29/08/2006,2006,1700,LESLIE ST,LAWRENCE AVE E,,Major Arterial,North York,43.734545,-79.35599,At Intersection,Traffic Signal,Clear,Daylight,Dry,Non-Fatal Injury,Pedestrian Collisions,Pedestrian,60 to 64,Major,,East,Other,,,,Vehicle is going straight thru inter.while ped cross without ROW,Crossing without right of way,Unknown,,,,Yes,,Yes,,,,,,,,,,,42,Banbury-Don Mills,42,Banbury-Don Mills (42),D33,632394.3949,4843702.364
952,3477599,926125,29/08/2006,2006,2114,LAWRENCE AVE W,BENTON RD,,Major Arterial,Etobicoke York,43.710245,-79.47189,At Intersection,Traffic Signal,Clear,Dark,Dry,Non-Fatal Injury,Sideswipe,Motorcycle Driver,15 to 19,Major,,West,Motorcycle,Going Ahead,Driving Properly,Unknown,,,,,,,,,Yes,Yes,,,,,,Yes,,,,30,Brookhaven-Amesbury,30,Brookhaven-Amesbury (30),D12,623110.486,4840824.839
953,3477600,926125,29/08/2006,2006,2114,LAWRENCE AVE W,BENTON RD,,Major Arterial,Etobicoke York,43.710245,-79.47189,At Intersection,Traffic Signal,Clear,Dark,Dry,Non-Fatal Injury,Sideswipe,Driver,45 to 49,None,,West,"Automobile, Station Wagon",Pulling Away from Shoulder or Curb,Failed to Yield Right of Way,Unknown,,,,,,,,,Yes,Yes,,,,,,Yes,,,,30,Brookhaven-Amesbury,30,Brookhaven-Amesbury (30),D12,623110.486,4840824.839