OBJECTID,INDEX,ACCNUM,DATE,ACCIDENT_YEAR,TIME,STREET1,STREET2,OFFSET,ROAD_CLASS,DISTRICT,LATITUDE,LONGITUDE,ACCLOC,TRAFFCTL,VISIBILITY,LIGHT,RDSFCOND,ACCLASS,IMPACTYPE,INVTYPE,INVAGE,INJURY,FATAL_NO,INITDIR,VEHTYPE,MANOEUVER,DRIVACT,DRIVCOND,PEDTYPE,PEDACT,PEDCOND,CYCLISTYPE,CYCACT,CYCCOND,PEDESTRIAN,CYCLIST,AUTOMOBILE,MOTORCYCLE,TRUCK,TRSN_CITY_VEH,EMERG_VEH,PASSENGER,SPEEDING,AG_DRIV,REDLIGHT,ALCOHOL,DISABILITY,HOOD_158,NEIGHBOURHOOD_158,HOOD_140,NEIGHBOURHOOD_140,DIVISION,x,y
1396,3607006,941251,11/12/2006,2006,1813,ASHTONBEE RD,WARDEN AVE,,Collector,Scarborough,43.731145,-79.28679,,No Control,Clear,Dark,Dry,Non-Fatal Injury,SMV Other,Passenger,15 to 19,Major,,,Other,,,,,,,,,,,,Yes,,,,,Yes,Yes,Yes,,Yes,,119,Wexford/Maryvale,119,Wexford/Maryvale (119),D41,637975.0361,4843437.646
1397,3607007,941251,11/12/2006,2006,1813,ASHTONBEE RD,WARDEN AVE,,Collector,Scarborough,43.731145,-79.28679,,No Control,Clear,Dark,Dry,Non-Fatal Injury,SMV Other,Driver,20 to 24,Minor,,West,"Automobile, Station Wagon",Going Ahead,Lost control,"Ability Impaired, Alcohol",,,,,,,,,Yes,,,,,Yes,Yes,Yes,,Yes,,119,Wexford/Maryvale,119,Wexford/Maryvale (119),D41,637975.0361,4843437.646
1398,3607008,941251,11/12/2006,2006,1813,ASHTONBEE RD,WARDEN AVE,,Collector,Scarborough,43.731145,-79.28679,,No Control,Clear,Dark,Dry,Non-Fatal Injury,SMV Other,Vehicle Owner,unknown,None,,,Other,Parked,,,,,,,,,,,Yes,,,,,Yes,Yes,Yes,,Yes,,119,Wexford/Maryvale,119,Wexford/Maryvale (119),D41,637975.0361,4843437.646
1399,3607009,941251,11/12/2006,2006,1813,ASHTONBEE RD,WARDEN AVE,,Collector,Scarborough,43.731145,-79.28679,,No Control,Clear,Dark,Dry,Non-Fatal Injury,SMV Other,Vehicle Owner,unknown,None,,,Other,Parked,,,,,,,,,,,Yes,,,,,Yes,Yes,Yes,,Yes,,119,Wexford/Maryvale,119,Wexford/Maryvale (119),D41,637975.0361,4843437.646
1400,3532012,950050,13/12/2006,2006,605,FINCH AVE E,KENNEDY RD,,Major Arterial,Scarborough,43.801245,-79.29659,At Intersection,Traffic Signal,Rain,Dark,Wet,Non-Fatal Injury,Angle,Driver,60 to 64,Major,,South,"Automobile, Station Wagon",Going Ahead,Driving Properly,Normal,,,,,,,,,Yes,,,,,,,Yes,Yes,,,148,East L'Amoreaux,117,L'Amoreaux (117),D42,637025.616,4851207.059
1401,3532013,950050,13/12/2006,2006,605,FINCH AVE E,KENNEDY RD,,Major Arterial,Scarborough,43.801245,-79.29659,At Intersection,Traffic Signal,Rain,Dark,Wet,Non-Fatal Injury,Angle,Driver,55 to 59,Major,,West,"Automobile, Station Wagon",Going Ahead,Disobeyed Traffic Control,Inattentive,,,,,,,,,Yes,,,,,,,Yes,Yes,,,148,East L'Amoreaux,117,L'Amoreaux (117),D42,637025.616,4851207.059
1402,3532014,950050,13/12/2006,2006,605,FINCH AVE E,KENNEDY RD,,Major Arterial,Scarborough,43.801245,-79.29659,At Intersection,Traffic Signal,Rain,Dark,Wet,Non-Fatal Injury,Angle,Driver,30 to 34,None,,East,"Automobile, Station Wagon",Stopped,Driving Properly,Normal,,,,,,,,,Yes,,,,,,,Yes,Yes,,,148,East L'Amoreaux,117,L'Amoreaux (117),D42,637025.616,4851207.059
1403,3569145,960364,16/12/2006,2006,100,ADELAIDE St E,PARLIAMENT St,,Major Arterial,Toronto and East York,43.653545,-79.36359,At Intersection,Traffic Controller,Clear,Dark,Dry,Non-Fatal Injury,Angle,Driver,15 to 19,Minimal,,East,"Automobile, Station Wagon",Going Ahead,Disobeyed Traffic Control,Had Been Drinking,,,,,,,,,Yes,,,,,,Yes,Yes,,,,73,Moss Park,73,Moss Park (73),D51,631959.8928,4834694.068
1404,3569146,960364,16/12/2006,2006,100,ADELAIDE St E,PARLIAMENT St,,Major Arterial,Toronto and East York,43.653545,-79.36359,At Intersection,Traffic Controller,Clear,Dark,Dry,Non-Fatal Injury,Angle,Driver,35 to 39,Major,,North,"Automobile, Station Wagon",Going Ahead,Driving Properly,Normal,,,,,,,,,Yes,,,,,,Yes,Yes,,,,73,Moss Park,73,Moss Park (73),D51,631959.8928,4834694.068
1405,3569147,960364,16/12/2006,2006,100,ADELAIDE St E,PARLIAMENT St,,Major Arterial,Toronto and East York,43.653545,-79.36359,At Intersection,Traffic Controller,Clear,Dark,Dry,Non-Fatal Injury,Angle,Vehicle Owner,unknown,None,,,Other,,,,,,,,,,,,Yes,,,,,,Yes,Yes,,,,73,Moss Park,73,Moss Park (73),D51,631959.8928,4834694.068
1406,3569148,960364,16/12/2006,2006,100,ADELAIDE St E,PARLIAMENT St,,Major Arterial,Toronto and East York,43.653545,-79.36359,At Intersection,Traffic Controller,Clear,Dark,Dry,Non-Fatal Injury,Angle,Driver,35 to 39,None,,North,"Automobile, Station Wagon",Going Ahead,Driving Properly,Normal,,,,,,,,,Yes,,,,,,Yes,Yes,,,,73,Moss Park,73,Moss Park (73),D51,631959.8928,4834694.068
1407,3520963,942334,16/12/2006,2006,1902,F G GARDINER XY  W,GARDINER X W 427 X N RAMP,,,Etobicoke York,43.616445,-79.53369,,No Control,Clear,Dark,Dry,Non-Fatal Injury,Sideswipe,Driver,20 to 24,Major,,West,"Automobile, Station Wagon",Changing Lanes,Improper Lane Change,Normal,,,,,,,,,Yes,,,,,,Yes,Yes,,,,20,Alderwood,20,Alderwood (20),D22,618315.7105,4830317.209
1408,3520964,942334,16/12/2006,2006,1902,F G GARDINER XY  W,GARDINER X W 427 X N RAMP,,,Etobicoke York,43.616445,-79.53369,,No Control,Clear,Dark,Dry,Non-Fatal Injury,Sideswipe,Driver,40 to 44,Minimal,,West,"Automobile, Station Wagon",Going Ahead,Driving Properly,Normal,,,,,,,,,Yes,,,,,,Yes,Yes,,,,20,Alderwood,20,Alderwood (20),D22,618315.7105,4830317.209
1409,3614421,946237,17/12/2006,2006,1355,WILSON AVE,ELROSE AVE,,Major Arterial,Etobicoke York,43.717445,-79.52409,,No Control,Clear,Daylight,Dry,Non-Fatal Injury,Turning Movement,Driver,75 to 79,Major,,North,"Automobile, Station Wagon",Turning Left,Failed to Yield Right of Way,Normal,,,,,,,,,Yes,,,,,Yes,,Yes,,,,154,Oakdale-Beverley Heights,26,Downsview-Roding-CFB (26),D31,618890.779,4841548.301
1410,3614422,946237,17/12/2006,2006,1355,WILSON AVE,ELROSE AVE,,Major Arterial,Etobicoke York,43.717445,-79.52409,,No Control,Clear,Daylight,Dry,Non-Fatal Injury,Turning Movement,Passenger,40 to 44,Minor,,,Other,,,,,,,,,,,,Yes,,,,,Yes,,Yes,,,,154,Oakdale-Beverley Heights,26,Downsview-Roding-CFB (26),D31,618890.779,4841548.301
1411,3614423,946237,17/12/2006,2006,1355,WILSON AVE,ELROSE AVE,,Major Arterial,Etobicoke York,43.717445,-79.52409,,No Control,Clear,Daylight,Dry,Non-Fatal Injury,Turning Movement,Passenger,35 to 39,Minor,,,Other,,,,,,,,,,,,Yes,,,,,Yes,,Yes,,,,154,Oakdale-Beverley Heights,26,Downsview-Roding-CFB (26),D31,618890.779,4841548.301
1412,3614424,946237,17/12/2006,2006,1355,WILSON AVE,ELROSE AVE,,Major Arterial,Etobicoke York,43.717445,-79.52409,,No Control,Clear,Daylight,Dry,Non-Fatal Injury,Turning Movement,Driver,20 to 24,Minor,,East,"Automobile, Station Wagon",Going Ahead,Driving Properly,Normal,,,,,,,,,Yes,,,,,Yes,,Yes,,,,154,Oakdale-Beverley Heights,26,Downsview-Roding-CFB (26),D31,618890.779,4841548.301
1413,3521272,942452,17/12/2006,2006,1922,LAKE SHORE BLVD E,LOWER JARVIS ST,,Major Arterial,Toronto and East York,43.645645,-79.36989,At Intersection,Traffic Signal,Clear,Dark,Dry,Non-Fatal Injury,Pedestrian Collisions,Passenger,25 to 29,None,,,Other,,,,,,,,,,Yes,,Yes,,,,,Yes,,,,,,166,St Lawrence-East Bayfront-The Islands,77,Waterfront Communities-The Island (77),D51,631469.0911,4833806.67
1414,3521273,942452,17/12/2006,2006,1922,LAKE SHORE BLVD E,LOWER JARVIS ST,,Major Arterial,Toronto and East York,43.645645,-79.36989,At Intersection,Traffic Signal,Clear,Dark,Dry,Non-Fatal Injury,Pedestrian Collisions,Passenger,25 to 29,None,,,Other,,,,,,,,,,Yes,,Yes,,,,,Yes,,,,,,166,St Lawrence-East Bayfront-The Islands,77,Waterfront Communities-The Island (77),D51,631469.0911,4833806.67
1415,3521274,942452,17/12/2006,2006,1922,LAKE SHORE BLVD E,LOWER JARVIS ST,,Major Arterial,Toronto and East York,43.645645,-79.36989,At Intersection,Traffic Signal,Clear,Dark,Dry,Non-Fatal Injury,Pedestrian Collisions,Driver,45 to 49,None,,East,"Automobile, Station Wagon",Going Ahead,Driving Properly,Normal,,,,,,,Yes,,Yes,,,,,Yes,,,,,,166,St Lawrence-East Bayfront-The Islands,77,Waterfront Communities-The Island (77),D51,631469.0911,4833806.67
1416,3521275,942452,17/12/2006,2006,1922,LAKE SHORE BLVD E,LOWER JARVIS ST,,Major Arterial,Toronto and East York,43.645645,-79.36989,At Intersection,Traffic Signal,Clear,Dark,Dry,Non-Fatal Injury,Pedestrian Collisions,Pedestrian,15 to 19,Major,,South,Other,,,,Vehicle is going straight thru inter.while ped cross without ROW,Crossing without right of way,Normal,,,,Yes,,Yes,,,,,Yes,,,,,,166,St Lawrence-East Bayfront-The Islands,77,Waterfront Communities-The Island (77),D51,631469.0911,4833806.67
1417,3615350,946585,19/12/2006,2006,1200,WARDEN AVE,BAMBURGH CRCL,,Major Arterial,Scarborough,43.816145,-79.32459,At Intersection,Traffic Signal,Clear,Daylight,Dry,Non-Fatal Injury,Angle,Driver,35 to 39,Major,,West,"Automobile, Station Wagon",Slowing or Stopping,Driving Properly,Normal,,,,,,,,,Yes,,,,,Yes,,Yes,Yes,,,116,Steeles,116,Steeles (116),D42,634739.7099,4852815.962
1418,3615351,946585,19/12/2006,2006,1200,WARDEN AVE,BAMBURGH CRCL,,Major Arterial,Scarborough,43.816145,-79.32459,At Intersection,Traffic Signal,Clear,Daylight,Dry,Non-Fatal Injury,Angle,Passenger,60 to 64,Major,,,Other,,,,,,,,,,,,Yes,,,,,Yes,,Yes,Yes,,,116,Steeles,116,Steeles (116),D42,634739.7099,4852815.962
1419,3615352,946585,19/12/2006,2006,1200,WARDEN AVE,BAMBURGH CRCL,,Major Arterial,Scarborough,43.816145,-79.32459,At Intersection,Traffic Signal,Clear,Daylight,Dry,Non-Fatal Injury,Angle,Passenger,80 to 84,Major,,,Other,,,,,,,,,,,,Yes,,,,,Yes,,Yes,Yes,,,116,Steeles,116,Steeles (116),D42,634739.7099,4852815.962
1420,3615353,946585,19/12/2006,2006,1200,WARDEN AVE,BAMBURGH CRCL,,Major Arterial,Scarborough,43.816145,-79.32459,At Intersection,Traffic Signal,Clear,Daylight,Dry,Non-Fatal Injury,Angle,Vehicle Owner,unknown,None,,,Other,,,,,,,,,,,,Yes,,,,,Yes,,Yes,Yes,,,116,Steeles,116,Steeles (116),D42,634739.7099,4852815.962
1421,3615354,946585,19/12/2006,2006,1200,WARDEN AVE,BAMBURGH CRCL,,Major Arterial,Scarborough,43.816145,-79.32459,At Intersection,Traffic Signal,Clear,Daylight,Dry,Non-Fatal Injury,Angle,Driver,50 to 54,Major,,South,"Automobile, Station Wagon",Going Ahead,Disobeyed Traffic Control,Normal,,,,,,,,,Yes,,,,,Yes,,Yes,Yes,,,116,Steeles,116,Steeles (116),D42,634739.7099,4852815.962
1422,3615355,946585,19/12/2006,2006,1200,WARDEN AVE,BAMBURGH CRCL,,Major Arterial,Scarborough,43.816145,-79.32459,At Intersection,Traffic Signal,Clear,Daylight,Dry,Non-Fatal Injury,Angle,Driver,40 to 44,Major,,East,"Automobile, Station Wagon",Going Ahead,Driving Properly,Normal,,,,,,,,,Yes,,,,,Yes,,Yes,Yes,,,116,Steeles,116,Steeles (116),D42,634739.7099,4852815.962
1423,3613088,945718,19/12/2006,2006,1855,WILLOWDALE AVE,BYNG AVE,,Minor Arterial,North York,43.778545,-79.40579,,Traffic Signal,Clear,Dark,Dry,Non-Fatal Injury,Pedestrian Collisions,Driver,40 to 44,None,,West,"Automobile, Station Wagon",Turning Left,Failed to Yield Right of Way,Inattentive,,,,,,,Yes,,Yes,,,,,,,Yes,,,,152,East Willowdale,51,Willowdale East (51),D32,628289.8306,4848510.853
1424,3613089,945718,19/12/2006,2006,1855,WILLOWDALE AVE,BYNG AVE,,Minor Arterial,North York,43.778545,-79.40579,,Traffic Signal,Clear,Dark,Dry,Non-Fatal Injury,Pedestrian Collisions,Pedestrian,45 to 49,Major,,East,Other,,,,Vehicle turns left while ped crosses with ROW at inter.,Crossing with right of way,Normal,,,,Yes,,Yes,,,,,,,Yes,,,,152,East Willowdale,51,Willowdale East (51),D32,628289.8306,4848510.853
1425,3612914,945654,19/12/2006,2006,2000,39 WESTHAMPTON DR,,,Local,Etobicoke York,43.702945,-79.55629,,No Control,Clear,Dark,Dry,Non-Fatal Injury,SMV Unattended Vehicle,Vehicle Owner,unknown,None,,,Other,Parked,,,,,,,,,,,Yes,,,,,Yes,,,,,,6,Kingsview Village-The Westway,6,Kingsview Village-The Westway (6),D23,616324.9602,4839892.193
1426,3612915,945654,19/12/2006,2006,2000,39 WESTHAMPTON DR,,,Local,Etobicoke York,43.702945,-79.55629,,No Control,Clear,Dark,Dry,Non-Fatal Injury,SMV Unattended Vehicle,Passenger,15 to 19,Major,,,Other,,,,,,,,,,,,Yes,,,,,Yes,,,,,,6,Kingsview Village-The Westway,6,Kingsview Village-The Westway (6),D23,616324.9602,4839892.193
1427,3612916,945654,19/12/2006,2006,2000,39 WESTHAMPTON DR,,,Local,Etobicoke York,43.702945,-79.55629,,No Control,Clear,Dark,Dry,Non-Fatal Injury,SMV Unattended Vehicle,Vehicle Owner,unknown,None,,,Other,,,,,,,,,,,,Yes,,,,,Yes,,,,,,6,Kingsview Village-The Westway,6,Kingsview Village-The Westway (6),D23,616324.9602,4839892.193
1428,3612917,945654,19/12/2006,2006,2000,39 WESTHAMPTON DR,,,Local,Etobicoke York,43.702945,-79.55629,,No Control,Clear,Dark,Dry,Non-Fatal Injury,SMV Unattended Vehicle,Driver,20 to 24,Minor,,East,"Automobile, Station Wagon",Slowing or Stopping,Lost control,Normal,,,,,,,,,Yes,,,,,Yes,,,,,,6,Kingsview Village-The Westway,6,Kingsview Village-The Westway (6),D23,616324.9602,4839892.193
1429,3613021,945694,20/12/2006,2006,1023,DUNDAS ST W,PALMERSTON AVE,,Major Arterial,Toronto and East York,43.651745,-79.40849,At Intersection,Pedestrian Crossover,Clear,Daylight,Dry,Non-Fatal Injury,Pedestrian Collisions,Driver,50 to 54,None,,South,"Automobile, Station Wagon",Turning Left,Failed to Yield Right of Way,Unknown,,,,,,,Yes,,Yes,,,,,,,Yes,,,,81,Trinity-Bellwoods,81,Trinity-Bellwoods (81),D14,628342.9591,4834423.731
1430,3613022,945694,20/12/2006,2006,1023,DUNDAS ST W,PALMERSTON AVE,,Major Arterial,Toronto and East York,43.651745,-79.40849,At Intersection,Pedestrian Crossover,Clear,Daylight,Dry,Non-Fatal Injury,Pedestrian Collisions,Pedestrian,45 to 49,Major,,North,Other,,,,Pedestrian hit a PXO/ped. Mid-block signal,"Crossing, Pedestrian Crossover",Normal,,,,Yes,,Yes,,,,,,,Yes,,,,81,Trinity-Bellwoods,81,Trinity-Bellwoods (81),D14,628342.9591,4834423.731
1431,3615444,946614,20/12/2006,2006,1043,MCCOWAN RD,SANDHURST CRCL,,Major Arterial,Scarborough,43.811645,-79.26919,,Traffic Signal,Clear,Daylight,Dry,Non-Fatal Injury,Angle,Driver,35 to 39,Major,,North,"Automobile, Station Wagon",Going Ahead,Disobeyed Traffic Control,Normal,,,,,,,,,Yes,,,,,Yes,,Yes,Yes,,,129,Agincourt North,129,Agincourt North (129),D42,639205.588,4852407.883
1432,3615445,946614,20/12/2006,2006,1043,MCCOWAN RD,SANDHURST CRCL,,Major Arterial,Scarborough,43.811645,-79.26919,,Traffic Signal,Clear,Daylight,Dry,Non-Fatal Injury,Angle,Driver,40 to 44,Major,,West,"Automobile, Station Wagon",Going Ahead,Driving Properly,Normal,,,,,,,,,Yes,,,,,Yes,,Yes,Yes,,,129,Agincourt North,129,Agincourt North (129),D42,639205.588,4852407.883
1433,3615446,946614,20/12/2006,2006,1043,MCCOWAN RD,SANDHURST CRCL,,Major Arterial,Scarborough,43.811645,-79.26919,,Traffic Signal,Clear,Daylight,Dry,Non-Fatal Injury,Angle,Passenger,5 to 9,Major,,,Other,,,,,,,,,,,,Yes,,,,,Yes,,Yes,Yes,,,129,Agincourt North,129,Agincourt North (129),D42,639205.588,4852407.883
1434,3615447,946614,20/12/2006,2006,1043,MCCOWAN RD,SANDHURST CRCL,,Major Arterial,Scarborough,43.811645,-79.26919,,Traffic Signal,Clear,Daylight,Dry,Non-Fatal Injury,Angle,Driver,60 to 64,Major,,South,"Automobile, Station Wagon",Going Ahead,Driving Properly,Normal,,,,,,,,,Yes,,,,,Yes,,Yes,Yes,,,129,Agincourt North,129,Agincourt North (129),D42,639205.588,4852407.883
1435,3612979,945676,20/12/2006,2006,1420,EMERSON AVE,WALLACE AVE,,Collector,Toronto and East York,43.662745,-79.44239,At Intersection,Stop Sign,Clear,Daylight,Dry,Non-Fatal Injury,Cyclist Collisions,Cyclist,55 to 59,Major,,West,Bicycle,Going Ahead,,,,,,"Cyclist without ROW rides into path of motorist at inter, lnwy, dwy-Cyclist not turn.",Disobeyed Traffic Control,Normal,,Yes,,,,Yes,,,,,,,,171,Junction-Wallace Emerson,93,Dovercourt-Wallace Emerson-Junction (93),D11,625586.2264,4835593.552
1436,3612980,945676,20/12/2006,2006,1420,EMERSON AVE,WALLACE AVE,,Collector,Toronto and East York,43.662745,-79.44239,At Intersection,Stop Sign,Clear,Daylight,Dry,Non-Fatal Injury,Cyclist Collisions,Vehicle Owner,unknown,,,,Other,,,,,,,,,,,Yes,,,,Yes,,,,,,,,171,Junction-Wallace Emerson,93,Dovercourt-Wallace Emerson-Junction (93),D11,625586.2264,4835593.552
1437,3612981,945676,20/12/2006,2006,1420,EMERSON AVE,WALLACE AVE,,Collector,Toronto and East York,43.662745,-79.44239,At Intersection,Stop Sign,Clear,Daylight,Dry,Non-Fatal Injury,Cyclist Collisions,Driver,40 to 44,None,,South,Municipal Transit Bus (TTC),Going Ahead,Driving Properly,Normal,,,,,,,,Yes,,,,Yes,,,,,,,,171,Junction-Wallace Emerson,93,Dovercourt-Wallace Emerson-Junction (93),D11,625586.2264,4835593.552
1438,3613443,945854,22/12/2006,2006,1645,VICTORIA ST,RICHMOND ST E,,Major Arterial,Toronto and East York,43.651945,-79.37779,,Traffic Signal,Rain,Dark,Wet,Non-Fatal Injury,Pedestrian Collisions,Driver,50 to 54,None,,North,"Automobile, Station Wagon",Turning Left,Driving Properly,Normal,,,,,,,Yes,,Yes,,,,,,,,,,,168,Downtown Yonge East,75,Church-Yonge Corridor (75),D51,630818.2682,4834493.883
1439,3613444,945854,22/12/2006,2006,1645,VICTORIA ST,RICHMOND ST E,,Major Arterial,Toronto and East York,43.651945,-79.37779,,Traffic Signal,Rain,Dark,Wet,Non-Fatal Injury,Pedestrian Collisions,Pedestrian,75 to 79,Major,,East,Other,,,,Vehicle turns left while ped crosses without ROW at inter.,Crossing without right of way,Inattentive,,,,Yes,,Yes,,,,,,,,,,,168,Downtown Yonge East,75,Church-Yonge Corridor (75),D51,630818.2682,4834493.883
1440,3613893,946028,23/12/2006,2006,425,BIRCHMOUNT RD,ELLESMERE RD,,Major Arterial,Scarborough,43.763445,-79.29139,,Traffic Signal,Clear,Dark,Wet,Non-Fatal Injury,Rear End,Driver,45 to 49,None,,East,"Automobile, Station Wagon",Going Ahead,Disobeyed Traffic Control,Normal,,,,,,,,,Yes,,,,,Yes,,Yes,Yes,,,119,Wexford/Maryvale,119,Wexford/Maryvale (119),D41,637530.5704,4847017.399
1441,3613894,946028,23/12/2006,2006,425,BIRCHMOUNT RD,ELLESMERE RD,,Major Arterial,Scarborough,43.763445,-79.29139,,Traffic Signal,Clear,Dark,Wet,Non-Fatal Injury,Rear End,Passenger,40 to 44,Major,,,Other,,,,,,,,,,,,Yes,,,,,Yes,,Yes,Yes,,,119,Wexford/Maryvale,119,Wexford/Maryvale (119),D41,637530.5704,4847017.399
1442,3613895,946028,23/12/2006,2006,425,BIRCHMOUNT RD,ELLESMERE RD,,Major Arterial,Scarborough,43.763445,-79.29139,,Traffic Signal,Clear,Dark,Wet,Non-Fatal Injury,Rear End,Driver,30 to 34,Minor,,North,"Automobile, Station Wagon",Going Ahead,Driving Properly,Normal,,,,,,,,,Yes,,,,,Yes,,Yes,Yes,,,119,Wexford/Maryvale,119,Wexford/Maryvale (119),D41,637530.5704,4847017.399
1443,3609252,943986,23/12/2006,2006,1809,O CONNOR DR,LEAFY WOODWAY,,Major Arterial,North York,43.722245,-79.30359,,No Control,Rain,Dark,Wet,Fatal,Pedestrian Collisions,Vehicle Owner,unknown,,,,Other,,,,,,,,,,Yes,,Yes,,,,,,,,,,,43,Victoria Village,43,Victoria Village (43),D55,636642.2521,4842421.333
1444,3609253,943986,23/12/2006,2006,1809,O CONNOR DR,LEAFY WOODWAY,,Major Arterial,North York,43.722245,-79.30359,,No Control,Rain,Dark,Wet,Fatal,Pedestrian Collisions,Driver,30 to 34,None,,East,Taxi,Going Ahead,Driving Properly,Normal,,,,,,,Yes,,Yes,,,,,,,,,,,43,Victoria Village,43,Victoria Village (43),D55,636642.2521,4842421.333
1445,3609254,943986,23/12/2006,2006,1809,O CONNOR DR,LEAFY WOODWAY,,Major Arterial,North York,43.722245,-79.30359,,No Control,Rain,Dark,Wet,Fatal,Pedestrian Collisions,Pedestrian,65 to 69,Fatal,,North,Other,,,,Pedestrian hit at mid-block,"Crossing, no Traffic Control",Inattentive,,,,Yes,,Yes,,,,,,,,,,,43,Victoria Village,43,Victoria Village (43),D55,636642.2521,4842421.333
1446,3614089,946102,24/12/2006,2006,30,YONGE ST,MC NAIRN AVE,,Major Arterial,North York,43.735745,-79.40489,,No Control,Clear,Dark,Dry,Non-Fatal Injury,Approaching,Driver,40 to 44,None,,South,"Automobile, Station Wagon",Going Ahead,Lost control,Medical or Physical Disability,,,,,,,,,Yes,,,,,Yes,,,,,Yes,105,Lawrence Park North,105,Lawrence Park North (105),D32,628453.8063,4843758.667
1447,3614090,946102,24/12/2006,2006,30,YONGE ST,MC NAIRN AVE,,Major Arterial,North York,43.735745,-79.40489,,No Control,Clear,Dark,Dry,Non-Fatal Injury,Approaching,Driver,30 to 34,None,,North,"Automobile, Station Wagon",Going Ahead,Driving Properly,Normal,,,,,,,,,Yes,,,,,Yes,,,,,Yes,105,Lawrence Park North,105,Lawrence Park North (105),D32,628453.8063,4843758.667
1448,3614091,946102,24/12/2006,2006,30,YONGE ST,MC NAIRN AVE,,Major Arterial,North York,43.735745,-79.40489,,No Control,Clear,Dark,Dry,Non-Fatal Injury,Approaching,Passenger,35 to 39,Minor,,,Other,,,,,,,,,,,,Yes,,,,,Yes,,,,,Yes,105,Lawrence Park North,105,Lawrence Park North (105),D32,628453.8063,4843758.667
1449,3614092,946102,24/12/2006,2006,30,YONGE ST,MC NAIRN AVE,,Major Arterial,North York,43.735745,-79.40489,,No Control,Clear,Dark,Dry,Non-Fatal Injury,Approaching,Passenger,10 to 14,Minor,,,Other,,,,,,,,,,,,Yes,,,,,Yes,,,,,Yes,105,Lawrence Park North,105,Lawrence Park North (105),D32,628453.8063,4843758.667
1450,3614093,946102,24/12/2006,2006,30,YONGE ST,MC NAIRN AVE,,Major Arterial,North York,43.735745,-79.40489,,No Control,Clear,Dark,Dry,Non-Fatal Injury,Approaching,Passenger,15 to 19,Minor,,,Other,,,,,,,,,,,,Yes,,,,,Yes,,,,,Yes,105,Lawrence Park North,105,Lawrence Park North (105),D32,628453.8063,4843758.667
1451,3614094,946102,24/12/2006,2006,30,YONGE ST,MC NAIRN AVE,,Major Arterial,North York,43.735745,-79.40489,,No Control,Clear,Dark,Dry,Non-Fatal Injury,Approaching,Driver,40 to 44,Major,,North,"Automobile, Station Wagon",Going Ahead,Driving Properly,Normal,,,,,,,,,Yes,,,,,Yes,,,,,Yes,105,Lawrence Park North,105,Lawrence Park North (105),D32,628453.8063,4843758.667
1452,3609319,944033,24/12/2006,2006,820,35 BRAYWIN DR,,,Local,Etobicoke York,43.700245,-79.53629,,No Control,Clear,Daylight,Dry,Non-Fatal Injury,SMV Other,Driver,90 to 94,Major,,West,"Automobile, Station Wagon",Unknown,Driving Properly,Medical or Physical Disability,,,,,,,,,Yes,,,,,,,,,,Yes,6,Kingsview Village-The Westway,6,Kingsview Village-The Westway (6),D23,617941.7389,4839620.576
1453,3552176,944038,24/12/2006,2006,850,MARKHAM RD,PAINTED POST DR,,Major Arterial,Scarborough,43.767545,-79.22839,At Intersection,Traffic Signal,Clear,Daylight,Dry,Fatal,Angle,Vehicle Owner,unknown,,,,Other,,,,,,,,,,,,Yes,,,,,,,Yes,Yes,,,142,Woburn North,137,Woburn (137),D43,642591.9255,4847579.329
1454,3552177,944038,24/12/2006,2006,850,MARKHAM RD,PAINTED POST DR,,Major Arterial,Scarborough,43.767545,-79.22839,At Intersection,Traffic Signal,Clear,Daylight,Dry,Fatal,Angle,Driver,25 to 29,Minor,,North,"Automobile, Station Wagon",Going Ahead,Disobeyed Traffic Control,Normal,,,,,,,,,Yes,,,,,,,Yes,Yes,,,142,Woburn North,137,Woburn (137),D43,642591.9255,4847579.329
1455,3552178,944038,24/12/2006,2006,850,MARKHAM RD,PAINTED POST DR,,Major Arterial,Scarborough,43.767545,-79.22839,At Intersection,Traffic Signal,Clear,Daylight,Dry,Fatal,Angle,Driver,40 to 44,Fatal,,West,"Automobile, Station Wagon",Going Ahead,Driving Properly,Unknown,,,,,,,,,Yes,,,,,,,Yes,Yes,,,142,Woburn North,137,Woburn (137),D43,642591.9255,4847579.329
1456,3614016,946073,24/12/2006,2006,1350,52 RANEE AVE,,,Collector,North York,43.726345,-79.43439,,No Control,Clear,Daylight,Dry,Non-Fatal Injury,Approaching,Driver,55 to 59,Minor,,East,"Automobile, Station Wagon",Going Ahead,Lost control,Fatigue,,,,,,,,,Yes,,,,,,,,,,,32,Englemount-Lawrence,32,Englemount-Lawrence (32),D32,626097.8823,4842669.349
1457,3614017,946073,24/12/2006,2006,1350,52 RANEE AVE,,,Collector,North York,43.726345,-79.43439,,No Control,Clear,Daylight,Dry,Non-Fatal Injury,Approaching,Driver,40 to 44,Major,,West,"Automobile, Station Wagon",Going Ahead,Driving Properly,Normal,,,,,,,,,Yes,,,,,,,,,,,32,Englemount-Lawrence,32,Englemount-Lawrence (32),D32,626097.8823,4842669.349
1458,3614018,946073,24/12/2006,2006,1350,52 RANEE AVE,,,Collector,North York,43.726345,-79.43439,,No Control,Clear,Daylight,Dry,Non-Fatal Injury,Approaching,Other Property Owner,unknown,None,,,Other,,,,,,,,,,,,Yes,,,,,,,,,,,32,Englemount-Lawrence,32,Englemount-Lawrence (32),D32,626097.8823,4842669.349
1459,3537467,950128,24/12/2006,2006,1933,STEELES AVE E,REDLEA AVE,,Major Arterial,Scarborough,43.824145,-79.30509,,No Control,Clear,Dark,Dry,Non-Fatal Injury,Pedestrian Collisions,Driver,30 to 34,None,,West,"Automobile, Station Wagon",Going Ahead,Driving Properly,Normal,,,,,,,Yes,,Yes,,,,,,,,,,,130,Milliken,130,Milliken (130),D42,636289.7491,4853736.436