OBJECTID,INDEX,ACCNUM,DATE,ACCIDENT_YEAR,TIME,STREET1,STREET2,OFFSET,ROAD_CLASS,DISTRICT,LATITUDE,LONGITUDE,ACCLOC,TRAFFCTL,VISIBILITY,LIGHT,RDSFCOND,ACCLASS,IMPACTYPE,INVTYPE,INVAGE,INJURY,FATAL_NO,INITDIR,VEHTYPE,MANOEUVER,DRIVACT,DRIVCOND,PEDTYPE,PEDACT,PEDCOND,CYCLISTYPE,CYCACT,CYCCOND,PEDESTRIAN,CYCLIST,AUTOMOBILE,MOTORCYCLE,TRUCK,TRSN_CITY_VEH,EMERG_VEH,PASSENGER,SPEEDING,AG_DRIV,REDLIGHT,ALCOHOL,DISABILITY,HOOD_158,NEIGHBOURHOOD_158,HOOD_140,NEIGHBOURHOOD_140,DIVISION,x,y
1776,4292077,963700,17/03/2007,2007,400,EASTERN DIVERSION AVE,BROADVIEW AVE,,Major Arterial,Toronto and East York,43.656645,-79.34889,,Traffic Signal,Snow,Dark,Loose Snow,Non-Fatal Injury,SMV Other,Passenger,30 to 34,Major,,,Other,,,,,,,,,,,,Yes,,,,,Yes,,,,,,70,South Riverdale,70,South Riverdale (70),D55,633138.4611,4835061.847
1777,4292078,963700,17/03/2007,2007,400,EASTERN DIVERSION AVE,BROADVIEW AVE,,Major Arterial,Toronto and East York,43.656645,-79.34889,,Traffic Signal,Snow,Dark,Loose Snow,Non-Fatal Injury,SMV Other,Vehicle Owner,unknown,None,,,Other,,,,,,,,,,,,Yes,,,,,Yes,,,,,,70,South Riverdale,70,South Riverdale (70),D55,633138.4611,4835061.847
1778,4292079,963700,17/03/2007,2007,400,EASTERN DIVERSION AVE,BROADVIEW AVE,,Major Arterial,Toronto and East York,43.656645,-79.34889,,Traffic Signal,Snow,Dark,Loose Snow,Non-Fatal Injury,SMV Other,Driver,25 to 29,None,,East,"Automobile, Station Wagon",Going Ahead,Lost control,Normal,,,,,,,,,Yes,,,,,Yes,,,,,,70,South Riverdale,70,South Riverdale (70),D55,633138.4611,4835061.847
1779,4292080,963700,17/03/2007,2007,400,EASTERN DIVERSION AVE,BROADVIEW AVE,,Major Arterial,Toronto and East York,43.656645,-79.34889,,Traffic Signal,Snow,Dark,Loose Snow,Non-Fatal Injury,SMV Other,Other Property Owner,unknown,None,,,Other,,,,,,,,,,,,Yes,,,,,Yes,,,,,,70,South Riverdale,70,South Riverdale (70),D55,633138.4611,4835061.847
1780,4157884,963932,19/03/2007,2007,1200,DUNDAS ST W,GROVE AVE,,Minor Arterial,Toronto and East York,43.649345,-79.42329,,No Control,Clear,Daylight,Dry,Non-Fatal Injury,Pedestrian Collisions,Driver,45 to 49,None,,North,"Automobile, Station Wagon",Turning Left,Failed to Yield Right of Way,Inattentive,,,,,,,Yes,,Yes,,,,,,,Yes,,,,81,Trinity-Bellwoods,81,Trinity-Bellwoods (81),D14,627154.5062,4834134.396
1781,4157885,963932,19/03/2007,2007,1200,DUNDAS ST W,GROVE AVE,,Minor Arterial,Toronto and East York,43.649345,-79.42329,,No Control,Clear,Daylight,Dry,Non-Fatal Injury,Pedestrian Collisions,Pedestrian,60 to 64,Major,,South,Other,,,,Vehicle turns left while ped crosses with ROW at inter.,Crossing with right of way,Inattentive,,,,Yes,,Yes,,,,,,,Yes,,,,81,Trinity-Bellwoods,81,Trinity-Bellwoods (81),D14,627154.5062,4834134.396
1782,4157889,963934,19/03/2007,2007,1400,JARVIS ST,DUNDAS ST E,,Major Arterial,Toronto and East York,43.657045,-79.37459,At Intersection,Traffic Signal,Clear,Daylight,Wet,Non-Fatal Injury,Pedestrian Collisions,Driver,20 to 24,None,,North,"Automobile, Station Wagon",Slowing or Stopping,Disobeyed Traffic Control,Had Been Drinking,,,,,,,Yes,,Yes,,,,,,,Yes,Yes,,,168,Downtown Yonge East,75,Church-Yonge Corridor (75),D51,631065.2301,4835065.355
1783,4157890,963934,19/03/2007,2007,1400,JARVIS ST,DUNDAS ST E,,Major Arterial,Toronto and East York,43.657045,-79.37459,At Intersection,Traffic Signal,Clear,Daylight,Wet,Non-Fatal Injury,Pedestrian Collisions,Pedestrian,55 to 59,Major,,West,Other,,,,Vehicle is going straight thru inter.while ped cross with ROW,Crossing with right of way,Normal,,,,Yes,,Yes,,,,,,,Yes,Yes,,,168,Downtown Yonge East,75,Church-Yonge Corridor (75),D51,631065.2301,4835065.355
1784,4158869,964373,22/03/2007,2007,1844,DUNDAS ST W,SUBWAY CRES,,Major Arterial,Etobicoke York,43.636145,-79.54009,At Intersection,Traffic Signal,Clear,Daylight,Dry,Non-Fatal Injury,Pedestrian Collisions,Driver,55 to 59,None,,North,"Automobile, Station Wagon",Turning Left,Driving Properly,Unknown,,,,,,,Yes,,Yes,,,,,,,,,,,158,Islington,14,Islington-City Centre West (14),D22,617760.8215,4832496.037
1785,4158870,964373,22/03/2007,2007,1844,DUNDAS ST W,SUBWAY CRES,,Major Arterial,Etobicoke York,43.636145,-79.54009,At Intersection,Traffic Signal,Clear,Daylight,Dry,Non-Fatal Injury,Pedestrian Collisions,Pedestrian,35 to 39,Major,,South,Other,,,,Vehicle turns left while ped crosses without ROW at inter.,Running onto Roadway,Inattentive,,,,Yes,,Yes,,,,,,,,,,,158,Islington,14,Islington-City Centre West (14),D22,617760.8215,4832496.037
1786,4158594,964254,22/03/2007,2007,1907,ALLEN X S LAWRENCE E RAMP W,LAWRENCE AVE W,,Major Arterial,North York,43.715945,-79.44499,At Intersection,Yield Sign,Clear,"Dusk, artificial",Dry,Non-Fatal Injury,Pedestrian Collisions,Vehicle Owner,unknown,None,,,Other,,,,,,,,,,Yes,,Yes,,,,,,,Yes,,,,31,Yorkdale-Glen Park,31,Yorkdale-Glen Park (31),D32,625265.7978,4841498.207
1787,4158595,964254,22/03/2007,2007,1907,ALLEN X S LAWRENCE E RAMP W,LAWRENCE AVE W,,Major Arterial,North York,43.715945,-79.44499,At Intersection,Yield Sign,Clear,"Dusk, artificial",Dry,Non-Fatal Injury,Pedestrian Collisions,Driver,65 to 69,None,,South,"Automobile, Station Wagon",Going Ahead,Failed to Yield Right of Way,Normal,,,,,,,Yes,,Yes,,,,,,,Yes,,,,31,Yorkdale-Glen Park,31,Yorkdale-Glen Park (31),D32,625265.7978,4841498.207
1788,4158596,964254,22/03/2007,2007,1907,ALLEN X S LAWRENCE E RAMP W,LAWRENCE AVE W,,Major Arterial,North York,43.715945,-79.44499,At Intersection,Yield Sign,Clear,"Dusk, artificial",Dry,Non-Fatal Injury,Pedestrian Collisions,Pedestrian,45 to 49,Major,,East,Other,,,,Vehicle is going straight thru inter.while ped cross with ROW,Crossing with right of way,Normal,,,,Yes,,Yes,,,,,,,Yes,,,,31,Yorkdale-Glen Park,31,Yorkdale-Glen Park (31),D32,625265.7978,4841498.207
1789,4159031,964433,23/03/2007,2007,658,OLD WESTON RD,TURNBERRY AVE,,Minor Arterial,Toronto and East York,43.679545,-79.46549,,No Control,Clear,Daylight,Dry,Non-Fatal Injury,SMV Unattended Vehicle,Driver,45 to 49,Major,,South,"Automobile, Station Wagon",Going Ahead,Lost control,Medical or Physical Disability,,,,,,,,,Yes,,,,,,,Yes,,,Yes,91,Weston-Pelham Park,91,Weston-Pellam Park (91),D12,623689.1987,4837424.708
1790,4159032,964433,23/03/2007,2007,658,OLD WESTON RD,TURNBERRY AVE,,Minor Arterial,Toronto and East York,43.679545,-79.46549,,No Control,Clear,Daylight,Dry,Non-Fatal Injury,SMV Unattended Vehicle,Vehicle Owner,unknown,None,,,Other,Parked,,,,,,,,,,,Yes,,,,,,,Yes,,,Yes,91,Weston-Pelham Park,91,Weston-Pellam Park (91),D12,623689.1987,4837424.708
1791,4159033,964433,23/03/2007,2007,658,OLD WESTON RD,TURNBERRY AVE,,Minor Arterial,Toronto and East York,43.679545,-79.46549,,No Control,Clear,Daylight,Dry,Non-Fatal Injury,SMV Unattended Vehicle,Other Property Owner,unknown,None,,,Other,,,,,,,,,,,,Yes,,,,,,,Yes,,,Yes,91,Weston-Pelham Park,91,Weston-Pellam Park (91),D12,623689.1987,4837424.708
1792,4159010,964426,23/03/2007,2007,817,FINCH AVE W,KENDLETON DR,,Major Arterial,Etobicoke York,43.740745,-79.58939,,No Control,Clear,Daylight,Dry,Non-Fatal Injury,Rear End,Driver,40 to 44,None,,North,"Automobile, Station Wagon",Going Ahead,Following too Close,Normal,,,,,,,,,Yes,,,,,Yes,,Yes,,,,2,Mount Olive-Silverstone-Jamestown,2,Mount Olive-Silverstone-Jamestown (2),D23,613586.5023,4844044.5
1793,4159011,964426,23/03/2007,2007,817,FINCH AVE W,KENDLETON DR,,Major Arterial,Etobicoke York,43.740745,-79.58939,,No Control,Clear,Daylight,Dry,Non-Fatal Injury,Rear End,Passenger,35 to 39,Major,,,Other,,,,,,,,,,,,Yes,,,,,Yes,,Yes,,,,2,Mount Olive-Silverstone-Jamestown,2,Mount Olive-Silverstone-Jamestown (2),D23,613586.5023,4844044.5
1794,4159012,964426,23/03/2007,2007,817,FINCH AVE W,KENDLETON DR,,Major Arterial,Etobicoke York,43.740745,-79.58939,,No Control,Clear,Daylight,Dry,Non-Fatal Injury,Rear End,Driver,40 to 44,None,,North,"Automobile, Station Wagon",Going Ahead,Driving Properly,Normal,,,,,,,,,Yes,,,,,Yes,,Yes,,,,2,Mount Olive-Silverstone-Jamestown,2,Mount Olive-Silverstone-Jamestown (2),D23,613586.5023,4844044.5
1795,4159139,964482,24/03/2007,2007,958,ALBION RD,RIVERDALE DR,,Major Arterial,Etobicoke York,43.735345,-79.56139,At Intersection,Traffic Signal,Rain,Daylight,Wet,Non-Fatal Injury,Pedestrian Collisions,Driver,80 to 84,None,,East,"Automobile, Station Wagon",Going Ahead,Driving Properly,Normal,,,,,,,Yes,,Yes,,,,,,,,,,,3,Thistletown-Beaumond Heights,3,Thistletown-Beaumond Heights (3),D23,615851.574,4843483.521
1796,4159140,964482,24/03/2007,2007,958,ALBION RD,RIVERDALE DR,,Major Arterial,Etobicoke York,43.735345,-79.56139,At Intersection,Traffic Signal,Rain,Daylight,Wet,Non-Fatal Injury,Pedestrian Collisions,Pedestrian,50 to 54,Minimal,,South,Other,,,,Vehicle is going straight thru inter.while ped cross without ROW,Crossing without right of way,Normal,,,,Yes,,Yes,,,,,,,,,,,3,Thistletown-Beaumond Heights,3,Thistletown-Beaumond Heights (3),D23,615851.574,4843483.521
1797,4159141,964482,24/03/2007,2007,958,ALBION RD,RIVERDALE DR,,Major Arterial,Etobicoke York,43.735345,-79.56139,At Intersection,Traffic Signal,Rain,Daylight,Wet,Non-Fatal Injury,Pedestrian Collisions,Pedestrian,55 to 59,Major,,South,Other,,,,Vehicle is going straight thru inter.while ped cross without ROW,Crossing without right of way,Normal,,,,Yes,,Yes,,,,,,,,,,,3,Thistletown-Beaumond Heights,3,Thistletown-Beaumond Heights (3),D23,615851.574,4843483.521
1798,4166073,967550,27/03/2007,2007,1550,BAY ST,YORKVILLE AVE,,Major Arterial,Toronto and East York,43.671545,-79.39029,,No Control,Clear,Daylight,Dry,Non-Fatal Injury,Turning Movement,Vehicle Owner,unknown,None,,,Other,,,,,,,,,,,,Yes,,Yes,,,,,,,,,95,Annex,95,Annex (95),D53,629767.9981,4836651.094
1799,4166074,967550,27/03/2007,2007,1550,BAY ST,YORKVILLE AVE,,Major Arterial,Toronto and East York,43.671545,-79.39029,,No Control,Clear,Daylight,Dry,Non-Fatal Injury,Turning Movement,Truck Driver,30 to 34,None,,North,Truck - Open,Going Ahead,Driving Properly,Normal,,,,,,,,,Yes,,Yes,,,,,,,,,95,Annex,95,Annex (95),D53,629767.9981,4836651.094
1800,4166075,967550,27/03/2007,2007,1550,BAY ST,YORKVILLE AVE,,Major Arterial,Toronto and East York,43.671545,-79.39029,,No Control,Clear,Daylight,Dry,Non-Fatal Injury,Turning Movement,Vehicle Owner,unknown,None,,,Other,,,,,,,,,,,,Yes,,Yes,,,,,,,,,95,Annex,95,Annex (95),D53,629767.9981,4836651.094
1801,4166076,967550,27/03/2007,2007,1550,BAY ST,YORKVILLE AVE,,Major Arterial,Toronto and East York,43.671545,-79.39029,,No Control,Clear,Daylight,Dry,Non-Fatal Injury,Turning Movement,Driver,35 to 39,Major,,North,"Automobile, Station Wagon",Making U Turn,Improper Lane Change,Other,,,,,,,,,Yes,,Yes,,,,,,,,,95,Annex,95,Annex (95),D53,629767.9981,4836651.094
1802,4159970,964870,27/03/2007,2007,2045,40 WILLCOCKS St,,,Local,Toronto and East York,43.661445,-79.40069,,No Control,Clear,Dark,Dry,Non-Fatal Injury,Cyclist Collisions,Driver,40 to 44,None,,West,"Automobile, Station Wagon",Turning Left,Improper Turn,Inattentive,,,,,,,,Yes,Yes,,,,,,,,,,,79,University,79,University (79),D52,628951.2105,4835513.137
1803,4159971,964870,27/03/2007,2007,2045,40 WILLCOCKS St,,,Local,Toronto and East York,43.661445,-79.40069,,No Control,Clear,Dark,Dry,Non-Fatal Injury,Cyclist Collisions,Cyclist,65 to 69,Major,,East,Bicycle,Going Ahead,,,,,,Motorist turned left across cyclists path.,,,,Yes,Yes,,,,,,,,,,,79,University,79,University (79),D52,628951.2105,4835513.137
1804,4151999,961366,28/03/2007,2007,815,BURBANK DR,WHITTAKER CRES,,Local,North York,43.772445,-79.37729,,Stop Sign,Clear,Daylight,Dry,Non-Fatal Injury,Pedestrian Collisions,Pedestrian,75 to 79,Major,,West,Other,,,,Vehicle turns left while ped crosses with ROW at inter.,Crossing with right of way,Normal,,,,Yes,,Yes,,,,,Yes,,Yes,,,,52,Bayview Village,52,Bayview Village (52),D33,630596.5925,4847877.912
1805,4152000,961366,28/03/2007,2007,815,BURBANK DR,WHITTAKER CRES,,Local,North York,43.772445,-79.37729,,Stop Sign,Clear,Daylight,Dry,Non-Fatal Injury,Pedestrian Collisions,Passenger,0 to 4,None,,,Other,,,,,,,,,,Yes,,Yes,,,,,Yes,,Yes,,,,52,Bayview Village,52,Bayview Village (52),D33,630596.5925,4847877.912
1806,4152001,961366,28/03/2007,2007,815,BURBANK DR,WHITTAKER CRES,,Local,North York,43.772445,-79.37729,,Stop Sign,Clear,Daylight,Dry,Non-Fatal Injury,Pedestrian Collisions,Passenger,5 to 9,None,,,Other,,,,,,,,,,Yes,,Yes,,,,,Yes,,Yes,,,,52,Bayview Village,52,Bayview Village (52),D33,630596.5925,4847877.912
1807,4152002,961366,28/03/2007,2007,815,BURBANK DR,WHITTAKER CRES,,Local,North York,43.772445,-79.37729,,Stop Sign,Clear,Daylight,Dry,Non-Fatal Injury,Pedestrian Collisions,Passenger,5 to 9,None,,,Other,,,,,,,,,,Yes,,Yes,,,,,Yes,,Yes,,,,52,Bayview Village,52,Bayview Village (52),D33,630596.5925,4847877.912
1808,4152003,961366,28/03/2007,2007,815,BURBANK DR,WHITTAKER CRES,,Local,North York,43.772445,-79.37729,,Stop Sign,Clear,Daylight,Dry,Non-Fatal Injury,Pedestrian Collisions,Passenger,25 to 29,None,,,Other,,,,,,,,,,Yes,,Yes,,,,,Yes,,Yes,,,,52,Bayview Village,52,Bayview Village (52),D33,630596.5925,4847877.912
1809,4152004,961366,28/03/2007,2007,815,BURBANK DR,WHITTAKER CRES,,Local,North York,43.772445,-79.37729,,Stop Sign,Clear,Daylight,Dry,Non-Fatal Injury,Pedestrian Collisions,Driver,35 to 39,None,,East,"Automobile, Station Wagon",Turning Left,Failed to Yield Right of Way,Inattentive,,,,,,,Yes,,Yes,,,,,Yes,,Yes,,,,52,Bayview Village,52,Bayview Village (52),D33,630596.5925,4847877.912
1810,4155376,962798,30/03/2007,2007,1444,WILSON AVE,FAYWOOD BLVD,,Major Arterial,North York,43.734845,-79.44599,,No Control,Clear,Daylight,Dry,Non-Fatal Injury,Rear End,Vehicle Owner,unknown,None,,,Other,,,,,,,,,,,,Yes,,,,,Yes,,,,,Yes,33,Clanton Park,33,Clanton Park (33),D32,625145.8786,4843595.811
1811,4155377,962798,30/03/2007,2007,1444,WILSON AVE,FAYWOOD BLVD,,Major Arterial,North York,43.734845,-79.44599,,No Control,Clear,Daylight,Dry,Non-Fatal Injury,Rear End,Driver,15 to 19,Minimal,,East,"Automobile, Station Wagon",Going Ahead,Lost control,Medical or Physical Disability,,,,,,,,,Yes,,,,,Yes,,,,,Yes,33,Clanton Park,33,Clanton Park (33),D32,625145.8786,4843595.811
1812,4155378,962798,30/03/2007,2007,1444,WILSON AVE,FAYWOOD BLVD,,Major Arterial,North York,43.734845,-79.44599,,No Control,Clear,Daylight,Dry,Non-Fatal Injury,Rear End,Passenger,25 to 29,Major,,,Other,,,,,,,,,,,,Yes,,,,,Yes,,,,,Yes,33,Clanton Park,33,Clanton Park (33),D32,625145.8786,4843595.811
1813,4155379,962798,30/03/2007,2007,1444,WILSON AVE,FAYWOOD BLVD,,Major Arterial,North York,43.734845,-79.44599,,No Control,Clear,Daylight,Dry,Non-Fatal Injury,Rear End,Vehicle Owner,unknown,None,,,Other,,,,,,,,,,,,Yes,,,,,Yes,,,,,Yes,33,Clanton Park,33,Clanton Park (33),D32,625145.8786,4843595.811
1814,4155380,962798,30/03/2007,2007,1444,WILSON AVE,FAYWOOD BLVD,,Major Arterial,North York,43.734845,-79.44599,,No Control,Clear,Daylight,Dry,Non-Fatal Injury,Rear End,Driver,50 to 54,Major,,West,"Automobile, Station Wagon",Slowing or Stopping,Driving Properly,Normal,,,,,,,,,Yes,,,,,Yes,,,,,Yes,33,Clanton Park,33,Clanton Park (33),D32,625145.8786,4843595.811
1815,4155381,962798,30/03/2007,2007,1444,WILSON AVE,FAYWOOD BLVD,,Major Arterial,North York,43.734845,-79.44599,,No Control,Clear,Daylight,Dry,Non-Fatal Injury,Rear End,Vehicle Owner,unknown,None,,,Other,,,,,,,,,,,,Yes,,,,,Yes,,,,,Yes,33,Clanton Park,33,Clanton Park (33),D32,625145.8786,4843595.811
1816,4155382,962798,30/03/2007,2007,1444,WILSON AVE,FAYWOOD BLVD,,Major Arterial,North York,43.734845,-79.44599,,No Control,Clear,Daylight,Dry,Non-Fatal Injury,Rear End,Driver,25 to 29,None,,East,"Automobile, Station Wagon",Going Ahead,Driving Properly,Normal,,,,,,,,,Yes,,,,,Yes,,,,,Yes,33,Clanton Park,33,Clanton Park (33),D32,625145.8786,4843595.811
1817,4153259,961870,30/03/2007,2007,2120,YONGE ST,SCRIVENER SQ,,Major Arterial,Toronto and East York,43.680445,-79.39099,At Intersection,No Control,Clear,Dark,Dry,Fatal,Pedestrian Collisions,Vehicle Owner,unknown,,,,Other,,,,,,,,,,Yes,,Yes,,,,,,,Yes,,,,95,Annex,95,Annex (95),D53,629692.3919,4837638.464
1818,4153260,961870,30/03/2007,2007,2120,YONGE ST,SCRIVENER SQ,,Major Arterial,Toronto and East York,43.680445,-79.39099,At Intersection,No Control,Clear,Dark,Dry,Fatal,Pedestrian Collisions,Driver,35 to 39,None,,North,"Automobile, Station Wagon",Going Ahead,Failed to Yield Right of Way,Normal,,,,,,,Yes,,Yes,,,,,,,Yes,,,,95,Annex,95,Annex (95),D53,629692.3919,4837638.464
1819,4153261,961870,30/03/2007,2007,2120,YONGE ST,SCRIVENER SQ,,Major Arterial,Toronto and East York,43.680445,-79.39099,At Intersection,No Control,Clear,Dark,Dry,Fatal,Pedestrian Collisions,Pedestrian,80 to 84,Fatal,,East,Other,,,,Pedestrian hit at mid-block,"Crossing, no Traffic Control",Normal,,,,Yes,,Yes,,,,,,,Yes,,,,95,Annex,95,Annex (95),D53,629692.3919,4837638.464
1820,4153881,962132,31/03/2007,2007,643,BIRCHMOUNT RD,MERRYFIELD DR,,Major Arterial,Scarborough,43.751145,-79.28629,,No Control,Clear,Dawn,Dry,Fatal,Approaching,Vehicle Owner,unknown,,,,Other,,,,,,,,,,,,Yes,,,,,,,Yes,,,,126,Dorset Park,126,Dorset Park (126),D41,637969.3549,4845659.779
1821,4153882,962132,31/03/2007,2007,643,BIRCHMOUNT RD,MERRYFIELD DR,,Major Arterial,Scarborough,43.751145,-79.28629,,No Control,Clear,Dawn,Dry,Fatal,Approaching,Driver,30 to 34,Fatal,,North,"Automobile, Station Wagon",Going Ahead,Improper Passing,Unknown,,,,,,,,,Yes,,,,,,,Yes,,,,126,Dorset Park,126,Dorset Park (126),D41,637969.3549,4845659.779
1822,4153883,962132,31/03/2007,2007,643,BIRCHMOUNT RD,MERRYFIELD DR,,Major Arterial,Scarborough,43.751145,-79.28629,,No Control,Clear,Dawn,Dry,Fatal,Approaching,Driver,40 to 44,Minimal,,South,"Automobile, Station Wagon",Going Ahead,Driving Properly,Normal,,,,,,,,,Yes,,,,,,,Yes,,,,126,Dorset Park,126,Dorset Park (126),D41,637969.3549,4845659.779
1823,4154412,962372,02/04/2007,2007,2108,QUEEN ST W,LANSDOWNE AVE,,Major Arterial,Toronto and East York,43.640645,-79.43649,,No Control,Clear,Dark,Dry,Fatal,Pedestrian Collisions,Passenger,40 to 44,None,,,Other,,,,,,,,,,Yes,,,,,,,Yes,,,,,,86,Roncesvalles,86,Roncesvalles (86),D11,626108.1786,4833148.008
1824,4154413,962372,02/04/2007,2007,2108,QUEEN ST W,LANSDOWNE AVE,,Major Arterial,Toronto and East York,43.640645,-79.43649,,No Control,Clear,Dark,Dry,Fatal,Pedestrian Collisions,Passenger,30 to 34,None,,,Other,,,,,,,,,,Yes,,,,,,,Yes,,,,,,86,Roncesvalles,86,Roncesvalles (86),D11,626108.1786,4833148.008
1825,4154414,962372,02/04/2007,2007,2108,QUEEN ST W,LANSDOWNE AVE,,Major Arterial,Toronto and East York,43.640645,-79.43649,,No Control,Clear,Dark,Dry,Fatal,Pedestrian Collisions,Passenger,50 to 54,None,,,Other,,,,,,,,,,Yes,,,,,,,Yes,,,,,,86,Roncesvalles,86,Roncesvalles (86),D11,626108.1786,4833148.008
1826,4154415,962372,02/04/2007,2007,2108,QUEEN ST W,LANSDOWNE AVE,,Major Arterial,Toronto and East York,43.640645,-79.43649,,No Control,Clear,Dark,Dry,Fatal,Pedestrian Collisions,Vehicle Owner,unknown,,,,Other,,,,,,,,,,Yes,,,,,,,Yes,,,,,,86,Roncesvalles,86,Roncesvalles (86),D11,626108.1786,4833148.008
1827,4154416,962372,02/04/2007,2007,2108,QUEEN ST W,LANSDOWNE AVE,,Major Arterial,Toronto and East York,43.640645,-79.43649,,No Control,Clear,Dark,Dry,Fatal,Pedestrian Collisions,Driver,40 to 44,None,,West,Other,Going Ahead,Driving Properly,Normal,,,,,,,Yes,,,,,,,Yes,,,,,,86,Roncesvalles,86,Roncesvalles (86),D11,626108.1786,4833148.008
1828,4154417,962372,02/04/2007,2007,2108,QUEEN ST W,LANSDOWNE AVE,,Major Arterial,Toronto and East York,43.640645,-79.43649,,No Control,Clear,Dark,Dry,Fatal,Pedestrian Collisions,Pedestrian,60 to 64,Fatal,,South,Other,,,,Pedestrian hit at mid-block,"Crossing, no Traffic Control",Unknown,,,,Yes,,,,,,,Yes,,,,,,86,Roncesvalles,86,Roncesvalles (86),D11,626108.1786,4833148.008
1829,4162905,966139,03/04/2007,2007,1220,KINGSTON RD,EASTVILLE AVE,,Major Arterial,Scarborough,43.721445,-79.23669,,No Control,Clear,Daylight,Dry,Non-Fatal Injury,Pedestrian Collisions,Driver,30 to 34,None,,East,"Automobile, Station Wagon",Going Ahead,Driving Properly,Normal,,,,,,,Yes,,Yes,,,,,,,,,,,123,Cliffcrest,123,Cliffcrest (123),D43,642032.8618,4842444.964
1830,4162906,966139,03/04/2007,2007,1220,KINGSTON RD,EASTVILLE AVE,,Major Arterial,Scarborough,43.721445,-79.23669,,No Control,Clear,Daylight,Dry,Non-Fatal Injury,Pedestrian Collisions,Pedestrian,15 to 19,Major,,North,Other,,,,Pedestrian hit at mid-block,"Crossing, no Traffic Control",Inattentive,,,,Yes,,Yes,,,,,,,,,,,123,Cliffcrest,123,Cliffcrest (123),D43,642032.8618,4842444.964
1831,4163614,966448,05/04/2007,2007,1305,UNIVERSITY AVE,WELLINGTON ST W,,Major Arterial,Toronto and East York,43.646345,-79.38409,At Intersection,Traffic Signal,Clear,Daylight,Wet,Non-Fatal Injury,Cyclist Collisions,Driver,55 to 59,None,,North,"Automobile, Station Wagon",Turning Left,Driving Properly,Normal,,,,,,,,Yes,Yes,,,,,,,,,,,170,Yonge-Bay Corridor,76,Bay Street Corridor (76),D52,630322.3289,4833862.017
1832,4163615,966448,05/04/2007,2007,1305,UNIVERSITY AVE,WELLINGTON ST W,,Major Arterial,Toronto and East York,43.646345,-79.38409,At Intersection,Traffic Signal,Clear,Daylight,Wet,Non-Fatal Injury,Cyclist Collisions,Cyclist,30 to 34,Major,,South,Bicycle,Going Ahead,,,,,,Motorist turned left across cyclists path.,,,,Yes,Yes,,,,,,,,,,,170,Yonge-Bay Corridor,76,Bay Street Corridor (76),D52,630322.3289,4833862.017
1833,4164966,967064,08/04/2007,2007,316,FINCH AVE W,MARTIN GROVE RD,,Major Arterial,Etobicoke York,43.737245,-79.59029,,No Control,Snow,Dark,Wet,Non-Fatal Injury,Approaching,Passenger,20 to 24,Minor,,,Other,,,,,,,,,,,,Yes,,,,,Yes,Yes,Yes,,,,2,Mount Olive-Silverstone-Jamestown,2,Mount Olive-Silverstone-Jamestown (2),D23,613520.645,4843654.542
1834,4164967,967064,08/04/2007,2007,316,FINCH AVE W,MARTIN GROVE RD,,Major Arterial,Etobicoke York,43.737245,-79.59029,,No Control,Snow,Dark,Wet,Non-Fatal Injury,Approaching,Passenger,20 to 24,Minor,,,Other,,,,,,,,,,,,Yes,,,,,Yes,Yes,Yes,,,,2,Mount Olive-Silverstone-Jamestown,2,Mount Olive-Silverstone-Jamestown (2),D23,613520.645,4843654.542
1835,4164968,967064,08/04/2007,2007,316,FINCH AVE W,MARTIN GROVE RD,,Major Arterial,Etobicoke York,43.737245,-79.59029,,No Control,Snow,Dark,Wet,Non-Fatal Injury,Approaching,Passenger,20 to 24,Minor,,,Other,,,,,,,,,,,,Yes,,,,,Yes,Yes,Yes,,,,2,Mount Olive-Silverstone-Jamestown,2,Mount Olive-Silverstone-Jamestown (2),D23,613520.645,4843654.542
1836,4164969,967064,08/04/2007,2007,316,FINCH AVE W,MARTIN GROVE RD,,Major Arterial,Etobicoke York,43.737245,-79.59029,,No Control,Snow,Dark,Wet,Non-Fatal Injury,Approaching,Vehicle Owner,unknown,,,,Other,,,,,,,,,,,,Yes,,,,,Yes,Yes,Yes,,,,2,Mount Olive-Silverstone-Jamestown,2,Mount Olive-Silverstone-Jamestown (2),D23,613520.645,4843654.542
1837,4164970,967064,08/04/2007,2007,316,FINCH AVE W,MARTIN GROVE RD,,Major Arterial,Etobicoke York,43.737245,-79.59029,,No Control,Snow,Dark,Wet,Non-Fatal Injury,Approaching,Driver,35 to 39,Minor,,East,"Automobile, Station Wagon",Going Ahead,Driving Properly,Normal,,,,,,,,,Yes,,,,,Yes,Yes,Yes,,,,2,Mount Olive-Silverstone-Jamestown,2,Mount Olive-Silverstone-Jamestown (2),D23,613520.645,4843654.542
1838,4164971,967064,08/04/2007,2007,316,FINCH AVE W,MARTIN GROVE RD,,Major Arterial,Etobicoke York,43.737245,-79.59029,,No Control,Snow,Dark,Wet,Non-Fatal Injury,Approaching,Passenger,35 to 39,Minor,,,Other,,,,,,,,,,,,Yes,,,,,Yes,Yes,Yes,,,,2,Mount Olive-Silverstone-Jamestown,2,Mount Olive-Silverstone-Jamestown (2),D23,613520.645,4843654.542
1839,4164972,967064,08/04/2007,2007,316,FINCH AVE W,MARTIN GROVE RD,,Major Arterial,Etobicoke York,43.737245,-79.59029,,No Control,Snow,Dark,Wet,Non-Fatal Injury,Approaching,Passenger,30 to 34,Minor,,,Other,,,,,,,,,,,,Yes,,,,,Yes,Yes,Yes,,,,2,Mount Olive-Silverstone-Jamestown,2,Mount Olive-Silverstone-Jamestown (2),D23,613520.645,4843654.542
1840,4164973,967064,08/04/2007,2007,316,FINCH AVE W,MARTIN GROVE RD,,Major Arterial,Etobicoke York,43.737245,-79.59029,,No Control,Snow,Dark,Wet,Non-Fatal Injury,Approaching,Driver,25 to 29,Major,,West,"Automobile, Station Wagon",Other,Lost control,Had Been Drinking,,,,,,,,,Yes,,,,,Yes,Yes,Yes,,,,2,Mount Olive-Silverstone-Jamestown,2,Mount Olive-Silverstone-Jamestown (2),D23,613520.645,4843654.542