OBJECTID,INDEX,ACCNUM,DATE,ACCIDENT_YEAR,TIME,STREET1,STREET2,OFFSET,ROAD_CLASS,DISTRICT,LATITUDE,LONGITUDE,ACCLOC,TRAFFCTL,VISIBILITY,LIGHT,RDSFCOND,ACCLASS,IMPACTYPE,INVTYPE,INVAGE,INJURY,FATAL_NO,INITDIR,VEHTYPE,MANOEUVER,DRIVACT,DRIVCOND,PEDTYPE,PEDACT,PEDCOND,CYCLISTYPE,CYCACT,CYCCOND,PEDESTRIAN,CYCLIST,AUTOMOBILE,MOTORCYCLE,TRUCK,TRSN_CITY_VEH,EMERG_VEH,PASSENGER,SPEEDING,AG_DRIV,REDLIGHT,ALCOHOL,DISABILITY,HOOD_158,NEIGHBOURHOOD_158,HOOD_140,NEIGHBOURHOOD_140,DIVISION,x,y
2799,4248653,1003629,13/11/2007,2007,635,YONGE ST,UPPER MADISON AVE,,Major Arterial,North York,43.765045,-79.41179,,No Control,Clear,Dark,Dry,Non-Fatal Injury,Rear End,Driver,45 to 49,Minor,,South,"Automobile, Station Wagon",Going Ahead,Following too Close,Normal,,,,,,,,,Yes,,,,,,,Yes,,,,151,Yonge-Doris,51,Willowdale East (51),D32,627835.7516,4847002.192
2800,4248654,1003629,13/11/2007,2007,635,YONGE ST,UPPER MADISON AVE,,Major Arterial,North York,43.765045,-79.41179,,No Control,Clear,Dark,Dry,Non-Fatal Injury,Rear End,Driver,55 to 59,Minimal,,South,"Automobile, Station Wagon",Slowing or Stopping,Driving Properly,Normal,,,,,,,,,Yes,,,,,,,Yes,,,,151,Yonge-Doris,51,Willowdale East (51),D32,627835.7516,4847002.192
2801,4248655,1003629,13/11/2007,2007,635,YONGE ST,UPPER MADISON AVE,,Major Arterial,North York,43.765045,-79.41179,,No Control,Clear,Dark,Dry,Non-Fatal Injury,Rear End,Driver,35 to 39,Major,,South,"Automobile, Station Wagon",Slowing or Stopping,Driving Properly,Normal,,,,,,,,,Yes,,,,,,,Yes,,,,151,Yonge-Doris,51,Willowdale East (51),D32,627835.7516,4847002.192
2802,4254801,1006449,14/11/2007,2007,1825,KING ST W,SUDBURY ST,,Major Arterial,Toronto and East York,43.640945,-79.41719,At Intersection,Traffic Signal,Clear,Dark,Dry,Non-Fatal Injury,Cyclist Collisions,Driver,75 to 79,None,,East,"Automobile, Station Wagon",Turning Left,Improper Turn,Inattentive,,,,,,,,Yes,Yes,,,,,,,,,,,162,West Queen West,82,Niagara (82),D14,627664.2408,4833210.832
2803,4254802,1006449,14/11/2007,2007,1825,KING ST W,SUDBURY ST,,Major Arterial,Toronto and East York,43.640945,-79.41719,At Intersection,Traffic Signal,Clear,Dark,Dry,Non-Fatal Injury,Cyclist Collisions,Cyclist,30 to 34,Major,,West,Bicycle,Going Ahead,,,,,,Motorist turned left across cyclists path.,Driving Properly,Normal,,Yes,Yes,,,,,,,,,,,162,West Queen West,82,Niagara (82),D14,627664.2408,4833210.832
2804,4275176,1008571,15/11/2007,2007,724,LAKE SHORE BLVD W,LONG BRANCH AVE,,Major Arterial,Etobicoke York,43.594345,-79.53399,At Intersection,Traffic Signal,Clear,Daylight,Dry,Non-Fatal Injury,Pedestrian Collisions,Vehicle Owner,unknown,,,,Other,,,,,,,,,,Yes,,Yes,,,,,,,,,,,19,Long Branch,19,Long Branch (19),D22,618334.8265,4827862.313
2805,4275177,1008571,15/11/2007,2007,724,LAKE SHORE BLVD W,LONG BRANCH AVE,,Major Arterial,Etobicoke York,43.594345,-79.53399,At Intersection,Traffic Signal,Clear,Daylight,Dry,Non-Fatal Injury,Pedestrian Collisions,Driver,40 to 44,None,,East,"Automobile, Station Wagon",Going Ahead,Driving Properly,Normal,,,,,,,Yes,,Yes,,,,,,,,,,,19,Long Branch,19,Long Branch (19),D22,618334.8265,4827862.313
2806,4275178,1008571,15/11/2007,2007,724,LAKE SHORE BLVD W,LONG BRANCH AVE,,Major Arterial,Etobicoke York,43.594345,-79.53399,At Intersection,Traffic Signal,Clear,Daylight,Dry,Non-Fatal Injury,Pedestrian Collisions,Pedestrian,20 to 24,Major,,North,Other,,,,Vehicle is going straight thru inter.while ped cross without ROW,Crossing marked crosswalk without ROW,Inattentive,,,,Yes,,Yes,,,,,,,,,,,19,Long Branch,19,Long Branch (19),D22,618334.8265,4827862.313
2807,4253189,1005723,16/11/2007,2007,1050,2098 BRIMLEY Rd,,,Major Arterial,Scarborough,43.788245,-79.26899,,No Control,Clear,Daylight,Dry,Non-Fatal Injury,Turning Movement,Driver,50 to 54,Major,,East,"Automobile, Station Wagon",Stopped,Driving Properly,Normal,,,,,,,,,Yes,,,,,,,,,,,128,Agincourt South-Malvern West,128,Agincourt South-Malvern West (128),D42,639276.0366,4849809.273
2808,4253190,1005723,16/11/2007,2007,1050,2098 BRIMLEY Rd,,,Major Arterial,Scarborough,43.788245,-79.26899,,No Control,Clear,Daylight,Dry,Non-Fatal Injury,Turning Movement,Vehicle Owner,unknown,,,,Other,,,,,,,,,,,,Yes,,,,,,,,,,,128,Agincourt South-Malvern West,128,Agincourt South-Malvern West (128),D42,639276.0366,4849809.273
2809,4253191,1005723,16/11/2007,2007,1050,2098 BRIMLEY Rd,,,Major Arterial,Scarborough,43.788245,-79.26899,,No Control,Clear,Daylight,Dry,Non-Fatal Injury,Turning Movement,Driver,25 to 29,None,,South,"Automobile, Station Wagon",Turning Right,Lost control,Normal,,,,,,,,,Yes,,,,,,,,,,,128,Agincourt South-Malvern West,128,Agincourt South-Malvern West (128),D42,639276.0366,4849809.273
2810,4259566,1008573,17/11/2007,2007,205,ROMAC DR,CAMOR CRT,,Local,Scarborough,43.787645,-79.17039,,No Control,Clear,Dark,Dry,Non-Fatal Injury,Pedestrian Collisions,Driver,30 to 34,None,,South,"Automobile, Station Wagon",Parked,Other,Had Been Drinking,,,,,,,Yes,,Yes,,,,,,,,,,,134,Highland Creek,134,Highland Creek (134),D43,647210.9049,4849913.271
2811,4259567,1008573,17/11/2007,2007,205,ROMAC DR,CAMOR CRT,,Local,Scarborough,43.787645,-79.17039,,No Control,Clear,Dark,Dry,Non-Fatal Injury,Pedestrian Collisions,Pedestrian,25 to 29,Major,,,Other,,,,Pedestrian hit at mid-block,Other,Had Been Drinking,,,,Yes,,Yes,,,,,,,,,,,134,Highland Creek,134,Highland Creek (134),D43,647210.9049,4849913.271
2812,4259568,1008573,17/11/2007,2007,205,ROMAC DR,CAMOR CRT,,Local,Scarborough,43.787645,-79.17039,,No Control,Clear,Dark,Dry,Non-Fatal Injury,Pedestrian Collisions,Driver,unknown,None,,North,"Automobile, Station Wagon",Other,Other,Unknown,,,,,,,Yes,,Yes,,,,,,,,,,,134,Highland Creek,134,Highland Creek (134),D43,647210.9049,4849913.271
2813,4293359,1003358,17/11/2007,2007,1255,DUFFERIN ST,HOLMESDALE RD,,Major Arterial,Toronto and East York,43.688645,-79.44739,At Intersection,Traffic Signal,Clear,Daylight,Dry,Non-Fatal Injury,Pedestrian Collisions,Driver,75 to 79,None,,South,"Automobile, Station Wagon",Going Ahead,Disobeyed Traffic Control,Inattentive,,,,,,,Yes,,Yes,,,,,,,Yes,Yes,,,109,Caledonia-Fairbank,109,Caledonia-Fairbank (109),D13,625129.2421,4838462.538
2814,4293360,1003358,17/11/2007,2007,1255,DUFFERIN ST,HOLMESDALE RD,,Major Arterial,Toronto and East York,43.688645,-79.44739,At Intersection,Traffic Signal,Clear,Daylight,Dry,Non-Fatal Injury,Pedestrian Collisions,Pedestrian,40 to 44,Major,,East,Other,,,,Vehicle is going straight thru inter.while ped cross with ROW,Crossing with right of way,Normal,,,,Yes,,Yes,,,,,,,Yes,Yes,,,109,Caledonia-Fairbank,109,Caledonia-Fairbank (109),D13,625129.2421,4838462.538
2815,4253213,1005733,17/11/2007,2007,1650,MARKET ST,THE ESPLANADE,,Local,Toronto and East York,43.648745,-79.37199,At Intersection,No Control,Clear,Dusk,Dry,Non-Fatal Injury,Pedestrian Collisions,Cyclist,unknown,Major,,North,Bicycle,Going Ahead,,,,,,Cyclist strikes pedestrian.,Failed to Yield Right of Way,Unknown,Yes,Yes,,,,,,,,,,,,166,St Lawrence-East Bayfront-The Islands,77,Waterfront Communities-The Island (77),D51,631292.9693,4834147.641
2816,4253214,1005733,17/11/2007,2007,1650,MARKET ST,THE ESPLANADE,,Local,Toronto and East York,43.648745,-79.37199,At Intersection,No Control,Clear,Dusk,Dry,Non-Fatal Injury,Pedestrian Collisions,Pedestrian,75 to 79,Minimal,,East,Other,,,,Pedestrian hit at mid-block,"Crossing, no Traffic Control",Normal,,,,Yes,Yes,,,,,,,,,,,,166,St Lawrence-East Bayfront-The Islands,77,Waterfront Communities-The Island (77),D51,631292.9693,4834147.641
2817,4252339,1005351,18/11/2007,2007,735,DON VALLEY PARKWAY  N,DON MILLS Road,,,Toronto and East York,43.700545,-79.33709,,No Control,Clear,Daylight,Dry,Non-Fatal Injury,SMV Other,Vehicle Owner,unknown,,,,Other,,,,,,,,,,,,Yes,,,,,,,,,,,58,Old East York,58,Old East York (58),D55,633992.2184,4839956.547
2818,4252340,1005351,18/11/2007,2007,735,DON VALLEY PARKWAY  N,DON MILLS Road,,,Toronto and East York,43.700545,-79.33709,,No Control,Clear,Daylight,Dry,Non-Fatal Injury,SMV Other,Driver,30 to 34,Major,,South,"Automobile, Station Wagon",Unknown,,,,,,,,,,,Yes,,,,,,,,,,,58,Old East York,58,Old East York (58),D55,633992.2184,4839956.547
2819,4256200,1007071,19/11/2007,2007,1937,DAVENPORT RD,BELMONT ST,,Major Arterial,Toronto and East York,43.674745,-79.39289,At Intersection,Traffic Signal,Rain,Dark,Wet,Non-Fatal Injury,Pedestrian Collisions,Driver,25 to 29,None,,South,"Automobile, Station Wagon",Turning Left,Failed to Yield Right of Way,Normal,,,,,,,Yes,,Yes,,,,,,,Yes,,,,95,Annex,95,Annex (95),D53,629551.5093,4837002.433
2820,4256201,1007071,19/11/2007,2007,1937,DAVENPORT RD,BELMONT ST,,Major Arterial,Toronto and East York,43.674745,-79.39289,At Intersection,Traffic Signal,Rain,Dark,Wet,Non-Fatal Injury,Pedestrian Collisions,Pedestrian,unknown,Major,,South,Other,,,,Vehicle turns left while ped crosses with ROW at inter.,Crossing with right of way,Normal,,,,Yes,,Yes,,,,,,,Yes,,,,95,Annex,95,Annex (95),D53,629551.5093,4837002.433
2821,4406424,1007074,21/11/2007,2007,1100,KING ST W,TECUMSETH ST,,Major Arterial,Toronto and East York,43.643845,-79.40329,,No Control,Rain,Daylight,Wet,Non-Fatal Injury,Cyclist Collisions,Vehicle Owner,unknown,,,,Other,,,,,,,,,,,Yes,Yes,,,,,,,,,,,162,West Queen West,82,Niagara (82),D14,628779.1843,4833554.388
2822,4406425,1007074,21/11/2007,2007,1100,KING ST W,TECUMSETH ST,,Major Arterial,Toronto and East York,43.643845,-79.40329,,No Control,Rain,Daylight,Wet,Non-Fatal Injury,Cyclist Collisions,Driver,45 to 49,None,,East,"Automobile, Station Wagon",Changing Lanes,Improper Lane Change,Unknown,,,,,,,,Yes,Yes,,,,,,,,,,,162,West Queen West,82,Niagara (82),D14,628779.1843,4833554.388
2823,4406426,1007074,21/11/2007,2007,1100,KING ST W,TECUMSETH ST,,Major Arterial,Toronto and East York,43.643845,-79.40329,,No Control,Rain,Daylight,Wet,Non-Fatal Injury,Cyclist Collisions,Cyclist,30 to 34,Major,,East,Bicycle,Going Ahead,,,,,,Cyclist and Driver travelling in same direction. One vehicle sideswipes the other.,Other,Unknown,,Yes,Yes,,,,,,,,,,,162,West Queen West,82,Niagara (82),D14,628779.1843,4833554.388
2824,4259577,1008576,21/11/2007,2007,1925,283 COXWELL AVE,,,Minor Arterial,Toronto and East York,43.673745,-79.31969,,No Control,Rain,Dark,Wet,Non-Fatal Injury,Pedestrian Collisions,Driver,50 to 54,None,,North,"Automobile, Station Wagon",Going Ahead,Driving Properly,Normal,,,,,,,Yes,,Yes,,,,,,,,,,,65,Greenwood-Coxwell,65,Greenwood-Coxwell (65),D55,635454.5846,4837008.302
2825,4259578,1008576,21/11/2007,2007,1925,283 COXWELL AVE,,,Minor Arterial,Toronto and East York,43.673745,-79.31969,,No Control,Rain,Dark,Wet,Non-Fatal Injury,Pedestrian Collisions,Pedestrian,45 to 49,Major,,,Other,,,,Pedestrian hit at mid-block,"Crossing, no Traffic Control",Normal,,,,Yes,,Yes,,,,,,,,,,,65,Greenwood-Coxwell,65,Greenwood-Coxwell (65),D55,635454.5846,4837008.302
2826,4274855,1006207,22/11/2007,2007,2209,KIPLING AVE,MOUNT OLIVE DR,,Major Arterial,Etobicoke York,43.746845,-79.58379,At Intersection,Traffic Controller,Clear,Dark,Other,Non-Fatal Injury,Turning Movement,Truck Driver,20 to 24,None,,South,Truck - Open,Going Ahead,Other,Normal,,,,,,,,,Yes,,Yes,,,,,Yes,,,,2,Mount Olive-Silverstone-Jamestown,2,Mount Olive-Silverstone-Jamestown (2),D23,614025.8528,4844729.685
2827,4274856,1006207,22/11/2007,2007,2209,KIPLING AVE,MOUNT OLIVE DR,,Major Arterial,Etobicoke York,43.746845,-79.58379,At Intersection,Traffic Controller,Clear,Dark,Other,Non-Fatal Injury,Turning Movement,Driver,25 to 29,Major,,East,"Automobile, Station Wagon",Turning Left,Other,Normal,,,,,,,,,Yes,,Yes,,,,,Yes,,,,2,Mount Olive-Silverstone-Jamestown,2,Mount Olive-Silverstone-Jamestown (2),D23,614025.8528,4844729.685
2828,4254626,1006380,23/11/2007,2007,830,NORTH CARSON ST,LANOR AVE,,Local,Etobicoke York,43.610545,-79.53779,At Intersection,Stop Sign,Snow,Daylight,Ice,Non-Fatal Injury,Angle,Driver,55 to 59,None,,South,"Automobile, Station Wagon",Slowing or Stopping,Disobeyed Traffic Control,Normal,,,,,,,,,Yes,,,Yes,,Yes,,Yes,,,,20,Alderwood,20,Alderwood (20),D22,617996.4187,4829656.109
2829,4254627,1006380,23/11/2007,2007,830,NORTH CARSON ST,LANOR AVE,,Local,Etobicoke York,43.610545,-79.53779,At Intersection,Stop Sign,Snow,Daylight,Ice,Non-Fatal Injury,Angle,Passenger,55 to 59,Major,,,Other,,,,,,,,,,,,Yes,,,Yes,,Yes,,Yes,,,,20,Alderwood,20,Alderwood (20),D22,617996.4187,4829656.109
2830,4254628,1006380,23/11/2007,2007,830,NORTH CARSON ST,LANOR AVE,,Local,Etobicoke York,43.610545,-79.53779,At Intersection,Stop Sign,Snow,Daylight,Ice,Non-Fatal Injury,Angle,Vehicle Owner,unknown,,,,Other,,,,,,,,,,,,Yes,,,Yes,,Yes,,Yes,,,,20,Alderwood,20,Alderwood (20),D22,617996.4187,4829656.109
2831,4254629,1006380,23/11/2007,2007,830,NORTH CARSON ST,LANOR AVE,,Local,Etobicoke York,43.610545,-79.53779,At Intersection,Stop Sign,Snow,Daylight,Ice,Non-Fatal Injury,Angle,Driver,55 to 59,None,,West,Municipal Transit Bus (TTC),Going Ahead,Driving Properly,Normal,,,,,,,,,Yes,,,Yes,,Yes,,Yes,,,,20,Alderwood,20,Alderwood (20),D22,617996.4187,4829656.109
2832,4250200,1004342,23/11/2007,2007,950,DON MILLS RD,OVERLEA BLVD,,Major Arterial,North York,43.710945,-79.33479,,No Control,Clear,Daylight,Wet,Fatal,Pedestrian Collisions,Vehicle Owner,unknown,,,,Other,,,,,,,,,,Yes,,,,,Yes,,,,,,,,44,Flemingdon Park,44,Flemingdon Park (44),D55,634154.3454,4841115.335
2833,4250201,1004342,23/11/2007,2007,950,DON MILLS RD,OVERLEA BLVD,,Major Arterial,North York,43.710945,-79.33479,,No Control,Clear,Daylight,Wet,Fatal,Pedestrian Collisions,Driver,50 to 54,None,,South,Municipal Transit Bus (TTC),Going Ahead,Driving Properly,Normal,,,,,,,Yes,,,,,Yes,,,,,,,,44,Flemingdon Park,44,Flemingdon Park (44),D55,634154.3454,4841115.335
2834,4250202,1004342,23/11/2007,2007,950,DON MILLS RD,OVERLEA BLVD,,Major Arterial,North York,43.710945,-79.33479,,No Control,Clear,Daylight,Wet,Fatal,Pedestrian Collisions,Pedestrian,85 to 89,Major,,West,Other,,,,Pedestrian involved in a collision with transit vehicle anywhere along roadway,"Crossing, no Traffic Control",Unknown,,,,Yes,,,,,Yes,,,,,,,,44,Flemingdon Park,44,Flemingdon Park (44),D55,634154.3454,4841115.335
2835,4250203,1004342,23/11/2007,2007,950,DON MILLS RD,OVERLEA BLVD,,Major Arterial,North York,43.710945,-79.33479,,No Control,Clear,Daylight,Wet,Fatal,Pedestrian Collisions,Pedestrian,75 to 79,Fatal,,West,Other,,,,Pedestrian involved in a collision with transit vehicle anywhere along roadway,"Crossing, no Traffic Control",Unknown,,,,Yes,,,,,Yes,,,,,,,,44,Flemingdon Park,44,Flemingdon Park (44),D55,634154.3454,4841115.335
2836,4254570,1006355,23/11/2007,2007,1700,LAWRENCE AVE E,GOODERHAM DR,,Major Arterial,Scarborough,43.743845,-79.30179,,No Control,Clear,Dusk,Dry,Non-Fatal Injury,Pedestrian Collisions,Driver,45 to 49,None,,West,"Automobile, Station Wagon",Merging,Speed too Fast For Condition,Unknown,,,,,,,Yes,,Yes,,,,,,Yes,Yes,,,,119,Wexford/Maryvale,119,Wexford/Maryvale (119),D41,636738.0708,4844823.302
2837,4254571,1006355,23/11/2007,2007,1700,LAWRENCE AVE E,GOODERHAM DR,,Major Arterial,Scarborough,43.743845,-79.30179,,No Control,Clear,Dusk,Dry,Non-Fatal Injury,Pedestrian Collisions,Pedestrian,20 to 24,Major,,North,Other,,,,Pedestrian hit at mid-block,"Crossing, no Traffic Control",Normal,,,,Yes,,Yes,,,,,,Yes,Yes,,,,119,Wexford/Maryvale,119,Wexford/Maryvale (119),D41,636738.0708,4844823.302
2838,4274635,1004306,23/11/2007,2007,1947,ST CLAIR AVE E,BRIMLEY RD,,Minor Arterial,Scarborough,43.720645,-79.24259,,No Control,Clear,Dark,Other,Fatal,SMV Unattended Vehicle,Other,unknown,None,,West,Other,Parked,,,,,,,,,,,Yes,,,,,Yes,,,,,,123,Cliffcrest,123,Cliffcrest (123),D41,641559.501,4842346.017
2839,4274636,1004306,23/11/2007,2007,1947,ST CLAIR AVE E,BRIMLEY RD,,Minor Arterial,Scarborough,43.720645,-79.24259,,No Control,Clear,Dark,Other,Fatal,SMV Unattended Vehicle,Passenger,20 to 24,Fatal,,,Other,,,,,,,,,,,,Yes,,,,,Yes,,,,,,123,Cliffcrest,123,Cliffcrest (123),D41,641559.501,4842346.017
2840,4274637,1004306,23/11/2007,2007,1947,ST CLAIR AVE E,BRIMLEY RD,,Minor Arterial,Scarborough,43.720645,-79.24259,,No Control,Clear,Dark,Other,Fatal,SMV Unattended Vehicle,Driver,25 to 29,None,,West,"Automobile, Station Wagon",Going Ahead,Lost control,Inattentive,,,,,,,,,Yes,,,,,Yes,,,,,,123,Cliffcrest,123,Cliffcrest (123),D41,641559.501,4842346.017
2841,4255601,1006820,24/11/2007,2007,2352,ST CLAIR AVE W,OSLER ST,,Major Arterial,Toronto and East York,43.674145,-79.46039,,No Control,Clear,Dark,Wet,Non-Fatal Injury,Pedestrian Collisions,Driver,70 to 74,None,,East,"Automobile, Station Wagon",Going Ahead,Driving Properly,Normal,,,,,,,Yes,,Yes,,,,,,,,,,,91,Weston-Pelham Park,91,Weston-Pellam Park (91),D12,624111.4201,4836832.584
2842,4255602,1006820,24/11/2007,2007,2352,ST CLAIR AVE W,OSLER ST,,Major Arterial,Toronto and East York,43.674145,-79.46039,,No Control,Clear,Dark,Wet,Non-Fatal Injury,Pedestrian Collisions,Pedestrian,65 to 69,Major,,South,Other,,,,Vehicle is going straight thru inter.while ped cross without ROW,"Crossing, no Traffic Control",Had Been Drinking,,,,Yes,,Yes,,,,,,,,,,,91,Weston-Pelham Park,91,Weston-Pellam Park (91),D12,624111.4201,4836832.584
2843,4250334,1004413,25/11/2007,2007,250,KINGSTON RD,HIGHVIEW AVE,,Major Arterial,Scarborough,43.703445,-79.25319,At Intersection,No Control,Clear,Dark,Dry,Non-Fatal Injury,SMV Other,Passenger,20 to 24,Major,,,Other,,,,,,,,,,,,Yes,,,,,Yes,Yes,Yes,,,,122,Birchcliffe-Cliffside,122,Birchcliffe-Cliffside (122),D41,640745.9187,4840417.655
2844,4250335,1004413,25/11/2007,2007,250,KINGSTON RD,HIGHVIEW AVE,,Major Arterial,Scarborough,43.703445,-79.25319,At Intersection,No Control,Clear,Dark,Dry,Non-Fatal Injury,SMV Other,Driver,30 to 34,Major,,West,"Automobile, Station Wagon",Going Ahead,Lost control,Had Been Drinking,,,,,,,,,Yes,,,,,Yes,Yes,Yes,,,,122,Birchcliffe-Cliffside,122,Birchcliffe-Cliffside (122),D41,640745.9187,4840417.655
2845,4266187,1011587,25/11/2007,2007,2045,FRONT ST W,SPADINA AVE,,Minor Arterial,Toronto and East York,43.643245,-79.39199,,No Control,Clear,Dark,Dry,Non-Fatal Injury,Pedestrian Collisions,Driver,55 to 59,None,,West,"Automobile, Station Wagon",Going Ahead,Driving Properly,Normal,,,,,,,Yes,,Yes,,,,,,,,,,,165,Harbourfront-CityPlace,77,Waterfront Communities-The Island (77),D52,629691.8619,4833505.347
2846,4266188,1011587,25/11/2007,2007,2045,FRONT ST W,SPADINA AVE,,Minor Arterial,Toronto and East York,43.643245,-79.39199,,No Control,Clear,Dark,Dry,Non-Fatal Injury,Pedestrian Collisions,Pedestrian,40 to 44,Major,,North,Other,,,,Pedestrian hit at mid-block,"Crossing, no Traffic Control",Had Been Drinking,,,,Yes,,Yes,,,,,,,,,,,165,Harbourfront-CityPlace,77,Waterfront Communities-The Island (77),D52,629691.8619,4833505.347
2847,4258319,1008034,28/11/2007,2007,805,OAKWOOD AVE,HANSON RD,,Minor Arterial,Toronto and East York,43.688945,-79.43939,,No Control,Clear,Daylight,Ice,Non-Fatal Injury,Pedestrian Collisions,Driver,75 to 79,None,,South,"Automobile, Station Wagon",Going Ahead,Lost control,Normal,,,,,,,Yes,,Yes,,,,,,,,,,,107,Oakwood Village,107,Oakwood Village (107),D13,625773.3638,4838507.96
2848,4258320,1008034,28/11/2007,2007,805,OAKWOOD AVE,HANSON RD,,Minor Arterial,Toronto and East York,43.688945,-79.43939,,No Control,Clear,Daylight,Ice,Non-Fatal Injury,Pedestrian Collisions,Pedestrian,20 to 24,Major,,South,Other,,,,Vehicle is going straight thru inter.while ped cross with ROW,Crossing with right of way,Normal,,,,Yes,,Yes,,,,,,,,,,,107,Oakwood Village,107,Oakwood Village (107),D13,625773.3638,4838507.96
2849,4262206,1009774,28/11/2007,2007,845,ST CLAIR Aven W,FRENCH Aven,,Major Arterial,Etobicoke York,43.667445,-79.49059,,No Control,Clear,Daylight,Dry,Non-Fatal Injury,Pedestrian Collisions,Driver,50 to 54,None,,West,"Automobile, Station Wagon",Going Ahead,Driving Properly,Normal,,,,,,,Yes,,Yes,,,,,,,,,,,111,Rockcliffe-Smythe,111,Rockcliffe-Smythe (111),D12,621690.4485,4836043.718
2850,4262207,1009774,28/11/2007,2007,845,ST CLAIR Aven W,FRENCH Aven,,Major Arterial,Etobicoke York,43.667445,-79.49059,,No Control,Clear,Daylight,Dry,Non-Fatal Injury,Pedestrian Collisions,Pedestrian,5 to 9,Major,,South,Other,,,,Pedestrian hit at mid-block,"Crossing, no Traffic Control",Inattentive,,,,Yes,,Yes,,,,,,,,,,,111,Rockcliffe-Smythe,111,Rockcliffe-Smythe (111),D12,621690.4485,4836043.718
2851,4252249,1005315,28/11/2007,2007,1510,YONGE St,WELLINGTON St E,,Major Arterial,Toronto and East York,43.647845,-79.37739,At Intersection,Traffic Signal,Clear,Daylight,Dry,Non-Fatal Injury,Pedestrian Collisions,Driver,35 to 39,None,,West,"Automobile, Station Wagon",Turning Left,Failed to Yield Right of Way,Normal,,,,,,,Yes,,Yes,,,,,,,Yes,,,,170,Yonge-Bay Corridor,76,Bay Street Corridor (76),D52,630859.429,4834039.155
2852,4252250,1005315,28/11/2007,2007,1510,YONGE St,WELLINGTON St E,,Major Arterial,Toronto and East York,43.647845,-79.37739,At Intersection,Traffic Signal,Clear,Daylight,Dry,Non-Fatal Injury,Pedestrian Collisions,Pedestrian,70 to 74,Major,,,Other,,,,Vehicle turns left while ped crosses with ROW at inter.,Crossing with right of way,Normal,,,,Yes,,Yes,,,,,,,Yes,,,,170,Yonge-Bay Corridor,76,Bay Street Corridor (76),D52,630859.429,4834039.155
2853,4275393,1009783,29/11/2007,2007,144,BAY ST,QUEEN ST W,,Major Arterial,Toronto and East York,43.652345,-79.38239,At Intersection,No Control,Rain,Dark,Wet,Non-Fatal Injury,SMV Other,Passenger,20 to 24,Major,,,Other,,,,,,,,,,,,Yes,,,,,Yes,Yes,Yes,,,,170,Yonge-Bay Corridor,76,Bay Street Corridor (76),D52,630446.445,4834531.067
2854,4275394,1009783,29/11/2007,2007,144,BAY ST,QUEEN ST W,,Major Arterial,Toronto and East York,43.652345,-79.38239,At Intersection,No Control,Rain,Dark,Wet,Non-Fatal Injury,SMV Other,Driver,20 to 24,None,,North,"Automobile, Station Wagon",Going Ahead,Lost control,Had Been Drinking,,,,,,,,,Yes,,,,,Yes,Yes,Yes,,,,170,Yonge-Bay Corridor,76,Bay Street Corridor (76),D52,630446.445,4834531.067
2855,4406475,1007992,29/11/2007,2007,1742,BRIMLEY Road,ST CLAIR Aven E,,Minor Arterial,Scarborough,43.720845,-79.24149,At Intersection,Traffic Signal,Clear,Dark,Dry,Non-Fatal Injury,Pedestrian Collisions,Driver,60 to 64,None,,South,"Automobile, Station Wagon",Turning Left,Failed to Yield Right of Way,Inattentive,,,,,,,Yes,,Yes,,,,,,,Yes,,,,123,Cliffcrest,123,Cliffcrest (123),D41,641647.6359,4842370.11
2856,4406476,1007992,29/11/2007,2007,1742,BRIMLEY Road,ST CLAIR Aven E,,Minor Arterial,Scarborough,43.720845,-79.24149,At Intersection,Traffic Signal,Clear,Dark,Dry,Non-Fatal Injury,Pedestrian Collisions,Pedestrian,55 to 59,Major,,South,Other,,,,Vehicle turns left while ped crosses with ROW at inter.,Crossing with right of way,Normal,,,,Yes,,Yes,,,,,,,Yes,,,,123,Cliffcrest,123,Cliffcrest (123),D41,641647.6359,4842370.11
2857,4293488,1005791,29/11/2007,2007,2357,GERRARD ST E,PARLIAMENT ST,,Minor Arterial,Toronto and East York,43.661945,-79.36699,At Intersection,Traffic Signal,Clear,Dark,Dry,Non-Fatal Injury,Pedestrian Collisions,Driver,unknown,None,,East,"Automobile, Station Wagon",Going Ahead,Driving Properly,Unknown,,,,,,,Yes,,Yes,,,,,,,,,,,72,Regent Park,72,Regent Park (72),D51,631667.353,4835621.598
2858,4293489,1005791,29/11/2007,2007,2357,GERRARD ST E,PARLIAMENT ST,,Minor Arterial,Toronto and East York,43.661945,-79.36699,At Intersection,Traffic Signal,Clear,Dark,Dry,Non-Fatal Injury,Pedestrian Collisions,Pedestrian,60 to 64,Major,,North,Other,,,,Vehicle is going straight thru inter.while ped cross without ROW,Crossing without right of way,Normal,,,,Yes,,Yes,,,,,,,,,,,72,Regent Park,72,Regent Park (72),D51,631667.353,4835621.598
2859,4253290,1005767,30/11/2007,2007,1814,DON MILLS RD,LAWRENCE AVE E,,Major Arterial,North York,43.744045,-79.34529,,No Control,Clear,Dark,Dry,Non-Fatal Injury,Rear End,Passenger,45 to 49,None,,,Other,,,,,,,,,,,,Yes,,,,,Yes,Yes,Yes,,Yes,,42,Banbury-Don Mills,42,Banbury-Don Mills (42),D33,633235.0161,4844774.633