OBJECTID,INDEX,ACCNUM,DATE,ACCIDENT_YEAR,TIME,STREET1,STREET2,OFFSET,ROAD_CLASS,DISTRICT,LATITUDE,LONGITUDE,ACCLOC,TRAFFCTL,VISIBILITY,LIGHT,RDSFCOND,ACCLASS,IMPACTYPE,INVTYPE,INVAGE,INJURY,FATAL_NO,INITDIR,VEHTYPE,MANOEUVER,DRIVACT,DRIVCOND,PEDTYPE,PEDACT,PEDCOND,CYCLISTYPE,CYCACT,CYCCOND,PEDESTRIAN,CYCLIST,AUTOMOBILE,MOTORCYCLE,TRUCK,TRSN_CITY_VEH,EMERG_VEH,PASSENGER,SPEEDING,AG_DRIV,REDLIGHT,ALCOHOL,DISABILITY,HOOD_158,NEIGHBOURHOOD_158,HOOD_140,NEIGHBOURHOOD_140,DIVISION,x,y
2923,4268635,1013128,20/12/2007,2007,455,YORK ST,BREMNER BLVD,,Major Arterial,Toronto and East York,43.644545,-79.38219,,No Control,Clear,Dark,Dry,Non-Fatal Injury,Pedestrian Collisions,Pedestrian,20 to 24,Major,,West,Other,,,,Pedestrian hit at mid-block,"Crossing, no Traffic Control",Unknown,,,,Yes,,Yes,,,,,,,,,,,165,Harbourfront-CityPlace,77,Waterfront Communities-The Island (77),D52,630479.4616,4833665.089
2924,4265812,1011408,20/12/2007,2007,846,DANFORTH Aven,CHESTER Aven,,Major Arterial,Toronto and East York,43.677545,-79.35199,At Intersection,Traffic Signal,Clear,Daylight,Wet,Non-Fatal Injury,Approaching,Driver,45 to 49,Major,,West,"Automobile, Station Wagon",Going Ahead,,,,,,,,,,,Yes,,,,,,,,,,,68,North Riverdale,68,North Riverdale (68),D55,632842.3751,4837378.104
2925,4290905,1023759,20/12/2007,2007,1820,DUFFERIN ST,BRIAR HILL AVE,,Major Arterial,North York,43.702345,-79.45209,At Intersection,Traffic Signal,Clear,Dark,Dry,Non-Fatal Injury,Pedestrian Collisions,Driver,40 to 44,None,,East,"Automobile, Station Wagon",Turning Left,Driving Properly,Normal,,,,,,,Yes,,Yes,,,,,,,,,,,108,Briar Hill-Belgravia,108,Briar Hill-Belgravia (108),D13,624722.0477,4839977.03
2926,4290906,1023759,20/12/2007,2007,1820,DUFFERIN ST,BRIAR HILL AVE,,Major Arterial,North York,43.702345,-79.45209,At Intersection,Traffic Signal,Clear,Dark,Dry,Non-Fatal Injury,Pedestrian Collisions,Pedestrian,50 to 54,Major,,West,Other,,,,Vehicle turns left while ped crosses without ROW at inter.,Crossing without right of way,Inattentive,,,,Yes,,Yes,,,,,,,,,,,108,Briar Hill-Belgravia,108,Briar Hill-Belgravia (108),D13,624722.0477,4839977.03
2927,4406751,1013134,21/12/2007,2007,525,WILSON AVE,DUFFERIN ST,,Major Arterial,North York,43.732445,-79.45729,,No Control,Clear,Dark,Dry,Non-Fatal Injury,Turning Movement,Passenger,20 to 24,Minimal,,,Other,,,,,,,,,,,,Yes,,Yes,,,Yes,,,,,,155,Downsview,26,Downsview-Roding-CFB (26),D32,624240.8339,4843312.251
2928,4406752,1013134,21/12/2007,2007,525,WILSON AVE,DUFFERIN ST,,Major Arterial,North York,43.732445,-79.45729,,No Control,Clear,Dark,Dry,Non-Fatal Injury,Turning Movement,Driver,20 to 24,Major,,East,"Automobile, Station Wagon",Going Ahead,Driving Properly,Normal,,,,,,,,,Yes,,Yes,,,Yes,,,,,,155,Downsview,26,Downsview-Roding-CFB (26),D32,624240.8339,4843312.251
2929,4406753,1013134,21/12/2007,2007,525,WILSON AVE,DUFFERIN ST,,Major Arterial,North York,43.732445,-79.45729,,No Control,Clear,Dark,Dry,Non-Fatal Injury,Turning Movement,Other,unknown,None,,,Other,,,,,,,,,,,,Yes,,Yes,,,Yes,,,,,,155,Downsview,26,Downsview-Roding-CFB (26),D32,624240.8339,4843312.251
2930,4406754,1013134,21/12/2007,2007,525,WILSON AVE,DUFFERIN ST,,Major Arterial,North York,43.732445,-79.45729,,No Control,Clear,Dark,Dry,Non-Fatal Injury,Turning Movement,Other Property Owner,unknown,,,,Other,,,,,,,,,,,,Yes,,Yes,,,Yes,,,,,,155,Downsview,26,Downsview-Roding-CFB (26),D32,624240.8339,4843312.251
2931,4406755,1013134,21/12/2007,2007,525,WILSON AVE,DUFFERIN ST,,Major Arterial,North York,43.732445,-79.45729,,No Control,Clear,Dark,Dry,Non-Fatal Injury,Turning Movement,Vehicle Owner,unknown,,,,Other,,,,,,,,,,,,Yes,,Yes,,,Yes,,,,,,155,Downsview,26,Downsview-Roding-CFB (26),D32,624240.8339,4843312.251
2932,4406756,1013134,21/12/2007,2007,525,WILSON AVE,DUFFERIN ST,,Major Arterial,North York,43.732445,-79.45729,,No Control,Clear,Dark,Dry,Non-Fatal Injury,Turning Movement,Truck Driver,60 to 64,None,,East,Truck - Open,Turning Right,Improper Turn,Normal,,,,,,,,,Yes,,Yes,,,Yes,,,,,,155,Downsview,26,Downsview-Roding-CFB (26),D32,624240.8339,4843312.251
2933,4264865,1011018,23/12/2007,2007,135,3003 DANFORTH AVE,,,Major Arterial,Toronto and East York,43.690345,-79.29209,,Traffic Signal,Clear,Dark,Wet,Non-Fatal Injury,Pedestrian Collisions,Driver,unknown,None,,,"Automobile, Station Wagon",Unknown,,,,,,,,,Yes,,Yes,,,,,,,,,,,61,Taylor-Massey,61,Taylor-Massey (61),D55,637641.558,4838897.406
2934,4264866,1011018,23/12/2007,2007,135,3003 DANFORTH AVE,,,Major Arterial,Toronto and East York,43.690345,-79.29209,,Traffic Signal,Clear,Dark,Wet,Non-Fatal Injury,Pedestrian Collisions,Pedestrian,unknown,Major,,,Other,Other,,,,,,,,,Yes,,Yes,,,,,,,,,,,61,Taylor-Massey,61,Taylor-Massey (61),D55,637641.558,4838897.406
2935,4275777,1011055,23/12/2007,2007,1905,JARVIS ST,CARLTON ST,,Major Arterial,Toronto and East York,43.662945,-79.37689,,No Control,Clear,Dark,Dry,Non-Fatal Injury,Pedestrian Collisions,Driver,15 to 19,None,,North,"Automobile, Station Wagon",Going Ahead,Driving Properly,Normal,,,,,,,Yes,,Yes,,,,,,,,,,,71,Cabbagetown-South St.James Town,71,Cabbagetown-South St.James Town (71),D51,630866.9483,4835716.998
2936,4275778,1011055,23/12/2007,2007,1905,JARVIS ST,CARLTON ST,,Major Arterial,Toronto and East York,43.662945,-79.37689,,No Control,Clear,Dark,Dry,Non-Fatal Injury,Pedestrian Collisions,Pedestrian,35 to 39,Major,,East,Other,,,,Pedestrian hit at mid-block,"Crossing, no Traffic Control",Had Been Drinking,,,,Yes,,Yes,,,,,,,,,,,71,Cabbagetown-South St.James Town,71,Cabbagetown-South St.James Town (71),D51,630866.9483,4835716.998
2937,4294014,1011231,24/12/2007,2007,2135,FINCH AVE E,ALAMOSA DR,,Major Arterial,North York,43.789145,-79.37329,,Traffic Signal,Clear,Dark,Dry,Fatal,Pedestrian Collisions,Driver,90 to 94,None,,West,"Automobile, Station Wagon",Going Ahead,Driving Properly,Normal,,,,,,,Yes,,Yes,,,,,,,,,,,52,Bayview Village,49,Bayview Woods-Steeles (49),D33,630882.0723,4849739.022
2938,4294015,1011231,24/12/2007,2007,2135,FINCH AVE E,ALAMOSA DR,,Major Arterial,North York,43.789145,-79.37329,,Traffic Signal,Clear,Dark,Dry,Fatal,Pedestrian Collisions,Pedestrian,75 to 79,Fatal,,North,Other,,,,Vehicle is going straight thru inter.while ped cross without ROW,Crossing without right of way,Inattentive,,,,Yes,,Yes,,,,,,,,,,,52,Bayview Village,49,Bayview Woods-Steeles (49),D33,630882.0723,4849739.022
2939,4270315,1014428,27/12/2007,2007,3,VICTORIA PARK AVE,BIGGIN CRT,,Major Arterial,North York,43.728845,-79.30439,,No Control,Clear,Dark,Dry,Non-Fatal Injury,Turning Movement,Vehicle Owner,unknown,,,,Other,,,,,,,,,,,,Yes,,,,,Yes,,,,,,43,Victoria Village,43,Victoria Village (43),D33,636562.8143,4843153.041
2940,4270316,1014428,27/12/2007,2007,3,VICTORIA PARK AVE,BIGGIN CRT,,Major Arterial,North York,43.728845,-79.30439,,No Control,Clear,Dark,Dry,Non-Fatal Injury,Turning Movement,Driver,25 to 29,None,,North,"Automobile, Station Wagon",Making U Turn,Improper Turn,Inattentive,,,,,,,,,Yes,,,,,Yes,,,,,,43,Victoria Village,43,Victoria Village (43),D33,636562.8143,4843153.041
2941,4270317,1014428,27/12/2007,2007,3,VICTORIA PARK AVE,BIGGIN CRT,,Major Arterial,North York,43.728845,-79.30439,,No Control,Clear,Dark,Dry,Non-Fatal Injury,Turning Movement,Passenger,20 to 24,Minor,,,Other,,,,,,,,,,,,Yes,,,,,Yes,,,,,,43,Victoria Village,43,Victoria Village (43),D33,636562.8143,4843153.041
2942,4270318,1014428,27/12/2007,2007,3,VICTORIA PARK AVE,BIGGIN CRT,,Major Arterial,North York,43.728845,-79.30439,,No Control,Clear,Dark,Dry,Non-Fatal Injury,Turning Movement,Driver,20 to 24,Major,,South,"Automobile, Station Wagon",Going Ahead,Driving Properly,Normal,,,,,,,,,Yes,,,,,Yes,,,,,,43,Victoria Village,43,Victoria Village (43),D33,636562.8143,4843153.041
2943,4275834,1011434,27/12/2007,2007,904,3495 LAWRENCE Aven E,,,Major Arterial,Scarborough,43.759045,-79.22839,,Traffic Signal,Clear,Daylight,Dry,Non-Fatal Injury,Pedestrian Collisions,Driver,55 to 59,None,,East,"Automobile, Station Wagon",Going Ahead,,,,,,,,,Yes,,Yes,,,,,,,,,,,141,Golfdale-Cedarbrae-Woburn,137,Woburn (137),D43,642612.1225,4846635.271
2944,4275835,1011434,27/12/2007,2007,904,3495 LAWRENCE Aven E,,,Major Arterial,Scarborough,43.759045,-79.22839,,Traffic Signal,Clear,Daylight,Dry,Non-Fatal Injury,Pedestrian Collisions,Pedestrian,80 to 84,Major,,,Other,Other,,,,,,,,,Yes,,Yes,,,,,,,,,,,141,Golfdale-Cedarbrae-Woburn,137,Woburn (137),D43,642612.1225,4846635.271
2945,4266412,1011703,28/12/2007,2007,1455,WESTON RD,GUNNS RD,,Major Arterial,Etobicoke York,43.675945,-79.47039,,Traffic Signal,Clear,Daylight,Dry,Non-Fatal Injury,SMV Other,Other Property Owner,unknown,,,,Other,,,,,,,,,,,,Yes,,,,,Yes,Yes,Yes,,,,90,Junction Area,90,Junction Area (90),D12,623301.6039,4837017.585
2946,4266413,1011703,28/12/2007,2007,1455,WESTON RD,GUNNS RD,,Major Arterial,Etobicoke York,43.675945,-79.47039,,Traffic Signal,Clear,Daylight,Dry,Non-Fatal Injury,SMV Other,Passenger,35 to 39,Major,,,Other,,,,,,,,,,,,Yes,,,,,Yes,Yes,Yes,,,,90,Junction Area,90,Junction Area (90),D12,623301.6039,4837017.585
2947,4266414,1011703,28/12/2007,2007,1455,WESTON RD,GUNNS RD,,Major Arterial,Etobicoke York,43.675945,-79.47039,,Traffic Signal,Clear,Daylight,Dry,Non-Fatal Injury,SMV Other,Driver,25 to 29,Major,,North,"Automobile, Station Wagon",Going Ahead,Exceeding Speed Limit,Unknown,,,,,,,,,Yes,,,,,Yes,Yes,Yes,,,,90,Junction Area,90,Junction Area (90),D12,623301.6039,4837017.585
2948,4294388,1014978,29/12/2007,2007,1303,ARAGON AVE,BIRCHARD ST,,Local,Scarborough,43.775645,-79.30289,,No Control,Clear,Daylight,Dry,Non-Fatal Injury,Approaching,Driver,70 to 74,Minimal,,South,"Automobile, Station Wagon",Other,Failed to Yield Right of Way,Inattentive,,,,,,,,,Yes,,,,,Yes,,Yes,,,,118,Tam O'Shanter-Sullivan,118,Tam O'Shanter-Sullivan (118),D42,636577.1225,4848353.363
2949,4294389,1014978,29/12/2007,2007,1303,ARAGON AVE,BIRCHARD ST,,Local,Scarborough,43.775645,-79.30289,,No Control,Clear,Daylight,Dry,Non-Fatal Injury,Approaching,Passenger,25 to 29,Minimal,,,Other,,,,,,,,,,,,Yes,,,,,Yes,,Yes,,,,118,Tam O'Shanter-Sullivan,118,Tam O'Shanter-Sullivan (118),D42,636577.1225,4848353.363
2950,4294390,1014978,29/12/2007,2007,1303,ARAGON AVE,BIRCHARD ST,,Local,Scarborough,43.775645,-79.30289,,No Control,Clear,Daylight,Dry,Non-Fatal Injury,Approaching,Passenger,25 to 29,Minimal,,,Other,,,,,,,,,,,,Yes,,,,,Yes,,Yes,,,,118,Tam O'Shanter-Sullivan,118,Tam O'Shanter-Sullivan (118),D42,636577.1225,4848353.363
2951,4294391,1014978,29/12/2007,2007,1303,ARAGON AVE,BIRCHARD ST,,Local,Scarborough,43.775645,-79.30289,,No Control,Clear,Daylight,Dry,Non-Fatal Injury,Approaching,Driver,30 to 34,Major,,North,"Automobile, Station Wagon",Going Ahead,Driving Properly,Normal,,,,,,,,,Yes,,,,,Yes,,Yes,,,,118,Tam O'Shanter-Sullivan,118,Tam O'Shanter-Sullivan (118),D42,636577.1225,4848353.363
2952,4406805,1013702,29/12/2007,2007,2158,DANFORTH AVE,CEDARVALE AVE,,Major Arterial,Toronto and East York,43.686145,-79.31069,,No Control,Clear,Dark,Dry,Non-Fatal Injury,Pedestrian Collisions,Driver,60 to 64,None,,,"Automobile, Station Wagon",Going Ahead,,,,,,,,,Yes,,Yes,,,,,,,,,,,62,East End-Danforth,62,East End-Danforth (62),D55,636152.0575,4838400.231
2953,4406806,1013702,29/12/2007,2007,2158,DANFORTH AVE,CEDARVALE AVE,,Major Arterial,Toronto and East York,43.686145,-79.31069,,No Control,Clear,Dark,Dry,Non-Fatal Injury,Pedestrian Collisions,Pedestrian,unknown,Major,,,Other,Other,,,,,,,,,Yes,,Yes,,,,,,,,,,,62,East End-Danforth,62,East End-Danforth (62),D55,636152.0575,4838400.231
2954,4270492,1014571,31/12/2007,2007,647,STEELES AVE W,NORFINCH DR,,Major Arterial,Etobicoke York,43.773345,-79.53179,At Intersection,Traffic Signal,Snow,Dark,Loose Snow,Non-Fatal Injury,Sideswipe,Driver,65 to 69,Major,,East,"Automobile, Station Wagon",Going Ahead,Speed too Fast For Condition,Normal,,,,,,,,,Yes,,,,,,Yes,Yes,,,,NSA,NSA,NSA,NSA,NSA,618160.4767,4847745.788
2955,4270493,1014571,31/12/2007,2007,647,STEELES AVE W,NORFINCH DR,,Major Arterial,Etobicoke York,43.773345,-79.53179,At Intersection,Traffic Signal,Snow,Dark,Loose Snow,Non-Fatal Injury,Sideswipe,Driver,45 to 49,Major,,East,"Automobile, Station Wagon",Slowing or Stopping,Driving Properly,Normal,,,,,,,,,Yes,,,,,,Yes,Yes,,,,NSA,NSA,NSA,NSA,NSA,618160.4767,4847745.788
2956,4276654,1014715,31/12/2007,2007,1510,ISLINGTON AVE,SANDHILL DR,,Major Arterial,Etobicoke York,43.734045,-79.56389,,No Control,Clear,Daylight,Dry,Non-Fatal Injury,Rear End,Driver,55 to 59,Major,,South,"Automobile, Station Wagon",Slowing or Stopping,Driving Properly,Normal,,,,,,,,,Yes,,,,,,,Yes,,,,3,Thistletown-Beaumond Heights,3,Thistletown-Beaumond Heights (3),D23,615652.7494,4843335.645
2957,4276655,1014715,31/12/2007,2007,1510,ISLINGTON AVE,SANDHILL DR,,Major Arterial,Etobicoke York,43.734045,-79.56389,,No Control,Clear,Daylight,Dry,Non-Fatal Injury,Rear End,Driver,35 to 39,None,,South,"Automobile, Station Wagon",Going Ahead,Following too Close,Normal,,,,,,,,,Yes,,,,,,,Yes,,,,3,Thistletown-Beaumond Heights,3,Thistletown-Beaumond Heights (3),D23,615652.7494,4843335.645
2958,5309518,1015097,03/01/2008,2008,1623,BAYVIEW AVE,EGLINTON AVE E,,Major Arterial,North York,43.711045,-79.37719,,Traffic Signal,Snow,Daylight,Loose Snow,Non-Fatal Injury,Rear End,Driver,35 to 39,None,,South,"Automobile, Station Wagon",Stopped,Driving Properly,Normal,,,,,,,,,Yes,,,,,,,,,,,99,Mount Pleasant East,99,Mount Pleasant East (99),D53,630738.2205,4841058.693
2959,5309519,1015097,03/01/2008,2008,1623,BAYVIEW AVE,EGLINTON AVE E,,Major Arterial,North York,43.711045,-79.37719,,Traffic Signal,Snow,Daylight,Loose Snow,Non-Fatal Injury,Rear End,Driver,60 to 64,Major,,South,"Automobile, Station Wagon",Stopped,Lost control,Normal,,,,,,,,,Yes,,,,,,,,,,,99,Mount Pleasant East,99,Mount Pleasant East (99),D53,630738.2205,4841058.693
2960,5309566,1015121,04/01/2008,2008,1540,YORK MILLS RD,UPJOHN RD,,Major Arterial,North York,43.755045,-79.35029,,No Control,Clear,Daylight,Dry,Non-Fatal Injury,Approaching,Driver,55 to 59,Minor,,West,"Automobile, Station Wagon",Going Ahead,Lost control,Fatigue,,,,,,,,,Yes,,,,,,,,,,,42,Banbury-Don Mills,42,Banbury-Don Mills (42),D33,632808.0871,4845988.318
2961,5309567,1015121,04/01/2008,2008,1540,YORK MILLS RD,UPJOHN RD,,Major Arterial,North York,43.755045,-79.35029,,No Control,Clear,Daylight,Dry,Non-Fatal Injury,Approaching,Driver,15 to 19,Major,,East,"Automobile, Station Wagon",Going Ahead,Driving Properly,Normal,,,,,,,,,Yes,,,,,,,,,,,42,Banbury-Don Mills,42,Banbury-Don Mills (42),D33,632808.0871,4845988.318
2962,5307140,1012986,05/01/2008,2008,1826,EGLINTON AVE E,OSWEGO RD,,Major Arterial,Scarborough,43.737645,-79.24369,,No Control,Rain,Dark,Wet,Fatal,Pedestrian Collisions,Driver,45 to 49,None,,East,"Automobile, Station Wagon",Going Ahead,Driving Properly,Normal,,,,,,,Yes,,Yes,,,,,,,,,,,138,Eglinton East,138,Eglinton East (138),D43,641430.875,4844232.242
2963,5307141,1012986,05/01/2008,2008,1826,EGLINTON AVE E,OSWEGO RD,,Major Arterial,Scarborough,43.737645,-79.24369,,No Control,Rain,Dark,Wet,Fatal,Pedestrian Collisions,Pedestrian,30 to 34,Fatal,1,North,Other,,,,Vehicle is going straight thru inter.while ped cross without ROW,"Crossing, no Traffic Control",Normal,,,,Yes,,Yes,,,,,,,,,,,138,Eglinton East,138,Eglinton East (138),D43,641430.875,4844232.242
2964,5307144,1012988,05/01/2008,2008,1935,SANDWELL DR,THE WESTWAY,,Local,Etobicoke York,43.684345,-79.56499,,No Control,Clear,Dark,Wet,Fatal,Pedestrian Collisions,Driver,80 to 84,Minimal,,North,"Automobile, Station Wagon",Going Ahead,Driving Properly,Normal,,,,,,,Yes,,Yes,,,,,,,,,,,7,Willowridge-Martingrove-Richview,7,Willowridge-Martingrove-Richview (7),D23,615659.7132,4837814.243
2965,5307145,1012988,05/01/2008,2008,1935,SANDWELL DR,THE WESTWAY,,Local,Etobicoke York,43.684345,-79.56499,,No Control,Clear,Dark,Wet,Fatal,Pedestrian Collisions,Pedestrian,75 to 79,Fatal,2,West,Other,,,,Vehicle hits the pedestrian walking or running out from between parked vehicles at mid-block,Coming From Behind Parked Vehicle,Inattentive,,,,Yes,,Yes,,,,,,,,,,,7,Willowridge-Martingrove-Richview,7,Willowridge-Martingrove-Richview (7),D23,615659.7132,4837814.243
2966,5307416,1013236,07/01/2008,2008,1702,AVENUE RD,CARMICHAEL AVE,,Major Arterial,North York,43.737545,-79.42059,At Intersection,Traffic Signal,Clear,Dark,Wet,Fatal,Pedestrian Collisions,Driver,30 to 34,None,,East,"Automobile, Station Wagon",Turning Left,Improper Turn,Normal,,,,,,,Yes,,Yes,,,,,,,,,,,39,Bedford Park-Nortown,39,Bedford Park-Nortown (39),D32,627185.6667,4843934.363
2967,5307417,1013236,07/01/2008,2008,1702,AVENUE RD,CARMICHAEL AVE,,Major Arterial,North York,43.737545,-79.42059,At Intersection,Traffic Signal,Clear,Dark,Wet,Fatal,Pedestrian Collisions,Pedestrian,70 to 74,Fatal,3,West,Other,,,,Vehicle turns left while ped crosses with ROW at inter.,Crossing with right of way,Normal,,,,Yes,,Yes,,,,,,,,,,,39,Bedford Park-Nortown,39,Bedford Park-Nortown (39),D32,627185.6667,4843934.363
2968,5310070,1015331,07/01/2008,2008,1730,BELGREEN AVE,TAMORA CRT,,Local,Scarborough,43.794945,-79.29049,At Intersection,Stop Sign,Clear,Dark,Wet,Non-Fatal Injury,Pedestrian Collisions,Driver,65 to 69,None,,South,"Automobile, Station Wagon",Turning Left,Failed to Yield Right of Way,Normal,,,,,,,Yes,,Yes,,,,,,,Yes,,,,118,Tam O'Shanter-Sullivan,118,Tam O'Shanter-Sullivan (118),D42,637530.7709,4850517.462
2969,5310071,1015331,07/01/2008,2008,1730,BELGREEN AVE,TAMORA CRT,,Local,Scarborough,43.794945,-79.29049,At Intersection,Stop Sign,Clear,Dark,Wet,Non-Fatal Injury,Pedestrian Collisions,Pedestrian,10 to 14,Major,,South,Other,,,,Vehicle turns left while ped crosses with ROW at inter.,Crossing with right of way,Normal,,,,Yes,,Yes,,,,,,,Yes,,,,118,Tam O'Shanter-Sullivan,118,Tam O'Shanter-Sullivan (118),D42,637530.7709,4850517.462
2970,5310049,1015320,07/01/2008,2008,1803,ST DENNIS DR,DEAUVILLE LANE,,Collector,North York,43.718345,-79.33139,,Traffic Signal,Rain,Dark,Wet,Non-Fatal Injury,Pedestrian Collisions,Driver,25 to 29,None,,East,"Automobile, Station Wagon",Turning Left,Failed to Yield Right of Way,Normal,,,,,,,Yes,,Yes,,,,,,,Yes,,,,44,Flemingdon Park,44,Flemingdon Park (44),D55,634411.717,4841942.72
2971,5310050,1015320,07/01/2008,2008,1803,ST DENNIS DR,DEAUVILLE LANE,,Collector,North York,43.718345,-79.33139,,Traffic Signal,Rain,Dark,Wet,Non-Fatal Injury,Pedestrian Collisions,Pedestrian,10 to 14,Major,,East,Other,,,,Vehicle turns left while ped crosses with ROW at inter.,Crossing with right of way,Normal,,,,Yes,,Yes,,,,,,,Yes,,,,44,Flemingdon Park,44,Flemingdon Park (44),D55,634411.717,4841942.72
2972,5307617,1013495,08/01/2008,2008,550,REXDALE BLVD,TIDEMORE AVE,,Major Arterial,Etobicoke York,43.714745,-79.58519,,No Control,Clear,Dark,Dry,Fatal,SMV Other,Passenger,25 to 29,Fatal,4,,Other,,,,,,,,,,,,Yes,,,,,Yes,,,,,,1,West Humber-Clairville,1,West Humber-Clairville (1),D23,613973.9996,4841162.602
2973,5307618,1013495,08/01/2008,2008,550,REXDALE BLVD,TIDEMORE AVE,,Major Arterial,Etobicoke York,43.714745,-79.58519,,No Control,Clear,Dark,Dry,Fatal,SMV Other,Vehicle Owner,unknown,,,,Other,,,,,,,,,,,,Yes,,,,,Yes,,,,,,1,West Humber-Clairville,1,West Humber-Clairville (1),D23,613973.9996,4841162.602
2974,5307619,1013495,08/01/2008,2008,550,REXDALE BLVD,TIDEMORE AVE,,Major Arterial,Etobicoke York,43.714745,-79.58519,,No Control,Clear,Dark,Dry,Fatal,SMV Other,Driver,25 to 29,Minimal,,West,"Automobile, Station Wagon",Going Ahead,Lost control,"Ability Impaired, Drugs",,,,,,,,,Yes,,,,,Yes,,,,,,1,West Humber-Clairville,1,West Humber-Clairville (1),D23,613973.9996,4841162.602
2975,5319794,1019958,11/01/2008,2008,328,VAUGHAN RD,KENWOOD AVE,,Minor Arterial,Toronto and East York,43.687645,-79.42369,At Intersection,Traffic Signal,Rain,Dark,Wet,Non-Fatal Injury,Angle,Passenger,15 to 19,Minor,,,Other,,,,,,,,,,,,Yes,,,,,Yes,Yes,Yes,Yes,,,106,Humewood-Cedarvale,106,Humewood-Cedarvale (106),D13,627041.4215,4838387.509
2976,5319795,1019958,11/01/2008,2008,328,VAUGHAN RD,KENWOOD AVE,,Minor Arterial,Toronto and East York,43.687645,-79.42369,At Intersection,Traffic Signal,Rain,Dark,Wet,Non-Fatal Injury,Angle,Passenger,20 to 24,Major,,,Other,,,,,,,,,,,,Yes,,,,,Yes,Yes,Yes,Yes,,,106,Humewood-Cedarvale,106,Humewood-Cedarvale (106),D13,627041.4215,4838387.509
2977,5319796,1019958,11/01/2008,2008,328,VAUGHAN RD,KENWOOD AVE,,Minor Arterial,Toronto and East York,43.687645,-79.42369,At Intersection,Traffic Signal,Rain,Dark,Wet,Non-Fatal Injury,Angle,Driver,20 to 24,Minor,,West,"Automobile, Station Wagon",Going Ahead,Exceeding Speed Limit,Normal,,,,,,,,,Yes,,,,,Yes,Yes,Yes,Yes,,,106,Humewood-Cedarvale,106,Humewood-Cedarvale (106),D13,627041.4215,4838387.509
2978,5319797,1019958,11/01/2008,2008,328,VAUGHAN RD,KENWOOD AVE,,Minor Arterial,Toronto and East York,43.687645,-79.42369,At Intersection,Traffic Signal,Rain,Dark,Wet,Non-Fatal Injury,Angle,Other Property Owner,unknown,,,,Other,,,,,,,,,,,,Yes,,,,,Yes,Yes,Yes,Yes,,,106,Humewood-Cedarvale,106,Humewood-Cedarvale (106),D13,627041.4215,4838387.509
2979,5319798,1019958,11/01/2008,2008,328,VAUGHAN RD,KENWOOD AVE,,Minor Arterial,Toronto and East York,43.687645,-79.42369,At Intersection,Traffic Signal,Rain,Dark,Wet,Non-Fatal Injury,Angle,Other Property Owner,unknown,,,,Other,,,,,,,,,,,,Yes,,,,,Yes,Yes,Yes,Yes,,,106,Humewood-Cedarvale,106,Humewood-Cedarvale (106),D13,627041.4215,4838387.509
2980,5319799,1019958,11/01/2008,2008,328,VAUGHAN RD,KENWOOD AVE,,Minor Arterial,Toronto and East York,43.687645,-79.42369,At Intersection,Traffic Signal,Rain,Dark,Wet,Non-Fatal Injury,Angle,Driver,unknown,None,,North,"Automobile, Station Wagon",Going Ahead,Disobeyed Traffic Control,Unknown,,,,,,,,,Yes,,,,,Yes,Yes,Yes,Yes,,,106,Humewood-Cedarvale,106,Humewood-Cedarvale (106),D13,627041.4215,4838387.509
2981,5308162,1014167,11/01/2008,2008,820,LONEY AVE,DALLNER RD,,Local,Etobicoke York,43.722345,-79.51489,At Intersection,Stop Sign,Clear,Daylight,Wet,Non-Fatal Injury,Pedestrian Collisions,Driver,65 to 69,None,,West,"Automobile, Station Wagon",Turning Left,Failed to Yield Right of Way,Normal,,,,,,,Yes,,Yes,,,,,,,Yes,,,,154,Oakdale-Beverley Heights,26,Downsview-Roding-CFB (26),D31,619622.1322,4842105.752
2982,5308163,1014167,11/01/2008,2008,820,LONEY AVE,DALLNER RD,,Local,Etobicoke York,43.722345,-79.51489,At Intersection,Stop Sign,Clear,Daylight,Wet,Non-Fatal Injury,Pedestrian Collisions,Pedestrian,80 to 84,Major,,East,Other,,,,Vehicle turns left while ped crosses with ROW at inter.,Crossing with right of way,Inattentive,,,,Yes,,Yes,,,,,,,Yes,,,,154,Oakdale-Beverley Heights,26,Downsview-Roding-CFB (26),D31,619622.1322,4842105.752
2983,5310785,1015680,11/01/2008,2008,944,FINCH AVE E,CHEROKEE BLVD,,Major Arterial,North York,43.793545,-79.33699,,Traffic Signal,Clear,Daylight,Dry,Non-Fatal Injury,Pedestrian Collisions,Driver,70 to 74,None,,South,"Automobile, Station Wagon",Turning Left,Improper Turn,Normal,,,,,,,Yes,,Yes,,,,,,,,,,,46,Pleasant View,46,Pleasant View (46),D33,633792.9131,4850285.75
2984,5310786,1015680,11/01/2008,2008,944,FINCH AVE E,CHEROKEE BLVD,,Major Arterial,North York,43.793545,-79.33699,,Traffic Signal,Clear,Daylight,Dry,Non-Fatal Injury,Pedestrian Collisions,Pedestrian,40 to 44,Major,,North,Other,,,,Vehicle turns left while ped crosses without ROW at inter.,Crossing without right of way,Normal,,,,Yes,,Yes,,,,,,,,,,,46,Pleasant View,46,Pleasant View (46),D33,633792.9131,4850285.75
2985,5310861,1015704,11/01/2008,2008,1840,MALVERN ST,MAMMOTH HALL TRL,,Collector,Scarborough,43.796745,-79.23579,At Intersection,Stop Sign,Clear,Dark,Dry,Non-Fatal Injury,Pedestrian Collisions,Vehicle Owner,unknown,,,,Other,,,,,,,,,,Yes,,Yes,,,,,,,Yes,,,,145,Malvern West,132,Malvern (132),D42,641927.1963,4850809.734
2986,5310862,1015704,11/01/2008,2008,1840,MALVERN ST,MAMMOTH HALL TRL,,Collector,Scarborough,43.796745,-79.23579,At Intersection,Stop Sign,Clear,Dark,Dry,Non-Fatal Injury,Pedestrian Collisions,Driver,35 to 39,None,,South,"Automobile, Station Wagon",Going Ahead,Disobeyed Traffic Control,Inattentive,,,,,,,Yes,,Yes,,,,,,,Yes,,,,145,Malvern West,132,Malvern (132),D42,641927.1963,4850809.734