OBJECTID,INDEX,ACCNUM,DATE,ACCIDENT_YEAR,TIME,STREET1,STREET2,OFFSET,ROAD_CLASS,DISTRICT,LATITUDE,LONGITUDE,ACCLOC,TRAFFCTL,VISIBILITY,LIGHT,RDSFCOND,ACCLASS,IMPACTYPE,INVTYPE,INVAGE,INJURY,FATAL_NO,INITDIR,VEHTYPE,MANOEUVER,DRIVACT,DRIVCOND,PEDTYPE,PEDACT,PEDCOND,CYCLISTYPE,CYCACT,CYCCOND,PEDESTRIAN,CYCLIST,AUTOMOBILE,MOTORCYCLE,TRUCK,TRSN_CITY_VEH,EMERG_VEH,PASSENGER,SPEEDING,AG_DRIV,REDLIGHT,ALCOHOL,DISABILITY,HOOD_158,NEIGHBOURHOOD_158,HOOD_140,NEIGHBOURHOOD_140,DIVISION,x,y
3426,5373444,1044477,01/06/2008,2008,1150,DANFORTH AVE,LINNSMORE CRES,,Major Arterial,Toronto and East York,43.682045,-79.32979,,Traffic Signal,Clear,Daylight,Dry,Non-Fatal Injury,Pedestrian Collisions,Pedestrian,50 to 54,Major,,North,Other,,,,Vehicle turns left while ped crosses with ROW at inter.,Crossing with right of way,Normal,,,,Yes,,,,,,,,,Yes,,,,65,Greenwood-Coxwell,65,Greenwood-Coxwell (65),D55,634621.8224,4837913.687
3427,5366041,1041105,01/06/2008,2008,1838,LAWRENCE Ave W,ROXALINE St,,Minor Arterial,Etobicoke York,43.696845,-79.52969,At Intersection,Stop Sign,Clear,Daylight,Dry,Non-Fatal Injury,Angle,Driver,50 to 54,None,,West,"Automobile, Station Wagon",Going Ahead,Driving Properly,Normal,,,,,,,,,Yes,,,,,,,Yes,,,,8,Humber Heights-Westmount,8,Humber Heights-Westmount (8),D23,618480.2491,4839252.369
3428,5366042,1041105,01/06/2008,2008,1838,LAWRENCE Ave W,ROXALINE St,,Minor Arterial,Etobicoke York,43.696845,-79.52969,At Intersection,Stop Sign,Clear,Daylight,Dry,Non-Fatal Injury,Angle,Driver,15 to 19,Major,,South,"Automobile, Station Wagon",Going Ahead,Disobeyed Traffic Control,Inattentive,,,,,,,,,Yes,,,,,,,Yes,,,,8,Humber Heights-Westmount,8,Humber Heights-Westmount (8),D23,618480.2491,4839252.369
3429,5373647,1044584,02/06/2008,2008,1146,72 CORDELLA AVE,,,Local,Etobicoke York,43.680445,-79.48349,,No Control,Clear,Daylight,Dry,Non-Fatal Injury,SMV Other,Vehicle Owner,unknown,,,,Other,,,,,,,,,,,,Yes,,,,,,,,,,,111,Rockcliffe-Smythe,111,Rockcliffe-Smythe (111),D12,622236.4682,4837497.98
3430,5373648,1044584,02/06/2008,2008,1146,72 CORDELLA AVE,,,Local,Etobicoke York,43.680445,-79.48349,,No Control,Clear,Daylight,Dry,Non-Fatal Injury,SMV Other,Driver,25 to 29,Major,,West,"Automobile, Station Wagon",Going Ahead,Lost control,Inattentive,,,,,,,,,Yes,,,,,,,,,,,111,Rockcliffe-Smythe,111,Rockcliffe-Smythe (111),D12,622236.4682,4837497.98
3431,5373823,1044659,02/06/2008,2008,1455,FINCH AVE E,BAYVIEW AVE,,Major Arterial,North York,43.785045,-79.39209,At Intersection,Traffic Signal,Clear,Daylight,Dry,Non-Fatal Injury,Sideswipe,Driver,70 to 74,None,,East,"Automobile, Station Wagon",Stopped,Driving Properly,Normal,,,,,,,,,Yes,,,,,Yes,,,,,,49,Bayview Woods-Steeles,49,Bayview Woods-Steeles (49),D33,629378.2904,4849254.099
3432,5373824,1044659,02/06/2008,2008,1455,FINCH AVE E,BAYVIEW AVE,,Major Arterial,North York,43.785045,-79.39209,At Intersection,Traffic Signal,Clear,Daylight,Dry,Non-Fatal Injury,Sideswipe,Vehicle Owner,unknown,,,,Other,,,,,,,,,,,,Yes,,,,,Yes,,,,,,49,Bayview Woods-Steeles,49,Bayview Woods-Steeles (49),D33,629378.2904,4849254.099
3433,5373825,1044659,02/06/2008,2008,1455,FINCH AVE E,BAYVIEW AVE,,Major Arterial,North York,43.785045,-79.39209,At Intersection,Traffic Signal,Clear,Daylight,Dry,Non-Fatal Injury,Sideswipe,Driver,60 to 64,Major,,East,"Automobile, Station Wagon",Pulling Onto Shoulder or towardCurb,Lost control,Unknown,,,,,,,,,Yes,,,,,Yes,,,,,,49,Bayview Woods-Steeles,49,Bayview Woods-Steeles (49),D33,629378.2904,4849254.099
3434,5373826,1044659,02/06/2008,2008,1455,FINCH AVE E,BAYVIEW AVE,,Major Arterial,North York,43.785045,-79.39209,At Intersection,Traffic Signal,Clear,Daylight,Dry,Non-Fatal Injury,Sideswipe,Passenger,35 to 39,Minimal,,,Other,,,,,,,,,,,,Yes,,,,,Yes,,,,,,49,Bayview Woods-Steeles,49,Bayview Woods-Steeles (49),D33,629378.2904,4849254.099
3435,5373827,1044659,02/06/2008,2008,1455,FINCH AVE E,BAYVIEW AVE,,Major Arterial,North York,43.785045,-79.39209,At Intersection,Traffic Signal,Clear,Daylight,Dry,Non-Fatal Injury,Sideswipe,Driver,45 to 49,Minor,,North,"Automobile, Station Wagon",Going Ahead,Driving Properly,Normal,,,,,,,,,Yes,,,,,Yes,,,,,,49,Bayview Woods-Steeles,49,Bayview Woods-Steeles (49),D33,629378.2904,4849254.099
3436,5373828,1044659,02/06/2008,2008,1455,FINCH AVE E,BAYVIEW AVE,,Major Arterial,North York,43.785045,-79.39209,At Intersection,Traffic Signal,Clear,Daylight,Dry,Non-Fatal Injury,Sideswipe,Driver,45 to 49,None,,South,"Automobile, Station Wagon",Going Ahead,Driving Properly,Normal,,,,,,,,,Yes,,,,,Yes,,,,,,49,Bayview Woods-Steeles,49,Bayview Woods-Steeles (49),D33,629378.2904,4849254.099
3437,5373829,1044659,02/06/2008,2008,1455,FINCH AVE E,BAYVIEW AVE,,Major Arterial,North York,43.785045,-79.39209,At Intersection,Traffic Signal,Clear,Daylight,Dry,Non-Fatal Injury,Sideswipe,Other Property Owner,unknown,,,,Other,,,,,,,,,,,,Yes,,,,,Yes,,,,,,49,Bayview Woods-Steeles,49,Bayview Woods-Steeles (49),D33,629378.2904,4849254.099
3438,5366719,1041453,03/06/2008,2008,1230,SENLAC RD,SHEPPARD AVE W,,Major Arterial,North York,43.758945,-79.42259,At Intersection,Traffic Signal,Rain,Daylight,Wet,Non-Fatal Injury,Pedestrian Collisions,Pedestrian,70 to 74,Major,,West,Other,,,,Vehicle turns left while ped crosses with ROW at inter.,Crossing with right of way,Normal,,,,Yes,,Yes,,,,,,,Yes,,,,38,Lansing-Westgate,38,Lansing-Westgate (38),D32,626979.3512,4846308.08
3439,5366720,1041453,03/06/2008,2008,1230,SENLAC RD,SHEPPARD AVE W,,Major Arterial,North York,43.758945,-79.42259,At Intersection,Traffic Signal,Rain,Daylight,Wet,Non-Fatal Injury,Pedestrian Collisions,Driver,80 to 84,None,,East,"Automobile, Station Wagon",Turning Left,Failed to Yield Right of Way,Inattentive,,,,,,,Yes,,Yes,,,,,,,Yes,,,,38,Lansing-Westgate,38,Lansing-Westgate (38),D32,626979.3512,4846308.08
3440,5373870,1044675,03/06/2008,2008,1517,HILDA AVE,CROSSEN DR,,Collector,North York,43.793245,-79.42739,,No Control,Clear,Daylight,Dry,Non-Fatal Injury,Pedestrian Collisions,Driver,40 to 44,None,,South,"Automobile, Station Wagon",Going Ahead,Driving Properly,Normal,,,,,,,Yes,,Yes,,,,,,,,,,,36,Newtonbrook West,36,Newtonbrook West (36),D32,626520.5962,4850110.271
3441,5373871,1044675,03/06/2008,2008,1517,HILDA AVE,CROSSEN DR,,Collector,North York,43.793245,-79.42739,,No Control,Clear,Daylight,Dry,Non-Fatal Injury,Pedestrian Collisions,Pedestrian,15 to 19,Major,,West,Other,,,,Pedestrian hit at mid-block,Running onto Roadway,Inattentive,,,,Yes,,Yes,,,,,,,,,,,36,Newtonbrook West,36,Newtonbrook West (36),D32,626520.5962,4850110.271
3442,5374158,1044781,04/06/2008,2008,1355,FINCH AVE W,MILVAN DR,,Major Arterial,Etobicoke York,43.749945,-79.55229,At Intersection,Traffic Signal,Clear,Daylight,Dry,Non-Fatal Injury,Angle,Vehicle Owner,unknown,,,,Other,,,,,,,,,,,,Yes,,,,,,,Yes,Yes,,,22,Humbermede,21,Humber Summit (21),D31,616556.0693,4845117.824
3443,5374159,1044781,04/06/2008,2008,1355,FINCH AVE W,MILVAN DR,,Major Arterial,Etobicoke York,43.749945,-79.55229,At Intersection,Traffic Signal,Clear,Daylight,Dry,Non-Fatal Injury,Angle,Driver,50 to 54,Minimal,,South,"Automobile, Station Wagon",Stopped,Driving Properly,Normal,,,,,,,,,Yes,,,,,,,Yes,Yes,,,22,Humbermede,21,Humber Summit (21),D31,616556.0693,4845117.824
3444,5374160,1044781,04/06/2008,2008,1355,FINCH AVE W,MILVAN DR,,Major Arterial,Etobicoke York,43.749945,-79.55229,At Intersection,Traffic Signal,Clear,Daylight,Dry,Non-Fatal Injury,Angle,Driver,25 to 29,Minimal,,West,"Automobile, Station Wagon",Going Ahead,Disobeyed Traffic Control,Normal,,,,,,,,,Yes,,,,,,,Yes,Yes,,,22,Humbermede,21,Humber Summit (21),D31,616556.0693,4845117.824
3445,5374161,1044781,04/06/2008,2008,1355,FINCH AVE W,MILVAN DR,,Major Arterial,Etobicoke York,43.749945,-79.55229,At Intersection,Traffic Signal,Clear,Daylight,Dry,Non-Fatal Injury,Angle,Driver,60 to 64,Major,,North,"Automobile, Station Wagon",Going Ahead,Driving Properly,Normal,,,,,,,,,Yes,,,,,,,Yes,Yes,,,22,Humbermede,21,Humber Summit (21),D31,616556.0693,4845117.824
3446,5367054,1041588,04/06/2008,2008,1838,PORT UNION Road,KINGSTON Road,,Minor Arterial,Scarborough,43.798545,-79.14579,At Intersection,No Control,Clear,Daylight,Dry,Non-Fatal Injury,Angle,Driver,60 to 64,None,,,"Automobile, Station Wagon",Going Ahead,,,,,,,,,,,Yes,,,,,,,,,,,133,Centennial Scarborough,133,Centennial Scarborough (133),D42,649163.1304,4851167.941
3447,5367055,1041588,04/06/2008,2008,1838,PORT UNION Road,KINGSTON Road,,Minor Arterial,Scarborough,43.798545,-79.14579,At Intersection,No Control,Clear,Daylight,Dry,Non-Fatal Injury,Angle,Driver,65 to 69,Major,,,"Automobile, Station Wagon",Changing Lanes,,,,,,,,,,,Yes,,,,,,,,,,,133,Centennial Scarborough,133,Centennial Scarborough (133),D42,649163.1304,4851167.941
3448,5375918,1045598,05/06/2008,2008,1220,WESTON RD,WESTON ALBION RD RAMP RD,,Major Arterial,Etobicoke York,43.718045,-79.53779,At Intersection,No Control,Clear,Daylight,Dry,Non-Fatal Injury,Sideswipe,Motorcycle Driver,30 to 34,Major,,South,Motorcycle,Changing Lanes,Improper Lane Change,Normal,,,,,,,,,Yes,Yes,,,,,,,,,,23,Pelmo Park-Humberlea,23,Pelmo Park-Humberlea (23),D31,617786.0022,4841595.379
3449,5375919,1045598,05/06/2008,2008,1220,WESTON RD,WESTON ALBION RD RAMP RD,,Major Arterial,Etobicoke York,43.718045,-79.53779,At Intersection,No Control,Clear,Daylight,Dry,Non-Fatal Injury,Sideswipe,Vehicle Owner,unknown,,,,Other,,,,,,,,,,,,Yes,Yes,,,,,,,,,,23,Pelmo Park-Humberlea,23,Pelmo Park-Humberlea (23),D31,617786.0022,4841595.379
3450,5375920,1045598,05/06/2008,2008,1220,WESTON RD,WESTON ALBION RD RAMP RD,,Major Arterial,Etobicoke York,43.718045,-79.53779,At Intersection,No Control,Clear,Daylight,Dry,Non-Fatal Injury,Sideswipe,Driver,60 to 64,None,,South,"Automobile, Station Wagon",Going Ahead,Driving Properly,Normal,,,,,,,,,Yes,Yes,,,,,,,,,,23,Pelmo Park-Humberlea,23,Pelmo Park-Humberlea (23),D31,617786.0022,4841595.379
3451,5367714,1041888,06/06/2008,2008,750,EGLINTON AVE W,RICHARDSON AVE,,Major Arterial,Etobicoke York,43.690945,-79.47149,At Intersection,Traffic Signal,Clear,Daylight,Dry,Non-Fatal Injury,Rear End,Motorcycle Driver,25 to 29,Major,,East,Motorcycle,Going Ahead,Lost control,Normal,,,,,,,,,Yes,Yes,,,,,,,,,,110,Keelesdale-Eglinton West,110,Keelesdale-Eglinton West (110),D12,623182.2291,4838681.902
3452,5367715,1041888,06/06/2008,2008,750,EGLINTON AVE W,RICHARDSON AVE,,Major Arterial,Etobicoke York,43.690945,-79.47149,At Intersection,Traffic Signal,Clear,Daylight,Dry,Non-Fatal Injury,Rear End,Driver,55 to 59,None,,East,"Automobile, Station Wagon",Stopped,Driving Properly,Normal,,,,,,,,,Yes,Yes,,,,,,,,,,110,Keelesdale-Eglinton West,110,Keelesdale-Eglinton West (110),D12,623182.2291,4838681.902
3453,5367716,1041888,06/06/2008,2008,750,EGLINTON AVE W,RICHARDSON AVE,,Major Arterial,Etobicoke York,43.690945,-79.47149,At Intersection,Traffic Signal,Clear,Daylight,Dry,Non-Fatal Injury,Rear End,Driver,35 to 39,None,,East,"Automobile, Station Wagon",Stopped,Driving Properly,Normal,,,,,,,,,Yes,Yes,,,,,,,,,,110,Keelesdale-Eglinton West,110,Keelesdale-Eglinton West (110),D12,623182.2291,4838681.902
3454,5368104,1042071,08/06/2008,2008,800,MORNINGSIDE AVE,MCLEVIN AVE,,Major Arterial,Scarborough,43.808945,-79.20269,At Intersection,Traffic Signal,Clear,Daylight,Dry,Non-Fatal Injury,Rear End,Vehicle Owner,unknown,,,,Other,,,,,,,,,,,,Yes,,,,,Yes,Yes,Yes,Yes,,,144,Morningside Heights,131,Rouge (131),D42,644560.6268,4852222.042
3455,5368105,1042071,08/06/2008,2008,800,MORNINGSIDE AVE,MCLEVIN AVE,,Major Arterial,Scarborough,43.808945,-79.20269,At Intersection,Traffic Signal,Clear,Daylight,Dry,Non-Fatal Injury,Rear End,Driver,40 to 44,Minor,,North,"Automobile, Station Wagon",Going Ahead,Disobeyed Traffic Control,Inattentive,,,,,,,,,Yes,,,,,Yes,Yes,Yes,Yes,,,144,Morningside Heights,131,Rouge (131),D42,644560.6268,4852222.042
3456,5368106,1042071,08/06/2008,2008,800,MORNINGSIDE AVE,MCLEVIN AVE,,Major Arterial,Scarborough,43.808945,-79.20269,At Intersection,Traffic Signal,Clear,Daylight,Dry,Non-Fatal Injury,Rear End,Driver,45 to 49,Minor,,West,"Automobile, Station Wagon",Stopped,Driving Properly,Normal,,,,,,,,,Yes,,,,,Yes,Yes,Yes,Yes,,,144,Morningside Heights,131,Rouge (131),D42,644560.6268,4852222.042
3457,5368107,1042071,08/06/2008,2008,800,MORNINGSIDE AVE,MCLEVIN AVE,,Major Arterial,Scarborough,43.808945,-79.20269,At Intersection,Traffic Signal,Clear,Daylight,Dry,Non-Fatal Injury,Rear End,Passenger,10 to 14,Minimal,,,Other,,,,,,,,,,,,Yes,,,,,Yes,Yes,Yes,Yes,,,144,Morningside Heights,131,Rouge (131),D42,644560.6268,4852222.042
3458,5368108,1042071,08/06/2008,2008,800,MORNINGSIDE AVE,MCLEVIN AVE,,Major Arterial,Scarborough,43.808945,-79.20269,At Intersection,Traffic Signal,Clear,Daylight,Dry,Non-Fatal Injury,Rear End,Passenger,45 to 49,Minor,,,Other,,,,,,,,,,,,Yes,,,,,Yes,Yes,Yes,Yes,,,144,Morningside Heights,131,Rouge (131),D42,644560.6268,4852222.042
3459,5368109,1042071,08/06/2008,2008,800,MORNINGSIDE AVE,MCLEVIN AVE,,Major Arterial,Scarborough,43.808945,-79.20269,At Intersection,Traffic Signal,Clear,Daylight,Dry,Non-Fatal Injury,Rear End,Vehicle Owner,unknown,,,,Other,,,,,,,,,,,,Yes,,,,,Yes,Yes,Yes,Yes,,,144,Morningside Heights,131,Rouge (131),D42,644560.6268,4852222.042
3460,5368110,1042071,08/06/2008,2008,800,MORNINGSIDE AVE,MCLEVIN AVE,,Major Arterial,Scarborough,43.808945,-79.20269,At Intersection,Traffic Signal,Clear,Daylight,Dry,Non-Fatal Injury,Rear End,Driver,20 to 24,Major,,West,"Automobile, Station Wagon",Going Ahead,Driving Properly,Normal,,,,,,,,,Yes,,,,,Yes,Yes,Yes,Yes,,,144,Morningside Heights,131,Rouge (131),D42,644560.6268,4852222.042
3461,5368625,1042297,08/06/2008,2008,1720,WESTON Road,FLINDON Road,,Major Arterial,Etobicoke York,43.721045,-79.537387,,No Control,Clear,Daylight,Dry,Non-Fatal Injury,SMV Other,Passenger,60 to 64,Minimal,,,Other,Other,,,,,,,,,,,Yes,,,,,Yes,,,,,Yes,23,Pelmo Park-Humberlea,23,Pelmo Park-Humberlea (23),D31,617812.5858,4841929.144
3462,5368626,1042297,08/06/2008,2008,1720,WESTON Road,FLINDON Road,,Major Arterial,Etobicoke York,43.721045,-79.537387,,No Control,Clear,Daylight,Dry,Non-Fatal Injury,SMV Other,Passenger,65 to 69,Minimal,,,Other,Other,,,,,,,,,,,Yes,,,,,Yes,,,,,Yes,23,Pelmo Park-Humberlea,23,Pelmo Park-Humberlea (23),D31,617812.5858,4841929.144
3463,5368627,1042297,08/06/2008,2008,1720,WESTON Road,FLINDON Road,,Major Arterial,Etobicoke York,43.721045,-79.537387,,No Control,Clear,Daylight,Dry,Non-Fatal Injury,SMV Other,Passenger,75 to 79,Minimal,,,Other,Other,,,,,,,,,,,Yes,,,,,Yes,,,,,Yes,23,Pelmo Park-Humberlea,23,Pelmo Park-Humberlea (23),D31,617812.5858,4841929.144
3464,5368628,1042297,08/06/2008,2008,1720,WESTON Road,FLINDON Road,,Major Arterial,Etobicoke York,43.721045,-79.537387,,No Control,Clear,Daylight,Dry,Non-Fatal Injury,SMV Other,Passenger,80 to 84,Minimal,,,Other,Other,,,,,,,,,,,Yes,,,,,Yes,,,,,Yes,23,Pelmo Park-Humberlea,23,Pelmo Park-Humberlea (23),D31,617812.5858,4841929.144
3465,5368629,1042297,08/06/2008,2008,1720,WESTON Road,FLINDON Road,,Major Arterial,Etobicoke York,43.721045,-79.537387,,No Control,Clear,Daylight,Dry,Non-Fatal Injury,SMV Other,Passenger,60 to 64,Minimal,,,Other,Other,,,,,,,,,,,Yes,,,,,Yes,,,,,Yes,23,Pelmo Park-Humberlea,23,Pelmo Park-Humberlea (23),D31,617812.5858,4841929.144
3466,5368630,1042297,08/06/2008,2008,1720,WESTON Road,FLINDON Road,,Major Arterial,Etobicoke York,43.721045,-79.537387,,No Control,Clear,Daylight,Dry,Non-Fatal Injury,SMV Other,Driver,65 to 69,Major,,South,"Automobile, Station Wagon",Going Ahead,Lost control,Medical or Physical Disability,,,,,,,,,Yes,,,,,Yes,,,,,Yes,23,Pelmo Park-Humberlea,23,Pelmo Park-Humberlea (23),D31,617812.5858,4841929.144
3467,5368187,1042100,08/06/2008,2008,2120,ALBION RD,MARTIN GROVE RD,,Major Arterial,Etobicoke York,43.742045,-79.59479,,,Other,Dusk,Other,Non-Fatal Injury,Other,Driver,30 to 34,Major,,,"Automobile, Station Wagon",Unknown,,,,,,,,,,,Yes,,,,,,,,,,,1,West Humber-Clairville,1,West Humber-Clairville (1),D23,613149.2267,4844181.495
3468,5368613,1042295,09/06/2008,2008,1223,WARDEN AVE,MANHATTAN DR,,Major Arterial,Scarborough,43.752045,-79.29749,At Intersection,Traffic Signal,Clear,Daylight,Dry,Non-Fatal Injury,Angle,Driver,75 to 79,Major,,East,"Automobile, Station Wagon",Going Ahead,Driving Properly,Normal,,,,,,,,,Yes,,,,,Yes,,Yes,Yes,,,119,Wexford/Maryvale,119,Wexford/Maryvale (119),D41,637065.5877,4845741.142
3469,5368614,1042295,09/06/2008,2008,1223,WARDEN AVE,MANHATTAN DR,,Major Arterial,Scarborough,43.752045,-79.29749,At Intersection,Traffic Signal,Clear,Daylight,Dry,Non-Fatal Injury,Angle,Passenger,5 to 9,None,,,Other,,,,,,,,,,,,Yes,,,,,Yes,,Yes,Yes,,,119,Wexford/Maryvale,119,Wexford/Maryvale (119),D41,637065.5877,4845741.142
3470,5368615,1042295,09/06/2008,2008,1223,WARDEN AVE,MANHATTAN DR,,Major Arterial,Scarborough,43.752045,-79.29749,At Intersection,Traffic Signal,Clear,Daylight,Dry,Non-Fatal Injury,Angle,Driver,35 to 39,None,,South,"Automobile, Station Wagon",Going Ahead,Disobeyed Traffic Control,Normal,,,,,,,,,Yes,,,,,Yes,,Yes,Yes,,,119,Wexford/Maryvale,119,Wexford/Maryvale (119),D41,637065.5877,4845741.142
3471,5377663,1046342,11/06/2008,2008,550,DUNDAS ST W,BAY ST,,Major Arterial,Toronto and East York,43.655745,-79.38379,At Intersection,Traffic Signal,Clear,Daylight,Dry,Non-Fatal Injury,Other,Passenger,55 to 59,Minimal,,,Other,,,,,,,,,,,,,,,Yes,,Yes,,,,,,170,Yonge-Bay Corridor,76,Bay Street Corridor (76),D52,630326.1909,4834906.482
3472,5377664,1046342,11/06/2008,2008,550,DUNDAS ST W,BAY ST,,Major Arterial,Toronto and East York,43.655745,-79.38379,At Intersection,Traffic Signal,Clear,Daylight,Dry,Non-Fatal Injury,Other,Passenger,55 to 59,Minimal,,,Other,,,,,,,,,,,,,,,Yes,,Yes,,,,,,170,Yonge-Bay Corridor,76,Bay Street Corridor (76),D52,630326.1909,4834906.482
3473,5377665,1046342,11/06/2008,2008,550,DUNDAS ST W,BAY ST,,Major Arterial,Toronto and East York,43.655745,-79.38379,At Intersection,Traffic Signal,Clear,Daylight,Dry,Non-Fatal Injury,Other,Passenger,35 to 39,Minimal,,,Other,,,,,,,,,,,,,,,Yes,,Yes,,,,,,170,Yonge-Bay Corridor,76,Bay Street Corridor (76),D52,630326.1909,4834906.482
3474,5377666,1046342,11/06/2008,2008,550,DUNDAS ST W,BAY ST,,Major Arterial,Toronto and East York,43.655745,-79.38379,At Intersection,Traffic Signal,Clear,Daylight,Dry,Non-Fatal Injury,Other,Passenger,30 to 34,Minimal,,,Other,,,,,,,,,,,,,,,Yes,,Yes,,,,,,170,Yonge-Bay Corridor,76,Bay Street Corridor (76),D52,630326.1909,4834906.482
3475,5377667,1046342,11/06/2008,2008,550,DUNDAS ST W,BAY ST,,Major Arterial,Toronto and East York,43.655745,-79.38379,At Intersection,Traffic Signal,Clear,Daylight,Dry,Non-Fatal Injury,Other,Passenger,40 to 44,Minimal,,,Other,,,,,,,,,,,,,,,Yes,,Yes,,,,,,170,Yonge-Bay Corridor,76,Bay Street Corridor (76),D52,630326.1909,4834906.482
3476,5377668,1046342,11/06/2008,2008,550,DUNDAS ST W,BAY ST,,Major Arterial,Toronto and East York,43.655745,-79.38379,At Intersection,Traffic Signal,Clear,Daylight,Dry,Non-Fatal Injury,Other,Passenger,60 to 64,Major,,,Other,,,,,,,,,,,,,,,Yes,,Yes,,,,,,170,Yonge-Bay Corridor,76,Bay Street Corridor (76),D52,630326.1909,4834906.482
3477,5377669,1046342,11/06/2008,2008,550,DUNDAS ST W,BAY ST,,Major Arterial,Toronto and East York,43.655745,-79.38379,At Intersection,Traffic Signal,Clear,Daylight,Dry,Non-Fatal Injury,Other,Driver,50 to 54,None,,West,Municipal Transit Bus (TTC),Going Ahead,Driving Properly,Normal,,,,,,,,,,,,Yes,,Yes,,,,,,170,Yonge-Bay Corridor,76,Bay Street Corridor (76),D52,630326.1909,4834906.482
3478,5377670,1046342,11/06/2008,2008,550,DUNDAS ST W,BAY ST,,Major Arterial,Toronto and East York,43.655745,-79.38379,At Intersection,Traffic Signal,Clear,Daylight,Dry,Non-Fatal Injury,Other,Vehicle Owner,unknown,,,,Other,,,,,,,,,,,,,,,Yes,,Yes,,,,,,170,Yonge-Bay Corridor,76,Bay Street Corridor (76),D52,630326.1909,4834906.482
3479,5377671,1046342,11/06/2008,2008,550,DUNDAS ST W,BAY ST,,Major Arterial,Toronto and East York,43.655745,-79.38379,At Intersection,Traffic Signal,Clear,Daylight,Dry,Non-Fatal Injury,Other,Driver,60 to 64,Major,,East,Municipal Transit Bus (TTC),Going Ahead,Other,Inattentive,,,,,,,,,,,,Yes,,Yes,,,,,,170,Yonge-Bay Corridor,76,Bay Street Corridor (76),D52,630326.1909,4834906.482
3480,5370892,1043273,11/06/2008,2008,2010,LAKE SHORE BLVD W,LONG BRANCH AVE,,Major Arterial,Etobicoke York,43.594345,-79.53399,At Intersection,Traffic Signal,Clear,Dusk,Dry,Fatal,Pedestrian Collisions,Vehicle Owner,unknown,,,,Other,,,,,,,,,,Yes,,Yes,,,,,,,Yes,,,,19,Long Branch,19,Long Branch (19),D22,618334.8265,4827862.313
3481,5370893,1043273,11/06/2008,2008,2010,LAKE SHORE BLVD W,LONG BRANCH AVE,,Major Arterial,Etobicoke York,43.594345,-79.53399,At Intersection,Traffic Signal,Clear,Dusk,Dry,Fatal,Pedestrian Collisions,Driver,55 to 59,None,,North,"Automobile, Station Wagon",Turning Left,Failed to Yield Right of Way,Unknown,,,,,,,Yes,,Yes,,,,,,,Yes,,,,19,Long Branch,19,Long Branch (19),D22,618334.8265,4827862.313
3482,5370894,1043273,11/06/2008,2008,2010,LAKE SHORE BLVD W,LONG BRANCH AVE,,Major Arterial,Etobicoke York,43.594345,-79.53399,At Intersection,Traffic Signal,Clear,Dusk,Dry,Fatal,Pedestrian Collisions,Pedestrian,60 to 64,Fatal,26,South,Other,,,,Vehicle turns left while ped crosses with ROW at inter.,Crossing with right of way,Normal,,,,Yes,,Yes,,,,,,,Yes,,,,19,Long Branch,19,Long Branch (19),D22,618334.8265,4827862.313
3483,5384787,1049415,12/06/2008,2008,853,KING Stre W,BATHURST Stre,,Major Arterial,Toronto and East York,43.643945,-79.40269,At Intersection,Traffic Signal,Clear,Daylight,Dry,Non-Fatal Injury,Cyclist Collisions,Driver,30 to 34,None,,East,"Automobile, Station Wagon",Stopped,Driving Properly,Normal,,,,,,,,Yes,Yes,,,,,,,,,,,164,Wellington Place,77,Waterfront Communities-The Island (77),D14,628827.3627,4833566.426
3484,5384788,1049415,12/06/2008,2008,853,KING Stre W,BATHURST Stre,,Major Arterial,Toronto and East York,43.643945,-79.40269,At Intersection,Traffic Signal,Clear,Daylight,Dry,Non-Fatal Injury,Cyclist Collisions,Cyclist,40 to 44,Major,,East,Bicycle,Going Ahead,,,,,,Cyclist and Driver travelling in same direction. One vehicle sideswipes the other.,Lost control,Normal,,Yes,Yes,,,,,,,,,,,164,Wellington Place,77,Waterfront Communities-The Island (77),D14,628827.3627,4833566.426
3485,5378236,1046604,12/06/2008,2008,902,ST CLAIR AVE W,RUSSELL HILL RD,,Major Arterial,Toronto and East York,43.685345,-79.40789,At Intersection,Police Control,Clear,Daylight,Dry,Non-Fatal Injury,Pedestrian Collisions,Driver,60 to 64,None,,West,"Automobile, Station Wagon",Going Ahead,Failed to Yield Right of Way,Normal,,,,,,,Yes,,Yes,,,,,,,Yes,,,,96,Casa Loma,96,Casa Loma (96),D53,628319.7262,4838156.388
3486,5378237,1046604,12/06/2008,2008,902,ST CLAIR AVE W,RUSSELL HILL RD,,Major Arterial,Toronto and East York,43.685345,-79.40789,At Intersection,Police Control,Clear,Daylight,Dry,Non-Fatal Injury,Pedestrian Collisions,Pedestrian,35 to 39,Major,,Unknown,Other,,,,Other / Undefined,Playing or Working on Highway,Normal,,,,Yes,,Yes,,,,,,,Yes,,,,96,Casa Loma,96,Casa Loma (96),D53,628319.7262,4838156.388
3487,5378234,1046603,12/06/2008,2008,945,AVENUE Road,BLOOR Stre W,,Major Arterial,Toronto and East York,43.668745,-79.39409,At Intersection,Traffic Signal,Clear,Daylight,Dry,Non-Fatal Injury,Cyclist Collisions,Driver,35 to 39,None,,North,"Automobile, Station Wagon",Going Ahead,Driving Properly,Normal,,,,,,,,Yes,Yes,,,,,,,,,,,95,Annex,95,Annex (95),D53,629467.6752,4836334.178
3488,5378235,1046603,12/06/2008,2008,945,AVENUE Road,BLOOR Stre W,,Major Arterial,Toronto and East York,43.668745,-79.39409,At Intersection,Traffic Signal,Clear,Daylight,Dry,Non-Fatal Injury,Cyclist Collisions,Cyclist,20 to 24,Major,,East,Bicycle,Changing Lanes,,,,,,"Cyclist without ROW rides into path of motorist at inter, lnwy, dwy-Cyclist not turn.",Disobeyed Traffic Control,Inattentive,,Yes,Yes,,,,,,,,,,,95,Annex,95,Annex (95),D53,629467.6752,4836334.178