OBJECTID,INDEX,ACCNUM,DATE,ACCIDENT_YEAR,TIME,STREET1,STREET2,OFFSET,ROAD_CLASS,DISTRICT,LATITUDE,LONGITUDE,ACCLOC,TRAFFCTL,VISIBILITY,LIGHT,RDSFCOND,ACCLASS,IMPACTYPE,INVTYPE,INVAGE,INJURY,FATAL_NO,INITDIR,VEHTYPE,MANOEUVER,DRIVACT,DRIVCOND,PEDTYPE,PEDACT,PEDCOND,CYCLISTYPE,CYCACT,CYCCOND,PEDESTRIAN,CYCLIST,AUTOMOBILE,MOTORCYCLE,TRUCK,TRSN_CITY_VEH,EMERG_VEH,PASSENGER,SPEEDING,AG_DRIV,REDLIGHT,ALCOHOL,DISABILITY,HOOD_158,NEIGHBOURHOOD_158,HOOD_140,NEIGHBOURHOOD_140,DIVISION,x,y
3865,5407847,1059399,17/09/2008,2008,1838,KINGSTON RD,WOODBINE AVE,,Major Arterial,Toronto and East York,43.673945,-79.30789,At Intersection,Traffic Signal,Clear,Daylight,Dry,Fatal,Approaching,Vehicle Owner,unknown,,,,Other,,,,,,,,,,,,Yes,,Yes,,,,,,,,Yes,63,The Beaches,63,The Beaches (63),D55,636405.3742,4837049.853
3866,5407848,1059399,17/09/2008,2008,1838,KINGSTON RD,WOODBINE AVE,,Major Arterial,Toronto and East York,43.673945,-79.30789,At Intersection,Traffic Signal,Clear,Daylight,Dry,Fatal,Approaching,Driver,50 to 54,None,,East,"Automobile, Station Wagon",Stopped,Driving Properly,Normal,,,,,,,,,Yes,,Yes,,,,,,,,Yes,63,The Beaches,63,The Beaches (63),D55,636405.3742,4837049.853
3867,5414362,1062269,18/09/2008,2008,1620,BEVERLEY St,COLLEGE St,,Minor Arterial,Toronto and East York,43.657945,-79.39559,,No Control,Clear,Daylight,Dry,Non-Fatal Injury,Cyclist Collisions,Driver,55 to 59,None,,South,"Automobile, Station Wagon",Making U Turn,Failed to Yield Right of Way,Inattentive,,,,,,,,Yes,Yes,,,,,,,Yes,,,,78,Kensington-Chinatown,78,Kensington-Chinatown (78),D52,629369.9408,4835132.355
3868,5414363,1062269,18/09/2008,2008,1620,BEVERLEY St,COLLEGE St,,Minor Arterial,Toronto and East York,43.657945,-79.39559,,No Control,Clear,Daylight,Dry,Non-Fatal Injury,Cyclist Collisions,Cyclist,30 to 34,Major,,South,Bicycle,Going Ahead,,,,,,Motorist makes u-turn in-front of cyclist.,Driving Properly,Normal,,Yes,Yes,,,,,,,Yes,,,,78,Kensington-Chinatown,78,Kensington-Chinatown (78),D52,629369.9408,4835132.355
3869,5418893,1064337,19/09/2008,2008,840,SILVERSTONE DR,MARTIN GROVE RD,,Minor Arterial,Etobicoke York,43.750845,-79.59859,At Intersection,Traffic Signal,Clear,Daylight,Dry,Non-Fatal Injury,Pedestrian Collisions,Driver,unknown,None,,West,"Automobile, Station Wagon",Turning Left,Failed to Yield Right of Way,Unknown,,,,,,,Yes,,Yes,,,,,,,Yes,,,,1,West Humber-Clairville,1,West Humber-Clairville (1),D23,612826.7108,4845153.678
3870,5418894,1064337,19/09/2008,2008,840,SILVERSTONE DR,MARTIN GROVE RD,,Minor Arterial,Etobicoke York,43.750845,-79.59859,At Intersection,Traffic Signal,Clear,Daylight,Dry,Non-Fatal Injury,Pedestrian Collisions,Pedestrian,10 to 14,Major,,East,Other,,,,Vehicle turns left while ped crosses with ROW at inter.,Crossing with right of way,Normal,,,,Yes,,Yes,,,,,,,Yes,,,,1,West Humber-Clairville,1,West Humber-Clairville (1),D23,612826.7108,4845153.678
3871,5415119,1062586,20/09/2008,2008,1025,ISLINGTON AVE,DIXON RD,,Major Arterial,Etobicoke York,43.697045,-79.54669,,No Control,Clear,Daylight,Dry,Non-Fatal Injury,Rear End,Driver,55 to 59,Minimal,,South,"Automobile, Station Wagon",Going Ahead,Following too Close,Normal,,,,,,,,,Yes,,,,,,,Yes,,,,6,Kingsview Village-The Westway,6,Kingsview Village-The Westway (6),D23,617109.9585,4839250.431
3872,5415120,1062586,20/09/2008,2008,1025,ISLINGTON AVE,DIXON RD,,Major Arterial,Etobicoke York,43.697045,-79.54669,,No Control,Clear,Daylight,Dry,Non-Fatal Injury,Rear End,Driver,45 to 49,Major,,South,"Automobile, Station Wagon",Slowing or Stopping,Driving Properly,Normal,,,,,,,,,Yes,,,,,,,Yes,,,,6,Kingsview Village-The Westway,6,Kingsview Village-The Westway (6),D23,617109.9585,4839250.431
3873,5421518,1065436,21/09/2008,2008,2021,BATHURST ST,BRIAR HILL AVE,,Major Arterial,North York,43.707945,-79.42709,,Traffic Signal,Clear,Dark,Dry,Non-Fatal Injury,Turning Movement,Driver,65 to 69,Major,,South,"Automobile, Station Wagon",Going Ahead,Driving Properly,Normal,,,,,,,,,Yes,,,,,,,,,Yes,,102,Forest Hill North,102,Forest Hill North (102),D13,626724.628,4840636.902
3874,5421519,1065436,21/09/2008,2008,2021,BATHURST ST,BRIAR HILL AVE,,Major Arterial,North York,43.707945,-79.42709,,Traffic Signal,Clear,Dark,Dry,Non-Fatal Injury,Turning Movement,Driver,80 to 84,None,,West,"Automobile, Station Wagon",Turning Right,Improper Turn,"Ability Impaired, Alcohol",,,,,,,,,Yes,,,,,,,,,Yes,,102,Forest Hill North,102,Forest Hill North (102),D13,626724.628,4840636.902
3875,5421633,1065481,22/09/2008,2008,1305,ROWATSON RD,FAREHAM CRES,,Local,Scarborough,43.748245,-79.20289,,No Control,Clear,Daylight,Dry,Non-Fatal Injury,Pedestrian Collisions,Driver,75 to 79,None,,South,"Automobile, Station Wagon",Going Ahead,Failed to Yield Right of Way,Inattentive,,,,,,,Yes,,Yes,,,,,,,Yes,,,,140,Guildwood,140,Guildwood (140),D43,644690.8896,4845479.994
3876,5421634,1065481,22/09/2008,2008,1305,ROWATSON RD,FAREHAM CRES,,Local,Scarborough,43.748245,-79.20289,,No Control,Clear,Daylight,Dry,Non-Fatal Injury,Pedestrian Collisions,Pedestrian,65 to 69,Major,,,Other,,,,Pedestrian hit at mid-block,Other,Normal,,,,Yes,,Yes,,,,,,,Yes,,,,140,Guildwood,140,Guildwood (140),D43,644690.8896,4845479.994
3877,5410247,1060516,23/09/2008,2008,1652,HIGHWAY 27  S,DIXON RD,,Major Arterial,Etobicoke York,43.683645,-79.58019,,No Control,Clear,Daylight,Wet,Fatal,Approaching,Vehicle Owner,unknown,,,,Other,,,,,,,,,,,,Yes,,Yes,,,,,,,,,1,West Humber-Clairville,1,West Humber-Clairville (1),D23,614435.9375,4837715.414
3878,5410248,1060516,23/09/2008,2008,1652,HIGHWAY 27  S,DIXON RD,,Major Arterial,Etobicoke York,43.683645,-79.58019,,No Control,Clear,Daylight,Wet,Fatal,Approaching,Truck Driver,35 to 39,Minor,,South,Truck - Open,Going Ahead,Driving Properly,Normal,,,,,,,,,Yes,,Yes,,,,,,,,,1,West Humber-Clairville,1,West Humber-Clairville (1),D23,614435.9375,4837715.414
3879,5410249,1060516,23/09/2008,2008,1652,HIGHWAY 27  S,DIXON RD,,Major Arterial,Etobicoke York,43.683645,-79.58019,,No Control,Clear,Daylight,Wet,Fatal,Approaching,Vehicle Owner,unknown,,,,Other,,,,,,,,,,,,Yes,,Yes,,,,,,,,,1,West Humber-Clairville,1,West Humber-Clairville (1),D23,614435.9375,4837715.414
3880,5410250,1060516,23/09/2008,2008,1652,HIGHWAY 27  S,DIXON RD,,Major Arterial,Etobicoke York,43.683645,-79.58019,,No Control,Clear,Daylight,Wet,Fatal,Approaching,Driver,25 to 29,Fatal,41,North,"Automobile, Station Wagon",Pulling Away from Shoulder or Curb,Lost control,Unknown,,,,,,,,,Yes,,Yes,,,,,,,,,1,West Humber-Clairville,1,West Humber-Clairville (1),D23,614435.9375,4837715.414
3881,5417328,1063638,24/09/2008,2008,2035,319 KIPLING AVE,,,Major Arterial,Etobicoke York,43.599145,-79.51739,,No Control,Clear,Dark,Dry,Non-Fatal Injury,SMV Other,Driver,25 to 29,Major,,South,"Automobile, Station Wagon",Going Ahead,Lost control,Medical or Physical Disability,,,,,,,,,Yes,,,,,,Yes,Yes,,,Yes,18,New Toronto,18,New Toronto (18),D22,619665.2586,4828419.19
3882,5417329,1063638,24/09/2008,2008,2035,319 KIPLING AVE,,,Major Arterial,Etobicoke York,43.599145,-79.51739,,No Control,Clear,Dark,Dry,Non-Fatal Injury,SMV Other,Other Property Owner,unknown,,,,Other,,,,,,,,,,,,Yes,,,,,,Yes,Yes,,,Yes,18,New Toronto,18,New Toronto (18),D22,619665.2586,4828419.19
3883,5418352,1064117,25/09/2008,2008,600,CITY VIEW DR,DIXON RD,,Local,Etobicoke York,43.690545,-79.57729,,No Control,Clear,Dawn,Dry,Non-Fatal Injury,Pedestrian Collisions,Driver,55 to 59,None,,West,"Automobile, Station Wagon",Turning Left,Failed to Yield Right of Way,Normal,,,,,,,Yes,,Yes,,,,,,,Yes,,,,1,West Humber-Clairville,1,West Humber-Clairville (1),D23,614656.5313,4838485.756
3884,5418353,1064117,25/09/2008,2008,600,CITY VIEW DR,DIXON RD,,Local,Etobicoke York,43.690545,-79.57729,,No Control,Clear,Dawn,Dry,Non-Fatal Injury,Pedestrian Collisions,Pedestrian,50 to 54,Major,,North,Other,,,,Pedestrian hit on sidewalk or shoulder,On Sidewalk or Shoulder,Normal,,,,Yes,,Yes,,,,,,,Yes,,,,1,West Humber-Clairville,1,West Humber-Clairville (1),D23,614656.5313,4838485.756
3885,5411691,1061106,25/09/2008,2008,2027,JARVIS ST,CARLTON ST,,Major Arterial,Toronto and East York,43.664645,-79.377589,,No Control,Clear,Dark,Dry,Non-Fatal Injury,Turning Movement,Motorcycle Driver,45 to 49,Major,,South,Motorcycle,Going Ahead,Driving Properly,Normal,,,,,,,,,Yes,Yes,,,,,,Yes,,,,71,Cabbagetown-South St.James Town,71,Cabbagetown-South St.James Town (71),D51,630806.897,4835904.703
3886,5411692,1061106,25/09/2008,2008,2027,JARVIS ST,CARLTON ST,,Major Arterial,Toronto and East York,43.664645,-79.377589,,No Control,Clear,Dark,Dry,Non-Fatal Injury,Turning Movement,Vehicle Owner,unknown,,,,Other,,,,,,,,,,,,Yes,Yes,,,,,,Yes,,,,71,Cabbagetown-South St.James Town,71,Cabbagetown-South St.James Town (71),D51,630806.897,4835904.703
3887,5411693,1061106,25/09/2008,2008,2027,JARVIS ST,CARLTON ST,,Major Arterial,Toronto and East York,43.664645,-79.377589,,No Control,Clear,Dark,Dry,Non-Fatal Injury,Turning Movement,Driver,65 to 69,None,,South,"Automobile, Station Wagon",Making U Turn,Failed to Yield Right of Way,Inattentive,,,,,,,,,Yes,Yes,,,,,,Yes,,,,71,Cabbagetown-South St.James Town,71,Cabbagetown-South St.James Town (71),D51,630806.897,4835904.703
3888,5418418,1064139,25/09/2008,2008,2110,WILMINGTON AVE,EVANSTON DR,,Minor Arterial,North York,43.766045,-79.45899,,No Control,Clear,Dark,Dry,Non-Fatal Injury,Approaching,Driver,50 to 54,None,,South,"Automobile, Station Wagon",Going Ahead,Following too Close,"Ability Impaired, Alcohol Over .08",,,,,,,,,Yes,,,,,Yes,,Yes,,Yes,,34,Bathurst Manor,34,Bathurst Manor (34),D32,624034.5026,4847041.478
3889,5418419,1064139,25/09/2008,2008,2110,WILMINGTON AVE,EVANSTON DR,,Minor Arterial,North York,43.766045,-79.45899,,No Control,Clear,Dark,Dry,Non-Fatal Injury,Approaching,Passenger,25 to 29,Major,,,Other,,,,,,,,,,,,Yes,,,,,Yes,,Yes,,Yes,,34,Bathurst Manor,34,Bathurst Manor (34),D32,624034.5026,4847041.478
3890,5418420,1064139,25/09/2008,2008,2110,WILMINGTON AVE,EVANSTON DR,,Minor Arterial,North York,43.766045,-79.45899,,No Control,Clear,Dark,Dry,Non-Fatal Injury,Approaching,Driver,25 to 29,Minor,,South,"Automobile, Station Wagon",Going Ahead,Driving Properly,Normal,,,,,,,,,Yes,,,,,Yes,,Yes,,Yes,,34,Bathurst Manor,34,Bathurst Manor (34),D32,624034.5026,4847041.478
3891,5419150,1064434,27/09/2008,2008,2025,BIRCHMOUNT RD,LAWRENCE AVE E,,Major Arterial,Scarborough,43.747545,-79.28479,At Intersection,Traffic Signal,Rain,Dark,Wet,Non-Fatal Injury,Pedestrian Collisions,Passenger,20 to 24,Minimal,,,Other,,,,,,,,,,Yes,,Yes,,,,,Yes,Yes,Yes,,,,126,Dorset Park,126,Dorset Park (126),D41,638098.3994,4845262.444
3892,5419151,1064434,27/09/2008,2008,2025,BIRCHMOUNT RD,LAWRENCE AVE E,,Major Arterial,Scarborough,43.747545,-79.28479,At Intersection,Traffic Signal,Rain,Dark,Wet,Non-Fatal Injury,Pedestrian Collisions,Vehicle Owner,unknown,,,,Other,,,,,,,,,,Yes,,Yes,,,,,Yes,Yes,Yes,,,,126,Dorset Park,126,Dorset Park (126),D41,638098.3994,4845262.444
3893,5419152,1064434,27/09/2008,2008,2025,BIRCHMOUNT RD,LAWRENCE AVE E,,Major Arterial,Scarborough,43.747545,-79.28479,At Intersection,Traffic Signal,Rain,Dark,Wet,Non-Fatal Injury,Pedestrian Collisions,Driver,20 to 24,None,,South,"Automobile, Station Wagon",Going Ahead,Speed too Fast For Condition,Unknown,,,,,,,Yes,,Yes,,,,,Yes,Yes,Yes,,,,126,Dorset Park,126,Dorset Park (126),D41,638098.3994,4845262.444
3894,5419153,1064434,27/09/2008,2008,2025,BIRCHMOUNT RD,LAWRENCE AVE E,,Major Arterial,Scarborough,43.747545,-79.28479,At Intersection,Traffic Signal,Rain,Dark,Wet,Non-Fatal Injury,Pedestrian Collisions,Pedestrian,40 to 44,Major,,East,Other,,,,Vehicle is going straight thru inter.while ped cross without ROW,Crossing without right of way,Normal,,,,Yes,,Yes,,,,,Yes,Yes,Yes,,,,126,Dorset Park,126,Dorset Park (126),D41,638098.3994,4845262.444
3895,5416838,1063404,28/09/2008,2008,128,YONGE ST,RANLEIGH AVE,,Major Arterial,North York,43.727845,-79.40289,At Intersection,Traffic Signal,"Fog, Mist, Smoke, Dust",Dark,Wet,Non-Fatal Injury,Pedestrian Collisions,Driver,unknown,None,,South,"Automobile, Station Wagon",Going Ahead,Driving Properly,Unknown,,,,,,,Yes,,Yes,,,,,,,,,,,105,Lawrence Park North,105,Lawrence Park North (105),D32,628631.7789,4842884.36
3896,5416839,1063404,28/09/2008,2008,128,YONGE ST,RANLEIGH AVE,,Major Arterial,North York,43.727845,-79.40289,At Intersection,Traffic Signal,"Fog, Mist, Smoke, Dust",Dark,Wet,Non-Fatal Injury,Pedestrian Collisions,Pedestrian,50 to 54,Major,,East,Other,,,,Vehicle is going straight thru inter.while ped cross with ROW,Crossing with right of way,Unknown,,,,Yes,,Yes,,,,,,,,,,,105,Lawrence Park North,105,Lawrence Park North (105),D32,628631.7789,4842884.36
3897,5412194,1061341,28/09/2008,2008,545,WILSON AVE,HIGHWAY 400  S,,Major Arterial,Etobicoke York,43.718145,-79.52109,At Intersection,No Control,Clear,Dark,Wet,Fatal,SMV Other,Driver,55 to 59,Fatal,42,East,"Automobile, Station Wagon",Going Ahead,Exceeding Speed Limit,Had Been Drinking,,,,,,,,,Yes,,,,,,Yes,Yes,,,,154,Oakdale-Beverley Heights,26,Downsview-Roding-CFB (26),D31,619131.0563,4841630.353
3898,5420024,1064784,28/09/2008,2008,1517,EASTERN AVE,CARLAW AVE,,Major Arterial,Toronto and East York,43.658345,-79.33899,At Intersection,Traffic Signal,Clear,Daylight,Dry,Non-Fatal Injury,SMV Other,Motorcycle Passenger,30 to 34,Minor,,,Other,,,,,,,,,,,,,Yes,,,,Yes,,,,,,70,South Riverdale,70,South Riverdale (70),D55,633932.9841,4835266.588
3899,5420025,1064784,28/09/2008,2008,1517,EASTERN AVE,CARLAW AVE,,Major Arterial,Toronto and East York,43.658345,-79.33899,At Intersection,Traffic Signal,Clear,Daylight,Dry,Non-Fatal Injury,SMV Other,Motorcycle Driver,35 to 39,Major,,East,Motorcycle,Slowing or Stopping,Lost control,Normal,,,,,,,,,,Yes,,,,Yes,,,,,,70,South Riverdale,70,South Riverdale (70),D55,633932.9841,4835266.588
3900,5412649,1061541,29/09/2008,2008,412,DON VALLEY PARKWAY  S,BEECHWOOD DR,,,Toronto and East York,43.696845,-79.35299,,No Control,Clear,Dark,Dry,Non-Fatal Injury,Approaching,Passenger,50 to 54,Major,,,Other,,,,,,,,,,,,Yes,,,,,Yes,,Yes,,Yes,,57,Broadview North,57,Broadview North (57),D55,632719.1943,4839520.035
3901,5412650,1061541,29/09/2008,2008,412,DON VALLEY PARKWAY  S,BEECHWOOD DR,,,Toronto and East York,43.696845,-79.35299,,No Control,Clear,Dark,Dry,Non-Fatal Injury,Approaching,Driver,50 to 54,Minor,,South,"Automobile, Station Wagon",Going Ahead,Driving Properly,Normal,,,,,,,,,Yes,,,,,Yes,,Yes,,Yes,,57,Broadview North,57,Broadview North (57),D55,632719.1943,4839520.035
3902,5412651,1061541,29/09/2008,2008,412,DON VALLEY PARKWAY  S,BEECHWOOD DR,,,Toronto and East York,43.696845,-79.35299,,No Control,Clear,Dark,Dry,Non-Fatal Injury,Approaching,Vehicle Owner,unknown,,,,Other,,,,,,,,,,,,Yes,,,,,Yes,,Yes,,Yes,,57,Broadview North,57,Broadview North (57),D55,632719.1943,4839520.035
3903,5412652,1061541,29/09/2008,2008,412,DON VALLEY PARKWAY  S,BEECHWOOD DR,,,Toronto and East York,43.696845,-79.35299,,No Control,Clear,Dark,Dry,Non-Fatal Injury,Approaching,Driver,20 to 24,Minor,,North,"Automobile, Station Wagon",Going Ahead,Wrong Way on One Way Road,"Ability Impaired, Alcohol Over .08",,,,,,,,,Yes,,,,,Yes,,Yes,,Yes,,57,Broadview North,57,Broadview North (57),D55,632719.1943,4839520.035
3904,5412653,1061541,29/09/2008,2008,412,DON VALLEY PARKWAY  S,BEECHWOOD DR,,,Toronto and East York,43.696845,-79.35299,,No Control,Clear,Dark,Dry,Non-Fatal Injury,Approaching,Vehicle Owner,unknown,,,,Other,,,,,,,,,,,,Yes,,,,,Yes,,Yes,,Yes,,57,Broadview North,57,Broadview North (57),D55,632719.1943,4839520.035
3905,5412654,1061541,29/09/2008,2008,412,DON VALLEY PARKWAY  S,BEECHWOOD DR,,,Toronto and East York,43.696845,-79.35299,,No Control,Clear,Dark,Dry,Non-Fatal Injury,Approaching,Driver,25 to 29,Minimal,,South,"Automobile, Station Wagon",Going Ahead,Driving Properly,Normal,,,,,,,,,Yes,,,,,Yes,,Yes,,Yes,,57,Broadview North,57,Broadview North (57),D55,632719.1943,4839520.035
3906,5413521,1061921,30/09/2008,2008,707,SHEPPARD AVE W,HAMMELL ST,,Major Arterial,North York,43.755145,-79.44049,,No Control,Rain,Daylight,Wet,Non-Fatal Injury,Pedestrian Collisions,Vehicle Owner,unknown,,,,Other,,,,,,,,,,Yes,,Yes,,,,,,,,,,,34,Bathurst Manor,34,Bathurst Manor (34),D32,625546.3597,4845858.746
3907,5413522,1061921,30/09/2008,2008,707,SHEPPARD AVE W,HAMMELL ST,,Major Arterial,North York,43.755145,-79.44049,,No Control,Rain,Daylight,Wet,Non-Fatal Injury,Pedestrian Collisions,Pedestrian,40 to 44,Major,,North,Other,,,,Vehicle is going straight thru inter.while ped cross without ROW,Running onto Roadway,Inattentive,,,,Yes,,Yes,,,,,,,,,,,34,Bathurst Manor,34,Bathurst Manor (34),D32,625546.3597,4845858.746
3908,5413523,1061921,30/09/2008,2008,707,SHEPPARD AVE W,HAMMELL ST,,Major Arterial,North York,43.755145,-79.44049,,No Control,Rain,Daylight,Wet,Non-Fatal Injury,Pedestrian Collisions,Driver,55 to 59,None,,East,"Automobile, Station Wagon",Going Ahead,Driving Properly,Normal,,,,,,,Yes,,Yes,,,,,,,,,,,34,Bathurst Manor,34,Bathurst Manor (34),D32,625546.3597,4845858.746
3909,5419860,1064720,30/09/2008,2008,1150,BLOOR ST W,OLD MILL DR,,Major Arterial,Toronto and East York,43.647945,-79.48659,,No Control,Rain,Daylight,Wet,Non-Fatal Injury,Rear End,Driver,60 to 64,Major,,West,"Automobile, Station Wagon",Stopped,Driving Properly,Normal,,,,,,,,,Yes,,,,,,,Yes,,,,87,High Park-Swansea,87,High Park-Swansea (87),D11,622052.437,4833883.865
3910,5419861,1064720,30/09/2008,2008,1150,BLOOR ST W,OLD MILL DR,,Major Arterial,Toronto and East York,43.647945,-79.48659,,No Control,Rain,Daylight,Wet,Non-Fatal Injury,Rear End,Vehicle Owner,unknown,,,,Other,,,,,,,,,,,,Yes,,,,,,,Yes,,,,87,High Park-Swansea,87,High Park-Swansea (87),D11,622052.437,4833883.865
3911,5419862,1064720,30/09/2008,2008,1150,BLOOR ST W,OLD MILL DR,,Major Arterial,Toronto and East York,43.647945,-79.48659,,No Control,Rain,Daylight,Wet,Non-Fatal Injury,Rear End,Driver,15 to 19,Major,,West,"Automobile, Station Wagon",Going Ahead,Following too Close,Normal,,,,,,,,,Yes,,,,,,,Yes,,,,87,High Park-Swansea,87,High Park-Swansea (87),D11,622052.437,4833883.865
3912,5414743,1062415,02/10/2008,2008,1025,YONGE ST,BISHOP AVE,,Major Arterial,North York,43.783245,-79.41639,,No Control,Clear,Daylight,Dry,Fatal,Pedestrian Collisions,Vehicle Owner,unknown,,,,Other,,,,,,,,,,Yes,,Yes,,,,,,,,,,,50,Newtonbrook East,50,Newtonbrook East (50),D32,627426.8308,4849016.489
3913,5414744,1062415,02/10/2008,2008,1025,YONGE ST,BISHOP AVE,,Major Arterial,North York,43.783245,-79.41639,,No Control,Clear,Daylight,Dry,Fatal,Pedestrian Collisions,Driver,45 to 49,None,,North,"Automobile, Station Wagon",Going Ahead,Driving Properly,Normal,,,,,,,Yes,,Yes,,,,,,,,,,,50,Newtonbrook East,50,Newtonbrook East (50),D32,627426.8308,4849016.489
3914,5414745,1062415,02/10/2008,2008,1025,YONGE ST,BISHOP AVE,,Major Arterial,North York,43.783245,-79.41639,,No Control,Clear,Daylight,Dry,Fatal,Pedestrian Collisions,Pedestrian,85 to 89,Fatal,43,West,Other,,,,Pedestrian hit at mid-block,"Crossing, no Traffic Control",Inattentive,,,,Yes,,Yes,,,,,,,,,,,50,Newtonbrook East,50,Newtonbrook East (50),D32,627426.8308,4849016.489
3915,5414814,1062444,02/10/2008,2008,2038,FINCH Ave W,DUFFERIN St,,Major Arterial,North York,43.768145,-79.46989,,No Control,Rain,Dark,Wet,Non-Fatal Injury,Pedestrian Collisions,Pedestrian,65 to 69,Major,,North,Other,,,,Pedestrian hit at mid-block,"Crossing, no Traffic Control",Normal,,,,Yes,,Yes,,,,,Yes,,,,,,27,York University Heights,27,York University Heights (27),D32,623152.8547,4847258.446
3916,5414815,1062444,02/10/2008,2008,2038,FINCH Ave W,DUFFERIN St,,Major Arterial,North York,43.768145,-79.46989,,No Control,Rain,Dark,Wet,Non-Fatal Injury,Pedestrian Collisions,Passenger,15 to 19,None,,,Other,,,,,,,,,,Yes,,Yes,,,,,Yes,,,,,,27,York University Heights,27,York University Heights (27),D32,623152.8547,4847258.446
3917,5414816,1062444,02/10/2008,2008,2038,FINCH Ave W,DUFFERIN St,,Major Arterial,North York,43.768145,-79.46989,,No Control,Rain,Dark,Wet,Non-Fatal Injury,Pedestrian Collisions,Vehicle Owner,unknown,,,,Other,,,,,,,,,,Yes,,Yes,,,,,Yes,,,,,,27,York University Heights,27,York University Heights (27),D32,623152.8547,4847258.446
3918,5414817,1062444,02/10/2008,2008,2038,FINCH Ave W,DUFFERIN St,,Major Arterial,North York,43.768145,-79.46989,,No Control,Rain,Dark,Wet,Non-Fatal Injury,Pedestrian Collisions,Driver,15 to 19,None,,West,"Automobile, Station Wagon",Going Ahead,Driving Properly,Normal,,,,,,,Yes,,Yes,,,,,Yes,,,,,,27,York University Heights,27,York University Heights (27),D32,623152.8547,4847258.446
3919,5422522,1065860,03/10/2008,2008,641,BLOOR ST W,WINDERMERE AVE,,Major Arterial,Toronto and East York,43.650245,-79.48049,At Intersection,Traffic Signal,Clear,Dawn,Dry,Non-Fatal Injury,Pedestrian Collisions,Driver,40 to 44,None,,North,"Automobile, Station Wagon",Turning Right,Driving Properly,Normal,,,,,,,Yes,,Yes,,,,,,,,,,,89,Runnymede-Bloor West Village,89,Runnymede-Bloor West Village (89),D11,622539.7128,4834148.299
3920,5422523,1065860,03/10/2008,2008,641,BLOOR ST W,WINDERMERE AVE,,Major Arterial,Toronto and East York,43.650245,-79.48049,At Intersection,Traffic Signal,Clear,Dawn,Dry,Non-Fatal Injury,Pedestrian Collisions,Pedestrian,55 to 59,Major,,,Other,,,,Vehicle turns right while ped crosses without ROW at inter.,Crossing without right of way,Normal,,,,Yes,,Yes,,,,,,,,,,,89,Runnymede-Bloor West Village,89,Runnymede-Bloor West Village (89),D11,622539.7128,4834148.299
3921,5415209,1062626,03/10/2008,2008,2327,F G GARDINER XY  E,ELLIS AVE,,,Toronto and East York,43.636344,-79.466892,,No Control,Clear,Dark,Dry,Fatal,Rear End,Motorcycle Driver,35 to 39,Fatal,44,East,Motorcycle,Merging,Exceeding Speed Limit,Had Been Drinking,,,,,,,,,Yes,Yes,,,,Yes,Yes,Yes,,,,85,South Parkdale,85,South Parkdale (85),D11,623664.8413,4832624.585
3922,5415210,1062626,03/10/2008,2008,2327,F G GARDINER XY  E,ELLIS AVE,,,Toronto and East York,43.636344,-79.466892,,No Control,Clear,Dark,Dry,Fatal,Rear End,Driver,40 to 44,None,,East,Delivery Van,Stopped,Driving Properly,Normal,,,,,,,,,Yes,Yes,,,,Yes,Yes,Yes,,,,85,South Parkdale,85,South Parkdale (85),D11,623664.8413,4832624.585
3923,5415211,1062626,03/10/2008,2008,2327,F G GARDINER XY  E,ELLIS AVE,,,Toronto and East York,43.636344,-79.466892,,No Control,Clear,Dark,Dry,Fatal,Rear End,Vehicle Owner,unknown,,,,,,,,,,,,,,,,Yes,Yes,,,,Yes,Yes,Yes,,,,85,South Parkdale,85,South Parkdale (85),D11,623664.8413,4832624.585
3924,5415212,1062626,03/10/2008,2008,2327,F G GARDINER XY  E,ELLIS AVE,,,Toronto and East York,43.636344,-79.466892,,No Control,Clear,Dark,Dry,Fatal,Rear End,Passenger,30 to 34,None,,,,,,,,,,,,,,,Yes,Yes,,,,Yes,Yes,Yes,,,,85,South Parkdale,85,South Parkdale (85),D11,623664.8413,4832624.585
3925,5415213,1062626,03/10/2008,2008,2327,F G GARDINER XY  E,ELLIS AVE,,,Toronto and East York,43.636344,-79.466892,,No Control,Clear,Dark,Dry,Fatal,Rear End,Driver,30 to 34,None,,East,"Automobile, Station Wagon",Going Ahead,Driving Properly,Normal,,,,,,,,,Yes,Yes,,,,Yes,Yes,Yes,,,,85,South Parkdale,85,South Parkdale (85),D11,623664.8413,4832624.585
3926,5415214,1062626,03/10/2008,2008,2327,F G GARDINER XY  E,ELLIS AVE,,,Toronto and East York,43.636344,-79.466892,,No Control,Clear,Dark,Dry,Fatal,Rear End,Passenger,30 to 34,None,,,,,,,,,,,,,,,Yes,Yes,,,,Yes,Yes,Yes,,,,85,South Parkdale,85,South Parkdale (85),D11,623664.8413,4832624.585
3927,5415475,1062738,05/10/2008,2008,338,SPADINA AVE,OXFORD ST,,Major Arterial,Toronto and East York,43.656745,-79.39959,,No Control,Clear,Dark,Dry,Non-Fatal Injury,Pedestrian Collisions,Vehicle Owner,unknown,,,,Other,,,,,,,,,,Yes,,Yes,,,,,,,,,,,78,Kensington-Chinatown,78,Kensington-Chinatown (78),D14,629049.9722,4834992.85
3928,5415476,1062738,05/10/2008,2008,338,SPADINA AVE,OXFORD ST,,Major Arterial,Toronto and East York,43.656745,-79.39959,,No Control,Clear,Dark,Dry,Non-Fatal Injury,Pedestrian Collisions,Driver,45 to 49,None,,South,"Automobile, Station Wagon",Going Ahead,Driving Properly,Normal,,,,,,,Yes,,Yes,,,,,,,,,,,78,Kensington-Chinatown,78,Kensington-Chinatown (78),D14,629049.9722,4834992.85