OBJECTID,INDEX,ACCNUM,DATE,ACCIDENT_YEAR,TIME,STREET1,STREET2,OFFSET,ROAD_CLASS,DISTRICT,LATITUDE,LONGITUDE,ACCLOC,TRAFFCTL,VISIBILITY,LIGHT,RDSFCOND,ACCLASS,IMPACTYPE,INVTYPE,INVAGE,INJURY,FATAL_NO,INITDIR,VEHTYPE,MANOEUVER,DRIVACT,DRIVCOND,PEDTYPE,PEDACT,PEDCOND,CYCLISTYPE,CYCACT,CYCCOND,PEDESTRIAN,CYCLIST,AUTOMOBILE,MOTORCYCLE,TRUCK,TRSN_CITY_VEH,EMERG_VEH,PASSENGER,SPEEDING,AG_DRIV,REDLIGHT,ALCOHOL,DISABILITY,HOOD_158,NEIGHBOURHOOD_158,HOOD_140,NEIGHBOURHOOD_140,DIVISION,x,y
4242,5206038,1089553,13/01/2009,2009,938,LAWRENCE Aven E,MOSSBANK Driv,,Major Arterial,Scarborough,43.762645,-79.21169,At Intersection,No Control,Snow,Daylight,Loose Snow,Non-Fatal Injury,Pedestrian Collisions,Driver,80 to 84,None,,West,"Automobile, Station Wagon",Going Ahead,Driving Properly,Normal,,,,,,,Yes,,Yes,,,,,,,,,,,141,Golfdale-Cedarbrae-Woburn,137,Woburn (137),D43,643947.8314,4847064.002
4243,5206039,1089553,13/01/2009,2009,938,LAWRENCE Aven E,MOSSBANK Driv,,Major Arterial,Scarborough,43.762645,-79.21169,At Intersection,No Control,Snow,Daylight,Loose Snow,Non-Fatal Injury,Pedestrian Collisions,Pedestrian,10 to 14,Major,,,Other,Other,,,Pedestrian hit at mid-block,Running onto Roadway,Inattentive,,,,Yes,,Yes,,,,,,,,,,,141,Golfdale-Cedarbrae-Woburn,137,Woburn (137),D43,643947.8314,4847064.002
4244,5191747,1081545,14/01/2009,2009,1108,PASSMORE AVE,MIDLAND AVE,,Major Arterial,Scarborough,43.820745,-79.29489,At Intersection,Traffic Signal,Clear,Daylight,Dry,Non-Fatal Injury,SMV Other,Driver,80 to 84,Major,,East,"Automobile, Station Wagon",Going Ahead,Lost control,Medical or Physical Disability,,,,,,,,,Yes,,,,,,,,,,Yes,130,Milliken,130,Milliken (130),D42,637117.7356,4853375.667
4245,5203276,1088275,14/01/2009,2009,1315,ISLINGTON Aven,SUMMITCREST Driv,,Major Arterial,Etobicoke York,43.683145,-79.54049,At Intersection,Traffic Signal,Clear,Daylight,Dry,Non-Fatal Injury,Pedestrian Collisions,Driver,40 to 44,None,,East,"Automobile, Station Wagon",Turning Left,Failed to Yield Right of Way,Inattentive,,,,,,,Yes,,Yes,,,,,,,Yes,,,,7,Willowridge-Martingrove-Richview,7,Willowridge-Martingrove-Richview (7),D23,617636.7378,4837715.425
4246,5203277,1088275,14/01/2009,2009,1315,ISLINGTON Aven,SUMMITCREST Driv,,Major Arterial,Etobicoke York,43.683145,-79.54049,At Intersection,Traffic Signal,Clear,Daylight,Dry,Non-Fatal Injury,Pedestrian Collisions,Pedestrian,15 to 19,Major,,West,Other,,,,Vehicle turns left while ped crosses with ROW at inter.,Crossing with right of way,Normal,,,,Yes,,Yes,,,,,,,Yes,,,,7,Willowridge-Martingrove-Richview,7,Willowridge-Martingrove-Richview (7),D23,617636.7378,4837715.425
4247,5191766,1081583,14/01/2009,2009,1355,TAPSCOTT RD,FINCH AVE E,,Minor Arterial,Scarborough,43.814245,-79.23709,At Intersection,Traffic Signal,Snow,Daylight,Wet,Non-Fatal Injury,Pedestrian Collisions,Vehicle Owner,unknown,,,,Other,,,,,,,,,,Yes,,Yes,,,,,,,Yes,,,,144,Morningside Heights,131,Rouge (131),D42,641781.2028,4852751.165
4248,5191767,1081583,14/01/2009,2009,1355,TAPSCOTT RD,FINCH AVE E,,Minor Arterial,Scarborough,43.814245,-79.23709,At Intersection,Traffic Signal,Snow,Daylight,Wet,Non-Fatal Injury,Pedestrian Collisions,Driver,35 to 39,None,,North,"Automobile, Station Wagon",Turning Left,Failed to Yield Right of Way,Normal,,,,,,,Yes,,Yes,,,,,,,Yes,,,,144,Morningside Heights,131,Rouge (131),D42,641781.2028,4852751.165
4249,5191768,1081583,14/01/2009,2009,1355,TAPSCOTT RD,FINCH AVE E,,Minor Arterial,Scarborough,43.814245,-79.23709,At Intersection,Traffic Signal,Snow,Daylight,Wet,Non-Fatal Injury,Pedestrian Collisions,Pedestrian,60 to 64,Major,,,Other,,,,Vehicle turns left while ped crosses with ROW at inter.,Crossing with right of way,Normal,,,,Yes,,Yes,,,,,,,Yes,,,,144,Morningside Heights,131,Rouge (131),D42,641781.2028,4852751.165
4250,5208710,1090872,18/01/2009,2009,1528,DUFFERIN ST,WINGOLD AVE,,Major Arterial,North York,43.703845,-79.45249,,Traffic Signal,Snow,Daylight,Slush,Non-Fatal Injury,Angle,Vehicle Owner,unknown,,,,Other,,,,,,,,,,,,Yes,,,Yes,,,,Yes,Yes,,,31,Yorkdale-Glen Park,31,Yorkdale-Glen Park (31),D13,624686.708,4840143.025
4251,5208711,1090872,18/01/2009,2009,1528,DUFFERIN ST,WINGOLD AVE,,Major Arterial,North York,43.703845,-79.45249,,Traffic Signal,Snow,Daylight,Slush,Non-Fatal Injury,Angle,Driver,45 to 49,None,,South,Municipal Transit Bus (TTC),Going Ahead,Driving Properly,Normal,,,,,,,,,Yes,,,Yes,,,,Yes,Yes,,,31,Yorkdale-Glen Park,31,Yorkdale-Glen Park (31),D13,624686.708,4840143.025
4252,5208712,1090872,18/01/2009,2009,1528,DUFFERIN ST,WINGOLD AVE,,Major Arterial,North York,43.703845,-79.45249,,Traffic Signal,Snow,Daylight,Slush,Non-Fatal Injury,Angle,Driver,45 to 49,Major,,East,"Automobile, Station Wagon",Going Ahead,Disobeyed Traffic Control,Inattentive,,,,,,,,,Yes,,,Yes,,,,Yes,Yes,,,31,Yorkdale-Glen Park,31,Yorkdale-Glen Park (31),D13,624686.708,4840143.025
4253,5217309,1094623,19/01/2009,2009,1805,EGLINTON AVE E,RUMSEY RD,,Major Arterial,North York,43.712545,-79.36969,At Intersection,Traffic Signal,Snow,Dark,Ice,Non-Fatal Injury,Turning Movement,Passenger,65 to 69,Major,,,Other,,,,,,,,,,,,Yes,,,,,Yes,,,,,,56,Leaside-Bennington,56,Leaside-Bennington (56),D53,631339.1715,4841237.146
4254,5217310,1094623,19/01/2009,2009,1805,EGLINTON AVE E,RUMSEY RD,,Major Arterial,North York,43.712545,-79.36969,At Intersection,Traffic Signal,Snow,Dark,Ice,Non-Fatal Injury,Turning Movement,Driver,55 to 59,None,,East,"Automobile, Station Wagon",Going Ahead,Driving Properly,Normal,,,,,,,,,Yes,,,,,Yes,,,,,,56,Leaside-Bennington,56,Leaside-Bennington (56),D53,631339.1715,4841237.146
4255,5217311,1094623,19/01/2009,2009,1805,EGLINTON AVE E,RUMSEY RD,,Major Arterial,North York,43.712545,-79.36969,At Intersection,Traffic Signal,Snow,Dark,Ice,Non-Fatal Injury,Turning Movement,Driver,35 to 39,Minor,,West,"Automobile, Station Wagon",Turning Left,Improper Turn,Inattentive,,,,,,,,,Yes,,,,,Yes,,,,,,56,Leaside-Bennington,56,Leaside-Bennington (56),D53,631339.1715,4841237.146
4256,5208124,1090599,20/01/2009,2009,1320,LAKE SHORE Boul E,LOWER SHERBOURNE Stre,,Major Arterial,Toronto and East York,43.646245,-79.36609,At Intersection,Traffic Signal,Clear,Daylight,Wet,Non-Fatal Injury,Sideswipe,Passenger,30 to 34,Minimal,,,Other,,,,,,,,,,,,Yes,,Yes,,,Yes,,,,,,166,St Lawrence-East Bayfront-The Islands,77,Waterfront Communities-The Island (77),D51,631774.2542,4833879.335
4257,5208125,1090599,20/01/2009,2009,1320,LAKE SHORE Boul E,LOWER SHERBOURNE Stre,,Major Arterial,Toronto and East York,43.646245,-79.36609,At Intersection,Traffic Signal,Clear,Daylight,Wet,Non-Fatal Injury,Sideswipe,Vehicle Owner,unknown,,,,Other,,,,,,,,,,,,Yes,,Yes,,,Yes,,,,,,166,St Lawrence-East Bayfront-The Islands,77,Waterfront Communities-The Island (77),D51,631774.2542,4833879.335
4258,5208126,1090599,20/01/2009,2009,1320,LAKE SHORE Boul E,LOWER SHERBOURNE Stre,,Major Arterial,Toronto and East York,43.646245,-79.36609,At Intersection,Traffic Signal,Clear,Daylight,Wet,Non-Fatal Injury,Sideswipe,Truck Driver,50 to 54,Minor,,West,Truck - Open,Going Ahead,Driving Properly,Normal,,,,,,,,,Yes,,Yes,,,Yes,,,,,,166,St Lawrence-East Bayfront-The Islands,77,Waterfront Communities-The Island (77),D51,631774.2542,4833879.335
4259,5208127,1090599,20/01/2009,2009,1320,LAKE SHORE Boul E,LOWER SHERBOURNE Stre,,Major Arterial,Toronto and East York,43.646245,-79.36609,At Intersection,Traffic Signal,Clear,Daylight,Wet,Non-Fatal Injury,Sideswipe,Driver,25 to 29,Major,,West,"Automobile, Station Wagon",Turning Left,Improper Turn,Normal,,,,,,,,,Yes,,Yes,,,Yes,,,,,,166,St Lawrence-East Bayfront-The Islands,77,Waterfront Communities-The Island (77),D51,631774.2542,4833879.335
4260,5859650,1083196,21/01/2009,2009,1532,1317 PAPE Ave,,,Major Arterial,Toronto and East York,43.695323,-79.351032,,No Control,Clear,Dusk,Loose Snow,Non-Fatal Injury,Approaching,Passenger,50 to 54,Major,,,Other,,,,,,,,,,,,Yes,,,,,Yes,,,,,,58,Old East York,58,Old East York (58),D55,632880.3372,4839354.132
4261,5859651,1083196,21/01/2009,2009,1532,1317 PAPE Ave,,,Major Arterial,Toronto and East York,43.695323,-79.351032,,No Control,Clear,Dusk,Loose Snow,Non-Fatal Injury,Approaching,Driver,65 to 69,Minor,,North,Taxi,Going Ahead,Driving Properly,Normal,,,,,,,,,Yes,,,,,Yes,,,,,,58,Old East York,58,Old East York (58),D55,632880.3372,4839354.132
4262,5859652,1083196,21/01/2009,2009,1532,1317 PAPE Ave,,,Major Arterial,Toronto and East York,43.695323,-79.351032,,No Control,Clear,Dusk,Loose Snow,Non-Fatal Injury,Approaching,Driver,70 to 74,Minor,,South,"Automobile, Station Wagon",Going Ahead,Lost control,Normal,,,,,,,,,Yes,,,,,Yes,,,,,,58,Old East York,58,Old East York (58),D55,632880.3372,4839354.132
4263,5194914,1083896,24/01/2009,2009,1420,COMMISSIONERS Stre,DON ROADWAY,,Collector,Toronto and East York,43.648545,-79.34499,,No Control,Clear,Daylight,Dry,Non-Fatal Injury,SMV Other,Driver,25 to 29,None,,West,"Automobile, Station Wagon",Going Ahead,,,,,,,,,,,Yes,,,,,Yes,,,,,,70,South Riverdale,70,South Riverdale (70),D55,633470.8864,4834168.5
4264,5194915,1083896,24/01/2009,2009,1420,COMMISSIONERS Stre,DON ROADWAY,,Collector,Toronto and East York,43.648545,-79.34499,,No Control,Clear,Daylight,Dry,Non-Fatal Injury,SMV Other,Passenger,25 to 29,Major,,,Other,Other,,,,,,,,,,,Yes,,,,,Yes,,,,,,70,South Riverdale,70,South Riverdale (70),D55,633470.8864,4834168.5
4265,5217877,1094875,26/01/2009,2009,17,LAKE SHORE Boul E,CARLAW Aven,,Major Arterial,Toronto and East York,43.654945,-79.33739,At Intersection,Traffic Signal,Clear,Dark,Dry,Non-Fatal Injury,Turning Movement,Driver,55 to 59,Major,,West,"Automobile, Station Wagon",Going Ahead,Driving Properly,Normal,,,,,,,,,Yes,,,,,,,Yes,,,,70,South Riverdale,70,South Riverdale (70),D55,634069.5657,4834891.556
4266,5217878,1094875,26/01/2009,2009,17,LAKE SHORE Boul E,CARLAW Aven,,Major Arterial,Toronto and East York,43.654945,-79.33739,At Intersection,Traffic Signal,Clear,Dark,Dry,Non-Fatal Injury,Turning Movement,Driver,20 to 24,Minimal,,East,"Automobile, Station Wagon",Turning Left,Failed to Yield Right of Way,Inattentive,,,,,,,,,Yes,,,,,,,Yes,,,,70,South Riverdale,70,South Riverdale (70),D55,634069.5657,4834891.556
4267,5212903,1092716,28/01/2009,2009,1352,GERRARD St E,YONGE St,,Major Arterial,Toronto and East York,43.659045,-79.38209,,No Control,Snow,Daylight,Packed Snow,Non-Fatal Injury,Rear End,Vehicle Owner,unknown,,,,Other,,,,,,,,,,,,Yes,,,,,,,,,,,168,Downtown Yonge East,75,Church-Yonge Corridor (75),D51,630456.1285,4835275.662
4268,5212904,1092716,28/01/2009,2009,1352,GERRARD St E,YONGE St,,Major Arterial,Toronto and East York,43.659045,-79.38209,,No Control,Snow,Daylight,Packed Snow,Non-Fatal Injury,Rear End,Vehicle Owner,unknown,,,,Other,,,,,,,,,,,,Yes,,,,,,,,,,,168,Downtown Yonge East,75,Church-Yonge Corridor (75),D51,630456.1285,4835275.662
4269,5212905,1092716,28/01/2009,2009,1352,GERRARD St E,YONGE St,,Major Arterial,Toronto and East York,43.659045,-79.38209,,No Control,Snow,Daylight,Packed Snow,Non-Fatal Injury,Rear End,Driver,45 to 49,None,,East,"Automobile, Station Wagon",Stopped,Driving Properly,Normal,,,,,,,,,Yes,,,,,,,,,,,168,Downtown Yonge East,75,Church-Yonge Corridor (75),D51,630456.1285,4835275.662
4270,5212906,1092716,28/01/2009,2009,1352,GERRARD St E,YONGE St,,Major Arterial,Toronto and East York,43.659045,-79.38209,,No Control,Snow,Daylight,Packed Snow,Non-Fatal Injury,Rear End,Driver,20 to 24,Major,,East,"Automobile, Station Wagon",Slowing or Stopping,Lost control,Normal,,,,,,,,,Yes,,,,,,,,,,,168,Downtown Yonge East,75,Church-Yonge Corridor (75),D51,630456.1285,4835275.662
4271,5807040,1084902,28/01/2009,2009,2119,THE EAST MALL,EVANS Aven,,Major Arterial,Etobicoke York,43.611845,-79.54379,,No Control,Clear,Dark,Loose Snow,Non-Fatal Injury,SMV Other,Passenger,unknown,Minor,,South,"Automobile, Station Wagon",Going Ahead,,,,,,,,,,,Yes,,,,,Yes,,,,,,20,Alderwood,20,Alderwood (20),D22,617509.6992,4829791.982
4272,5807041,1084902,28/01/2009,2009,2119,THE EAST MALL,EVANS Aven,,Major Arterial,Etobicoke York,43.611845,-79.54379,,No Control,Clear,Dark,Loose Snow,Non-Fatal Injury,SMV Other,Driver,75 to 79,Major,,South,"Automobile, Station Wagon",Other,,,,,,,,,,,Yes,,,,,Yes,,,,,,20,Alderwood,20,Alderwood (20),D22,617509.6992,4829791.982
4273,5211724,1092227,31/01/2009,2009,1700,BLACK CREEK DR,EGLINTON AVE W,,Major Arterial,Etobicoke York,43.688345,-79.48289,At Intersection,Traffic Signal,Clear,Dusk,Dry,Non-Fatal Injury,Rear End,Driver,40 to 44,Major,,North,"Automobile, Station Wagon",Stopped,Driving Properly,Normal,,,,,,,,,Yes,,,,,,,Yes,,,,110,Keelesdale-Eglinton West,110,Keelesdale-Eglinton West (110),D12,622268.7809,4838376.266
4274,5211725,1092227,31/01/2009,2009,1700,BLACK CREEK DR,EGLINTON AVE W,,Major Arterial,Etobicoke York,43.688345,-79.48289,At Intersection,Traffic Signal,Clear,Dusk,Dry,Non-Fatal Injury,Rear End,Vehicle Owner,unknown,,,,Other,,,,,,,,,,,,Yes,,,,,,,Yes,,,,110,Keelesdale-Eglinton West,110,Keelesdale-Eglinton West (110),D12,622268.7809,4838376.266
4275,5211726,1092227,31/01/2009,2009,1700,BLACK CREEK DR,EGLINTON AVE W,,Major Arterial,Etobicoke York,43.688345,-79.48289,At Intersection,Traffic Signal,Clear,Dusk,Dry,Non-Fatal Injury,Rear End,Driver,35 to 39,None,,North,"Automobile, Station Wagon",Going Ahead,Failed to Yield Right of Way,Inattentive,,,,,,,,,Yes,,,,,,,Yes,,,,110,Keelesdale-Eglinton West,110,Keelesdale-Eglinton West (110),D12,622268.7809,4838376.266
4276,5213057,1092784,02/02/2009,2009,930,GREENWOOD Aven,DUNDAS Stre E,,Minor Arterial,Toronto and East York,43.667545,-79.32659,At Intersection,Traffic Signal,Clear,Daylight,Dry,Non-Fatal Injury,Pedestrian Collisions,Driver,50 to 54,None,,South,"Automobile, Station Wagon",Turning Left,Failed to Yield Right of Way,Normal,,,,,,,Yes,,Yes,,,,,,,Yes,,,,65,Greenwood-Coxwell,65,Greenwood-Coxwell (65),D55,634912.2407,4836308.463
4277,5213058,1092784,02/02/2009,2009,930,GREENWOOD Aven,DUNDAS Stre E,,Minor Arterial,Toronto and East York,43.667545,-79.32659,At Intersection,Traffic Signal,Clear,Daylight,Dry,Non-Fatal Injury,Pedestrian Collisions,Pedestrian,35 to 39,Major,,,Other,,,,Vehicle turns left while ped crosses with ROW at inter.,Crossing with right of way,Normal,,,,Yes,,Yes,,,,,,,Yes,,,,65,Greenwood-Coxwell,65,Greenwood-Coxwell (65),D55,634912.2407,4836308.463
4278,5213082,1092795,02/02/2009,2009,1345,3372 KEELE ST,,,Major Arterial,North York,43.747545,-79.48709,,No Control,Clear,Daylight,Dry,Non-Fatal Injury,Turning Movement,Vehicle Owner,unknown,,,,Other,,,,,,,,,,,,Yes,,,,,Yes,,,,,,27,York University Heights,27,York University Heights (27),D31,621810.2721,4844945.075
4279,5213083,1092795,02/02/2009,2009,1345,3372 KEELE ST,,,Major Arterial,North York,43.747545,-79.48709,,No Control,Clear,Daylight,Dry,Non-Fatal Injury,Turning Movement,Driver,20 to 24,Minor,,South,"Automobile, Station Wagon",Going Ahead,Driving Properly,Normal,,,,,,,,,Yes,,,,,Yes,,,,,,27,York University Heights,27,York University Heights (27),D31,621810.2721,4844945.075
4280,5213084,1092795,02/02/2009,2009,1345,3372 KEELE ST,,,Major Arterial,North York,43.747545,-79.48709,,No Control,Clear,Daylight,Dry,Non-Fatal Injury,Turning Movement,Passenger,unknown,Major,,,Other,,,,,,,,,,,,Yes,,,,,Yes,,,,,,27,York University Heights,27,York University Heights (27),D31,621810.2721,4844945.075
4281,5213085,1092795,02/02/2009,2009,1345,3372 KEELE ST,,,Major Arterial,North York,43.747545,-79.48709,,No Control,Clear,Daylight,Dry,Non-Fatal Injury,Turning Movement,Driver,20 to 24,None,,East,"Automobile, Station Wagon",Stopped,Driving Properly,Normal,,,,,,,,,Yes,,,,,Yes,,,,,,27,York University Heights,27,York University Heights (27),D31,621810.2721,4844945.075
4282,5213086,1092795,02/02/2009,2009,1345,3372 KEELE ST,,,Major Arterial,North York,43.747545,-79.48709,,No Control,Clear,Daylight,Dry,Non-Fatal Injury,Turning Movement,Passenger,0 to 4,Minor,,,Other,,,,,,,,,,,,Yes,,,,,Yes,,,,,,27,York University Heights,27,York University Heights (27),D31,621810.2721,4844945.075
4283,5213087,1092795,02/02/2009,2009,1345,3372 KEELE ST,,,Major Arterial,North York,43.747545,-79.48709,,No Control,Clear,Daylight,Dry,Non-Fatal Injury,Turning Movement,Passenger,unknown,Minor,,,Other,,,,,,,,,,,,Yes,,,,,Yes,,,,,,27,York University Heights,27,York University Heights (27),D31,621810.2721,4844945.075
4284,5213088,1092795,02/02/2009,2009,1345,3372 KEELE ST,,,Major Arterial,North York,43.747545,-79.48709,,No Control,Clear,Daylight,Dry,Non-Fatal Injury,Turning Movement,Passenger,45 to 49,Minor,,,Other,,,,,,,,,,,,Yes,,,,,Yes,,,,,,27,York University Heights,27,York University Heights (27),D31,621810.2721,4844945.075
4285,5213089,1092795,02/02/2009,2009,1345,3372 KEELE ST,,,Major Arterial,North York,43.747545,-79.48709,,No Control,Clear,Daylight,Dry,Non-Fatal Injury,Turning Movement,Driver,30 to 34,None,,North,"Automobile, Station Wagon",Turning Left,Improper Turn,Normal,,,,,,,,,Yes,,,,,Yes,,,,,,27,York University Heights,27,York University Heights (27),D31,621810.2721,4844945.075
4286,5198131,1085958,02/02/2009,2009,1430,KINGSTON Road,SHARPE Stre,,Major Arterial,Scarborough,43.706345,-79.25129,At Intersection,Traffic Signal,Clear,Daylight,Dry,Non-Fatal Injury,Pedestrian Collisions,Driver,50 to 54,None,,South,"Automobile, Station Wagon",Turning Left,Failed to Yield Right of Way,Inattentive,,,,,,,Yes,,Yes,,,,,,,Yes,,,,122,Birchcliffe-Cliffside,122,Birchcliffe-Cliffside (122),D41,640892.2152,4840742.969
4287,5198132,1085958,02/02/2009,2009,1430,KINGSTON Road,SHARPE Stre,,Major Arterial,Scarborough,43.706345,-79.25129,At Intersection,Traffic Signal,Clear,Daylight,Dry,Non-Fatal Injury,Pedestrian Collisions,Pedestrian,80 to 84,Major,,North,Other,,,,Vehicle turns left while ped crosses with ROW at inter.,Crossing with right of way,Normal,,,,Yes,,Yes,,,,,,,Yes,,,,122,Birchcliffe-Cliffside,122,Birchcliffe-Cliffside (122),D41,640892.2152,4840742.969
4288,5198133,1085959,02/02/2009,2009,1610,FINCH AVE W,WESTON RD,,Major Arterial,Etobicoke York,43.752045,-79.54239,At Intersection,Traffic Signal,Clear,Daylight,Dry,Fatal,Pedestrian Collisions,Vehicle Owner,unknown,,,,Other,,,,,,,,,,Yes,,,,Yes,,,,,Yes,,,,22,Humbermede,22,Humbermede (22),D31,617349.0263,4845365.037
4289,5198134,1085959,02/02/2009,2009,1610,FINCH AVE W,WESTON RD,,Major Arterial,Etobicoke York,43.752045,-79.54239,At Intersection,Traffic Signal,Clear,Daylight,Dry,Fatal,Pedestrian Collisions,Truck Driver,55 to 59,None,,South,Truck - Open,Turning Left,Failed to Yield Right of Way,Normal,,,,,,,Yes,,,,Yes,,,,,Yes,,,,22,Humbermede,22,Humbermede (22),D31,617349.0263,4845365.037
4290,5198135,1085959,02/02/2009,2009,1610,FINCH AVE W,WESTON RD,,Major Arterial,Etobicoke York,43.752045,-79.54239,At Intersection,Traffic Signal,Clear,Daylight,Dry,Fatal,Pedestrian Collisions,Pedestrian,90 to 94,Fatal,3,North,Other,,,,Vehicle turns left while ped crosses with ROW at inter.,Crossing with right of way,Medical or Physical Disability,,,,Yes,,,,Yes,,,,,Yes,,,,22,Humbermede,22,Humbermede (22),D31,617349.0263,4845365.037
4291,5213306,1092879,05/02/2009,2009,905,YORK MILLS RD,HARRISON RD,,Major Arterial,North York,43.749745,-79.37879,At Intersection,Traffic Signal,Clear,Daylight,Dry,Non-Fatal Injury,Pedestrian Collisions,Vehicle Owner,unknown,,,,Other,,,,,,,,,,Yes,,Yes,,,,,,,,,,,40,St.Andrew-Windfields,40,St.Andrew-Windfields (40),D33,630525.2248,4845354.369
4292,5213307,1092879,05/02/2009,2009,905,YORK MILLS RD,HARRISON RD,,Major Arterial,North York,43.749745,-79.37879,At Intersection,Traffic Signal,Clear,Daylight,Dry,Non-Fatal Injury,Pedestrian Collisions,Driver,35 to 39,None,,South,"Automobile, Station Wagon",Turning Left,Improper Turn,Normal,,,,,,,Yes,,Yes,,,,,,,,,,,40,St.Andrew-Windfields,40,St.Andrew-Windfields (40),D33,630525.2248,4845354.369
4293,5213308,1092879,05/02/2009,2009,905,YORK MILLS RD,HARRISON RD,,Major Arterial,North York,43.749745,-79.37879,At Intersection,Traffic Signal,Clear,Daylight,Dry,Non-Fatal Injury,Pedestrian Collisions,Pedestrian,20 to 24,Major,,North,Other,,,,Vehicle turns left while ped crosses with ROW at inter.,Crossing with right of way,Normal,,,,Yes,,Yes,,,,,,,,,,,40,St.Andrew-Windfields,40,St.Andrew-Windfields (40),D33,630525.2248,4845354.369
4294,5214237,1093260,08/02/2009,2009,1856,DUNDAS ST W,BERESFORD AVE,,Major Arterial,Toronto and East York,43.665545,-79.48289,,No Control,Clear,Dark,Dry,Non-Fatal Injury,Cyclist Collisions,Driver,50 to 54,None,,West,"Automobile, Station Wagon",Going Ahead,Driving Properly,Normal,,,,,,,,Yes,Yes,,,,,,,,,,,89,Runnymede-Bloor West Village,89,Runnymede-Bloor West Village (89),D11,622315.096,4835844.022
4295,5214238,1093260,08/02/2009,2009,1856,DUNDAS ST W,BERESFORD AVE,,Major Arterial,Toronto and East York,43.665545,-79.48289,,No Control,Clear,Dark,Dry,Non-Fatal Injury,Cyclist Collisions,Cyclist,45 to 49,Major,,East,Bicycle,Changing Lanes,,,,,,Insufficient information (to determine cyclist crash type).,Failed to Yield Right of Way,Had Been Drinking,,Yes,Yes,,,,,,,,,,,89,Runnymede-Bloor West Village,89,Runnymede-Bloor West Village (89),D11,622315.096,4835844.022
4296,5201584,1087565,09/02/2009,2009,2,PAPE Aven,LIPTON Aven,,Major Arterial,Toronto and East York,43.679945,-79.34529,,No Control,Clear,Dark,Dry,Non-Fatal Injury,Pedestrian Collisions,Driver,35 to 39,None,,North,"Automobile, Station Wagon",Going Ahead,Driving Properly,Normal,,,,,,,Yes,,Yes,,,,,,,,,,,67,Playter Estates-Danforth,67,Playter Estates-Danforth (67),D55,633377.1351,4837655.41
4297,5201585,1087565,09/02/2009,2009,2,PAPE Aven,LIPTON Aven,,Major Arterial,Toronto and East York,43.679945,-79.34529,,No Control,Clear,Dark,Dry,Non-Fatal Injury,Pedestrian Collisions,Pedestrian,70 to 74,Major,,West,Other,,,,Pedestrian hit at mid-block,"Crossing, no Traffic Control",Unknown,,,,Yes,,Yes,,,,,,,,,,,67,Playter Estates-Danforth,67,Playter Estates-Danforth (67),D55,633377.1351,4837655.41
4298,5215696,1093891,12/02/2009,2009,1,MIDDLEFIELD Road,PASSMORE Aven,,Minor Arterial,Scarborough,43.827345,-79.26519,,No Control,Rain,Dark,Wet,Non-Fatal Injury,SMV Other,Driver,unknown,Major,,South,Other,Going Ahead,Lost control,Normal,,,,,,,,,,,,,,,,,,,,130,Milliken,130,Milliken (130),D42,639490.7361,4854158.364
4299,5215697,1093891,12/02/2009,2009,1,MIDDLEFIELD Road,PASSMORE Aven,,Minor Arterial,Scarborough,43.827345,-79.26519,,No Control,Rain,Dark,Wet,Non-Fatal Injury,SMV Other,Other Property Owner,unknown,,,,Other,,,,,,,,,,,,,,,,,,,,,,,130,Milliken,130,Milliken (130),D42,639490.7361,4854158.364
4300,5215597,1093852,12/02/2009,2009,1444,DUFFERIN ST,BANK ST,,Minor Arterial,Toronto and East York,43.647745,-79.43069,,No Control,Clear,Daylight,Dry,Non-Fatal Injury,Approaching,Driver,35 to 39,Major,,North,"Automobile, Station Wagon",Going Ahead,Lost control,Inattentive,,,,,,,,,Yes,,,Yes,,,,,,,,84,Little Portugal,84,Little Portugal (84),D14,626561.0842,4833945.383
4301,5215598,1093852,12/02/2009,2009,1444,DUFFERIN ST,BANK ST,,Minor Arterial,Toronto and East York,43.647745,-79.43069,,No Control,Clear,Daylight,Dry,Non-Fatal Injury,Approaching,Vehicle Owner,unknown,,,,Other,,,,,,,,,,,,Yes,,,Yes,,,,,,,,84,Little Portugal,84,Little Portugal (84),D14,626561.0842,4833945.383
4302,5215599,1093852,12/02/2009,2009,1444,DUFFERIN ST,BANK ST,,Minor Arterial,Toronto and East York,43.647745,-79.43069,,No Control,Clear,Daylight,Dry,Non-Fatal Injury,Approaching,Driver,45 to 49,None,,South,Municipal Transit Bus (TTC),Going Ahead,Driving Properly,Normal,,,,,,,,,Yes,,,Yes,,,,,,,,84,Little Portugal,84,Little Portugal (84),D14,626561.0842,4833945.383
4303,5204827,1088989,13/02/2009,2009,125,423 BRIMORTON DR,,,Collector,Scarborough,43.768945,-79.23769,,No Control,Clear,Dark,Dry,Fatal,SMV Other,Passenger,20 to 24,Fatal,4,,Other,,,,,,,,,,,,Yes,,,,,Yes,,,,Yes,,142,Woburn North,137,Woburn (137),D43,641840.0762,4847718.847
4304,5204828,1088989,13/02/2009,2009,125,423 BRIMORTON DR,,,Collector,Scarborough,43.768945,-79.23769,,No Control,Clear,Dark,Dry,Fatal,SMV Other,Driver,20 to 24,Minor,,West,"Automobile, Station Wagon",Going Ahead,Lost control,"Ability Impaired, Alcohol",,,,,,,,,Yes,,,,,Yes,,,,Yes,,142,Woburn North,137,Woburn (137),D43,641840.0762,4847718.847