OBJECTID,INDEX,ACCNUM,DATE,ACCIDENT_YEAR,TIME,STREET1,STREET2,OFFSET,ROAD_CLASS,DISTRICT,LATITUDE,LONGITUDE,ACCLOC,TRAFFCTL,VISIBILITY,LIGHT,RDSFCOND,ACCLASS,IMPACTYPE,INVTYPE,INVAGE,INJURY,FATAL_NO,INITDIR,VEHTYPE,MANOEUVER,DRIVACT,DRIVCOND,PEDTYPE,PEDACT,PEDCOND,CYCLISTYPE,CYCACT,CYCCOND,PEDESTRIAN,CYCLIST,AUTOMOBILE,MOTORCYCLE,TRUCK,TRSN_CITY_VEH,EMERG_VEH,PASSENGER,SPEEDING,AG_DRIV,REDLIGHT,ALCOHOL,DISABILITY,HOOD_158,NEIGHBOURHOOD_158,HOOD_140,NEIGHBOURHOOD_140,DIVISION,x,y
4744,5252927,1110560,22/06/2009,2009,2350,F G GARDINER Expr W,DUFFERIN Stre,,,Toronto and East York,43.634945,-79.42139,,No Control,Clear,Dark,Dry,Non-Fatal Injury,Rear End,Driver,25 to 29,Minor,,West,"Automobile, Station Wagon",Stopped,Driving Properly,Normal,,,,,,,,,Yes,,,,,,,Yes,,,,163,Fort York-Liberty Village,82,Niagara (82),D14,627338.1526,4832538.003
4745,5253284,1110725,23/06/2009,2009,1449,BLOOR ST W,ST HELENS AVE,,Major Arterial,Toronto and East York,43.658045,-79.44399,At Intersection,Stop Sign,Clear,Daylight,Dry,Fatal,Pedestrian Collisions,Vehicle Owner,unknown,,,,Other,,,,,,,,,,Yes,,,,Yes,,,,,Yes,,,,83,Dufferin Grove,83,Dufferin Grove (83),D11,625467.0105,4835069.135
4746,5253285,1110725,23/06/2009,2009,1449,BLOOR ST W,ST HELENS AVE,,Major Arterial,Toronto and East York,43.658045,-79.44399,At Intersection,Stop Sign,Clear,Daylight,Dry,Fatal,Pedestrian Collisions,Truck Driver,30 to 34,None,,North,Truck - Open,Turning Left,Failed to Yield Right of Way,Normal,,,,,,,Yes,,,,Yes,,,,,Yes,,,,83,Dufferin Grove,83,Dufferin Grove (83),D11,625467.0105,4835069.135
4747,5253286,1110725,23/06/2009,2009,1449,BLOOR ST W,ST HELENS AVE,,Major Arterial,Toronto and East York,43.658045,-79.44399,At Intersection,Stop Sign,Clear,Daylight,Dry,Fatal,Pedestrian Collisions,Pedestrian,75 to 79,Fatal,17,West,Other,,,,Vehicle turns left while ped crosses with ROW at inter.,Crossing with right of way,Normal,,,,Yes,,,,Yes,,,,,Yes,,,,83,Dufferin Grove,83,Dufferin Grove (83),D11,625467.0105,4835069.135
4748,5266944,1116707,23/06/2009,2009,1900,PALMERSTON AVE,DUNDAS ST W,,Major Arterial,Toronto and East York,43.651745,-79.40849,,Stop Sign,Clear,Daylight,Dry,Non-Fatal Injury,Pedestrian Collisions,Pedestrian,90 to 94,Major,,,Other,,,,Vehicle turns left while ped crosses with ROW at inter.,Crossing with right of way,Normal,,,,Yes,Yes,,,,,,,,,,,,81,Trinity-Bellwoods,81,Trinity-Bellwoods (81),D14,628342.9591,4834423.731
4749,5266945,1116707,23/06/2009,2009,1900,PALMERSTON AVE,DUNDAS ST W,,Major Arterial,Toronto and East York,43.651745,-79.40849,,Stop Sign,Clear,Daylight,Dry,Non-Fatal Injury,Pedestrian Collisions,Cyclist,15 to 19,None,,East,Bicycle,Turning Left,,,,,,Cyclist strikes pedestrian.,Failed to Yield Right of Way,Normal,Yes,Yes,,,,,,,,,,,,81,Trinity-Bellwoods,81,Trinity-Bellwoods (81),D14,628342.9591,4834423.731
4750,5253844,1110977,24/06/2009,2009,2144,WILLIAM R ALLEN RD S,RIDELLE AVE,,,North York,43.705745,-79.43909,,No Control,Clear,Dark,Dry,Non-Fatal Injury,Rear End,Motorcycle Driver,35 to 39,Major,,South,Motorcycle,Slowing or Stopping,Driving Properly,Normal,,,,,,,,,Yes,Yes,,,,,,Yes,,,,31,Yorkdale-Glen Park,31,Yorkdale-Glen Park (31),D13,625762.4158,4840374.287
4751,5253845,1110977,24/06/2009,2009,2144,WILLIAM R ALLEN RD S,RIDELLE AVE,,,North York,43.705745,-79.43909,,No Control,Clear,Dark,Dry,Non-Fatal Injury,Rear End,Driver,25 to 29,None,,South,"Automobile, Station Wagon",Going Ahead,Following too Close,Normal,,,,,,,,,Yes,Yes,,,,,,Yes,,,,31,Yorkdale-Glen Park,31,Yorkdale-Glen Park (31),D13,625762.4158,4840374.287
4752,5253846,1110977,24/06/2009,2009,2144,WILLIAM R ALLEN RD S,RIDELLE AVE,,,North York,43.705745,-79.43909,,No Control,Clear,Dark,Dry,Non-Fatal Injury,Rear End,Driver,25 to 29,None,,South,"Automobile, Station Wagon",Slowing or Stopping,Driving Properly,Normal,,,,,,,,,Yes,Yes,,,,,,Yes,,,,31,Yorkdale-Glen Park,31,Yorkdale-Glen Park (31),D13,625762.4158,4840374.287
4753,5268125,1117245,25/06/2009,2009,1806,GLENHURST AVE,ROSENEATH GDNS,,Local,Toronto and East York,43.682245,-79.43459,,Stop Sign,Clear,Daylight,Dry,Non-Fatal Injury,Pedestrian Collisions,Driver,15 to 19,None,,East,"Automobile, Station Wagon",Going Ahead,Driving Properly,Normal,,,,,,,Yes,,Yes,,,,,,,,,,,107,Oakwood Village,107,Oakwood Village (107),D13,626174.257,4837771.125
4754,5268126,1117245,25/06/2009,2009,1806,GLENHURST AVE,ROSENEATH GDNS,,Local,Toronto and East York,43.682245,-79.43459,,Stop Sign,Clear,Daylight,Dry,Non-Fatal Injury,Pedestrian Collisions,Pedestrian,5 to 9,Major,,South,Other,,,,Vehicle is going straight thru inter.while ped cross without ROW,Running onto Roadway,Inattentive,,,,Yes,,Yes,,,,,,,,,,,107,Oakwood Village,107,Oakwood Village (107),D13,626174.257,4837771.125
4755,5270568,1118330,29/06/2009,2009,648,ALBION RD,WESTON RD,,Major Arterial,Etobicoke York,43.717445,-79.53839,,No Control,Clear,Daylight,Dry,Non-Fatal Injury,SMV Other,Driver,30 to 34,Major,,East,"Automobile, Station Wagon",Going Ahead,Lost control,Medical or Physical Disability,,,,,,,,,Yes,,,,,,,,,,Yes,23,Pelmo Park-Humberlea,23,Pelmo Park-Humberlea (23),D31,617738.8449,4841527.888
4756,5270569,1118330,29/06/2009,2009,648,ALBION RD,WESTON RD,,Major Arterial,Etobicoke York,43.717445,-79.53839,,No Control,Clear,Daylight,Dry,Non-Fatal Injury,SMV Other,Other Property Owner,unknown,,,,Other,,,,,,,,,,,,Yes,,,,,,,,,,Yes,23,Pelmo Park-Humberlea,23,Pelmo Park-Humberlea (23),D31,617738.8449,4841527.888
4757,5255424,1111668,29/06/2009,2009,1011,SHEPPARD AVE W,YEOMANS RD,,Major Arterial,North York,43.754545,-79.44319,,No Control,Clear,Daylight,Dry,Non-Fatal Injury,Pedestrian Collisions,Vehicle Owner,unknown,,,,Other,,,,,,,,,,Yes,,Yes,,,,,,,,,,,33,Clanton Park,33,Clanton Park (33),D32,625330.2503,4845788.018
4758,5255425,1111668,29/06/2009,2009,1011,SHEPPARD AVE W,YEOMANS RD,,Major Arterial,North York,43.754545,-79.44319,,No Control,Clear,Daylight,Dry,Non-Fatal Injury,Pedestrian Collisions,Driver,20 to 24,None,,East,"Automobile, Station Wagon",Going Ahead,Driving Properly,Normal,,,,,,,Yes,,Yes,,,,,,,,,,,33,Clanton Park,33,Clanton Park (33),D32,625330.2503,4845788.018
4759,5255426,1111668,29/06/2009,2009,1011,SHEPPARD AVE W,YEOMANS RD,,Major Arterial,North York,43.754545,-79.44319,,No Control,Clear,Daylight,Dry,Non-Fatal Injury,Pedestrian Collisions,Pedestrian,80 to 84,Major,,North,Other,,,,Vehicle is going straight thru inter.while ped cross without ROW,"Crossing, no Traffic Control",Inattentive,,,,Yes,,Yes,,,,,,,,,,,33,Clanton Park,33,Clanton Park (33),D32,625330.2503,4845788.018
4760,5270558,1118326,29/06/2009,2009,1542,QUEEN ST W,CAMERON ST,,Major Arterial,Toronto and East York,43.648545,-79.39739,,No Control,Clear,Daylight,Wet,Non-Fatal Injury,Angle,Motorcycle Driver,50 to 54,Major,,West,Motorcycle,Going Ahead,Driving Properly,Normal,,,,,,,,,Yes,Yes,,,,,,,,,,164,Wellington Place,78,Kensington-Chinatown (78),D14,629244.9609,4834085.556
4761,5270559,1118326,29/06/2009,2009,1542,QUEEN ST W,CAMERON ST,,Major Arterial,Toronto and East York,43.648545,-79.39739,,No Control,Clear,Daylight,Wet,Non-Fatal Injury,Angle,Vehicle Owner,unknown,,,,Other,,,,,,,,,,,,Yes,Yes,,,,,,,,,,164,Wellington Place,78,Kensington-Chinatown (78),D14,629244.9609,4834085.556
4762,5270560,1118326,29/06/2009,2009,1542,QUEEN ST W,CAMERON ST,,Major Arterial,Toronto and East York,43.648545,-79.39739,,No Control,Clear,Daylight,Wet,Non-Fatal Injury,Angle,Driver,50 to 54,None,,East,"Automobile, Station Wagon",Reversing,Other,Normal,,,,,,,,,Yes,Yes,,,,,,,,,,164,Wellington Place,78,Kensington-Chinatown (78),D14,629244.9609,4834085.556
4763,5270699,1118389,30/06/2009,2009,1158,AVENUE RD,GLENVIEW AVE,,Major Arterial,North York,43.717445,-79.41399,,No Control,Clear,Daylight,Dry,Non-Fatal Injury,Angle,Passenger,35 to 39,Minimal,,,Other,,,,,,,,,,,,Yes,,,,,Yes,,,,,,103,Lawrence Park South,103,Lawrence Park South (103),D53,627759.8775,4841712.12
4764,5270700,1118389,30/06/2009,2009,1158,AVENUE RD,GLENVIEW AVE,,Major Arterial,North York,43.717445,-79.41399,,No Control,Clear,Daylight,Dry,Non-Fatal Injury,Angle,Vehicle Owner,unknown,,,,Other,,,,,,,,,,,,Yes,,,,,Yes,,,,,,103,Lawrence Park South,103,Lawrence Park South (103),D53,627759.8775,4841712.12
4765,5270701,1118389,30/06/2009,2009,1158,AVENUE RD,GLENVIEW AVE,,Major Arterial,North York,43.717445,-79.41399,,No Control,Clear,Daylight,Dry,Non-Fatal Injury,Angle,Driver,45 to 49,Minimal,,North,"Automobile, Station Wagon",Going Ahead,Driving Properly,Normal,,,,,,,,,Yes,,,,,Yes,,,,,,103,Lawrence Park South,103,Lawrence Park South (103),D53,627759.8775,4841712.12
4766,5270702,1118389,30/06/2009,2009,1158,AVENUE RD,GLENVIEW AVE,,Major Arterial,North York,43.717445,-79.41399,,No Control,Clear,Daylight,Dry,Non-Fatal Injury,Angle,Driver,50 to 54,Major,,South,"Automobile, Station Wagon",Going Ahead,Lost control,Normal,,,,,,,,,Yes,,,,,Yes,,,,,,103,Lawrence Park South,103,Lawrence Park South (103),D53,627759.8775,4841712.12
4767,5792490,1111945,30/06/2009,2009,1930,5050 SHEPPARD AVE E,,,Major Arterial,Scarborough,43.793045,-79.24249,,No Control,Clear,Daylight,Dry,Fatal,Pedestrian Collisions,Vehicle Owner,unknown,,,,Other,,,,,,,,,,Yes,,,,,Yes,,,,Yes,,,,128,Agincourt South-Malvern West,128,Agincourt South-Malvern West (128),D42,641396.9151,4850387.322
4768,5792491,1111945,30/06/2009,2009,1930,5050 SHEPPARD AVE E,,,Major Arterial,Scarborough,43.793045,-79.24249,,No Control,Clear,Daylight,Dry,Fatal,Pedestrian Collisions,Driver,50 to 54,None,,East,Municipal Transit Bus (TTC),Turning Left,Failed to Yield Right of Way,Inattentive,,,,,,,Yes,,,,,Yes,,,,Yes,,,,128,Agincourt South-Malvern West,128,Agincourt South-Malvern West (128),D42,641396.9151,4850387.322
4769,5792492,1111945,30/06/2009,2009,1930,5050 SHEPPARD AVE E,,,Major Arterial,Scarborough,43.793045,-79.24249,,No Control,Clear,Daylight,Dry,Fatal,Pedestrian Collisions,Pedestrian,70 to 74,Fatal,24,East,Other,,,,Pedestrian involved in a collision with transit vehicle anywhere along roadway,On Sidewalk or Shoulder,Normal,,,,Yes,,,,,Yes,,,,Yes,,,,128,Agincourt South-Malvern West,128,Agincourt South-Malvern West (128),D42,641396.9151,4850387.322
4770,5860334,1119631,01/07/2009,2009,2120,BAYVIEW AVE,BAYVIEW MEWS LANE,,Major Arterial,North York,43.769345,-79.38869,At Intersection,Traffic Signal,Clear,Dark,Dry,Non-Fatal Injury,Pedestrian Collisions,Vehicle Owner,unknown,,,,Other,,,,,,,,,,Yes,,Yes,,,,,Yes,,Yes,Yes,,,152,East Willowdale,51,Willowdale East (51),D32,629685.8056,4847515.692
4771,5860335,1119631,01/07/2009,2009,2120,BAYVIEW AVE,BAYVIEW MEWS LANE,,Major Arterial,North York,43.769345,-79.38869,At Intersection,Traffic Signal,Clear,Dark,Dry,Non-Fatal Injury,Pedestrian Collisions,Driver,65 to 69,None,,South,"Automobile, Station Wagon",Turning Left,Failed to Yield Right of Way,Normal,,,,,,,Yes,,Yes,,,,,Yes,,Yes,Yes,,,152,East Willowdale,51,Willowdale East (51),D32,629685.8056,4847515.692
4772,5860336,1119631,01/07/2009,2009,2120,BAYVIEW AVE,BAYVIEW MEWS LANE,,Major Arterial,North York,43.769345,-79.38869,At Intersection,Traffic Signal,Clear,Dark,Dry,Non-Fatal Injury,Pedestrian Collisions,Passenger,20 to 24,Minimal,,,Other,,,,,,,,,,Yes,,Yes,,,,,Yes,,Yes,Yes,,,152,East Willowdale,51,Willowdale East (51),D32,629685.8056,4847515.692
4773,5860337,1119631,01/07/2009,2009,2120,BAYVIEW AVE,BAYVIEW MEWS LANE,,Major Arterial,North York,43.769345,-79.38869,At Intersection,Traffic Signal,Clear,Dark,Dry,Non-Fatal Injury,Pedestrian Collisions,Driver,20 to 24,None,,North,"Automobile, Station Wagon",Going Ahead,Disobeyed Traffic Control,Normal,,,,,,,Yes,,Yes,,,,,Yes,,Yes,Yes,,,152,East Willowdale,51,Willowdale East (51),D32,629685.8056,4847515.692
4774,5860338,1119631,01/07/2009,2009,2120,BAYVIEW AVE,BAYVIEW MEWS LANE,,Major Arterial,North York,43.769345,-79.38869,At Intersection,Traffic Signal,Clear,Dark,Dry,Non-Fatal Injury,Pedestrian Collisions,Other Property Owner,unknown,,,,Other,,,,,,,,,,Yes,,Yes,,,,,Yes,,Yes,Yes,,,152,East Willowdale,51,Willowdale East (51),D32,629685.8056,4847515.692
4775,5860339,1119631,01/07/2009,2009,2120,BAYVIEW AVE,BAYVIEW MEWS LANE,,Major Arterial,North York,43.769345,-79.38869,At Intersection,Traffic Signal,Clear,Dark,Dry,Non-Fatal Injury,Pedestrian Collisions,Pedestrian,50 to 54,Major,,,Other,,,,Pedestrian hit on sidewalk or shoulder,On Sidewalk or Shoulder,Normal,,,,Yes,,Yes,,,,,Yes,,Yes,Yes,,,152,East Willowdale,51,Willowdale East (51),D32,629685.8056,4847515.692
4776,5260419,1113871,04/07/2009,2009,300,EGLINTON AVE W,DUFFERIN ST,,Major Arterial,North York,43.695945,-79.44909,,No Control,Clear,Dark,Dry,Non-Fatal Injury,Pedestrian Collisions,Driver,unknown,None,,West,"Automobile, Station Wagon",Going Ahead,Failed to Yield Right of Way,Unknown,,,,,,,Yes,,Yes,,,,,,,Yes,,,,107,Oakwood Village,108,Briar Hill-Belgravia (108),D13,624977.0693,4839270.739
4777,5260420,1113871,04/07/2009,2009,300,EGLINTON AVE W,DUFFERIN ST,,Major Arterial,North York,43.695945,-79.44909,,No Control,Clear,Dark,Dry,Non-Fatal Injury,Pedestrian Collisions,Pedestrian,45 to 49,Major,,North,Other,,,,Pedestrian hit at mid-block,"Crossing, no Traffic Control",Normal,,,,Yes,,Yes,,,,,,,Yes,,,,107,Oakwood Village,108,Briar Hill-Belgravia (108),D13,624977.0693,4839270.739
4778,5257704,1112683,06/07/2009,2009,2030,DON VALLEY PARKWAY  N,ST DENNIS DR,,,North York,43.718745,-79.32799,,No Control,Clear,Daylight,Dry,Fatal,SMV Other,Passenger,20 to 24,Minor,,,Other,,,,,,,,,,,,Yes,,,,,Yes,Yes,Yes,,,,44,Flemingdon Park,44,Flemingdon Park (44),D55,634684.7043,4841992.665
4779,5257705,1112683,06/07/2009,2009,2030,DON VALLEY PARKWAY  N,ST DENNIS DR,,,North York,43.718745,-79.32799,,No Control,Clear,Daylight,Dry,Fatal,SMV Other,Passenger,20 to 24,Fatal,18,,Other,,,,,,,,,,,,Yes,,,,,Yes,Yes,Yes,,,,44,Flemingdon Park,44,Flemingdon Park (44),D55,634684.7043,4841992.665
4780,5257706,1112683,06/07/2009,2009,2030,DON VALLEY PARKWAY  N,ST DENNIS DR,,,North York,43.718745,-79.32799,,No Control,Clear,Daylight,Dry,Fatal,SMV Other,Vehicle Owner,unknown,,,,Other,,,,,,,,,,,,Yes,,,,,Yes,Yes,Yes,,,,44,Flemingdon Park,44,Flemingdon Park (44),D55,634684.7043,4841992.665
4781,5257707,1112683,06/07/2009,2009,2030,DON VALLEY PARKWAY  N,ST DENNIS DR,,,North York,43.718745,-79.32799,,No Control,Clear,Daylight,Dry,Fatal,SMV Other,Driver,20 to 24,Fatal,19,North,"Automobile, Station Wagon",Changing Lanes,Exceeding Speed Limit,Unknown,,,,,,,,,Yes,,,,,Yes,Yes,Yes,,,,44,Flemingdon Park,44,Flemingdon Park (44),D55,634684.7043,4841992.665
4782,5274369,1120071,06/07/2009,2009,2030,FINCH AVE W,WILMINGTON AVE,,Major Arterial,North York,43.770245,-79.46069,At Intersection,Traffic Signal,Clear,Daylight,Dry,Non-Fatal Injury,Turning Movement,Driver,75 to 79,None,,West,"Automobile, Station Wagon",Turning Left,Improper Turn,Normal,,,,,,,,,Yes,Yes,,,,,Yes,Yes,Yes,,,34,Bathurst Manor,34,Bathurst Manor (34),D32,623888.9988,4847505.406
4783,5274370,1120071,06/07/2009,2009,2030,FINCH AVE W,WILMINGTON AVE,,Major Arterial,North York,43.770245,-79.46069,At Intersection,Traffic Signal,Clear,Daylight,Dry,Non-Fatal Injury,Turning Movement,Motorcycle Driver,20 to 24,Major,,East,Motorcycle,Going Ahead,Disobeyed Traffic Control,Normal,,,,,,,,,Yes,Yes,,,,,Yes,Yes,Yes,,,34,Bathurst Manor,34,Bathurst Manor (34),D32,623888.9988,4847505.406
4784,5274085,1119932,06/07/2009,2009,2235,BRIMLEY RD S,BLUFFERS PARK RD,,Collector,Scarborough,43.709545,-79.23849,,No Control,Clear,Dark,Dry,Non-Fatal Injury,Cyclist Collisions,Driver,20 to 24,None,,North,"Automobile, Station Wagon",Going Ahead,Driving Properly,Normal,,,,,,,,Yes,Yes,,,,,,,,,,,123,Cliffcrest,123,Cliffcrest (123),D43,641915.9617,4841120.211
4785,5274086,1119932,06/07/2009,2009,2235,BRIMLEY RD S,BLUFFERS PARK RD,,Collector,Scarborough,43.709545,-79.23849,,No Control,Clear,Dark,Dry,Non-Fatal Injury,Cyclist Collisions,Cyclist,15 to 19,Major,,South,Bicycle,Going Ahead,,,,,,Cyclist falls off bike - no contact with motorist.,Lost control,Inattentive,,Yes,Yes,,,,,,,,,,,123,Cliffcrest,123,Cliffcrest (123),D43,641915.9617,4841120.211
4786,5259758,1113557,10/07/2009,2009,1900,KEELE ST,VICTORY DR,,Major Arterial,North York,43.728545,-79.48249,,No Control,Clear,Daylight,Dry,Non-Fatal Injury,Pedestrian Collisions,Vehicle Owner,unknown,,,,Other,,,,,,,,,,Yes,,Yes,,,,,,,Yes,,,,155,Downsview,26,Downsview-Roding-CFB (26),D31,622219.2886,4842841.625
4787,5259759,1113557,10/07/2009,2009,1900,KEELE ST,VICTORY DR,,Major Arterial,North York,43.728545,-79.48249,,No Control,Clear,Daylight,Dry,Non-Fatal Injury,Pedestrian Collisions,Driver,40 to 44,None,,North,"Automobile, Station Wagon",Going Ahead,Failed to Yield Right of Way,Inattentive,,,,,,,Yes,,Yes,,,,,,,Yes,,,,155,Downsview,26,Downsview-Roding-CFB (26),D31,622219.2886,4842841.625
4788,5259760,1113557,10/07/2009,2009,1900,KEELE ST,VICTORY DR,,Major Arterial,North York,43.728545,-79.48249,,No Control,Clear,Daylight,Dry,Non-Fatal Injury,Pedestrian Collisions,Pedestrian,15 to 19,Major,,East,Other,,,,Vehicle is going straight thru inter.while ped cross with ROW,Crossing with right of way,Inattentive,,,,Yes,,Yes,,,,,,,Yes,,,,155,Downsview,26,Downsview-Roding-CFB (26),D31,622219.2886,4842841.625
4789,5274973,1120288,10/07/2009,2009,2355,1144 ROYAL YORK RD,,,Minor Arterial,Etobicoke York,43.661045,-79.51739,,No Control,Clear,Dark,Dry,Non-Fatal Injury,Pedestrian Collisions,Driver,60 to 64,None,,South,"Automobile, Station Wagon",Going Ahead,Driving Properly,Normal,,,,,,,Yes,,Yes,,,,,,,,,,,9,Edenbridge-Humber Valley,9,Edenbridge-Humber Valley (9),D22,619542.4842,4835293.953
4790,5274974,1120288,10/07/2009,2009,2355,1144 ROYAL YORK RD,,,Minor Arterial,Etobicoke York,43.661045,-79.51739,,No Control,Clear,Dark,Dry,Non-Fatal Injury,Pedestrian Collisions,Pedestrian,50 to 54,Major,,East,Other,,,,Pedestrian hit at mid-block,"Crossing, no Traffic Control","Ability Impaired, Alcohol Over .80",,,,Yes,,Yes,,,,,,,,,,,9,Edenbridge-Humber Valley,9,Edenbridge-Humber Valley (9),D22,619542.4842,4835293.953
4791,5862257,1120462,11/07/2009,2009,559,WILSON AVE,ALLARD AVE,,Major Arterial,North York,43.737745,-79.42999,,No Control,Clear,Daylight,Dry,Non-Fatal Injury,SMV Other,Driver,60 to 64,Major,,East,"Automobile, Station Wagon",Going Ahead,Lost control,Fatigue,,,,,,,,,Yes,,,,,,,,,,,39,Bedford Park-Nortown,39,Bedford Park-Nortown (39),D32,626428.282,4843942.189
4792,5269698,1117940,13/07/2009,2009,1440,STANLEY AVE,QUEENS AVE,,Local,Etobicoke York,43.614845,-79.49209,,No Control,Clear,Daylight,Dry,Non-Fatal Injury,Pedestrian Collisions,Driver,20 to 24,None,,East,"Automobile, Station Wagon",Going Ahead,Driving Properly,Normal,,,,,,,Yes,,Yes,,,,,,,,,,,160,Mimico-Queensway,17,Mimico (includes Humber Bay Shores) (17),D22,621675.647,4830199.623
4793,5269699,1117940,13/07/2009,2009,1440,STANLEY AVE,QUEENS AVE,,Local,Etobicoke York,43.614845,-79.49209,,No Control,Clear,Daylight,Dry,Non-Fatal Injury,Pedestrian Collisions,Pedestrian,20 to 24,Major,,East,Other,,,,Pedestrian hit at mid-block,Other,Normal,,,,Yes,,Yes,,,,,,,,,,,160,Mimico-Queensway,17,Mimico (includes Humber Bay Shores) (17),D22,621675.647,4830199.623
4794,5862258,1120474,13/07/2009,2009,1743,GERRARD ST E,MALVERN AVE,,Minor Arterial,Toronto and East York,43.685145,-79.29469,At Intersection,Traffic Signal,Clear,Daylight,Dry,Non-Fatal Injury,Pedestrian Collisions,Driver,45 to 49,None,,North,"Automobile, Station Wagon",Turning Right,Improper Turn,Normal,,,,,,,Yes,,Yes,,,,,,,,,,,62,East End-Danforth,62,East End-Danforth (62),D55,637443.8965,4838315.56
4795,5862259,1120474,13/07/2009,2009,1743,GERRARD ST E,MALVERN AVE,,Minor Arterial,Toronto and East York,43.685145,-79.29469,At Intersection,Traffic Signal,Clear,Daylight,Dry,Non-Fatal Injury,Pedestrian Collisions,Pedestrian,15 to 19,Major,,West,Other,,,,Vehicle turns right while ped crosses with ROW at inter.,Crossing with right of way,Normal,,,,Yes,,Yes,,,,,,,,,,,62,East End-Danforth,62,East End-Danforth (62),D55,637443.8965,4838315.56
4796,5260626,1113959,13/07/2009,2009,1825,FRONT ST W,SPADINA AVE,,Major Arterial,Toronto and East York,43.642745,-79.39389,At Intersection,Traffic Signal,Clear,Daylight,Dry,Non-Fatal Injury,Cyclist Collisions,Driver,30 to 34,None,,West,"Automobile, Station Wagon",Going Ahead,Driving Properly,Normal,,,,,,,,Yes,Yes,,,,,,,,,,,165,Harbourfront-CityPlace,77,Waterfront Communities-The Island (77),D52,629539.693,4833446.848
4797,5260627,1113959,13/07/2009,2009,1825,FRONT ST W,SPADINA AVE,,Major Arterial,Toronto and East York,43.642745,-79.39389,At Intersection,Traffic Signal,Clear,Daylight,Dry,Non-Fatal Injury,Cyclist Collisions,Cyclist,30 to 34,Major,,North,Bicycle,Going Ahead,,,,,,"Cyclist without ROW rides into path of motorist at inter, lnwy, dwy-Cyclist not turn.",Disobeyed Traffic Control,Normal,,Yes,Yes,,,,,,,,,,,165,Harbourfront-CityPlace,77,Waterfront Communities-The Island (77),D52,629539.693,4833446.848
4798,5865152,1120536,13/07/2009,2009,2028,EGLINTON AVE W,BATHURST ST,,Major Arterial,North York,43.700945,-79.42559,,Traffic Signal,Clear,Daylight,Dry,Non-Fatal Injury,Cyclist Collisions,Vehicle Owner,unknown,,,,Other,,,,,,,,,,,Yes,Yes,,,,,,,,,,,106,Humewood-Cedarvale,106,Humewood-Cedarvale (106),D13,626860.244,4839861.748
4799,5865153,1120536,13/07/2009,2009,2028,EGLINTON AVE W,BATHURST ST,,Major Arterial,North York,43.700945,-79.42559,,Traffic Signal,Clear,Daylight,Dry,Non-Fatal Injury,Cyclist Collisions,Driver,20 to 24,None,,North,"Automobile, Station Wagon",Turning Left,Driving Properly,Normal,,,,,,,,Yes,Yes,,,,,,,,,,,106,Humewood-Cedarvale,106,Humewood-Cedarvale (106),D13,626860.244,4839861.748
4800,5865154,1120536,13/07/2009,2009,2028,EGLINTON AVE W,BATHURST ST,,Major Arterial,North York,43.700945,-79.42559,,Traffic Signal,Clear,Daylight,Dry,Non-Fatal Injury,Cyclist Collisions,Cyclist,20 to 24,Major,,South,Bicycle,Going Ahead,,,,,,"Cyclist without ROW rides into path of motorist at inter, lnwy, dwy-Cyclist not turn.",Disobeyed Traffic Control,Normal,,Yes,Yes,,,,,,,,,,,106,Humewood-Cedarvale,106,Humewood-Cedarvale (106),D13,626860.244,4839861.748
4801,5792549,1114459,16/07/2009,2009,8,SHEPPARD AVE E,MCCOWAN RD,,Major Arterial,Scarborough,43.791045,-79.25189,,No Control,Clear,Dark,Dry,Non-Fatal Injury,Turning Movement,Vehicle Owner,unknown,,,,Other,,,,,,,,,,,,Yes,Yes,,,,,Yes,Yes,,,,128,Agincourt South-Malvern West,128,Agincourt South-Malvern West (128),D42,640645.3401,4850149.173
4802,5792550,1114459,16/07/2009,2009,8,SHEPPARD AVE E,MCCOWAN RD,,Major Arterial,Scarborough,43.791045,-79.25189,,No Control,Clear,Dark,Dry,Non-Fatal Injury,Turning Movement,Driver,35 to 39,None,,East,"Automobile, Station Wagon",Turning Left,Improper Turn,Had Been Drinking,,,,,,,,,Yes,Yes,,,,,Yes,Yes,,,,128,Agincourt South-Malvern West,128,Agincourt South-Malvern West (128),D42,640645.3401,4850149.173
4803,5792551,1114459,16/07/2009,2009,8,SHEPPARD AVE E,MCCOWAN RD,,Major Arterial,Scarborough,43.791045,-79.25189,,No Control,Clear,Dark,Dry,Non-Fatal Injury,Turning Movement,Motorcycle Driver,35 to 39,Major,,West,Motorcycle,Going Ahead,Exceeding Speed Limit,Normal,,,,,,,,,Yes,Yes,,,,,Yes,Yes,,,,128,Agincourt South-Malvern West,128,Agincourt South-Malvern West (128),D42,640645.3401,4850149.173
4804,5860380,1121120,17/07/2009,2009,1009,HARBORD ST,SPADINA AVE,,Major Arterial,Toronto and East York,43.663045,-79.40209,At Intersection,Traffic Signal,Clear,Daylight,Dry,Non-Fatal Injury,Cyclist Collisions,Driver,35 to 39,None,,East,"Automobile, Station Wagon",Turning Right,Improper Turn,Normal,,,,,,,,Yes,Yes,,,,,,,,,,,79,University,79,University (79),D52,628834.9059,4835688.663
4805,5860381,1121120,17/07/2009,2009,1009,HARBORD ST,SPADINA AVE,,Major Arterial,Toronto and East York,43.663045,-79.40209,At Intersection,Traffic Signal,Clear,Daylight,Dry,Non-Fatal Injury,Cyclist Collisions,Cyclist,25 to 29,Major,,East,Bicycle,Going Ahead,,,,,,Motorist turning right on red at signalized intersection strikes cyclist.,Driving Properly,Normal,,Yes,Yes,,,,,,,,,,,79,University,79,University (79),D52,628834.9059,4835688.663