OBJECTID,INDEX,ACCNUM,DATE,ACCIDENT_YEAR,TIME,STREET1,STREET2,OFFSET,ROAD_CLASS,DISTRICT,LATITUDE,LONGITUDE,ACCLOC,TRAFFCTL,VISIBILITY,LIGHT,RDSFCOND,ACCLASS,IMPACTYPE,INVTYPE,INVAGE,INJURY,FATAL_NO,INITDIR,VEHTYPE,MANOEUVER,DRIVACT,DRIVCOND,PEDTYPE,PEDACT,PEDCOND,CYCLISTYPE,CYCACT,CYCCOND,PEDESTRIAN,CYCLIST,AUTOMOBILE,MOTORCYCLE,TRUCK,TRSN_CITY_VEH,EMERG_VEH,PASSENGER,SPEEDING,AG_DRIV,REDLIGHT,ALCOHOL,DISABILITY,HOOD_158,NEIGHBOURHOOD_158,HOOD_140,NEIGHBOURHOOD_140,DIVISION,x,y
4992,5807859,1124219,11/09/2009,2009,1253,SHEPPARD Ave W,WELBECK Rd,,Major Arterial,North York,43.759545,-79.41979,,No Control,Clear,Daylight,Dry,Non-Fatal Injury,Pedestrian Collisions,Vehicle Owner,unknown,,,,Other,,,,,,,,,,Yes,,Yes,,,,,,,,,,Yes,38,Lansing-Westgate,38,Lansing-Westgate (38),D32,627203.4779,4846379.016
4993,5807860,1124219,11/09/2009,2009,1253,SHEPPARD Ave W,WELBECK Rd,,Major Arterial,North York,43.759545,-79.41979,,No Control,Clear,Daylight,Dry,Non-Fatal Injury,Pedestrian Collisions,Driver,50 to 54,None,,West,"Automobile, Station Wagon",Going Ahead,Driving Properly,Normal,,,,,,,Yes,,Yes,,,,,,,,,,Yes,38,Lansing-Westgate,38,Lansing-Westgate (38),D32,627203.4779,4846379.016
4994,5807861,1124219,11/09/2009,2009,1253,SHEPPARD Ave W,WELBECK Rd,,Major Arterial,North York,43.759545,-79.41979,,No Control,Clear,Daylight,Dry,Non-Fatal Injury,Pedestrian Collisions,Pedestrian,55 to 59,Major,,West,Other,,,,Pedestrian hit on sidewalk or shoulder,On Sidewalk or Shoulder,Normal,,,,Yes,,Yes,,,,,,,,,,Yes,38,Lansing-Westgate,38,Lansing-Westgate (38),D32,627203.4779,4846379.016
4995,5807862,1124221,11/09/2009,2009,2009,VICTORIA PARK AVE,ARNCLIFFE CRES,,Major Arterial,North York,43.731845,-79.30559,At Intersection,Traffic Signal,Clear,Dark,Dry,Fatal,Pedestrian Collisions,Driver,35 to 39,None,,North,"Automobile, Station Wagon",Going Ahead,Driving Properly,Normal,,,,,,,Yes,,Yes,,,,,,,,,,,119,Wexford/Maryvale,119,Wexford/Maryvale (119),D41,636459.3529,4843484.258
4996,5807863,1124221,11/09/2009,2009,2009,VICTORIA PARK AVE,ARNCLIFFE CRES,,Major Arterial,North York,43.731845,-79.30559,At Intersection,Traffic Signal,Clear,Dark,Dry,Fatal,Pedestrian Collisions,Pedestrian,15 to 19,Fatal,26,East,Other,,,,Vehicle is going straight thru inter.while ped cross without ROW,Crossing without right of way,Inattentive,,,,Yes,,Yes,,,,,,,,,,,119,Wexford/Maryvale,119,Wexford/Maryvale (119),D41,636459.3529,4843484.258
4997,5860573,1129523,14/09/2009,2009,1413,150 GRAYDON HALL DR,,,Collector,North York,43.764945,-79.34349,,No Control,Clear,Daylight,Dry,Non-Fatal Injury,Turning Movement,Motorcycle Driver,30 to 34,Major,,West,Motorcycle,Going Ahead,Exceeding Speed Limit,Had Been Drinking,,,,,,,,,Yes,Yes,,,,,Yes,Yes,,,,150,Fenside-Parkwoods,45,Parkwoods-Donalda (45),D33,633333.5262,4847098.789
4998,5860574,1129523,14/09/2009,2009,1413,150 GRAYDON HALL DR,,,Collector,North York,43.764945,-79.34349,,No Control,Clear,Daylight,Dry,Non-Fatal Injury,Turning Movement,Driver,20 to 24,None,,East,"Automobile, Station Wagon",Turning Left,Driving Properly,Normal,,,,,,,,,Yes,Yes,,,,,Yes,Yes,,,,150,Fenside-Parkwoods,45,Parkwoods-Donalda (45),D33,633333.5262,4847098.789
4999,5285163,1124595,14/09/2009,2009,2103,KINGSTON RD,CLIFFSIDE DR,,Major Arterial,Scarborough,43.703945,-79.25279,At Intersection,Traffic Signal,Clear,Dark,Dry,Non-Fatal Injury,Cyclist Collisions,Driver,30 to 34,Minor,,West,"Automobile, Station Wagon",Going Ahead,Driving Properly,Normal,,,,,,,,Yes,Yes,,,,,Yes,,,,,,122,Birchcliffe-Cliffside,122,Birchcliffe-Cliffside (122),D41,640776.9779,4840473.866
5000,5285164,1124595,14/09/2009,2009,2103,KINGSTON RD,CLIFFSIDE DR,,Major Arterial,Scarborough,43.703945,-79.25279,At Intersection,Traffic Signal,Clear,Dark,Dry,Non-Fatal Injury,Cyclist Collisions,Passenger,50 to 54,Minor,,,Other,Other,,,,,,,,,,Yes,Yes,,,,,Yes,,,,,,122,Birchcliffe-Cliffside,122,Birchcliffe-Cliffside (122),D41,640776.9779,4840473.866
5001,5285165,1124595,14/09/2009,2009,2103,KINGSTON RD,CLIFFSIDE DR,,Major Arterial,Scarborough,43.703945,-79.25279,At Intersection,Traffic Signal,Clear,Dark,Dry,Non-Fatal Injury,Cyclist Collisions,Cyclist,45 to 49,Major,,,Bicycle,Going Ahead,,,,,,"Cyclist without ROW rides into path of motorist at inter, lnwy, dwy-Cyclist not turn.",Disobeyed Traffic Control,"Ability Impaired, Alcohol Over .80",,Yes,Yes,,,,,Yes,,,,,,122,Birchcliffe-Cliffside,122,Birchcliffe-Cliffside (122),D41,640776.9779,4840473.866
5002,5285850,1124865,15/09/2009,2009,1400,KIPLING AVE,ALBION RD,,Major Arterial,Etobicoke York,43.738945,-79.57999,,No Control,Clear,Daylight,Dry,Fatal,Pedestrian Collisions,Driver,40 to 44,None,,South,"Automobile, Station Wagon",Going Ahead,Driving Properly,Normal,,,,,,,Yes,,Yes,,,,,,,,,,,3,Thistletown-Beaumond Heights,3,Thistletown-Beaumond Heights (3),D23,614346.8495,4843857.514
5003,5285851,1124865,15/09/2009,2009,1400,KIPLING AVE,ALBION RD,,Major Arterial,Etobicoke York,43.738945,-79.57999,,No Control,Clear,Daylight,Dry,Fatal,Pedestrian Collisions,Pedestrian,75 to 79,Fatal,27,East,Other,,,,Pedestrian hit at mid-block,"Crossing, no Traffic Control",Inattentive,,,,Yes,,Yes,,,,,,,,,,,3,Thistletown-Beaumond Heights,3,Thistletown-Beaumond Heights (3),D23,614346.8495,4843857.514
5004,5287010,1125395,16/09/2009,2009,833,2680 KEELE ST,,,Major Arterial,North York,43.724445,-79.48159,At Intersection,No Control,Clear,Daylight,Dry,Non-Fatal Injury,Turning Movement,Vehicle Owner,unknown,,,,Other,,,,,,,,,,,,Yes,,Yes,,,,,,,,,154,Oakdale-Beverley Heights,26,Downsview-Roding-CFB (26),D31,622300.118,4842387.589
5005,5287011,1125395,16/09/2009,2009,833,2680 KEELE ST,,,Major Arterial,North York,43.724445,-79.48159,At Intersection,No Control,Clear,Daylight,Dry,Non-Fatal Injury,Turning Movement,Truck Driver,50 to 54,None,,South,Truck - Open,Going Ahead,Driving Properly,Normal,,,,,,,,,Yes,,Yes,,,,,,,,,154,Oakdale-Beverley Heights,26,Downsview-Roding-CFB (26),D31,622300.118,4842387.589
5006,5287012,1125395,16/09/2009,2009,833,2680 KEELE ST,,,Major Arterial,North York,43.724445,-79.48159,At Intersection,No Control,Clear,Daylight,Dry,Non-Fatal Injury,Turning Movement,Driver,85 to 89,Major,,North,"Automobile, Station Wagon",Turning Left,Improper Turn,Inattentive,,,,,,,,,Yes,,Yes,,,,,,,,,154,Oakdale-Beverley Heights,26,Downsview-Roding-CFB (26),D31,622300.118,4842387.589
5007,5287013,1125395,16/09/2009,2009,833,2680 KEELE ST,,,Major Arterial,North York,43.724445,-79.48159,At Intersection,No Control,Clear,Daylight,Dry,Non-Fatal Injury,Turning Movement,Other,unknown,None,,,Other,,,,,,,,,,,,Yes,,Yes,,,,,,,,,154,Oakdale-Beverley Heights,26,Downsview-Roding-CFB (26),D31,622300.118,4842387.589
5008,5297991,1130210,16/09/2009,2009,950,BAY ST,ST JOSEPH ST,,Major Arterial,Toronto and East York,43.665645,-79.38769,At Intersection,Traffic Signal,Clear,Daylight,Dry,Non-Fatal Injury,Rear End,Motorcycle Driver,25 to 29,Major,,South,Motorcycle,Slowing or Stopping,Following too Close,Inattentive,,,,,,,,,Yes,Yes,,,,,Yes,Yes,,,,169,Bay-Cloverhill,76,Bay Street Corridor (76),D52,629990.3368,4835999.89
5009,5297992,1130210,16/09/2009,2009,950,BAY ST,ST JOSEPH ST,,Major Arterial,Toronto and East York,43.665645,-79.38769,At Intersection,Traffic Signal,Clear,Daylight,Dry,Non-Fatal Injury,Rear End,Driver,50 to 54,None,,South,"Automobile, Station Wagon",Stopped,Driving Properly,Normal,,,,,,,,,Yes,Yes,,,,,Yes,Yes,,,,169,Bay-Cloverhill,76,Bay Street Corridor (76),D52,629990.3368,4835999.89
5010,5298259,1130310,16/09/2009,2009,2320,QUEENS PARK CRES E,GROSVENOR ST,,Major Arterial,Toronto and East York,43.661745,-79.38989,,No Control,Clear,Dark,Dry,Non-Fatal Injury,SMV Other,Motorcycle Driver,20 to 24,Major,,North,Motorcycle,Going Ahead,Lost control,Inattentive,,,,,,,,,,Yes,,,,,Yes,Yes,,,,169,Bay-Cloverhill,76,Bay Street Corridor (76),D52,629821.3691,4835563.298
5011,5287090,1125430,17/09/2009,2009,1349,KEELE ST,MURRAY ROSS PKWY,,Major Arterial,Etobicoke York,43.767345,-79.49199,At Intersection,Traffic Signal,Clear,Daylight,Dry,Non-Fatal Injury,SMV Other,Vehicle Owner,unknown,,,,Other,,,,,,,,,,,,Yes,,,,,,,,,,Yes,27,York University Heights,27,York University Heights (27),D31,621375.712,4847136.964
5012,5287091,1125430,17/09/2009,2009,1349,KEELE ST,MURRAY ROSS PKWY,,Major Arterial,Etobicoke York,43.767345,-79.49199,At Intersection,Traffic Signal,Clear,Daylight,Dry,Non-Fatal Injury,SMV Other,Driver,45 to 49,Major,,North,"Automobile, Station Wagon",Going Ahead,Lost control,Medical or Physical Disability,,,,,,,,,Yes,,,,,,,,,,Yes,27,York University Heights,27,York University Heights (27),D31,621375.712,4847136.964
5013,5862348,1125601,17/09/2009,2009,1520,MARKHAM Road,TUXEDO Cour,,Major Arterial,Scarborough,43.779545,-79.23299,,Traffic Signal,Clear,Daylight,Dry,Non-Fatal Injury,Pedestrian Collisions,Driver,35 to 39,None,,South,"Automobile, Station Wagon",Going Ahead,Driving Properly,Normal,,,,,,,Yes,,Yes,,,,,,,,,,,142,Woburn North,137,Woburn (137),D43,642193.2352,4848904.206
5014,5862349,1125601,17/09/2009,2009,1520,MARKHAM Road,TUXEDO Cour,,Major Arterial,Scarborough,43.779545,-79.23299,,Traffic Signal,Clear,Daylight,Dry,Non-Fatal Injury,Pedestrian Collisions,Pedestrian,75 to 79,Major,,West,Other,,,,Vehicle is going straight thru inter.while ped cross without ROW,Crossing without right of way,Normal,,,,Yes,,Yes,,,,,,,,,,,142,Woburn North,137,Woburn (137),D43,642193.2352,4848904.206
5015,5298686,1130482,18/09/2009,2009,45,KINGSTON Rd,BIRCHCLIFF Ave,,Major Arterial,Scarborough,43.691245,-79.26519,,No Control,Clear,Dark,Dry,Non-Fatal Injury,Pedestrian Collisions,Driver,40 to 44,None,,East,"Automobile, Station Wagon",Going Ahead,Driving Properly,Normal,,,,,,,Yes,,Yes,,,,,,,,,,,122,Birchcliffe-Cliffside,122,Birchcliffe-Cliffside (122),D41,639807.3813,4839042.367
5016,5298687,1130482,18/09/2009,2009,45,KINGSTON Rd,BIRCHCLIFF Ave,,Major Arterial,Scarborough,43.691245,-79.26519,,No Control,Clear,Dark,Dry,Non-Fatal Injury,Pedestrian Collisions,Pedestrian,15 to 19,Major,,South,Other,,,,Pedestrian hit at mid-block,Running onto Roadway,"Ability Impaired, Alcohol",,,,Yes,,Yes,,,,,,,,,,,122,Birchcliffe-Cliffside,122,Birchcliffe-Cliffside (122),D41,639807.3813,4839042.367
5017,5298728,1130499,18/09/2009,2009,2302,DON MILLS RD,OVERLEA BLVD,,Major Arterial,North York,43.709945,-79.33439,At Intersection,Traffic Signal,Clear,Dark,Dry,Non-Fatal Injury,Pedestrian Collisions,Driver,50 to 54,None,,West,"Automobile, Station Wagon",Turning Left,Driving Properly,Normal,,,,,,,Yes,,Yes,,,,,,,,,,,44,Flemingdon Park,44,Flemingdon Park (44),D55,634188.8026,4841004.918
5018,5298729,1130499,18/09/2009,2009,2302,DON MILLS RD,OVERLEA BLVD,,Major Arterial,North York,43.709945,-79.33439,At Intersection,Traffic Signal,Clear,Dark,Dry,Non-Fatal Injury,Pedestrian Collisions,Pedestrian,25 to 29,Major,,West,Other,,,,Vehicle turns left while ped crosses with ROW at inter.,Crossing with right of way,Inattentive,,,,Yes,,Yes,,,,,,,,,,,44,Flemingdon Park,44,Flemingdon Park (44),D55,634188.8026,4841004.918
5019,5298513,1130411,19/09/2009,2009,1418,ELLESMERE RD,DEWEY DR,,Major Arterial,Scarborough,43.760345,-79.30449,At Intersection,Stop Sign,Clear,Daylight,Dry,Fatal,Turning Movement,Driver,30 to 34,None,,East,"Automobile, Station Wagon",Going Ahead,Driving Properly,Normal,,,,,,,,,Yes,,,,,,,Yes,,,,119,Wexford/Maryvale,119,Wexford/Maryvale (119),D41,636483.1542,4846651.424
5020,5298514,1130411,19/09/2009,2009,1418,ELLESMERE RD,DEWEY DR,,Major Arterial,Scarborough,43.760345,-79.30449,At Intersection,Stop Sign,Clear,Daylight,Dry,Fatal,Turning Movement,Driver,85 to 89,Fatal,28,North,"Automobile, Station Wagon",Turning Left,Failed to Yield Right of Way,Inattentive,,,,,,,,,Yes,,,,,,,Yes,,,,119,Wexford/Maryvale,119,Wexford/Maryvale (119),D41,636483.1542,4846651.424
5021,5299382,1130772,19/09/2009,2009,2047,DANFORTH Aven,DAWES Road,,Major Arterial,Toronto and East York,43.689245,-79.29679,At Intersection,Traffic Signal,Clear,Dark,Dry,Non-Fatal Injury,Pedestrian Collisions,Driver,20 to 24,None,,North,"Automobile, Station Wagon",Turning Left,Failed to Yield Right of Way,Normal,,,,,,,Yes,,Yes,,,,,,Yes,Yes,,,,62,East End-Danforth,62,East End-Danforth (62),D55,637265.2869,4838767.444
5022,5299383,1130772,19/09/2009,2009,2047,DANFORTH Aven,DAWES Road,,Major Arterial,Toronto and East York,43.689245,-79.29679,At Intersection,Traffic Signal,Clear,Dark,Dry,Non-Fatal Injury,Pedestrian Collisions,Pedestrian,55 to 59,Major,,South,Other,,,,Vehicle turns left while ped crosses with ROW at inter.,Crossing with right of way,Normal,,,,Yes,,Yes,,,,,,Yes,Yes,,,,62,East End-Danforth,62,East End-Danforth (62),D55,637265.2869,4838767.444
5023,5865466,1126375,19/09/2009,2009,2315,DON MILLS RD,HAVENBROOK BLVD,,Major Arterial,North York,43.769545,-79.34649,At Intersection,Traffic Signal,Clear,Dark,Dry,Non-Fatal Injury,Pedestrian Collisions,Driver,unknown,None,,South,"Automobile, Station Wagon",Going Ahead,Failed to Yield Right of Way,Unknown,,,,,,,Yes,,Yes,,,,,,,Yes,,,,53,Henry Farm,53,Henry Farm (53),D33,633081.85,4847604.864
5024,5865467,1126375,19/09/2009,2009,2315,DON MILLS RD,HAVENBROOK BLVD,,Major Arterial,North York,43.769545,-79.34649,At Intersection,Traffic Signal,Clear,Dark,Dry,Non-Fatal Injury,Pedestrian Collisions,Pedestrian,15 to 19,Major,,West,Other,,,,Vehicle is going straight thru inter.while ped cross with ROW,Crossing with right of way,Normal,,,,Yes,,Yes,,,,,,,Yes,,,,53,Henry Farm,53,Henry Farm (53),D33,633081.85,4847604.864
5025,5287878,1125793,20/09/2009,2009,244,DUNDAS ST W,DOVERCOURT RD,,Minor Arterial,Toronto and East York,43.649445,-79.42469,At Intersection,Traffic Signal,Clear,Dark,Dry,Non-Fatal Injury,Rear End,Driver,45 to 49,Major,,East,"Automobile, Station Wagon",Going Ahead,Driving Properly,Normal,,,,,,,,,Yes,,,,,,Yes,Yes,,Yes,,81,Trinity-Bellwoods,81,Trinity-Bellwoods (81),D14,627041.3906,4834143.358
5026,5287879,1125793,20/09/2009,2009,244,DUNDAS ST W,DOVERCOURT RD,,Minor Arterial,Toronto and East York,43.649445,-79.42469,At Intersection,Traffic Signal,Clear,Dark,Dry,Non-Fatal Injury,Rear End,Driver,65 to 69,Major,,West,"Automobile, Station Wagon",Going Ahead,Exceeding Speed Limit,"Ability Impaired, Alcohol Over .08",,,,,,,,,Yes,,,,,,Yes,Yes,,Yes,,81,Trinity-Bellwoods,81,Trinity-Bellwoods (81),D14,627041.3906,4834143.358
5027,5287880,1125793,20/09/2009,2009,244,DUNDAS ST W,DOVERCOURT RD,,Minor Arterial,Toronto and East York,43.649445,-79.42469,At Intersection,Traffic Signal,Clear,Dark,Dry,Non-Fatal Injury,Rear End,Driver,15 to 19,Major,,West,"Automobile, Station Wagon",Going Ahead,Driving Properly,Normal,,,,,,,,,Yes,,,,,,Yes,Yes,,Yes,,81,Trinity-Bellwoods,81,Trinity-Bellwoods (81),D14,627041.3906,4834143.358
5028,5287881,1125793,20/09/2009,2009,244,DUNDAS ST W,DOVERCOURT RD,,Minor Arterial,Toronto and East York,43.649445,-79.42469,At Intersection,Traffic Signal,Clear,Dark,Dry,Non-Fatal Injury,Rear End,Driver,45 to 49,Major,,East,"Automobile, Station Wagon",Going Ahead,Driving Properly,Normal,,,,,,,,,Yes,,,,,,Yes,Yes,,Yes,,81,Trinity-Bellwoods,81,Trinity-Bellwoods (81),D14,627041.3906,4834143.358
5029,5287882,1125794,20/09/2009,2009,244,DUNDAS ST W,COOLMINE RD,,Minor Arterial,Toronto and East York,43.649445,-79.42559,At Intersection,No Control,Clear,Dark,Dry,Non-Fatal Injury,Rear End,Driver,65 to 69,Major,,West,"Automobile, Station Wagon",Going Ahead,Exceeding Speed Limit,"Ability Impaired, Alcohol Over .08",,,,,,,,,Yes,,,,,,Yes,Yes,,Yes,,84,Little Portugal,84,Little Portugal (84),D14,626968.8091,4834141.98
5030,5287883,1125794,20/09/2009,2009,244,DUNDAS ST W,COOLMINE RD,,Minor Arterial,Toronto and East York,43.649445,-79.42559,At Intersection,No Control,Clear,Dark,Dry,Non-Fatal Injury,Rear End,Driver,40 to 44,Major,,East,"Automobile, Station Wagon",Going Ahead,Driving Properly,Normal,,,,,,,,,Yes,,,,,,Yes,Yes,,Yes,,84,Little Portugal,84,Little Portugal (84),D14,626968.8091,4834141.98
5031,5287884,1125794,20/09/2009,2009,244,DUNDAS ST W,COOLMINE RD,,Minor Arterial,Toronto and East York,43.649445,-79.42559,At Intersection,No Control,Clear,Dark,Dry,Non-Fatal Injury,Rear End,Driver,30 to 34,Major,,West,"Automobile, Station Wagon",Going Ahead,Driving Properly,Normal,,,,,,,,,Yes,,,,,,Yes,Yes,,Yes,,84,Little Portugal,84,Little Portugal (84),D14,626968.8091,4834141.98
5032,5302532,1132426,20/09/2009,2009,1220,BLOOR ST W,RENFORTH DR,,Major Arterial,Etobicoke York,43.635345,-79.56369,At Intersection,Stop Sign,Clear,Daylight,Dry,Non-Fatal Injury,Turning Movement,Driver,40 to 44,None,,South,"Automobile, Station Wagon",Turning Left,Disobeyed Traffic Control,Normal,,,,,,,,,Yes,,,,,Yes,,Yes,,,,12,Markland Wood,12,Markland Wood (12),D22,615858.6955,4832373.978
5033,5302533,1132426,20/09/2009,2009,1220,BLOOR ST W,RENFORTH DR,,Major Arterial,Etobicoke York,43.635345,-79.56369,At Intersection,Stop Sign,Clear,Daylight,Dry,Non-Fatal Injury,Turning Movement,Passenger,40 to 44,Minimal,,,Other,,,,,,,,,,,,Yes,,,,,Yes,,Yes,,,,12,Markland Wood,12,Markland Wood (12),D22,615858.6955,4832373.978
5034,5302534,1132426,20/09/2009,2009,1220,BLOOR ST W,RENFORTH DR,,Major Arterial,Etobicoke York,43.635345,-79.56369,At Intersection,Stop Sign,Clear,Daylight,Dry,Non-Fatal Injury,Turning Movement,Driver,40 to 44,Major,,East,"Automobile, Station Wagon",Going Ahead,Driving Properly,Normal,,,,,,,,,Yes,,,,,Yes,,Yes,,,,12,Markland Wood,12,Markland Wood (12),D22,615858.6955,4832373.978
5035,5288400,1126015,22/09/2009,2009,52,MURRAY ROSS PKWY,LEITCH AVE,,Collector,Etobicoke York,43.765945,-79.49609,,No Control,Clear,Dark,Wet,Non-Fatal Injury,Pedestrian Collisions,Passenger,20 to 24,None,,,Other,,,,,,,,,,Yes,,Yes,,,,,Yes,Yes,Yes,,,,27,York University Heights,27,York University Heights (27),D31,621048.5351,4846975.472
5036,5288401,1126015,22/09/2009,2009,52,MURRAY ROSS PKWY,LEITCH AVE,,Collector,Etobicoke York,43.765945,-79.49609,,No Control,Clear,Dark,Wet,Non-Fatal Injury,Pedestrian Collisions,Driver,25 to 29,None,,West,"Automobile, Station Wagon",Going Ahead,Exceeding Speed Limit,Unknown,,,,,,,Yes,,Yes,,,,,Yes,Yes,Yes,,,,27,York University Heights,27,York University Heights (27),D31,621048.5351,4846975.472
5037,5288402,1126015,22/09/2009,2009,52,MURRAY ROSS PKWY,LEITCH AVE,,Collector,Etobicoke York,43.765945,-79.49609,,No Control,Clear,Dark,Wet,Non-Fatal Injury,Pedestrian Collisions,Pedestrian,20 to 24,Major,,,Other,,,,Pedestrian hit on sidewalk or shoulder,On Sidewalk or Shoulder,Normal,,,,Yes,,Yes,,,,,Yes,Yes,Yes,,,,27,York University Heights,27,York University Heights (27),D31,621048.5351,4846975.472
5038,5301396,1131662,22/09/2009,2009,1320,SUNNYSIDE Aven,MARION Stre,,Collector,Toronto and East York,43.639945,-79.44889,,No Control,Clear,Daylight,Dry,Non-Fatal Injury,Pedestrian Collisions,Vehicle Owner,unknown,,,,Other,,,,,,,,,,Yes,,Yes,,,,,,,,,,,87,High Park-Swansea,87,High Park-Swansea (87),D11,625109.4738,4833051.498
5039,5301397,1131662,22/09/2009,2009,1320,SUNNYSIDE Aven,MARION Stre,,Collector,Toronto and East York,43.639945,-79.44889,,No Control,Clear,Daylight,Dry,Non-Fatal Injury,Pedestrian Collisions,Driver,65 to 69,None,,North,"Automobile, Station Wagon",Going Ahead,Driving Properly,Normal,,,,,,,Yes,,Yes,,,,,,,,,,,87,High Park-Swansea,87,High Park-Swansea (87),D11,625109.4738,4833051.498
5040,5301398,1131662,22/09/2009,2009,1320,SUNNYSIDE Aven,MARION Stre,,Collector,Toronto and East York,43.639945,-79.44889,,No Control,Clear,Daylight,Dry,Non-Fatal Injury,Pedestrian Collisions,Pedestrian,40 to 44,Major,,West,Other,,,,Vehicle hits the pedestrian walking or running out from between parked vehicles at mid-block,Coming From Behind Parked Vehicle,Normal,,,,Yes,,Yes,,,,,,,,,,,87,High Park-Swansea,87,High Park-Swansea (87),D11,625109.4738,4833051.498
5041,5865457,1126214,22/09/2009,2009,2220,YONGE Stre,GROSVENOR Stre,,Major Arterial,Toronto and East York,43.663045,-79.38379,At Intersection,Traffic Signal,Clear,Dark,Dry,Non-Fatal Injury,Pedestrian Collisions,Driver,40 to 44,None,,South,"Automobile, Station Wagon",Going Ahead,Driving Properly,Normal,,,,,,,Yes,,Yes,,,,,,,,,,,167,Church-Wellesley,75,Church-Yonge Corridor (75),D51,630310.3978,4835717.244
5042,5865458,1126214,22/09/2009,2009,2220,YONGE Stre,GROSVENOR Stre,,Major Arterial,Toronto and East York,43.663045,-79.38379,At Intersection,Traffic Signal,Clear,Dark,Dry,Non-Fatal Injury,Pedestrian Collisions,Vehicle Owner,unknown,,,,Other,,,,,,,,,,Yes,,Yes,,,,,,,,,,,167,Church-Wellesley,75,Church-Yonge Corridor (75),D51,630310.3978,4835717.244
5043,5865459,1126214,22/09/2009,2009,2220,YONGE Stre,GROSVENOR Stre,,Major Arterial,Toronto and East York,43.663045,-79.38379,At Intersection,Traffic Signal,Clear,Dark,Dry,Non-Fatal Injury,Pedestrian Collisions,Driver,20 to 24,None,,South,"Automobile, Station Wagon",Going Ahead,Driving Properly,Normal,,,,,,,Yes,,Yes,,,,,,,,,,,167,Church-Wellesley,75,Church-Yonge Corridor (75),D51,630310.3978,4835717.244
5044,5865460,1126214,22/09/2009,2009,2220,YONGE Stre,GROSVENOR Stre,,Major Arterial,Toronto and East York,43.663045,-79.38379,At Intersection,Traffic Signal,Clear,Dark,Dry,Non-Fatal Injury,Pedestrian Collisions,Pedestrian,30 to 34,Major,,,Other,,,,Vehicle is going straight thru inter.while ped cross without ROW,Other,Unknown,,,,Yes,,Yes,,,,,,,,,,,167,Church-Wellesley,75,Church-Yonge Corridor (75),D51,630310.3978,4835717.244
5045,5294928,1128816,23/09/2009,2009,1230,LAKE SHORE BLVD E,LOWER JARVIS ST,,Major Arterial,Toronto and East York,43.645945,-79.36809,,No Control,Clear,Daylight,Dry,Non-Fatal Injury,Sideswipe,Driver,25 to 29,None,,West,"Automobile, Station Wagon",Changing Lanes,Improper Lane Change,Normal,,,,,,,,,Yes,,,,,Yes,,,,,,166,St Lawrence-East Bayfront-The Islands,77,Waterfront Communities-The Island (77),D51,631613.6083,4833842.842
5046,5294929,1128816,23/09/2009,2009,1230,LAKE SHORE BLVD E,LOWER JARVIS ST,,Major Arterial,Toronto and East York,43.645945,-79.36809,,No Control,Clear,Daylight,Dry,Non-Fatal Injury,Sideswipe,Passenger,50 to 54,Major,,,Other,,,,,,,,,,,,Yes,,,,,Yes,,,,,,166,St Lawrence-East Bayfront-The Islands,77,Waterfront Communities-The Island (77),D51,631613.6083,4833842.842
5047,5294930,1128816,23/09/2009,2009,1230,LAKE SHORE BLVD E,LOWER JARVIS ST,,Major Arterial,Toronto and East York,43.645945,-79.36809,,No Control,Clear,Daylight,Dry,Non-Fatal Injury,Sideswipe,Driver,25 to 29,None,,West,"Automobile, Station Wagon",Going Ahead,Driving Properly,Normal,,,,,,,,,Yes,,,,,Yes,,,,,,166,St Lawrence-East Bayfront-The Islands,77,Waterfront Communities-The Island (77),D51,631613.6083,4833842.842
5048,5302050,1132051,24/09/2009,2009,1010,CHURCH ST,GOULD ST,,Minor Arterial,Toronto and East York,43.658745,-79.37809,,No Control,Clear,Daylight,Dry,Non-Fatal Injury,Cyclist Collisions,Driver,unknown,None,,South,"Automobile, Station Wagon",Parked,Other,Inattentive,,,,,,,,Yes,Yes,,,,,,,,,,,168,Downtown Yonge East,75,Church-Yonge Corridor (75),D51,630779.3132,4835248.64
5049,5302051,1132051,24/09/2009,2009,1010,CHURCH ST,GOULD ST,,Minor Arterial,Toronto and East York,43.658745,-79.37809,,No Control,Clear,Daylight,Dry,Non-Fatal Injury,Cyclist Collisions,Cyclist,20 to 24,Major,,South,Bicycle,Slowing or Stopping,,,,,,Cyclist struck opened vehicle door,Driving Properly,Normal,,Yes,Yes,,,,,,,,,,,168,Downtown Yonge East,75,Church-Yonge Corridor (75),D51,630779.3132,4835248.64
5050,5301961,1131978,24/09/2009,2009,1730,DUPONT ST,OSLER ST,,Major Arterial,Toronto and East York,43.664545,-79.45659,,No Control,Clear,Daylight,Dry,Non-Fatal Injury,Cyclist Collisions,Driver,35 to 39,None,,East,"Automobile, Station Wagon",Turning Left,Improper Turn,Normal,,,,,,,,Yes,Yes,,,,,,,,,,,171,Junction-Wallace Emerson,93,Dovercourt-Wallace Emerson-Junction (93),D11,624437.586,4835772.07
5051,5301962,1131978,24/09/2009,2009,1730,DUPONT ST,OSLER ST,,Major Arterial,Toronto and East York,43.664545,-79.45659,,No Control,Clear,Daylight,Dry,Non-Fatal Injury,Cyclist Collisions,Cyclist,30 to 34,Major,,West,Bicycle,Going Ahead,,,,,,Motorist turned left across cyclists path.,Driving Properly,Normal,,Yes,Yes,,,,,,,,,,,171,Junction-Wallace Emerson,93,Dovercourt-Wallace Emerson-Junction (93),D11,624437.586,4835772.07