OBJECTID,INDEX,ACCNUM,DATE,ACCIDENT_YEAR,TIME,STREET1,STREET2,OFFSET,ROAD_CLASS,DISTRICT,LATITUDE,LONGITUDE,ACCLOC,TRAFFCTL,VISIBILITY,LIGHT,RDSFCOND,ACCLASS,IMPACTYPE,INVTYPE,INVAGE,INJURY,FATAL_NO,INITDIR,VEHTYPE,MANOEUVER,DRIVACT,DRIVCOND,PEDTYPE,PEDACT,PEDCOND,CYCLISTYPE,CYCACT,CYCCOND,PEDESTRIAN,CYCLIST,AUTOMOBILE,MOTORCYCLE,TRUCK,TRSN_CITY_VEH,EMERG_VEH,PASSENGER,SPEEDING,AG_DRIV,REDLIGHT,ALCOHOL,DISABILITY,HOOD_158,NEIGHBOURHOOD_158,HOOD_140,NEIGHBOURHOOD_140,DIVISION,x,y
5799,6135980,1165679,29/04/2010,2010,916,SANDHURST CRCL,MCCOWAN RD,,Major Arterial,Scarborough,43.811645,-79.26919,At Intersection,Traffic Signal,Clear,Daylight,Dry,Non-Fatal Injury,Cyclist Collisions,Cyclist,50 to 54,Major,,South,Bicycle,Going Ahead,,,,,,Motorist turning right on red at signalized intersection strikes cyclist.,Other,Normal,,Yes,Yes,,,,,,,Yes,,,,129,Agincourt North,129,Agincourt North (129),D42,639205.588,4852407.883
5800,6151294,1172452,29/04/2010,2010,1333,ELM ST,UNIVERSITY AVE,,Collector,Toronto and East York,43.656545,-79.38799,At Intersection,No Control,Clear,Daylight,Dry,Non-Fatal Injury,Cyclist Collisions,Driver,30 to 34,None,,West,"Automobile, Station Wagon",Overtaking,Improper Passing,Inattentive,,,,,,,,Yes,Yes,,,,,,,Yes,,,,170,Yonge-Bay Corridor,76,Bay Street Corridor (76),D52,629985.7861,4834988.744
5801,6151295,1172452,29/04/2010,2010,1333,ELM ST,UNIVERSITY AVE,,Collector,Toronto and East York,43.656545,-79.38799,At Intersection,No Control,Clear,Daylight,Dry,Non-Fatal Injury,Cyclist Collisions,Cyclist,25 to 29,Major,,West,Bicycle,Going Ahead,,,,,,Cyclist and Driver travelling in same direction. One vehicle rear-ended the other.,Driving Properly,Normal,,Yes,Yes,,,,,,,Yes,,,,170,Yonge-Bay Corridor,76,Bay Street Corridor (76),D52,629985.7861,4834988.744
5802,6141568,1168069,29/04/2010,2010,1720,ROGERS RD,KANE AVE,,Minor Arterial,Etobicoke York,43.682045,-79.46649,,No Control,Clear,Daylight,Dry,Non-Fatal Injury,Sideswipe,Motorcycle Driver,30 to 34,Major,,West,Motorcycle,Overtaking,Improper Passing,Inattentive,,,,,,,,,Yes,Yes,,,,,,Yes,,,,110,Keelesdale-Eglinton West,110,Keelesdale-Eglinton West (110),D12,623603.4593,4837700.876
5803,6141569,1168069,29/04/2010,2010,1720,ROGERS RD,KANE AVE,,Minor Arterial,Etobicoke York,43.682045,-79.46649,,No Control,Clear,Daylight,Dry,Non-Fatal Injury,Sideswipe,Driver,40 to 44,None,,West,"Automobile, Station Wagon",Slowing or Stopping,Driving Properly,Normal,,,,,,,,,Yes,Yes,,,,,,Yes,,,,110,Keelesdale-Eglinton West,110,Keelesdale-Eglinton West (110),D12,623603.4593,4837700.876
5804,6149521,1171688,30/04/2010,2010,1705,DAWES RD,DENTONIA PARK AVE,,Minor Arterial,Toronto and East York,43.692145,-79.29709,At Intersection,Pedestrian Crossover,Clear,Daylight,Dry,Non-Fatal Injury,Rear End,Driver,65 to 69,None,,South,"Automobile, Station Wagon",Going Ahead,Following too Close,Unknown,,,,,,,,,Yes,,,,,Yes,,Yes,,,,61,Taylor-Massey,61,Taylor-Massey (61),D55,637234.4945,4839089.034
5805,6149522,1171688,30/04/2010,2010,1705,DAWES RD,DENTONIA PARK AVE,,Minor Arterial,Toronto and East York,43.692145,-79.29709,At Intersection,Pedestrian Crossover,Clear,Daylight,Dry,Non-Fatal Injury,Rear End,Passenger,80 to 84,Major,,,Other,,,,,,,,,,,,Yes,,,,,Yes,,Yes,,,,61,Taylor-Massey,61,Taylor-Massey (61),D55,637234.4945,4839089.034
5806,6149523,1171688,30/04/2010,2010,1705,DAWES RD,DENTONIA PARK AVE,,Minor Arterial,Toronto and East York,43.692145,-79.29709,At Intersection,Pedestrian Crossover,Clear,Daylight,Dry,Non-Fatal Injury,Rear End,Driver,75 to 79,None,,South,"Automobile, Station Wagon",Slowing or Stopping,Driving Properly,Normal,,,,,,,,,Yes,,,,,Yes,,Yes,,,,61,Taylor-Massey,61,Taylor-Massey (61),D55,637234.4945,4839089.034
5807,6136533,1165924,01/05/2010,2010,752,MAPLE LEAF DR,CIRILLO CRT,,Collector,Etobicoke York,43.713545,-79.48479,,No Control,Clear,Daylight,Dry,Non-Fatal Injury,SMV Other,Driver,75 to 79,Major,,West,"Automobile, Station Wagon",Going Ahead,Lost control,Medical or Physical Disability,,,,,,,,,Yes,,,,,,,,,,Yes,29,Maple Leaf,29,Maple Leaf (29),D12,622064.5036,4841172.273
5808,6154948,1174097,01/05/2010,2010,1700,BRIMLEY RD,ST CLAIR AVE E,,Minor Arterial,Scarborough,43.720845,-79.24149,,Traffic Signal,Clear,Daylight,Dry,Non-Fatal Injury,Pedestrian Collisions,Driver,55 to 59,None,,North,"Automobile, Station Wagon",Going Ahead,Driving Properly,Normal,,,,,,,Yes,,Yes,,,,,,,,,,,123,Cliffcrest,123,Cliffcrest (123),D41,641647.6359,4842370.11
5809,6154949,1174097,01/05/2010,2010,1700,BRIMLEY RD,ST CLAIR AVE E,,Minor Arterial,Scarborough,43.720845,-79.24149,,Traffic Signal,Clear,Daylight,Dry,Non-Fatal Injury,Pedestrian Collisions,Pedestrian,35 to 39,Major,,West,Other,,,,Vehicle is going straight thru inter.while ped cross without ROW,Crossing without right of way,Normal,,,,Yes,,Yes,,,,,,,,,,,123,Cliffcrest,123,Cliffcrest (123),D41,641647.6359,4842370.11
5810,6145452,1169909,02/05/2010,2010,1704,KENHATCH BLVD,MARRAKESH DR,,Collector,Scarborough,43.802745,-79.26219,,No Control,Clear,Daylight,Dry,Non-Fatal Injury,SMV Other,Driver,50 to 54,Major,,North,"Automobile, Station Wagon",Going Ahead,Lost control,Medical or Physical Disability,,,,,,,,,Yes,,,,,,,,,,Yes,129,Agincourt North,129,Agincourt North (129),D42,639789.3507,4851431.195
5811,6145906,1170095,05/05/2010,2010,1700,DANFORTH Ave,SIBLEY Ave,,Major Arterial,Toronto and East York,43.690045,-79.29319,,No Control,Rain,Daylight,Wet,Non-Fatal Injury,Sideswipe,Driver,45 to 49,Major,,West,"Automobile, Station Wagon",Going Ahead,Driving Properly,Normal,,,,,,,,,Yes,,,,,Yes,,,,,,61,Taylor-Massey,61,Taylor-Massey (61),D55,637553.5931,4838862.261
5812,6145907,1170095,05/05/2010,2010,1700,DANFORTH Ave,SIBLEY Ave,,Major Arterial,Toronto and East York,43.690045,-79.29319,,No Control,Rain,Daylight,Wet,Non-Fatal Injury,Sideswipe,Passenger,40 to 44,Major,,,Other,,,,,,,,,,,,Yes,,,,,Yes,,,,,,61,Taylor-Massey,61,Taylor-Massey (61),D55,637553.5931,4838862.261
5813,6145908,1170095,05/05/2010,2010,1700,DANFORTH Ave,SIBLEY Ave,,Major Arterial,Toronto and East York,43.690045,-79.29319,,No Control,Rain,Daylight,Wet,Non-Fatal Injury,Sideswipe,Driver,40 to 44,Major,,West,"Automobile, Station Wagon",Changing Lanes,Improper Lane Change,Normal,,,,,,,,,Yes,,,,,Yes,,,,,,61,Taylor-Massey,61,Taylor-Massey (61),D55,637553.5931,4838862.261
5814,6139521,1167187,06/05/2010,2010,1630,WELLINGTON ST W,SIMCOE ST,,Minor Arterial,Toronto and East York,43.645845,-79.38629,,No Control,Clear,Daylight,Dry,Fatal,Angle,Driver,40 to 44,None,,East,"Automobile, Station Wagon",Going Ahead,Driving Properly,Normal,,,,,,,,,Yes,,,,,Yes,,Yes,,,,164,Wellington Place,77,Waterfront Communities-The Island (77),D52,630145.9779,4833803.033
5815,6139522,1167187,06/05/2010,2010,1630,WELLINGTON ST W,SIMCOE ST,,Minor Arterial,Toronto and East York,43.645845,-79.38629,,No Control,Clear,Daylight,Dry,Fatal,Angle,Passenger,80 to 84,Fatal,17,,Other,,,,,,,,,,,,Yes,,,,,Yes,,Yes,,,,164,Wellington Place,77,Waterfront Communities-The Island (77),D52,630145.9779,4833803.033
5816,6139523,1167187,06/05/2010,2010,1630,WELLINGTON ST W,SIMCOE ST,,Minor Arterial,Toronto and East York,43.645845,-79.38629,,No Control,Clear,Daylight,Dry,Fatal,Angle,Passenger,80 to 84,Minor,,,Other,,,,,,,,,,,,Yes,,,,,Yes,,Yes,,,,164,Wellington Place,77,Waterfront Communities-The Island (77),D52,630145.9779,4833803.033
5817,6139524,1167187,06/05/2010,2010,1630,WELLINGTON ST W,SIMCOE ST,,Minor Arterial,Toronto and East York,43.645845,-79.38629,,No Control,Clear,Daylight,Dry,Fatal,Angle,Driver,75 to 79,Minor,,South,"Automobile, Station Wagon",Going Ahead,Failed to Yield Right of Way,Inattentive,,,,,,,,,Yes,,,,,Yes,,Yes,,,,164,Wellington Place,77,Waterfront Communities-The Island (77),D52,630145.9779,4833803.033
5818,6139525,1167187,06/05/2010,2010,1630,WELLINGTON ST W,SIMCOE ST,,Minor Arterial,Toronto and East York,43.645845,-79.38629,,No Control,Clear,Daylight,Dry,Fatal,Angle,Other Property Owner,unknown,,,,Other,,,,,,,,,,,,Yes,,,,,Yes,,Yes,,,,164,Wellington Place,77,Waterfront Communities-The Island (77),D52,630145.9779,4833803.033
5819,6151678,1172619,11/05/2010,2010,1521,18 HURNDALE AVE,,,Local,Toronto and East York,43.677845,-79.35459,,No Control,Clear,Daylight,Dry,Non-Fatal Injury,Cyclist Collisions,Vehicle Owner,unknown,,,,Other,,,,,,,,,,,Yes,Yes,,,,,,,,,,,67,Playter Estates-Danforth,67,Playter Estates-Danforth (67),D55,632632.1317,4837407.262
5820,6151679,1172619,11/05/2010,2010,1521,18 HURNDALE AVE,,,Local,Toronto and East York,43.677845,-79.35459,,No Control,Clear,Daylight,Dry,Non-Fatal Injury,Cyclist Collisions,Driver,40 to 44,None,,East,"Automobile, Station Wagon",Parked,Other,Inattentive,,,,,,,,Yes,Yes,,,,,,,,,,,67,Playter Estates-Danforth,67,Playter Estates-Danforth (67),D55,632632.1317,4837407.262
5821,6151680,1172619,11/05/2010,2010,1521,18 HURNDALE AVE,,,Local,Toronto and East York,43.677845,-79.35459,,No Control,Clear,Daylight,Dry,Non-Fatal Injury,Cyclist Collisions,Cyclist,35 to 39,Major,,East,Bicycle,Going Ahead,,,,,,Cyclist struck opened vehicle door,Driving Properly,Unknown,,Yes,Yes,,,,,,,,,,,67,Playter Estates-Danforth,67,Playter Estates-Danforth (67),D55,632632.1317,4837407.262
5822,6142307,1168399,11/05/2010,2010,2240,DUPONT ST,LANSDOWNE AVE,,Major Arterial,Toronto and East York,43.666745,-79.44649,At Intersection,Traffic Signal,Rain,Dark,Wet,Non-Fatal Injury,Pedestrian Collisions,Driver,40 to 44,None,,South,"Automobile, Station Wagon",Turning Left,Failed to Yield Right of Way,Normal,,,,,,,Yes,,Yes,,,,,,,Yes,,,,171,Junction-Wallace Emerson,93,Dovercourt-Wallace Emerson-Junction (93),D11,625247.3318,4836031.607
5823,6142308,1168399,11/05/2010,2010,2240,DUPONT ST,LANSDOWNE AVE,,Major Arterial,Toronto and East York,43.666745,-79.44649,At Intersection,Traffic Signal,Rain,Dark,Wet,Non-Fatal Injury,Pedestrian Collisions,Pedestrian,55 to 59,Major,,South,Other,,,,Vehicle turns left while ped crosses with ROW at inter.,Crossing with right of way,Normal,,,,Yes,,Yes,,,,,,,Yes,,,,171,Junction-Wallace Emerson,93,Dovercourt-Wallace Emerson-Junction (93),D11,625247.3318,4836031.607
5824,6279062,1168213,12/05/2010,2010,1415,F G GARDINER XY Expr W,KIPLING AVE,,,Etobicoke York,43.620345,-79.51379,,No Control,Clear,Daylight,Dry,Non-Fatal Injury,Sideswipe,Vehicle Owner,unknown,,,,Other,,,,,,,,,,,,Yes,,,,,,,Yes,,,,160,Mimico-Queensway,17,Mimico (includes Humber Bay Shores) (17),D22,619913.6913,4830778.898
5825,6279063,1168213,12/05/2010,2010,1415,F G GARDINER XY Expr W,KIPLING AVE,,,Etobicoke York,43.620345,-79.51379,,No Control,Clear,Daylight,Dry,Non-Fatal Injury,Sideswipe,Driver,15 to 19,None,,West,"Automobile, Station Wagon",Going Ahead,Driving Properly,Normal,,,,,,,,,Yes,,,,,,,Yes,,,,160,Mimico-Queensway,17,Mimico (includes Humber Bay Shores) (17),D22,619913.6913,4830778.898
5826,6279064,1168213,12/05/2010,2010,1415,F G GARDINER XY Expr W,KIPLING AVE,,,Etobicoke York,43.620345,-79.51379,,No Control,Clear,Daylight,Dry,Non-Fatal Injury,Sideswipe,Vehicle Owner,unknown,,,,Other,,,,,,,,,,,,Yes,,,,,,,Yes,,,,160,Mimico-Queensway,17,Mimico (includes Humber Bay Shores) (17),D22,619913.6913,4830778.898
5827,6279065,1168213,12/05/2010,2010,1415,F G GARDINER XY Expr W,KIPLING AVE,,,Etobicoke York,43.620345,-79.51379,,No Control,Clear,Daylight,Dry,Non-Fatal Injury,Sideswipe,Driver,35 to 39,Major,,West,"Automobile, Station Wagon",Changing Lanes,Lost control,Had Been Drinking,,,,,,,,,Yes,,,,,,,Yes,,,,160,Mimico-Queensway,17,Mimico (includes Humber Bay Shores) (17),D22,619913.6913,4830778.898
5828,6151703,1172629,13/05/2010,2010,812,BLOOR ST W,SPADINA AVE,,Major Arterial,Toronto and East York,43.666645,-79.40389,At Intersection,Traffic Signal,Clear,Daylight,Dry,Non-Fatal Injury,Cyclist Collisions,Driver,50 to 54,None,,West,"Automobile, Station Wagon",Turning Left,Failed to Yield Right of Way,Inattentive,,,,,,,,Yes,Yes,,,,,,,Yes,,,,79,University,79,University (79),D14,628682.0834,4836085.697
5829,6151704,1172629,13/05/2010,2010,812,BLOOR ST W,SPADINA AVE,,Major Arterial,Toronto and East York,43.666645,-79.40389,At Intersection,Traffic Signal,Clear,Daylight,Dry,Non-Fatal Injury,Cyclist Collisions,Cyclist,25 to 29,Major,,East,Bicycle,Going Ahead,,,,,,Motorist turned left across cyclists path.,Driving Properly,Normal,,Yes,Yes,,,,,,,Yes,,,,79,University,79,University (79),D14,628682.0834,4836085.697
5830,6142297,1168396,13/05/2010,2010,1136,DUNDAS ST W,COLLEGE ST,,Minor Arterial,Toronto and East York,43.650445,-79.44189,,No Control,Clear,Daylight,Dry,Fatal,Pedestrian Collisions,Vehicle Owner,unknown,,,,Other,,,,,,,,,,Yes,,Yes,,,,,,,,,,,83,Dufferin Grove,83,Dufferin Grove (83),D11,625652.1923,4834228.234
5831,6142298,1168396,13/05/2010,2010,1136,DUNDAS ST W,COLLEGE ST,,Minor Arterial,Toronto and East York,43.650445,-79.44189,,No Control,Clear,Daylight,Dry,Fatal,Pedestrian Collisions,Driver,25 to 29,None,,West,"Automobile, Station Wagon",Going Ahead,Driving Properly,Normal,,,,,,,Yes,,Yes,,,,,,,,,,,83,Dufferin Grove,83,Dufferin Grove (83),D11,625652.1923,4834228.234
5832,6142299,1168396,13/05/2010,2010,1136,DUNDAS ST W,COLLEGE ST,,Minor Arterial,Toronto and East York,43.650445,-79.44189,,No Control,Clear,Daylight,Dry,Fatal,Pedestrian Collisions,Pedestrian,65 to 69,Fatal,18,North,Other,,,,Pedestrian hit at mid-block,"Crossing, no Traffic Control",Normal,,,,Yes,,Yes,,,,,,,,,,,83,Dufferin Grove,83,Dufferin Grove (83),D11,625652.1923,4834228.234
5833,6153008,1173217,13/05/2010,2010,1306,ELLESMERE RD,HELICON GT,,Major Arterial,Scarborough,43.778545,-79.22219,At Intersection,Traffic Signal,Rain,Daylight,Wet,Non-Fatal Injury,Turning Movement,Driver,55 to 59,Minor,,East,"Automobile, Station Wagon",Turning Left,Failed to Yield Right of Way,Normal,,,,,,,,,Yes,,,,,,Yes,Yes,,,,135,Morningside,135,Morningside (135),D43,643064.7186,4848811.747
5834,6153009,1173217,13/05/2010,2010,1306,ELLESMERE RD,HELICON GT,,Major Arterial,Scarborough,43.778545,-79.22219,At Intersection,Traffic Signal,Rain,Daylight,Wet,Non-Fatal Injury,Turning Movement,Driver,40 to 44,Major,,West,"Automobile, Station Wagon",Going Ahead,Driving Properly,Normal,,,,,,,,,Yes,,,,,,Yes,Yes,,,,135,Morningside,135,Morningside (135),D43,643064.7186,4848811.747
5835,6149801,1171795,13/05/2010,2010,2100,DONLANDS AVE,O CONNOR DR,,Major Arterial,Toronto and East York,43.694745,-79.34309,At Intersection,Traffic Signal,Rain,Dark,Wet,Non-Fatal Injury,Pedestrian Collisions,Driver,75 to 79,None,,North,"Automobile, Station Wagon",Turning Right,Failed to Yield Right of Way,Unknown,,,,,,,Yes,,Yes,,,,,,,Yes,,,,58,Old East York,58,Old East York (58),D55,633521.6246,4839302.696
5836,6149802,1171795,13/05/2010,2010,2100,DONLANDS AVE,O CONNOR DR,,Major Arterial,Toronto and East York,43.694745,-79.34309,At Intersection,Traffic Signal,Rain,Dark,Wet,Non-Fatal Injury,Pedestrian Collisions,Pedestrian,40 to 44,Major,,North,Other,,,,Vehicle turns right while ped crosses with ROW at inter.,Crossing with right of way,Normal,,,,Yes,,Yes,,,,,,,Yes,,,,58,Old East York,58,Old East York (58),D55,633521.6246,4839302.696
5837,6279078,1168520,14/05/2010,2010,1312,EVANS AVE,CREMORNE AVE,,Minor Arterial,Etobicoke York,43.620845,-79.50099,,No Control,Clear,Daylight,Dry,Non-Fatal Injury,Pedestrian Collisions,Driver,75 to 79,Minimal,,West,"Automobile, Station Wagon",Going Ahead,Driving Properly,Normal,,,,,,,Yes,,Yes,,,,,,,,,,,160,Mimico-Queensway,17,Mimico (includes Humber Bay Shores) (17),D22,620945.4559,4830852.994
5838,6279079,1168520,14/05/2010,2010,1312,EVANS AVE,CREMORNE AVE,,Minor Arterial,Etobicoke York,43.620845,-79.50099,,No Control,Clear,Daylight,Dry,Non-Fatal Injury,Pedestrian Collisions,Pedestrian,65 to 69,Major,,North,Other,,,,Pedestrian hit at mid-block,Running onto Roadway,Inattentive,,,,Yes,,Yes,,,,,,,,,,,160,Mimico-Queensway,17,Mimico (includes Humber Bay Shores) (17),D22,620945.4559,4830852.994
5839,6155449,1174308,17/05/2010,2010,1325,KEELE ST,CALVINGTON DR,,Major Arterial,North York,43.733545,-79.48369,,Traffic Signal,Clear,Daylight,Dry,Non-Fatal Injury,Rear End,Driver,60 to 64,Minimal,,South,"Automobile, Station Wagon",Slowing or Stopping,Driving Properly,Normal,,,,,,,,,Yes,,,,,,Yes,Yes,,,,155,Downsview,26,Downsview-Roding-CFB (26),D31,622112.479,4843395.177
5840,6155450,1174308,17/05/2010,2010,1325,KEELE ST,CALVINGTON DR,,Major Arterial,North York,43.733545,-79.48369,,Traffic Signal,Clear,Daylight,Dry,Non-Fatal Injury,Rear End,Driver,45 to 49,Minimal,,South,"Automobile, Station Wagon",Stopped,Driving Properly,Normal,,,,,,,,,Yes,,,,,,Yes,Yes,,,,155,Downsview,26,Downsview-Roding-CFB (26),D31,622112.479,4843395.177
5841,6155451,1174308,17/05/2010,2010,1325,KEELE ST,CALVINGTON DR,,Major Arterial,North York,43.733545,-79.48369,,Traffic Signal,Clear,Daylight,Dry,Non-Fatal Injury,Rear End,Driver,35 to 39,Major,,South,"Automobile, Station Wagon",Going Ahead,Speed too Fast For Condition,Inattentive,,,,,,,,,Yes,,,,,,Yes,Yes,,,,155,Downsview,26,Downsview-Roding-CFB (26),D31,622112.479,4843395.177
5842,6155452,1174308,17/05/2010,2010,1325,KEELE ST,CALVINGTON DR,,Major Arterial,North York,43.733545,-79.48369,,Traffic Signal,Clear,Daylight,Dry,Non-Fatal Injury,Rear End,Driver,30 to 34,Minimal,,South,"Automobile, Station Wagon",Stopped,Driving Properly,Normal,,,,,,,,,Yes,,,,,,Yes,Yes,,,,155,Downsview,26,Downsview-Roding-CFB (26),D31,622112.479,4843395.177
5843,6163959,1178114,18/05/2010,2010,1318,AVENUE RD,ELGIN AVE,,Major Arterial,Toronto and East York,43.672473,-79.395664,,No Control,Clear,Daylight,Dry,Non-Fatal Injury,Cyclist Collisions,Driver,50 to 54,None,,South,"Automobile, Station Wagon",Parked,Other,Inattentive,,,,,,,,Yes,Yes,,,Yes,,,,,,,,95,Annex,95,Annex (95),D53,629332.7712,4836745.768
5844,6163960,1178114,18/05/2010,2010,1318,AVENUE RD,ELGIN AVE,,Major Arterial,Toronto and East York,43.672473,-79.395664,,No Control,Clear,Daylight,Dry,Non-Fatal Injury,Cyclist Collisions,Vehicle Owner,unknown,,,,Other,,,,,,,,,,,Yes,Yes,,,Yes,,,,,,,,95,Annex,95,Annex (95),D53,629332.7712,4836745.768
5845,6163961,1178114,18/05/2010,2010,1318,AVENUE RD,ELGIN AVE,,Major Arterial,Toronto and East York,43.672473,-79.395664,,No Control,Clear,Daylight,Dry,Non-Fatal Injury,Cyclist Collisions,Driver,50 to 54,None,,South,Municipal Transit Bus (TTC),Going Ahead,Driving Properly,Normal,,,,,,,,Yes,Yes,,,Yes,,,,,,,,95,Annex,95,Annex (95),D53,629332.7712,4836745.768
5846,6163962,1178114,18/05/2010,2010,1318,AVENUE RD,ELGIN AVE,,Major Arterial,Toronto and East York,43.672473,-79.395664,,No Control,Clear,Daylight,Dry,Non-Fatal Injury,Cyclist Collisions,Cyclist,15 to 19,Major,,South,Bicycle,Overtaking,,,,,,Cyclist struck opened vehicle door,Driving Properly,Normal,,Yes,Yes,,,Yes,,,,,,,,95,Annex,95,Annex (95),D53,629332.7712,4836745.768
5847,6155455,1174310,18/05/2010,2010,2110,LAKE SHORE BLVD W,FOURTH ST,,Major Arterial,Etobicoke York,43.601504,-79.501865,At Intersection,No Control,Clear,"Dark, artificial",Dry,Non-Fatal Injury,Pedestrian Collisions,Vehicle Owner,unknown,,,,Other,,,,,,,,,,Yes,,Yes,,,,,,,,,,,18,New Toronto,18,New Toronto (18),D22,620913.607,4828703.668
5848,6155456,1174310,18/05/2010,2010,2110,LAKE SHORE BLVD W,FOURTH ST,,Major Arterial,Etobicoke York,43.601504,-79.501865,At Intersection,No Control,Clear,"Dark, artificial",Dry,Non-Fatal Injury,Pedestrian Collisions,Driver,30 to 34,None,,East,"Automobile, Station Wagon",Making U Turn,Improper Turn,Normal,,,,,,,Yes,,Yes,,,,,,,,,,,18,New Toronto,18,New Toronto (18),D22,620913.607,4828703.668
5849,6155457,1174310,18/05/2010,2010,2110,LAKE SHORE BLVD W,FOURTH ST,,Major Arterial,Etobicoke York,43.601504,-79.501865,At Intersection,No Control,Clear,"Dark, artificial",Dry,Non-Fatal Injury,Pedestrian Collisions,Pedestrian,45 to 49,Major,,North,Other,,,,Other / Undefined,"Crossing, no Traffic Control",Had Been Drinking,,,,Yes,,Yes,,,,,,,,,,,18,New Toronto,18,New Toronto (18),D22,620913.607,4828703.668
5850,6155458,1174310,18/05/2010,2010,2110,LAKE SHORE BLVD W,FOURTH ST,,Major Arterial,Etobicoke York,43.601504,-79.501865,At Intersection,No Control,Clear,"Dark, artificial",Dry,Non-Fatal Injury,Pedestrian Collisions,Pedestrian,45 to 49,Major,,North,Other,,,,Other / Undefined,"Crossing, no Traffic Control",Had Been Drinking,,,,Yes,,Yes,,,,,,,,,,,18,New Toronto,18,New Toronto (18),D22,620913.607,4828703.668
5851,6158736,1175820,19/05/2010,2010,1530,WANDLE AVE,KEELE ST,,Major Arterial,North York,43.731145,-79.48319,At Intersection,No Control,Clear,Daylight,Dry,Non-Fatal Injury,Pedestrian Collisions,Driver,35 to 39,None,,East,"Automobile, Station Wagon",Going Ahead,Driving Properly,Unknown,,,,,,,Yes,,Yes,,,,,,,Yes,,,,155,Downsview,26,Downsview-Roding-CFB (26),D31,622157.6249,4843129.36
5852,6158737,1175820,19/05/2010,2010,1530,WANDLE AVE,KEELE ST,,Major Arterial,North York,43.731145,-79.48319,At Intersection,No Control,Clear,Daylight,Dry,Non-Fatal Injury,Pedestrian Collisions,Driver,55 to 59,Minimal,,North,"Automobile, Station Wagon",Turning Left,Failed to Yield Right of Way,Normal,,,,,,,Yes,,Yes,,,,,,,Yes,,,,155,Downsview,26,Downsview-Roding-CFB (26),D31,622157.6249,4843129.36
5853,6158738,1175820,19/05/2010,2010,1530,WANDLE AVE,KEELE ST,,Major Arterial,North York,43.731145,-79.48319,At Intersection,No Control,Clear,Daylight,Dry,Non-Fatal Injury,Pedestrian Collisions,Vehicle Owner,unknown,,,,Other,,,,,,,,,,Yes,,Yes,,,,,,,Yes,,,,155,Downsview,26,Downsview-Roding-CFB (26),D31,622157.6249,4843129.36
5854,6158739,1175820,19/05/2010,2010,1530,WANDLE AVE,KEELE ST,,Major Arterial,North York,43.731145,-79.48319,At Intersection,No Control,Clear,Daylight,Dry,Non-Fatal Injury,Pedestrian Collisions,Driver,20 to 24,None,,South,"Automobile, Station Wagon",Stopped,Driving Properly,Normal,,,,,,,Yes,,Yes,,,,,,,Yes,,,,155,Downsview,26,Downsview-Roding-CFB (26),D31,622157.6249,4843129.36
5855,6158740,1175820,19/05/2010,2010,1530,WANDLE AVE,KEELE ST,,Major Arterial,North York,43.731145,-79.48319,At Intersection,No Control,Clear,Daylight,Dry,Non-Fatal Injury,Pedestrian Collisions,Pedestrian,35 to 39,Major,,South,Other,,,,Vehicle turns left while ped crosses with ROW at inter.,Crossing with right of way,Normal,,,,Yes,,Yes,,,,,,,Yes,,,,155,Downsview,26,Downsview-Roding-CFB (26),D31,622157.6249,4843129.36
5856,6156731,1174844,19/05/2010,2010,1732,BENNINGTON HEIGHTS DR,MOOREHILL DR,,Local,North York,43.693145,-79.37229,,Yield Sign,Clear,Daylight,Dry,Non-Fatal Injury,Turning Movement,Driver,15 to 19,Minimal,,North,"Automobile, Station Wagon",Turning Left,Failed to Yield Right of Way,Normal,,,,,,,,,Yes,,,,,,,Yes,,,,56,Leaside-Bennington,56,Leaside-Bennington (56),D53,631172.0144,4839078.386
5857,6156732,1174844,19/05/2010,2010,1732,BENNINGTON HEIGHTS DR,MOOREHILL DR,,Local,North York,43.693145,-79.37229,,Yield Sign,Clear,Daylight,Dry,Non-Fatal Injury,Turning Movement,Driver,30 to 34,Major,,West,"Automobile, Station Wagon",Going Ahead,Driving Properly,Normal,,,,,,,,,Yes,,,,,,,Yes,,,,56,Leaside-Bennington,56,Leaside-Bennington (56),D53,631172.0144,4839078.386
5858,6159377,1176088,20/05/2010,2010,855,MOUNT PLEASANT RD,PENROSE RD,,Major Arterial,North York,43.703245,-79.38819,At Intersection,No Control,Clear,Daylight,Dry,Non-Fatal Injury,Turning Movement,Moped Driver,20 to 24,Major,,South,Moped,Going Ahead,Driving Properly,Normal,,,,,,,,Yes,Yes,,,,,,,Yes,,,,174,South Eglinton-Davisville,104,Mount Pleasant West (104),D53,629868.8637,4840175.102
5859,6159378,1176088,20/05/2010,2010,855,MOUNT PLEASANT RD,PENROSE RD,,Major Arterial,North York,43.703245,-79.38819,At Intersection,No Control,Clear,Daylight,Dry,Non-Fatal Injury,Turning Movement,Vehicle Owner,unknown,,,,Other,,,,,,,,,,,Yes,Yes,,,,,,,Yes,,,,174,South Eglinton-Davisville,104,Mount Pleasant West (104),D53,629868.8637,4840175.102