OBJECTID,INDEX,ACCNUM,DATE,ACCIDENT_YEAR,TIME,STREET1,STREET2,OFFSET,ROAD_CLASS,DISTRICT,LATITUDE,LONGITUDE,ACCLOC,TRAFFCTL,VISIBILITY,LIGHT,RDSFCOND,ACCLASS,IMPACTYPE,INVTYPE,INVAGE,INJURY,FATAL_NO,INITDIR,VEHTYPE,MANOEUVER,DRIVACT,DRIVCOND,PEDTYPE,PEDACT,PEDCOND,CYCLISTYPE,CYCACT,CYCCOND,PEDESTRIAN,CYCLIST,AUTOMOBILE,MOTORCYCLE,TRUCK,TRSN_CITY_VEH,EMERG_VEH,PASSENGER,SPEEDING,AG_DRIV,REDLIGHT,ALCOHOL,DISABILITY,HOOD_158,NEIGHBOURHOOD_158,HOOD_140,NEIGHBOURHOOD_140,DIVISION,x,y
6174,6187549,1187943,02/08/2010,2010,850,SPADINA Rd,MACPHERSON Ave,,Minor Arterial,Toronto and East York,43.675845,-79.40749,At Intersection,Stop Sign,Clear,Daylight,Dry,Non-Fatal Injury,Angle,Driver,25 to 29,None,,West,"Automobile, Station Wagon",Going Ahead,Failed to Yield Right of Way,Inattentive,,,,,,,,,Yes,,,,,Yes,,Yes,,,,96,Casa Loma,96,Casa Loma (96),D13,628372.2243,4837101.903
6175,6915136,1188456,04/08/2010,2010,1530,5785 YONGE ST,,,Major Arterial,North York,43.783745,-79.41659,,No Control,Clear,Daylight,Dry,Non-Fatal Injury,Turning Movement,Motorcycle Driver,20 to 24,Major,,North,Motorcycle,Going Ahead,Driving Properly,Normal,,,,,,,,,Yes,Yes,,,,,,,,,,36,Newtonbrook West,36,Newtonbrook West (36),D32,627409.6753,4849071.714
6176,6915137,1188456,04/08/2010,2010,1530,5785 YONGE ST,,,Major Arterial,North York,43.783745,-79.41659,,No Control,Clear,Daylight,Dry,Non-Fatal Injury,Turning Movement,Driver,35 to 39,None,,South,"Automobile, Station Wagon",Turning Left,Improper Turn,Normal,,,,,,,,,Yes,Yes,,,,,,,,,,36,Newtonbrook West,36,Newtonbrook West (36),D32,627409.6753,4849071.714
6177,6170909,1181100,06/08/2010,2010,845,WARDEN AVE,BRIDLETOWNE CRCL,,Major Arterial,Scarborough,43.801445,-79.31869,At Intersection,Traffic Signal,Clear,Daylight,Dry,Non-Fatal Injury,Pedestrian Collisions,Vehicle Owner,unknown,,,,Other,,,,,,,,,,Yes,,,,Yes,,,,,,,,,148,East L'Amoreaux,117,L'Amoreaux (117),D42,635247.3793,4851192.916
6178,6170910,1181100,06/08/2010,2010,845,WARDEN AVE,BRIDLETOWNE CRCL,,Major Arterial,Scarborough,43.801445,-79.31869,At Intersection,Traffic Signal,Clear,Daylight,Dry,Non-Fatal Injury,Pedestrian Collisions,Truck Driver,55 to 59,None,,North,Truck - Open,Going Ahead,Driving Properly,Normal,,,,,,,Yes,,,,Yes,,,,,,,,,148,East L'Amoreaux,117,L'Amoreaux (117),D42,635247.3793,4851192.916
6179,6170911,1181100,06/08/2010,2010,845,WARDEN AVE,BRIDLETOWNE CRCL,,Major Arterial,Scarborough,43.801445,-79.31869,At Intersection,Traffic Signal,Clear,Daylight,Dry,Non-Fatal Injury,Pedestrian Collisions,Vehicle Owner,unknown,,,,Other,,,,,,,,,,Yes,,,,Yes,,,,,,,,,148,East L'Amoreaux,117,L'Amoreaux (117),D42,635247.3793,4851192.916
6180,6170912,1181100,06/08/2010,2010,845,WARDEN AVE,BRIDLETOWNE CRCL,,Major Arterial,Scarborough,43.801445,-79.31869,At Intersection,Traffic Signal,Clear,Daylight,Dry,Non-Fatal Injury,Pedestrian Collisions,Pedestrian,25 to 29,Major,,West,Other,,,,Vehicle is going straight thru inter.while ped cross without ROW,Crossing without right of way,Inattentive,,,,Yes,,,,Yes,,,,,,,,,148,East L'Amoreaux,117,L'Amoreaux (117),D42,635247.3793,4851192.916
6181,6189353,1188699,06/08/2010,2010,1230,LESLIE St,FARMSTEAD Rd,,Major Arterial,North York,43.754845,-79.36039,,No Control,Clear,Daylight,Dry,Non-Fatal Injury,Pedestrian Collisions,Driver,45 to 49,None,,North,"Automobile, Station Wagon",Going Ahead,Driving Properly,Normal,,,,,,,Yes,,Yes,,,,,,,,,,,40,St.Andrew-Windfields,40,St.Andrew-Windfields (40),D33,631995.4293,4845949.959
6182,6189354,1188699,06/08/2010,2010,1230,LESLIE St,FARMSTEAD Rd,,Major Arterial,North York,43.754845,-79.36039,,No Control,Clear,Daylight,Dry,Non-Fatal Injury,Pedestrian Collisions,Pedestrian,20 to 24,Major,,West,Other,Unknown,,,Vehicle is going straight thru inter.while ped cross without ROW,"Crossing, no Traffic Control",Inattentive,,,,Yes,,Yes,,,,,,,,,,,40,St.Andrew-Windfields,40,St.Andrew-Windfields (40),D33,631995.4293,4845949.959
6183,6189343,1188695,06/08/2010,2010,1538,AVENUE Rd,GLENVIEW Ave,,Major Arterial,North York,43.717845,-79.41449,,No Control,Rain,Daylight,Wet,Non-Fatal Injury,SMV Other,Moped Driver,45 to 49,Major,,South,Moped,Going Ahead,Lost control,Normal,,,,,,,,Yes,,,,,,,,,,,,103,Lawrence Park South,103,Lawrence Park South (103),D53,627718.7501,4841755.776
6184,6170899,1181097,06/08/2010,2010,1931,RICHMOND ST W,SIMCOE ST,,Major Arterial,Toronto and East York,43.649845,-79.38709,At Intersection,No Control,Clear,Daylight,Dry,Non-Fatal Injury,Pedestrian Collisions,Motorcycle Driver,45 to 49,Major,,West,Motorcycle,Going Ahead,Driving Properly,Normal,,,,,,,Yes,,,Yes,,,,,,,,,,170,Yonge-Bay Corridor,76,Bay Street Corridor (76),D52,630072.8228,4834246.031
6185,6170900,1181097,06/08/2010,2010,1931,RICHMOND ST W,SIMCOE ST,,Major Arterial,Toronto and East York,43.649845,-79.38709,At Intersection,No Control,Clear,Daylight,Dry,Non-Fatal Injury,Pedestrian Collisions,Pedestrian,35 to 39,Major,,South,Other,,,,Vehicle is going straight thru inter.while ped cross without ROW,"Crossing, no Traffic Control",Inattentive,,,,Yes,,,Yes,,,,,,,,,,170,Yonge-Bay Corridor,76,Bay Street Corridor (76),D52,630072.8228,4834246.031
6186,6189791,1188873,07/08/2010,2010,1820,BLOOR ST E,CASTLE FRANK RD,,Major Arterial,Toronto and East York,43.674045,-79.36779,,No Control,Clear,Daylight,Dry,Non-Fatal Injury,Pedestrian Collisions,Pedestrian,20 to 24,Major,,Unknown,Other,,,,Other / Undefined,Other,"Ability Impaired, Alcohol",,,,Yes,Yes,,,,,,,,,,,,71,Cabbagetown-South St.James Town,71,Cabbagetown-South St.James Town (71),D51,631576.4084,4836964.197
6187,6189792,1188873,07/08/2010,2010,1820,BLOOR ST E,CASTLE FRANK RD,,Major Arterial,Toronto and East York,43.674045,-79.36779,,No Control,Clear,Daylight,Dry,Non-Fatal Injury,Pedestrian Collisions,Cyclist,55 to 59,None,,East,Bicycle,Going Ahead,,,,,,Cyclist strikes pedestrian.,Driving Properly,Unknown,Yes,Yes,,,,,,,,,,,,71,Cabbagetown-South St.James Town,71,Cabbagetown-South St.James Town (71),D51,631576.4084,4836964.197
6188,6189917,1188927,07/08/2010,2010,2000,DANFORTH AVE,MOBERLY AVE,,Major Arterial,Toronto and East York,43.685345,-79.31409,,No Control,Clear,Dusk,Dry,Non-Fatal Injury,Cyclist Collisions,Driver,70 to 74,None,,East,"Automobile, Station Wagon",Going Ahead,Lost control,Unknown,,,,,,,,Yes,Yes,,,,,,,,,,,64,Woodbine Corridor,64,Woodbine Corridor (64),D55,635879.8334,4838305.803
6189,6189918,1188927,07/08/2010,2010,2000,DANFORTH AVE,MOBERLY AVE,,Major Arterial,Toronto and East York,43.685345,-79.31409,,No Control,Clear,Dusk,Dry,Non-Fatal Injury,Cyclist Collisions,Cyclist,20 to 24,Major,,West,Bicycle,Going Ahead,,,,,,Motorist loses control and strikes cyclist.,Driving Properly,Normal,,Yes,Yes,,,,,,,,,,,64,Woodbine Corridor,64,Woodbine Corridor (64),D55,635879.8334,4838305.803
6190,6191508,1189642,12/08/2010,2010,1116,EGLINTON Ave E,GILDER Dr,,Major Arterial,Scarborough,43.735545,-79.25319,At Intersection,Traffic Signal,Clear,Daylight,Dry,Non-Fatal Injury,Rear End,Passenger,70 to 74,Minimal,,,Other,,,,,,,,,,,,Yes,,,Yes,,Yes,,Yes,,,,124,Kennedy Park,124,Kennedy Park (124),D41,640670.7741,4843982.831
6191,6191509,1189642,12/08/2010,2010,1116,EGLINTON Ave E,GILDER Dr,,Major Arterial,Scarborough,43.735545,-79.25319,At Intersection,Traffic Signal,Clear,Daylight,Dry,Non-Fatal Injury,Rear End,Driver,55 to 59,Major,,West,"Automobile, Station Wagon",Stopped,Driving Properly,Normal,,,,,,,,,Yes,,,Yes,,Yes,,Yes,,,,124,Kennedy Park,124,Kennedy Park (124),D41,640670.7741,4843982.831
6192,6191510,1189642,12/08/2010,2010,1116,EGLINTON Ave E,GILDER Dr,,Major Arterial,Scarborough,43.735545,-79.25319,At Intersection,Traffic Signal,Clear,Daylight,Dry,Non-Fatal Injury,Rear End,Passenger,5 to 9,Major,,,Other,,,,,,,,,,,,Yes,,,Yes,,Yes,,Yes,,,,124,Kennedy Park,124,Kennedy Park (124),D41,640670.7741,4843982.831
6193,6191511,1189642,12/08/2010,2010,1116,EGLINTON Ave E,GILDER Dr,,Major Arterial,Scarborough,43.735545,-79.25319,At Intersection,Traffic Signal,Clear,Daylight,Dry,Non-Fatal Injury,Rear End,Vehicle Owner,unknown,,,,Other,,,,,,,,,,,,Yes,,,Yes,,Yes,,Yes,,,,124,Kennedy Park,124,Kennedy Park (124),D41,640670.7741,4843982.831
6194,6191512,1189642,12/08/2010,2010,1116,EGLINTON Ave E,GILDER Dr,,Major Arterial,Scarborough,43.735545,-79.25319,At Intersection,Traffic Signal,Clear,Daylight,Dry,Non-Fatal Injury,Rear End,Driver,55 to 59,None,,West,Municipal Transit Bus (TTC),Slowing or Stopping,Following too Close,Normal,,,,,,,,,Yes,,,Yes,,Yes,,Yes,,,,124,Kennedy Park,124,Kennedy Park (124),D41,640670.7741,4843982.831
6195,6192189,1189933,13/08/2010,2010,904,DUNCAN ST,NELSON ST,,Collector,Toronto and East York,43.648845,-79.38889,At Intersection,Stop Sign,Clear,Daylight,Dry,Non-Fatal Injury,Angle,Driver,35 to 39,None,,East,"Automobile, Station Wagon",Going Ahead,Disobeyed Traffic Control,Inattentive,,,,,,,,,Yes,,,,,,,Yes,,,,164,Wellington Place,77,Waterfront Communities-The Island (77),D52,629929.8169,4834132.148
6196,6192190,1189933,13/08/2010,2010,904,DUNCAN ST,NELSON ST,,Collector,Toronto and East York,43.648845,-79.38889,At Intersection,Stop Sign,Clear,Daylight,Dry,Non-Fatal Injury,Angle,Driver,45 to 49,Major,,South,Other,Going Ahead,Driving Properly,Unknown,,,,,,,,,Yes,,,,,,,Yes,,,,164,Wellington Place,77,Waterfront Communities-The Island (77),D52,629929.8169,4834132.148
6197,6175794,1183116,15/08/2010,2010,1810,SPADINA AVE,BLOOR ST W,,Major Arterial,Toronto and East York,43.665945,-79.40339,,No Control,Clear,Daylight,Dry,Non-Fatal Injury,Pedestrian Collisions,Driver,25 to 29,Minimal,,North,"Automobile, Station Wagon",Going Ahead,Driving Properly,Normal,,,,,,,Yes,,Yes,,,,,,,,,,,79,University,79,University (79),D52,628723.8912,4836008.729
6198,6175795,1183116,15/08/2010,2010,1810,SPADINA AVE,BLOOR ST W,,Major Arterial,Toronto and East York,43.665945,-79.40339,,No Control,Clear,Daylight,Dry,Non-Fatal Injury,Pedestrian Collisions,Pedestrian,45 to 49,Major,,West,Other,,,,Pedestrian hit at mid-block,"Crossing, no Traffic Control",Had Been Drinking,,,,Yes,,Yes,,,,,,,,,,,79,University,79,University (79),D52,628723.8912,4836008.729
6199,6192904,1190214,15/08/2010,2010,2035,FINCH AVE E,MIDLAND AVE,,Major Arterial,Scarborough,43.803745,-79.28629,At Intersection,Traffic Signal,Rain,Dusk,Wet,Non-Fatal Injury,Turning Movement,Driver,35 to 39,Major,,West,"Automobile, Station Wagon",Going Ahead,Driving Properly,Normal,,,,,,,,,Yes,,,,,,,Yes,,,,128,Agincourt South-Malvern West,128,Agincourt South-Malvern West (128),D42,637848.4268,4851501.831
6200,6192905,1190214,15/08/2010,2010,2035,FINCH AVE E,MIDLAND AVE,,Major Arterial,Scarborough,43.803745,-79.28629,At Intersection,Traffic Signal,Rain,Dusk,Wet,Non-Fatal Injury,Turning Movement,Vehicle Owner,unknown,,,,Other,,,,,,,,,,,,Yes,,,,,,,Yes,,,,128,Agincourt South-Malvern West,128,Agincourt South-Malvern West (128),D42,637848.4268,4851501.831
6201,6192906,1190214,15/08/2010,2010,2035,FINCH AVE E,MIDLAND AVE,,Major Arterial,Scarborough,43.803745,-79.28629,At Intersection,Traffic Signal,Rain,Dusk,Wet,Non-Fatal Injury,Turning Movement,Driver,20 to 24,None,,East,"Automobile, Station Wagon",Turning Left,Failed to Yield Right of Way,Inattentive,,,,,,,,,Yes,,,,,,,Yes,,,,128,Agincourt South-Malvern West,128,Agincourt South-Malvern West (128),D42,637848.4268,4851501.831
6202,6176152,1183260,16/08/2010,2010,1015,519 DUNDAS ST W,,,Major Arterial,Toronto and East York,43.652745,-79.39889,At Intersection,No Control,Clear,Daylight,Other,Non-Fatal Injury,Pedestrian Collisions,Driver,75 to 79,None,,North,"Automobile, Station Wagon",Going Ahead,Failed to Yield Right of Way,Inattentive,,,,,,,Yes,,Yes,,,,,,,Yes,,,,78,Kensington-Chinatown,78,Kensington-Chinatown (78),D14,629114.9898,4834549.686
6203,6176153,1183260,16/08/2010,2010,1015,519 DUNDAS ST W,,,Major Arterial,Toronto and East York,43.652745,-79.39889,At Intersection,No Control,Clear,Daylight,Other,Non-Fatal Injury,Pedestrian Collisions,Driver,65 to 69,None,,East,"Automobile, Station Wagon",Stopped,Driving Properly,Normal,,,,,,,Yes,,Yes,,,,,,,Yes,,,,78,Kensington-Chinatown,78,Kensington-Chinatown (78),D14,629114.9898,4834549.686
6204,6176154,1183260,16/08/2010,2010,1015,519 DUNDAS ST W,,,Major Arterial,Toronto and East York,43.652745,-79.39889,At Intersection,No Control,Clear,Daylight,Other,Non-Fatal Injury,Pedestrian Collisions,Pedestrian,30 to 34,Major,,Unknown,Other,,,,Pedestrian hit at private driveway,On Sidewalk or Shoulder,Normal,,,,Yes,,Yes,,,,,,,Yes,,,,78,Kensington-Chinatown,78,Kensington-Chinatown (78),D14,629114.9898,4834549.686
6205,6187770,1188020,17/08/2010,2010,1400,MORNINGSIDE AVE,OLD FINCH AVE,,Pending,Scarborough,43.819245,-79.21619,,No Control,Clear,Daylight,Dry,Non-Fatal Injury,Pedestrian Collisions,Driver,unknown,None,,South,"Automobile, Station Wagon",Going Ahead,Other,Unknown,,,,,,,Yes,,Yes,,,,,,,,,,,146,Malvern East,132,Malvern (132),D42,643450.1207,4853342.528
6206,6187771,1188020,17/08/2010,2010,1400,MORNINGSIDE AVE,OLD FINCH AVE,,Pending,Scarborough,43.819245,-79.21619,,No Control,Clear,Daylight,Dry,Non-Fatal Injury,Pedestrian Collisions,Pedestrian,40 to 44,Major,,South,Other,,,,Pedestrian hit on sidewalk or shoulder,On Sidewalk or Shoulder,"Ability Impaired, Drugs",,,,Yes,,Yes,,,,,,,,,,,146,Malvern East,132,Malvern (132),D42,643450.1207,4853342.528
6207,6177898,1183999,18/08/2010,2010,1752,2301 BRIMLEY RD,,,Major Arterial,Scarborough,43.796945,-79.27269,,No Control,Clear,Daylight,Dry,Non-Fatal Injury,Pedestrian Collisions,Driver,70 to 74,None,,West,"Automobile, Station Wagon",Turning Left,Failed to Yield Right of Way,Inattentive,,,,,,,Yes,,Yes,,,,,,,Yes,,,,129,Agincourt North,129,Agincourt North (129),D42,638958.1676,4850769.328
6208,6177899,1183999,18/08/2010,2010,1752,2301 BRIMLEY RD,,,Major Arterial,Scarborough,43.796945,-79.27269,,No Control,Clear,Daylight,Dry,Non-Fatal Injury,Pedestrian Collisions,Pedestrian,70 to 74,Major,,West,Other,,,,Pedestrian hit at mid-block,"Crossing, no Traffic Control",Unknown,,,,Yes,,Yes,,,,,,,Yes,,,,129,Agincourt North,129,Agincourt North (129),D42,638958.1676,4850769.328
6209,6177900,1183999,18/08/2010,2010,1752,2301 BRIMLEY RD,,,Major Arterial,Scarborough,43.796945,-79.27269,,No Control,Clear,Daylight,Dry,Non-Fatal Injury,Pedestrian Collisions,Pedestrian,70 to 74,Minor,,West,Other,,,,Pedestrian hit at mid-block,"Crossing, no Traffic Control",Unknown,,,,Yes,,Yes,,,,,,,Yes,,,,129,Agincourt North,129,Agincourt North (129),D42,638958.1676,4850769.328
6210,6178140,1184084,19/08/2010,2010,1715,ROXTON RD,DEWSON ST,,Local,Toronto and East York,43.657845,-79.42269,,No Control,Clear,Daylight,Dry,Non-Fatal Injury,Pedestrian Collisions,Driver,25 to 29,None,,North,"Automobile, Station Wagon",Reversing,Other,Unknown,,,,,,,Yes,,Yes,,,,,,,,,,,80,Palmerston-Little Italy,80,Palmerston-Little Italy (80),D14,627184.9496,4835079.351
6211,6178141,1184084,19/08/2010,2010,1715,ROXTON RD,DEWSON ST,,Local,Toronto and East York,43.657845,-79.42269,,No Control,Clear,Daylight,Dry,Non-Fatal Injury,Pedestrian Collisions,Pedestrian,85 to 89,Major,,Unknown,Other,,,,Vehicle is reversing and hits pedestrian,Coming From Behind Parked Vehicle,Normal,,,,Yes,,Yes,,,,,,,,,,,80,Palmerston-Little Italy,80,Palmerston-Little Italy (80),D14,627184.9496,4835079.351
6212,6179024,1184434,20/08/2010,2010,2215,LAKE SHORE BLVD E,JOSEPH DUGGAN  RD,,Major Arterial,Toronto and East York,43.664344,-79.306186,,Traffic Signal,Clear,Dark,Dry,Fatal,Pedestrian Collisions,Vehicle Owner,unknown,,,,Other,,,,,,,,,,Yes,,,,,Yes,,,,,,,,70,South Riverdale,70,South Riverdale (70),D55,636564.5126,4835986.334
6213,6179025,1184434,20/08/2010,2010,2215,LAKE SHORE BLVD E,JOSEPH DUGGAN  RD,,Major Arterial,Toronto and East York,43.664344,-79.306186,,Traffic Signal,Clear,Dark,Dry,Fatal,Pedestrian Collisions,Driver,35 to 39,None,,East,Municipal Transit Bus (TTC),Going Ahead,Driving Properly,Normal,,,,,,,Yes,,,,,Yes,,,,,,,,70,South Riverdale,70,South Riverdale (70),D55,636564.5126,4835986.334
6214,6179026,1184434,20/08/2010,2010,2215,LAKE SHORE BLVD E,JOSEPH DUGGAN  RD,,Major Arterial,Toronto and East York,43.664344,-79.306186,,Traffic Signal,Clear,Dark,Dry,Fatal,Pedestrian Collisions,Pedestrian,15 to 19,Fatal,29,North,Other,,,,Pedestrian involved in a collision with transit vehicle anywhere along roadway,Crossing without right of way,Unknown,,,,Yes,,,,,Yes,,,,,,,,70,South Riverdale,70,South Riverdale (70),D55,636564.5126,4835986.334
6215,6203782,1194863,21/08/2010,2010,351,WARDEN AVE,HOLLIS AVE,,Minor Arterial,Scarborough,43.692845,-79.27299,At Intersection,Traffic Signal,Clear,Dark,Dry,Non-Fatal Injury,SMV Other,Passenger,25 to 29,Major,,,Other,,,,,,,,,,,,Yes,,,,,Yes,,,,Yes,,122,Birchcliffe-Cliffside,122,Birchcliffe-Cliffside (122),D41,639175.0747,4839206.948
6216,6203783,1194863,21/08/2010,2010,351,WARDEN AVE,HOLLIS AVE,,Minor Arterial,Scarborough,43.692845,-79.27299,At Intersection,Traffic Signal,Clear,Dark,Dry,Non-Fatal Injury,SMV Other,Driver,25 to 29,None,,East,"Automobile, Station Wagon",Unknown,Lost control,"Ability Impaired, Alcohol Over .08",,,,,,,,,Yes,,,,,Yes,,,,Yes,,122,Birchcliffe-Cliffside,122,Birchcliffe-Cliffside (122),D41,639175.0747,4839206.948
6217,6203784,1194863,21/08/2010,2010,351,WARDEN AVE,HOLLIS AVE,,Minor Arterial,Scarborough,43.692845,-79.27299,At Intersection,Traffic Signal,Clear,Dark,Dry,Non-Fatal Injury,SMV Other,Other Property Owner,unknown,,,,Other,,,,,,,,,,,,Yes,,,,,Yes,,,,Yes,,122,Birchcliffe-Cliffside,122,Birchcliffe-Cliffside (122),D41,639175.0747,4839206.948
6218,6279580,1185601,21/08/2010,2010,1338,GERRARD ST E,NASMITH AVE,,Minor Arterial,Toronto and East York,43.662945,-79.36229,,No Control,Rain,Daylight,Wet,Non-Fatal Injury,Rear End,Motorcycle Driver,55 to 59,Major,,East,Motorcycle,Going Ahead,Driving Properly,Normal,,,,,,,,,Yes,Yes,,,,,,Yes,,,,72,Regent Park,72,Regent Park (72),D51,632044.1193,4835740.132
6219,6279581,1185601,21/08/2010,2010,1338,GERRARD ST E,NASMITH AVE,,Minor Arterial,Toronto and East York,43.662945,-79.36229,,No Control,Rain,Daylight,Wet,Non-Fatal Injury,Rear End,Other,unknown,None,,East,Other,Parked,,,,,,,,,,,Yes,Yes,,,,,,Yes,,,,72,Regent Park,72,Regent Park (72),D51,632044.1193,4835740.132
6220,6279582,1185601,21/08/2010,2010,1338,GERRARD ST E,NASMITH AVE,,Minor Arterial,Toronto and East York,43.662945,-79.36229,,No Control,Rain,Daylight,Wet,Non-Fatal Injury,Rear End,Driver,unknown,None,,East,"Automobile, Station Wagon",Going Ahead,Following too Close,Unknown,,,,,,,,,Yes,Yes,,,,,,Yes,,,,72,Regent Park,72,Regent Park (72),D51,632044.1193,4835740.132
6221,6253983,1184541,21/08/2010,2010,1343,230 ROSETHORN AVE,,,Local,Etobicoke York,43.683045,-79.46459,,No Control,Rain,Daylight,Wet,Non-Fatal Injury,Pedestrian Collisions,Vehicle Owner,unknown,,,,Other,,,,,,,,,,Yes,,Yes,,,,,,,,,,,110,Keelesdale-Eglinton West,110,Keelesdale-Eglinton West (110),D12,623754.5477,4837814.773
6222,6253984,1184541,21/08/2010,2010,1343,230 ROSETHORN AVE,,,Local,Etobicoke York,43.683045,-79.46459,,No Control,Rain,Daylight,Wet,Non-Fatal Injury,Pedestrian Collisions,Driver,30 to 34,None,,West,"Automobile, Station Wagon",Reversing,Other,Inattentive,,,,,,,Yes,,Yes,,,,,,,,,,,110,Keelesdale-Eglinton West,110,Keelesdale-Eglinton West (110),D12,623754.5477,4837814.773
6223,6253985,1184541,21/08/2010,2010,1343,230 ROSETHORN AVE,,,Local,Etobicoke York,43.683045,-79.46459,,No Control,Rain,Daylight,Wet,Non-Fatal Injury,Pedestrian Collisions,Pedestrian,75 to 79,Major,,South,Other,,,,Pedestrian hit at private driveway,On Sidewalk or Shoulder,Normal,,,,Yes,,Yes,,,,,,,,,,,110,Keelesdale-Eglinton West,110,Keelesdale-Eglinton West (110),D12,623754.5477,4837814.773
6224,6197396,1192115,25/08/2010,2010,855,BATHURST ST,SHEPPARD AVE W,,Major Arterial,North York,43.755445,-79.43849,At Intersection,Traffic Signal,Clear,Daylight,Dry,Non-Fatal Injury,Turning Movement,Vehicle Owner,unknown,,,,Other,,,,,,,,,,,,Yes,,,,,Yes,,Yes,Yes,,,33,Clanton Park,33,Clanton Park (33),D32,625706.7404,4845895.099
6225,6197397,1192115,25/08/2010,2010,855,BATHURST ST,SHEPPARD AVE W,,Major Arterial,North York,43.755445,-79.43849,At Intersection,Traffic Signal,Clear,Daylight,Dry,Non-Fatal Injury,Turning Movement,Driver,20 to 24,Minor,,North,"Automobile, Station Wagon",Turning Left,Driving Properly,Normal,,,,,,,,,Yes,,,,,Yes,,Yes,Yes,,,33,Clanton Park,33,Clanton Park (33),D32,625706.7404,4845895.099
6226,6197398,1192115,25/08/2010,2010,855,BATHURST ST,SHEPPARD AVE W,,Major Arterial,North York,43.755445,-79.43849,At Intersection,Traffic Signal,Clear,Daylight,Dry,Non-Fatal Injury,Turning Movement,Driver,35 to 39,None,,East,"Automobile, Station Wagon",Stopped,Driving Properly,Normal,,,,,,,,,Yes,,,,,Yes,,Yes,Yes,,,33,Clanton Park,33,Clanton Park (33),D32,625706.7404,4845895.099
6227,6197399,1192115,25/08/2010,2010,855,BATHURST ST,SHEPPARD AVE W,,Major Arterial,North York,43.755445,-79.43849,At Intersection,Traffic Signal,Clear,Daylight,Dry,Non-Fatal Injury,Turning Movement,Passenger,20 to 24,Minor,,,Other,,,,,,,,,,,,Yes,,,,,Yes,,Yes,Yes,,,33,Clanton Park,33,Clanton Park (33),D32,625706.7404,4845895.099
6228,6197400,1192115,25/08/2010,2010,855,BATHURST ST,SHEPPARD AVE W,,Major Arterial,North York,43.755445,-79.43849,At Intersection,Traffic Signal,Clear,Daylight,Dry,Non-Fatal Injury,Turning Movement,Passenger,5 to 9,Major,,,Other,,,,,,,,,,,,Yes,,,,,Yes,,Yes,Yes,,,33,Clanton Park,33,Clanton Park (33),D32,625706.7404,4845895.099
6229,6197401,1192115,25/08/2010,2010,855,BATHURST ST,SHEPPARD AVE W,,Major Arterial,North York,43.755445,-79.43849,At Intersection,Traffic Signal,Clear,Daylight,Dry,Non-Fatal Injury,Turning Movement,Driver,30 to 34,Minor,,South,"Automobile, Station Wagon",Going Ahead,Disobeyed Traffic Control,Normal,,,,,,,,,Yes,,,,,Yes,,Yes,Yes,,,33,Clanton Park,33,Clanton Park (33),D32,625706.7404,4845895.099
6230,6197451,1192130,25/08/2010,2010,2344,CHESSWOOD DR,CHAMPAGNE DR,,Minor Arterial,North York,43.764345,-79.47659,At Intersection,Stop Sign,Clear,Dark,Dry,Non-Fatal Injury,Angle,Vehicle Owner,unknown,,,,Other,,,,,,,,,,,,Yes,Yes,,,,,,Yes,,,,27,York University Heights,27,York University Heights (27),D32,622621.3563,4846826.457
6231,6197452,1192130,25/08/2010,2010,2344,CHESSWOOD DR,CHAMPAGNE DR,,Minor Arterial,North York,43.764345,-79.47659,At Intersection,Stop Sign,Clear,Dark,Dry,Non-Fatal Injury,Angle,Motorcycle Driver,30 to 34,Major,,West,Motorcycle,Going Ahead,Disobeyed Traffic Control,Had Been Drinking,,,,,,,,,Yes,Yes,,,,,,Yes,,,,27,York University Heights,27,York University Heights (27),D32,622621.3563,4846826.457
6232,6197453,1192130,25/08/2010,2010,2344,CHESSWOOD DR,CHAMPAGNE DR,,Minor Arterial,North York,43.764345,-79.47659,At Intersection,Stop Sign,Clear,Dark,Dry,Non-Fatal Injury,Angle,Driver,50 to 54,Minimal,,North,"Automobile, Station Wagon",Going Ahead,Other,Had Been Drinking,,,,,,,,,Yes,Yes,,,,,,Yes,,,,27,York University Heights,27,York University Heights (27),D32,622621.3563,4846826.457
6233,6182455,1185844,27/08/2010,2010,128,DUNDAS ST W,BURNHAMTHORPE RD,,Major Arterial,Etobicoke York,43.648945,-79.52929,,No Control,Clear,Dark,Dry,Non-Fatal Injury,Pedestrian Collisions,Driver,20 to 24,None,,East,"Automobile, Station Wagon",Going Ahead,Other,Had Been Drinking,,,,,,,Yes,,Yes,,,,,,,,,,,158,Islington,14,Islington-City Centre West (14),D22,618606.8,4833933.016
6234,6182456,1185844,27/08/2010,2010,128,DUNDAS ST W,BURNHAMTHORPE RD,,Major Arterial,Etobicoke York,43.648945,-79.52929,,No Control,Clear,Dark,Dry,Non-Fatal Injury,Pedestrian Collisions,Pedestrian,85 to 89,Major,,South,Other,,,,Pedestrian hit at mid-block,"Crossing, no Traffic Control",Had Been Drinking,,,,Yes,,Yes,,,,,,,,,,,158,Islington,14,Islington-City Centre West (14),D22,618606.8,4833933.016
6235,6201013,1193686,27/08/2010,2010,1103,EGLINTON AVE E,HOLLY ST,,Major Arterial,Toronto and East York,43.707045,-79.39669,,No Control,Clear,Daylight,Dry,Non-Fatal Injury,Pedestrian Collisions,Truck Driver,45 to 49,None,,West,Truck - Open,Going Ahead,Speed too Fast For Condition,Inattentive,,,,,,,Yes,,,,Yes,,,,Yes,Yes,,,,174,South Eglinton-Davisville,104,Mount Pleasant West (104),D53,629175.8215,4840583.865