OBJECTID,INDEX,ACCNUM,DATE,ACCIDENT_YEAR,TIME,STREET1,STREET2,OFFSET,ROAD_CLASS,DISTRICT,LATITUDE,LONGITUDE,ACCLOC,TRAFFCTL,VISIBILITY,LIGHT,RDSFCOND,ACCLASS,IMPACTYPE,INVTYPE,INVAGE,INJURY,FATAL_NO,INITDIR,VEHTYPE,MANOEUVER,DRIVACT,DRIVCOND,PEDTYPE,PEDACT,PEDCOND,CYCLISTYPE,CYCACT,CYCCOND,PEDESTRIAN,CYCLIST,AUTOMOBILE,MOTORCYCLE,TRUCK,TRSN_CITY_VEH,EMERG_VEH,PASSENGER,SPEEDING,AG_DRIV,REDLIGHT,ALCOHOL,DISABILITY,HOOD_158,NEIGHBOURHOOD_158,HOOD_140,NEIGHBOURHOOD_140,DIVISION,x,y
6978,6649186,1242638,18/05/2011,2011,934,WARDEN AVE,BRIDLETOWNE CRCL,,Major Arterial,Scarborough,43.801445,-79.31869,At Intersection,Traffic Signal,Rain,Daylight,Wet,Non-Fatal Injury,Rear End,Driver,40 to 44,Minor,,North,"Automobile, Station Wagon",Stopped,Driving Properly,Normal,,,,,,,,,Yes,,,,,,Yes,Yes,,,,148,East L'Amoreaux,117,L'Amoreaux (117),D42,635247.3793,4851192.916
6979,6628316,1233797,18/05/2011,2011,1245,PAPE Aven,COSBURN Aven,,Major Arterial,Toronto and East York,43.689445,-79.34879,At Intersection,Traffic Signal,Clear,Daylight,Wet,Non-Fatal Injury,Pedestrian Collisions,Driver,40 to 44,None,,West,"Automobile, Station Wagon",Turning Left,Failed to Yield Right of Way,Inattentive,,,,,,,Yes,,Yes,,,,,,,Yes,,,,58,Old East York,58,Old East York (58),D55,633074.0084,4838704.894
6980,6628317,1233797,18/05/2011,2011,1245,PAPE Aven,COSBURN Aven,,Major Arterial,Toronto and East York,43.689445,-79.34879,At Intersection,Traffic Signal,Clear,Daylight,Wet,Non-Fatal Injury,Pedestrian Collisions,Pedestrian,90 to 94,Major,,East,Other,,,,Vehicle turns left while ped crosses with ROW at inter.,Crossing with right of way,Normal,,,,Yes,,Yes,,,,,,,Yes,,,,58,Old East York,58,Old East York (58),D55,633074.0084,4838704.894
6981,6628921,1234066,20/05/2011,2011,1620,JANE ST,HOMEVIEW AVE,,Major Arterial,Etobicoke York,43.668645,-79.49239,,No Control,Rain,Daylight,Wet,Non-Fatal Injury,Pedestrian Collisions,Driver,25 to 29,None,,North,"Automobile, Station Wagon",Turning Left,Failed to Yield Right of Way,Normal,,,,,,,Yes,,Yes,,,,,,,Yes,,,,111,Rockcliffe-Smythe,111,Rockcliffe-Smythe (111),D12,621542.9071,4836174.355
6982,6628922,1234066,20/05/2011,2011,1620,JANE ST,HOMEVIEW AVE,,Major Arterial,Etobicoke York,43.668645,-79.49239,,No Control,Rain,Daylight,Wet,Non-Fatal Injury,Pedestrian Collisions,Pedestrian,50 to 54,Major,,Unknown,Other,,,,Vehicle turns left while ped crosses with ROW at inter.,"Crossing, no Traffic Control",Normal,,,,Yes,,Yes,,,,,,,Yes,,,,111,Rockcliffe-Smythe,111,Rockcliffe-Smythe (111),D12,621542.9071,4836174.355
6983,6649622,1242807,20/05/2011,2011,1738,MCCOWAN Road,BRIDLEY Driv,,Major Arterial,Scarborough,43.813645,-79.27009,,No Control,Clear,Daylight,Dry,Non-Fatal Injury,Rear End,Driver,35 to 39,None,,South,"Automobile, Station Wagon",Going Ahead,Driving Properly,Normal,,,,,,,,,Yes,,,,,Yes,,Yes,,,,129,Agincourt North,129,Agincourt North (129),D42,639128.5575,4852628.502
6984,6649623,1242807,20/05/2011,2011,1738,MCCOWAN Road,BRIDLEY Driv,,Major Arterial,Scarborough,43.813645,-79.27009,,No Control,Clear,Daylight,Dry,Non-Fatal Injury,Rear End,Passenger,20 to 24,Minor,,,Other,,,,,,,,,,,,Yes,,,,,Yes,,Yes,,,,129,Agincourt North,129,Agincourt North (129),D42,639128.5575,4852628.502
6985,6649624,1242807,20/05/2011,2011,1738,MCCOWAN Road,BRIDLEY Driv,,Major Arterial,Scarborough,43.813645,-79.27009,,No Control,Clear,Daylight,Dry,Non-Fatal Injury,Rear End,Passenger,15 to 19,Major,,,Other,,,,,,,,,,,,Yes,,,,,Yes,,Yes,,,,129,Agincourt North,129,Agincourt North (129),D42,639128.5575,4852628.502
6986,6649625,1242807,20/05/2011,2011,1738,MCCOWAN Road,BRIDLEY Driv,,Major Arterial,Scarborough,43.813645,-79.27009,,No Control,Clear,Daylight,Dry,Non-Fatal Injury,Rear End,Passenger,15 to 19,Minimal,,,Other,,,,,,,,,,,,Yes,,,,,Yes,,Yes,,,,129,Agincourt North,129,Agincourt North (129),D42,639128.5575,4852628.502
6987,6649626,1242807,20/05/2011,2011,1738,MCCOWAN Road,BRIDLEY Driv,,Major Arterial,Scarborough,43.813645,-79.27009,,No Control,Clear,Daylight,Dry,Non-Fatal Injury,Rear End,Vehicle Owner,unknown,,,,Other,,,,,,,,,,,,Yes,,,,,Yes,,Yes,,,,129,Agincourt North,129,Agincourt North (129),D42,639128.5575,4852628.502
6988,6649627,1242807,20/05/2011,2011,1738,MCCOWAN Road,BRIDLEY Driv,,Major Arterial,Scarborough,43.813645,-79.27009,,No Control,Clear,Daylight,Dry,Non-Fatal Injury,Rear End,Driver,15 to 19,Minor,,South,"Automobile, Station Wagon",Changing Lanes,Following too Close,Had Been Drinking,,,,,,,,,Yes,,,,,Yes,,Yes,,,,129,Agincourt North,129,Agincourt North (129),D42,639128.5575,4852628.502
6989,6649628,1242807,20/05/2011,2011,1738,MCCOWAN Road,BRIDLEY Driv,,Major Arterial,Scarborough,43.813645,-79.27009,,No Control,Clear,Daylight,Dry,Non-Fatal Injury,Rear End,Other Property Owner,unknown,,,,Other,,,,,,,,,,,,Yes,,,,,Yes,,Yes,,,,129,Agincourt North,129,Agincourt North (129),D42,639128.5575,4852628.502
6990,6649629,1242807,20/05/2011,2011,1738,MCCOWAN Road,BRIDLEY Driv,,Major Arterial,Scarborough,43.813645,-79.27009,,No Control,Clear,Daylight,Dry,Non-Fatal Injury,Rear End,Vehicle Owner,unknown,,,,Other,,,,,,,,,,,,Yes,,,,,Yes,,Yes,,,,129,Agincourt North,129,Agincourt North (129),D42,639128.5575,4852628.502
6991,6804668,1242543,20/05/2011,2011,1819,DAVENPORT RD,FOUNDRY  AVE,,Minor Arterial,Toronto and East York,43.671345,-79.44939,,No Control,Clear,Daylight,Dry,Non-Fatal Injury,Pedestrian Collisions,Driver,15 to 19,None,,West,"Automobile, Station Wagon",Going Ahead,Failed to Yield Right of Way,Normal,,,,,,,Yes,,Yes,,,,,,,Yes,,,,171,Junction-Wallace Emerson,93,Dovercourt-Wallace Emerson-Junction (93),D13,625003.976,4836538.124
6992,6804669,1242543,20/05/2011,2011,1819,DAVENPORT RD,FOUNDRY  AVE,,Minor Arterial,Toronto and East York,43.671345,-79.44939,,No Control,Clear,Daylight,Dry,Non-Fatal Injury,Pedestrian Collisions,Pedestrian,5 to 9,Major,,North,Other,,,,Vehicle is going straight thru inter.while ped cross without ROW,Running onto Roadway,Normal,,,,Yes,,Yes,,,,,,,Yes,,,,171,Junction-Wallace Emerson,93,Dovercourt-Wallace Emerson-Junction (93),D13,625003.976,4836538.124
6993,6628923,1234067,20/05/2011,2011,1932,180 BROOKSIDE DR,,,Local,Toronto and East York,43.681945,-79.30679,,No Control,Clear,Daylight,Dry,Non-Fatal Injury,Pedestrian Collisions,Driver,50 to 54,None,,West,"Automobile, Station Wagon",Reversing,Other,Normal,,,,,,,Yes,,Yes,,,,,,,,,,,62,East End-Danforth,62,East End-Danforth (62),D55,636475.9104,4837940.173
6994,6628924,1234067,20/05/2011,2011,1932,180 BROOKSIDE DR,,,Local,Toronto and East York,43.681945,-79.30679,,No Control,Clear,Daylight,Dry,Non-Fatal Injury,Pedestrian Collisions,Pedestrian,85 to 89,Major,,East,Other,,,,Pedestrian hit at private driveway,Other,Medical or Physical Disability,,,,Yes,,Yes,,,,,,,,,,,62,East End-Danforth,62,East End-Danforth (62),D55,636475.9104,4837940.173
6995,6629333,1234265,21/05/2011,2011,1122,FINCH AVE E,SANDHURST CRCL,,Major Arterial,Scarborough,43.808845,-79.26279,,No Control,Clear,Daylight,Dry,Non-Fatal Injury,SMV Other,Driver,45 to 49,Major,,East,"Automobile, Station Wagon",Going Ahead,Lost control,Medical or Physical Disability,,,,,,,,,Yes,,,,,,,,,,Yes,129,Agincourt North,129,Agincourt North (129),D42,639726.8624,4852107.685
6996,6629334,1234265,21/05/2011,2011,1122,FINCH AVE E,SANDHURST CRCL,,Major Arterial,Scarborough,43.808845,-79.26279,,No Control,Clear,Daylight,Dry,Non-Fatal Injury,SMV Other,Other Property Owner,unknown,,,,Other,,,,,,,,,,,,Yes,,,,,,,,,,Yes,129,Agincourt North,129,Agincourt North (129),D42,639726.8624,4852107.685
6997,6649400,1242717,21/05/2011,2011,1159,FINCH  AVE E,PHARMACY  AVE,,Major Arterial,Scarborough,43.794345,-79.32609,,No Control,Clear,Daylight,Dry,Non-Fatal Injury,Turning Movement,Motorcycle Driver,30 to 34,Major,,West,Motorcycle,Going Ahead,Driving Properly,Normal,,,,,,,,,Yes,Yes,,,,,,,,,,147,L'Amoreaux West,117,L'Amoreaux (117),D42,634668.0546,4850392.281
6998,6649401,1242717,21/05/2011,2011,1159,FINCH  AVE E,PHARMACY  AVE,,Major Arterial,Scarborough,43.794345,-79.32609,,No Control,Clear,Daylight,Dry,Non-Fatal Injury,Turning Movement,Driver,40 to 44,None,,South,"Automobile, Station Wagon",Turning Left,Improper Turn,Normal,,,,,,,,,Yes,Yes,,,,,,,,,,147,L'Amoreaux West,117,L'Amoreaux (117),D42,634668.0546,4850392.281
6999,6630683,1234879,22/05/2011,2011,1430,FINCH AVE E,DORIS AVE,,Major Arterial,North York,43.780445,-79.41229,At Intersection,Traffic Signal,Clear,Daylight,Wet,Non-Fatal Injury,Pedestrian Collisions,Driver,unknown,None,,North,"Automobile, Station Wagon",Turning Right,Improper Turn,Unknown,,,,,,,Yes,,Yes,,,,,,,,,,,152,East Willowdale,51,Willowdale East (51),D32,627762.7087,4848711.825
7000,6630684,1234879,22/05/2011,2011,1430,FINCH AVE E,DORIS AVE,,Major Arterial,North York,43.780445,-79.41229,At Intersection,Traffic Signal,Clear,Daylight,Wet,Non-Fatal Injury,Pedestrian Collisions,Pedestrian,55 to 59,Major,,North,Other,,,,Pedestrian hit at mid-block,"Crossing, no Traffic Control",Normal,,,,Yes,,Yes,,,,,,,,,,,152,East Willowdale,51,Willowdale East (51),D32,627762.7087,4848711.825
7001,6649479,1242750,22/05/2011,2011,2004,ALDWYCH AVE,DEWHURST BLVD,,Local,Toronto and East York,43.684745,-79.34049,,No Control,Clear,Dark,Dry,Non-Fatal Injury,Pedestrian Collisions,Driver,55 to 59,None,,East,"Automobile, Station Wagon",Going Ahead,Driving Properly,Normal,,,,,,,Yes,,Yes,,,,,,,,,,,59,Danforth East York,59,Danforth East York (59),D55,633753.3738,4838196.247
7002,6649480,1242750,22/05/2011,2011,2004,ALDWYCH AVE,DEWHURST BLVD,,Local,Toronto and East York,43.684745,-79.34049,,No Control,Clear,Dark,Dry,Non-Fatal Injury,Pedestrian Collisions,Pedestrian,10 to 14,Major,,North,Other,,,,Vehicle hits the pedestrian walking or running out from between parked vehicles at mid-block,Coming From Behind Parked Vehicle,Normal,,,,Yes,,Yes,,,,,,,,,,,59,Danforth East York,59,Danforth East York (59),D55,633753.3738,4838196.247
7003,6629696,1234453,23/05/2011,2011,1115,VICTORIA PARK AVE,SHEPPARD AVE E,,Major Arterial,North York,43.775233,-79.323009,At Intersection,Traffic Signal,Clear,Daylight,Dry,Non-Fatal Injury,Angle,Vehicle Owner,unknown,,,,Other,,,,,,,,,,,,Yes,,,,,,,Yes,Yes,,,118,Tam O'Shanter-Sullivan,118,Tam O'Shanter-Sullivan (118),D42,634958.9298,4848274.611
7004,6629697,1234453,23/05/2011,2011,1115,VICTORIA PARK AVE,SHEPPARD AVE E,,Major Arterial,North York,43.775233,-79.323009,At Intersection,Traffic Signal,Clear,Daylight,Dry,Non-Fatal Injury,Angle,Driver,35 to 39,None,,North,"Automobile, Station Wagon",Going Ahead,Driving Properly,Normal,,,,,,,,,Yes,,,,,,,Yes,Yes,,,118,Tam O'Shanter-Sullivan,118,Tam O'Shanter-Sullivan (118),D42,634958.9298,4848274.611
7005,6629698,1234453,23/05/2011,2011,1115,VICTORIA PARK AVE,SHEPPARD AVE E,,Major Arterial,North York,43.775233,-79.323009,At Intersection,Traffic Signal,Clear,Daylight,Dry,Non-Fatal Injury,Angle,Driver,25 to 29,None,,North,"Automobile, Station Wagon",Going Ahead,Driving Properly,Normal,,,,,,,,,Yes,,,,,,,Yes,Yes,,,118,Tam O'Shanter-Sullivan,118,Tam O'Shanter-Sullivan (118),D42,634958.9298,4848274.611
7006,6629699,1234453,23/05/2011,2011,1115,VICTORIA PARK AVE,SHEPPARD AVE E,,Major Arterial,North York,43.775233,-79.323009,At Intersection,Traffic Signal,Clear,Daylight,Dry,Non-Fatal Injury,Angle,Driver,45 to 49,Major,,West,"Automobile, Station Wagon",Going Ahead,Disobeyed Traffic Control,Normal,,,,,,,,,Yes,,,,,,,Yes,Yes,,,118,Tam O'Shanter-Sullivan,118,Tam O'Shanter-Sullivan (118),D42,634958.9298,4848274.611
7007,6630749,1234913,23/05/2011,2011,1350,ISLINGTON AVE,ALBION RD,,Major Arterial,Etobicoke York,43.737245,-79.56529,At Intersection,Traffic Signal,Clear,Daylight,Dry,Non-Fatal Injury,Pedestrian Collisions,Passenger,0 to 4,None,,,Other,,,,,,,,,,Yes,,Yes,,,,,Yes,,,,,,3,Thistletown-Beaumond Heights,3,Thistletown-Beaumond Heights (3),D23,615533.8501,4843689.097
7008,6630750,1234913,23/05/2011,2011,1350,ISLINGTON AVE,ALBION RD,,Major Arterial,Etobicoke York,43.737245,-79.56529,At Intersection,Traffic Signal,Clear,Daylight,Dry,Non-Fatal Injury,Pedestrian Collisions,Driver,35 to 39,None,,North,"Automobile, Station Wagon",Going Ahead,Driving Properly,Normal,,,,,,,Yes,,Yes,,,,,Yes,,,,,,3,Thistletown-Beaumond Heights,3,Thistletown-Beaumond Heights (3),D23,615533.8501,4843689.097
7009,6630751,1234913,23/05/2011,2011,1350,ISLINGTON AVE,ALBION RD,,Major Arterial,Etobicoke York,43.737245,-79.56529,At Intersection,Traffic Signal,Clear,Daylight,Dry,Non-Fatal Injury,Pedestrian Collisions,Pedestrian,75 to 79,Major,,East,Other,,,,Vehicle is going straight thru inter.while ped cross without ROW,Crossing without right of way,Normal,,,,Yes,,Yes,,,,,Yes,,,,,,3,Thistletown-Beaumond Heights,3,Thistletown-Beaumond Heights (3),D23,615533.8501,4843689.097
7010,6650258,1243108,24/05/2011,2011,1900,TRINNELL Boul,FLAGSTAFF Road,,Local,Scarborough,43.710945,-79.27429,,No Control,Clear,Daylight,Dry,Non-Fatal Injury,Pedestrian Collisions,Driver,25 to 29,None,,South,"Automobile, Station Wagon",Turning Right,Failed to Yield Right of Way,Inattentive,,,,,,,Yes,,Yes,,,,,,,Yes,,,,120,Clairlea-Birchmount,120,Clairlea-Birchmount (120),D41,639028.4645,4841215.031
7011,6650259,1243108,24/05/2011,2011,1900,TRINNELL Boul,FLAGSTAFF Road,,Local,Scarborough,43.710945,-79.27429,,No Control,Clear,Daylight,Dry,Non-Fatal Injury,Pedestrian Collisions,Pedestrian,0 to 4,Major,,South,Other,,,,Pedestrian hit at private driveway,On Sidewalk or Shoulder,Normal,,,,Yes,,Yes,,,,,,,Yes,,,,120,Clairlea-Birchmount,120,Clairlea-Birchmount (120),D41,639028.4645,4841215.031
7012,6631486,1235236,29/05/2011,2011,1400,SHEPPARD AVE E,PHARMACY AVE,,Major Arterial,Scarborough,43.776645,-79.31699,,No Control,Clear,Daylight,Dry,Non-Fatal Injury,Rear End,Driver,30 to 34,Major,,East,"Automobile, Station Wagon",Slowing or Stopping,Following too Close,Normal,,,,,,,,,Yes,,,,,,,Yes,,,,118,Tam O'Shanter-Sullivan,118,Tam O'Shanter-Sullivan (118),D42,635440.137,4848441.265
7013,6631487,1235236,29/05/2011,2011,1400,SHEPPARD AVE E,PHARMACY AVE,,Major Arterial,Scarborough,43.776645,-79.31699,,No Control,Clear,Daylight,Dry,Non-Fatal Injury,Rear End,Driver,35 to 39,Minimal,,East,"Automobile, Station Wagon",Stopped,Driving Properly,Normal,,,,,,,,,Yes,,,,,,,Yes,,,,118,Tam O'Shanter-Sullivan,118,Tam O'Shanter-Sullivan (118),D42,635440.137,4848441.265
7014,6631684,1235315,30/05/2011,2011,709,MIDLAND AVE,COSENTINO DR,,Major Arterial,Scarborough,43.770545,-79.27199,,No Control,Clear,Daylight,Dry,Non-Fatal Injury,Pedestrian Collisions,Vehicle Owner,unknown,,,,Other,,,,,,,,,,Yes,,Yes,,,,,Yes,,,,,,156,Bendale-Glen Andrew,127,Bendale (127),D41,639075.6895,4847838.367
7015,6631685,1235315,30/05/2011,2011,709,MIDLAND AVE,COSENTINO DR,,Major Arterial,Scarborough,43.770545,-79.27199,,No Control,Clear,Daylight,Dry,Non-Fatal Injury,Pedestrian Collisions,Passenger,25 to 29,None,,,Other,,,,,,,,,,Yes,,Yes,,,,,Yes,,,,,,156,Bendale-Glen Andrew,127,Bendale (127),D41,639075.6895,4847838.367
7016,6631686,1235315,30/05/2011,2011,709,MIDLAND AVE,COSENTINO DR,,Major Arterial,Scarborough,43.770545,-79.27199,,No Control,Clear,Daylight,Dry,Non-Fatal Injury,Pedestrian Collisions,Passenger,50 to 54,None,,,Other,,,,,,,,,,Yes,,Yes,,,,,Yes,,,,,,156,Bendale-Glen Andrew,127,Bendale (127),D41,639075.6895,4847838.367
7017,6631687,1235315,30/05/2011,2011,709,MIDLAND AVE,COSENTINO DR,,Major Arterial,Scarborough,43.770545,-79.27199,,No Control,Clear,Daylight,Dry,Non-Fatal Injury,Pedestrian Collisions,Driver,55 to 59,None,,North,"Automobile, Station Wagon",Going Ahead,Driving Properly,Unknown,,,,,,,Yes,,Yes,,,,,Yes,,,,,,156,Bendale-Glen Andrew,127,Bendale (127),D41,639075.6895,4847838.367
7018,6631688,1235315,30/05/2011,2011,709,MIDLAND AVE,COSENTINO DR,,Major Arterial,Scarborough,43.770545,-79.27199,,No Control,Clear,Daylight,Dry,Non-Fatal Injury,Pedestrian Collisions,Other,unknown,None,,,Other,,,,,,,,,,Yes,,Yes,,,,,Yes,,,,,,156,Bendale-Glen Andrew,127,Bendale (127),D41,639075.6895,4847838.367
7019,6631689,1235315,30/05/2011,2011,709,MIDLAND AVE,COSENTINO DR,,Major Arterial,Scarborough,43.770545,-79.27199,,No Control,Clear,Daylight,Dry,Non-Fatal Injury,Pedestrian Collisions,Pedestrian,15 to 19,Major,,East,Other,,,,Pedestrian hit at mid-block,"Crossing, no Traffic Control",Medical or Physical Disability,,,,Yes,,Yes,,,,,Yes,,,,,,156,Bendale-Glen Andrew,127,Bendale (127),D41,639075.6895,4847838.367
7020,6633156,1235900,01/06/2011,2011,1650,KING ST W,STRACHAN AVE,,Major Arterial,Toronto and East York,43.642145,-79.41129,,No Control,Clear,Daylight,Dry,Non-Fatal Injury,Pedestrian Collisions,Motorcycle Driver,50 to 54,Major,,East,Motorcycle,Going Ahead,Driving Properly,Normal,,,,,,,Yes,,,Yes,,,,,,,,,,162,West Queen West,82,Niagara (82),D14,628137.5691,4833353.199
7021,6633157,1235900,01/06/2011,2011,1650,KING ST W,STRACHAN AVE,,Major Arterial,Toronto and East York,43.642145,-79.41129,,No Control,Clear,Daylight,Dry,Non-Fatal Injury,Pedestrian Collisions,Pedestrian,25 to 29,Minor,,North,Other,,,,Pedestrian hit at mid-block,"Crossing, no Traffic Control",Other,,,,Yes,,,Yes,,,,,,,,,,162,West Queen West,82,Niagara (82),D14,628137.5691,4833353.199
7022,7558913,1239766,01/06/2011,2011,1935,THE ESPLANADE,BERKELEY Stre,,Collector,Toronto and East York,43.650145,-79.36359,,Traffic Signal,Clear,Daylight,Dry,Non-Fatal Injury,SMV Other,Vehicle Owner,unknown,,,,Other,,,,,,,,,,,,Yes,Yes,,,,,,,,,,166,St Lawrence-East Bayfront-The Islands,77,Waterfront Communities-The Island (77),D51,631967.3394,4834316.453
7023,7558914,1239766,01/06/2011,2011,1935,THE ESPLANADE,BERKELEY Stre,,Collector,Toronto and East York,43.650145,-79.36359,,Traffic Signal,Clear,Daylight,Dry,Non-Fatal Injury,SMV Other,Motorcycle Driver,30 to 34,Major,,East,Motorcycle,Going Ahead,Driving Properly,Normal,,,,,,,,,Yes,Yes,,,,,,,,,,166,St Lawrence-East Bayfront-The Islands,77,Waterfront Communities-The Island (77),D51,631967.3394,4834316.453
7024,7558915,1239766,01/06/2011,2011,1935,THE ESPLANADE,BERKELEY Stre,,Collector,Toronto and East York,43.650145,-79.36359,,Traffic Signal,Clear,Daylight,Dry,Non-Fatal Injury,SMV Other,Driver,unknown,None,,West,"Automobile, Station Wagon",Overtaking,Other,Unknown,,,,,,,,,Yes,Yes,,,,,,,,,,166,St Lawrence-East Bayfront-The Islands,77,Waterfront Communities-The Island (77),D51,631967.3394,4834316.453
7025,6653545,1244509,03/06/2011,2011,750,62 RACINE DR,,,Collector,Etobicoke York,43.717045,-79.58059,,No Control,Clear,Daylight,Dry,Non-Fatal Injury,Approaching,Vehicle Owner,unknown,,,,Other,,,,,,,,,,,,Yes,,Yes,,,Yes,,,,,,1,West Humber-Clairville,1,West Humber-Clairville (1),D23,614340.1938,4841424.384
7026,6653546,1244509,03/06/2011,2011,750,62 RACINE DR,,,Collector,Etobicoke York,43.717045,-79.58059,,No Control,Clear,Daylight,Dry,Non-Fatal Injury,Approaching,Driver,30 to 34,Major,,East,"Automobile, Station Wagon",Going Ahead,Lost control,Inattentive,,,,,,,,,Yes,,Yes,,,Yes,,,,,,1,West Humber-Clairville,1,West Humber-Clairville (1),D23,614340.1938,4841424.384
7027,6653547,1244509,03/06/2011,2011,750,62 RACINE DR,,,Collector,Etobicoke York,43.717045,-79.58059,,No Control,Clear,Daylight,Dry,Non-Fatal Injury,Approaching,Passenger,40 to 44,Minor,,,Other,,,,,,,,,,,,Yes,,Yes,,,Yes,,,,,,1,West Humber-Clairville,1,West Humber-Clairville (1),D23,614340.1938,4841424.384
7028,6653548,1244509,03/06/2011,2011,750,62 RACINE DR,,,Collector,Etobicoke York,43.717045,-79.58059,,No Control,Clear,Daylight,Dry,Non-Fatal Injury,Approaching,Vehicle Owner,unknown,,,,Other,,,,,,,,,,,,Yes,,Yes,,,Yes,,,,,,1,West Humber-Clairville,1,West Humber-Clairville (1),D23,614340.1938,4841424.384
7029,6653549,1244509,03/06/2011,2011,750,62 RACINE DR,,,Collector,Etobicoke York,43.717045,-79.58059,,No Control,Clear,Daylight,Dry,Non-Fatal Injury,Approaching,Truck Driver,40 to 44,Minor,,West,Truck - Open,Going Ahead,Driving Properly,Normal,,,,,,,,,Yes,,Yes,,,Yes,,,,,,1,West Humber-Clairville,1,West Humber-Clairville (1),D23,614340.1938,4841424.384
7030,6653550,1244509,03/06/2011,2011,750,62 RACINE DR,,,Collector,Etobicoke York,43.717045,-79.58059,,No Control,Clear,Daylight,Dry,Non-Fatal Injury,Approaching,Vehicle Owner,unknown,,,,Other,,,,,,,,,,,,Yes,,Yes,,,Yes,,,,,,1,West Humber-Clairville,1,West Humber-Clairville (1),D23,614340.1938,4841424.384
7031,6653620,1244535,04/06/2011,2011,1352,DUNFIELD AVE,EGLINTON AVE E,,Major Arterial,Toronto and East York,43.707245,-79.39539,,No Control,Clear,Daylight,Dry,Non-Fatal Injury,Pedestrian Collisions,Vehicle Owner,unknown,,,,Other,,,,,,,,,,Yes,,Yes,,,,,,,,,,,174,South Eglinton-Davisville,104,Mount Pleasant West (104),D53,629280.1313,4840608.105
7032,6653621,1244535,04/06/2011,2011,1352,DUNFIELD AVE,EGLINTON AVE E,,Major Arterial,Toronto and East York,43.707245,-79.39539,,No Control,Clear,Daylight,Dry,Non-Fatal Injury,Pedestrian Collisions,Driver,35 to 39,None,,North,"Automobile, Station Wagon",Reversing,Other,Normal,,,,,,,Yes,,Yes,,,,,,,,,,,174,South Eglinton-Davisville,104,Mount Pleasant West (104),D53,629280.1313,4840608.105
7033,6653622,1244535,04/06/2011,2011,1352,DUNFIELD AVE,EGLINTON AVE E,,Major Arterial,Toronto and East York,43.707245,-79.39539,,No Control,Clear,Daylight,Dry,Non-Fatal Injury,Pedestrian Collisions,Pedestrian,85 to 89,Major,,West,Other,,,,Vehicle is reversing and hits pedestrian,Other,Normal,,,,Yes,,Yes,,,,,,,,,,,174,South Eglinton-Davisville,104,Mount Pleasant West (104),D53,629280.1313,4840608.105
7034,6654066,1244722,05/06/2011,2011,1200,FLEET ST,FORT YORK BLVD,,Minor Arterial,Toronto and East York,43.636345,-79.40679,At Intersection,Traffic Signal,Clear,Daylight,Dry,Non-Fatal Injury,Cyclist Collisions,Driver,35 to 39,None,,East,"Automobile, Station Wagon",Stopped,Driving Properly,Normal,,,,,,,,Yes,Yes,,,,,,,,,,,163,Fort York-Liberty Village,82,Niagara (82),D14,628512.8855,4832715.992
7035,6654067,1244722,05/06/2011,2011,1200,FLEET ST,FORT YORK BLVD,,Minor Arterial,Toronto and East York,43.636345,-79.40679,At Intersection,Traffic Signal,Clear,Daylight,Dry,Non-Fatal Injury,Cyclist Collisions,Cyclist,25 to 29,Major,,East,Bicycle,Going Ahead,,,,,,Cyclist struck opened vehicle door,Improper Passing,Normal,,Yes,Yes,,,,,,,,,,,163,Fort York-Liberty Village,82,Niagara (82),D14,628512.8855,4832715.992
7036,6634528,1236508,05/06/2011,2011,1206,YONGE ST,STEELES AVE W,,Major Arterial,North York,43.797945,-79.42009,At Intersection,Traffic Signal,Clear,Daylight,Dry,Non-Fatal Injury,Angle,Driver,80 to 84,Minor,,East,"Automobile, Station Wagon",Going Ahead,Driving Properly,Normal,,,,,,,,,Yes,,,,,,,Yes,Yes,,,36,Newtonbrook West,36,Newtonbrook West (36),D32,627097.9409,4850643.464
7037,6634529,1236508,05/06/2011,2011,1206,YONGE ST,STEELES AVE W,,Major Arterial,North York,43.797945,-79.42009,At Intersection,Traffic Signal,Clear,Daylight,Dry,Non-Fatal Injury,Angle,Vehicle Owner,unknown,,,,Other,,,,,,,,,,,,Yes,,,,,,,Yes,Yes,,,36,Newtonbrook West,36,Newtonbrook West (36),D32,627097.9409,4850643.464
7038,6634530,1236508,05/06/2011,2011,1206,YONGE ST,STEELES AVE W,,Major Arterial,North York,43.797945,-79.42009,At Intersection,Traffic Signal,Clear,Daylight,Dry,Non-Fatal Injury,Angle,Driver,25 to 29,Major,,North,"Automobile, Station Wagon",Going Ahead,Disobeyed Traffic Control,Inattentive,,,,,,,,,Yes,,,,,,,Yes,Yes,,,36,Newtonbrook West,36,Newtonbrook West (36),D32,627097.9409,4850643.464
7039,6653989,1244686,05/06/2011,2011,1330,YONGE ST,YORK MILLS RD,,Major Arterial,North York,43.745245,-79.40699,,No Control,Clear,Daylight,Dry,Non-Fatal Injury,Pedestrian Collisions,Vehicle Owner,unknown,,,,Other,,,,,,,,,,Yes,,,Yes,,,,,Yes,Yes,,,,39,Bedford Park-Nortown,39,Bedford Park-Nortown (39),D32,628264.4046,4844810.528
7040,6653990,1244686,05/06/2011,2011,1330,YONGE ST,YORK MILLS RD,,Major Arterial,North York,43.745245,-79.40699,,No Control,Clear,Daylight,Dry,Non-Fatal Injury,Pedestrian Collisions,Motorcycle Driver,25 to 29,Minor,,North,Motorcycle,Other,Exceeding Speed Limit,Normal,,,,,,,Yes,,,Yes,,,,,Yes,Yes,,,,39,Bedford Park-Nortown,39,Bedford Park-Nortown (39),D32,628264.4046,4844810.528