OBJECTID,INDEX,ACCNUM,DATE,ACCIDENT_YEAR,TIME,STREET1,STREET2,OFFSET,ROAD_CLASS,DISTRICT,LATITUDE,LONGITUDE,ACCLOC,TRAFFCTL,VISIBILITY,LIGHT,RDSFCOND,ACCLASS,IMPACTYPE,INVTYPE,INVAGE,INJURY,FATAL_NO,INITDIR,VEHTYPE,MANOEUVER,DRIVACT,DRIVCOND,PEDTYPE,PEDACT,PEDCOND,CYCLISTYPE,CYCACT,CYCCOND,PEDESTRIAN,CYCLIST,AUTOMOBILE,MOTORCYCLE,TRUCK,TRSN_CITY_VEH,EMERG_VEH,PASSENGER,SPEEDING,AG_DRIV,REDLIGHT,ALCOHOL,DISABILITY,HOOD_158,NEIGHBOURHOOD_158,HOOD_140,NEIGHBOURHOOD_140,DIVISION,x,y
7103,6645253,1241015,28/06/2011,2011,1530,GATEWAY Blvd,DON MILLS Rd,,Major Arterial,North York,43.714345,-79.33629,At Intersection,Traffic Signal,Clear,Daylight,Dry,Non-Fatal Injury,Pedestrian Collisions,Driver,80 to 84,None,,West,"Automobile, Station Wagon",Going Ahead,Driving Properly,Normal,,,,,,,Yes,,Yes,,,,,,,,,,,44,Flemingdon Park,44,Flemingdon Park (44),D55,634025.9201,4841490.527
7104,6645254,1241015,28/06/2011,2011,1530,GATEWAY Blvd,DON MILLS Rd,,Major Arterial,North York,43.714345,-79.33629,At Intersection,Traffic Signal,Clear,Daylight,Dry,Non-Fatal Injury,Pedestrian Collisions,Vehicle Owner,unknown,,,,Other,,,,,,,,,,Yes,,Yes,,,,,,,,,,,44,Flemingdon Park,44,Flemingdon Park (44),D55,634025.9201,4841490.527
7105,6645255,1241015,28/06/2011,2011,1530,GATEWAY Blvd,DON MILLS Rd,,Major Arterial,North York,43.714345,-79.33629,At Intersection,Traffic Signal,Clear,Daylight,Dry,Non-Fatal Injury,Pedestrian Collisions,Driver,45 to 49,None,,West,"Automobile, Station Wagon",Going Ahead,Driving Properly,Normal,,,,,,,Yes,,Yes,,,,,,,,,,,44,Flemingdon Park,44,Flemingdon Park (44),D55,634025.9201,4841490.527
7106,6645256,1241015,28/06/2011,2011,1530,GATEWAY Blvd,DON MILLS Rd,,Major Arterial,North York,43.714345,-79.33629,At Intersection,Traffic Signal,Clear,Daylight,Dry,Non-Fatal Injury,Pedestrian Collisions,Pedestrian,10 to 14,Major,,South,Other,,,,Pedestrian hit at mid-block,"Crossing, no Traffic Control",Inattentive,,,,Yes,,Yes,,,,,,,,,,,44,Flemingdon Park,44,Flemingdon Park (44),D55,634025.9201,4841490.527
7107,6804643,1241204,29/06/2011,2011,1135,STEELES AVE W,BATHURST ST,,Major Arterial,North York,43.792345,-79.44589,,No Control,Clear,Daylight,Dry,Fatal,Pedestrian Collisions,Driver,50 to 54,None,,West,"Automobile, Station Wagon",Going Ahead,Lost control,Medical or Physical Disability,,,,,,,Yes,,Yes,,,,,,,,,,Yes,35,Westminster-Branson,35,Westminster-Branson (35),D32,625034.0871,4849982.199
7108,6804644,1241204,29/06/2011,2011,1135,STEELES AVE W,BATHURST ST,,Major Arterial,North York,43.792345,-79.44589,,No Control,Clear,Daylight,Dry,Fatal,Pedestrian Collisions,Pedestrian,75 to 79,Major,,East,Other,,,,Pedestrian hit on sidewalk or shoulder,On Sidewalk or Shoulder,Normal,,,,Yes,,Yes,,,,,,,,,,Yes,35,Westminster-Branson,35,Westminster-Branson (35),D32,625034.0871,4849982.199
7109,6804645,1241204,29/06/2011,2011,1135,STEELES AVE W,BATHURST ST,,Major Arterial,North York,43.792345,-79.44589,,No Control,Clear,Daylight,Dry,Fatal,Pedestrian Collisions,Pedestrian,85 to 89,Fatal,11,East,Other,,,,Pedestrian hit on sidewalk or shoulder,On Sidewalk or Shoulder,Normal,,,,Yes,,Yes,,,,,,,,,,Yes,35,Westminster-Branson,35,Westminster-Branson (35),D32,625034.0871,4849982.199
7110,6646618,1241592,01/07/2011,2011,2229,WARDEN AVE,HUNTINGWOOD DR,,Major Arterial,Scarborough,43.786906,-79.311565,,No Control,Clear,Dark,Dry,Fatal,Pedestrian Collisions,Passenger,40 to 44,None,,,Other,,,,,,,,,,Yes,,Yes,,,,,Yes,,,,,,148,East L'Amoreaux,117,L'Amoreaux (117),D42,635853.4743,4849589.799
7111,6646619,1241592,01/07/2011,2011,2229,WARDEN AVE,HUNTINGWOOD DR,,Major Arterial,Scarborough,43.786906,-79.311565,,No Control,Clear,Dark,Dry,Fatal,Pedestrian Collisions,Driver,45 to 49,None,,South,"Automobile, Station Wagon",Going Ahead,Driving Properly,Normal,,,,,,,Yes,,Yes,,,,,Yes,,,,,,148,East L'Amoreaux,117,L'Amoreaux (117),D42,635853.4743,4849589.799
7112,6646620,1241592,01/07/2011,2011,2229,WARDEN AVE,HUNTINGWOOD DR,,Major Arterial,Scarborough,43.786906,-79.311565,,No Control,Clear,Dark,Dry,Fatal,Pedestrian Collisions,Vehicle Owner,unknown,,,,Other,,,,,,,,,,Yes,,Yes,,,,,Yes,,,,,,148,East L'Amoreaux,117,L'Amoreaux (117),D42,635853.4743,4849589.799
7113,6646621,1241592,01/07/2011,2011,2229,WARDEN AVE,HUNTINGWOOD DR,,Major Arterial,Scarborough,43.786906,-79.311565,,No Control,Clear,Dark,Dry,Fatal,Pedestrian Collisions,Driver,25 to 29,None,,South,"Automobile, Station Wagon",Going Ahead,Driving Properly,Normal,,,,,,,Yes,,Yes,,,,,Yes,,,,,,148,East L'Amoreaux,117,L'Amoreaux (117),D42,635853.4743,4849589.799
7114,6646622,1241592,01/07/2011,2011,2229,WARDEN AVE,HUNTINGWOOD DR,,Major Arterial,Scarborough,43.786906,-79.311565,,No Control,Clear,Dark,Dry,Fatal,Pedestrian Collisions,Pedestrian,60 to 64,Fatal,12,West,Other,,,,Pedestrian hit at mid-block,"Crossing, no Traffic Control",Unknown,,,,Yes,,Yes,,,,,Yes,,,,,,148,East L'Amoreaux,117,L'Amoreaux (117),D42,635853.4743,4849589.799
7115,7644722,1241593,01/07/2011,2011,2345,DON VALLEY PARKWAY  N,EASTERN AVE DIVERSION,,,Toronto and East York,43.656363,-79.352077,Non Intersection,No Control,Clear,Dark,Dry,Non-Fatal Injury,Rear End,Motorcycle Passenger,25 to 29,Major,,,,,,,,,,,,,,,Yes,Yes,,,,Yes,Yes,Yes,,,,70,South Riverdale,70,South Riverdale (70),D55,632882.0942,4835025.418
7116,7644723,1241593,01/07/2011,2011,2345,DON VALLEY PARKWAY  N,EASTERN AVE DIVERSION,,,Toronto and East York,43.656363,-79.352077,Non Intersection,No Control,Clear,Dark,Dry,Non-Fatal Injury,Rear End,Motorcycle Driver,30 to 34,Minor,,North,Motorcycle,Going Ahead,Driving Properly,Normal,,,,,,,,,Yes,Yes,,,,Yes,Yes,Yes,,,,70,South Riverdale,70,South Riverdale (70),D55,632882.0942,4835025.418
7117,7644724,1241593,01/07/2011,2011,2345,DON VALLEY PARKWAY  N,EASTERN AVE DIVERSION,,,Toronto and East York,43.656363,-79.352077,Non Intersection,No Control,Clear,Dark,Dry,Non-Fatal Injury,Rear End,Driver,15 to 19,None,,North,Pick Up Truck,Going Ahead,Speed too Fast For Condition,Normal,,,,,,,,,Yes,Yes,,,,Yes,Yes,Yes,,,,70,South Riverdale,70,South Riverdale (70),D55,632882.0942,4835025.418
7118,7644725,1241593,01/07/2011,2011,2345,DON VALLEY PARKWAY  N,EASTERN AVE DIVERSION,,,Toronto and East York,43.656363,-79.352077,Non Intersection,No Control,Clear,Dark,Dry,Non-Fatal Injury,Rear End,Driver,20 to 24,None,,North,"Automobile, Station Wagon",Going Ahead,Driving Properly,Normal,,,,,,,,,Yes,Yes,,,,Yes,Yes,Yes,,,,70,South Riverdale,70,South Riverdale (70),D55,632882.0942,4835025.418
7119,7644726,1241593,01/07/2011,2011,2345,DON VALLEY PARKWAY  N,EASTERN AVE DIVERSION,,,Toronto and East York,43.656363,-79.352077,Non Intersection,No Control,Clear,Dark,Dry,Non-Fatal Injury,Rear End,Vehicle Owner,unknown,,,,,,,,,,,,,,,,Yes,Yes,,,,Yes,Yes,Yes,,,,70,South Riverdale,70,South Riverdale (70),D55,632882.0942,4835025.418
7120,7644727,1241593,01/07/2011,2011,2345,DON VALLEY PARKWAY  N,EASTERN AVE DIVERSION,,,Toronto and East York,43.656363,-79.352077,Non Intersection,No Control,Clear,Dark,Dry,Non-Fatal Injury,Rear End,Driver,40 to 44,None,,North,"Automobile, Station Wagon",Going Ahead,Driving Properly,Normal,,,,,,,,,Yes,Yes,,,,Yes,Yes,Yes,,,,70,South Riverdale,70,South Riverdale (70),D55,632882.0942,4835025.418
7121,6665450,1249542,06/07/2011,2011,1850,DUNDAS ST W,CARLYLE ST,,Major Arterial,Toronto and East York,43.652145,-79.40479,At Intersection,Stop Sign,Clear,Daylight,Dry,Non-Fatal Injury,Cyclist Collisions,Driver,55 to 59,None,,South,"Automobile, Station Wagon",Stopped,Driving Properly,Normal,,,,,,,,Yes,Yes,,,,,,,,,,,78,Kensington-Chinatown,78,Kensington-Chinatown (78),D14,628640.4845,4834473.885
7122,6665451,1249542,06/07/2011,2011,1850,DUNDAS ST W,CARLYLE ST,,Major Arterial,Toronto and East York,43.652145,-79.40479,At Intersection,Stop Sign,Clear,Daylight,Dry,Non-Fatal Injury,Cyclist Collisions,Cyclist,40 to 44,Major,,East,Bicycle,Going Ahead,,,,,,"Cyclist without ROW rides into path of motorist at inter, lnwy, dwy-Cyclist not turn.",Wrong Way on One Way Road,Inattentive,,Yes,Yes,,,,,,,,,,,78,Kensington-Chinatown,78,Kensington-Chinatown (78),D14,628640.4845,4834473.885
7123,6805109,1250588,07/07/2011,2011,1915,BLOOR ST W,CLISSOLD RD,,Major Arterial,Etobicoke York,43.644445,-79.52449,,No Control,Clear,Daylight,Dry,Non-Fatal Injury,Rear End,Motorcycle Driver,20 to 24,Major,,West,Motorcycle,Going Ahead,Driving Properly,Normal,,,,,,,,,Yes,Yes,,,,,,,,,,159,Etobicoke City Centre,14,Islington-City Centre West (14),D22,619002.7891,4833440.105
7124,6805110,1250588,07/07/2011,2011,1915,BLOOR ST W,CLISSOLD RD,,Major Arterial,Etobicoke York,43.644445,-79.52449,,No Control,Clear,Daylight,Dry,Non-Fatal Injury,Rear End,Driver,35 to 39,None,,West,"Automobile, Station Wagon",Changing Lanes,Improper Lane Change,Normal,,,,,,,,,Yes,Yes,,,,,,,,,,159,Etobicoke City Centre,14,Islington-City Centre West (14),D22,619002.7891,4833440.105
7125,6649276,1242674,08/07/2011,2011,414,BLACK CREEK DR,LAWRENCE AVE W,,Major Arterial,Etobicoke York,43.707345,-79.49739,,No Control,Clear,Dark,Dry,Fatal,SMV Other,Vehicle Owner,unknown,,,,Other,,,,,,,,,,,,Yes,,,,,,,,,,,28,Rustic,28,Rustic (28),D12,621061.9277,4840465.199
7126,6649277,1242674,08/07/2011,2011,414,BLACK CREEK DR,LAWRENCE AVE W,,Major Arterial,Etobicoke York,43.707345,-79.49739,,No Control,Clear,Dark,Dry,Fatal,SMV Other,Driver,25 to 29,Fatal,13,North,"Automobile, Station Wagon",Going Ahead,Lost control,Unknown,,,,,,,,,Yes,,,,,,,,,,,28,Rustic,28,Rustic (28),D12,621061.9277,4840465.199
7127,6666238,1249845,08/07/2011,2011,1600,6780 KINGSTON RD,,,Major Arterial,Scarborough,43.798345,-79.14709,,No Control,Clear,Daylight,Dry,Non-Fatal Injury,Cyclist Collisions,Vehicle Owner,unknown,,,,Other,,,,,,,,,,,Yes,Yes,,,,,,,Yes,,,,133,Centennial Scarborough,133,Centennial Scarborough (133),D42,649059.047,4851143.385
7128,6666239,1249845,08/07/2011,2011,1600,6780 KINGSTON RD,,,Major Arterial,Scarborough,43.798345,-79.14709,,No Control,Clear,Daylight,Dry,Non-Fatal Injury,Cyclist Collisions,Driver,20 to 24,Major,,South,"Automobile, Station Wagon",Turning Right,Failed to Yield Right of Way,Inattentive,,,,,,,,Yes,Yes,,,,,,,Yes,,,,133,Centennial Scarborough,133,Centennial Scarborough (133),D42,649059.047,4851143.385
7129,6666240,1249845,08/07/2011,2011,1600,6780 KINGSTON RD,,,Major Arterial,Scarborough,43.798345,-79.14709,,No Control,Clear,Daylight,Dry,Non-Fatal Injury,Cyclist Collisions,Cyclist,45 to 49,Major,,East,Bicycle,Going Ahead,,,,,,"Motorist turns right at non-signal Inter.(stop, yield, no cont.,and dwy) and strikes cyclist.",Failed to Yield Right of Way,Inattentive,,Yes,Yes,,,,,,,Yes,,,,133,Centennial Scarborough,133,Centennial Scarborough (133),D42,649059.047,4851143.385
7130,6666783,1250055,09/07/2011,2011,100,STEELES AVE E,STAINES RD,,Major Arterial,Scarborough,43.839645,-79.23769,,No Control,Clear,Dark,Dry,Non-Fatal Injury,Approaching,Passenger,0 to 4,Major,,,Other,,,,,,,,,,,,Yes,,,,,Yes,,,,,,144,Morningside Heights,131,Rouge (131),D42,641672.8408,4855571.23
7131,6666784,1250055,09/07/2011,2011,100,STEELES AVE E,STAINES RD,,Major Arterial,Scarborough,43.839645,-79.23769,,No Control,Clear,Dark,Dry,Non-Fatal Injury,Approaching,Driver,40 to 44,Major,,East,"Automobile, Station Wagon",Going Ahead,Lost control,Unknown,,,,,,,,,Yes,,,,,Yes,,,,,,144,Morningside Heights,131,Rouge (131),D42,641672.8408,4855571.23
7132,6666785,1250055,09/07/2011,2011,100,STEELES AVE E,STAINES RD,,Major Arterial,Scarborough,43.839645,-79.23769,,No Control,Clear,Dark,Dry,Non-Fatal Injury,Approaching,Vehicle Owner,unknown,,,,Other,,,,,,,,,,,,Yes,,,,,Yes,,,,,,144,Morningside Heights,131,Rouge (131),D42,641672.8408,4855571.23
7133,6666786,1250055,09/07/2011,2011,100,STEELES AVE E,STAINES RD,,Major Arterial,Scarborough,43.839645,-79.23769,,No Control,Clear,Dark,Dry,Non-Fatal Injury,Approaching,Driver,50 to 54,None,,West,"Automobile, Station Wagon",Going Ahead,Driving Properly,Normal,,,,,,,,,Yes,,,,,Yes,,,,,,144,Morningside Heights,131,Rouge (131),D42,641672.8408,4855571.23
7134,6667768,1250485,10/07/2011,2011,1805,LANSDOWNE AVE,DAVENPORT RD,,Collector,Toronto and East York,43.672745,-79.44909,,No Control,Clear,Daylight,Dry,Non-Fatal Injury,SMV Other,Vehicle Owner,unknown,,,,Other,,,,,,,,,,,,,Yes,,,,,,,,,,92,Corso Italia-Davenport,92,Corso Italia-Davenport (92),D13,625025.254,4836694.065
7135,6667769,1250485,10/07/2011,2011,1805,LANSDOWNE AVE,DAVENPORT RD,,Collector,Toronto and East York,43.672745,-79.44909,,No Control,Clear,Daylight,Dry,Non-Fatal Injury,SMV Other,Motorcycle Driver,20 to 24,Major,,South,Motorcycle,Turning Left,Lost control,Normal,,,,,,,,,,Yes,,,,,,,,,,92,Corso Italia-Davenport,92,Corso Italia-Davenport (92),D13,625025.254,4836694.065
7136,6650987,1243422,12/07/2011,2011,700,F G GARDINER XY Expr E,KIPLING AVE,,,Etobicoke York,43.618045,-79.52449,,No Control,Clear,Daylight,Dry,Non-Fatal Injury,Rear End,Driver,45 to 49,None,,East,"Automobile, Station Wagon",Slowing or Stopping,Driving Properly,Normal,,,,,,,,,Yes,,,,,,Yes,Yes,,,,160,Mimico-Queensway,17,Mimico (includes Humber Bay Shores) (17),D22,619054.9019,4830508.058
7137,6650988,1243422,12/07/2011,2011,700,F G GARDINER XY Expr E,KIPLING AVE,,,Etobicoke York,43.618045,-79.52449,,No Control,Clear,Daylight,Dry,Non-Fatal Injury,Rear End,Driver,45 to 49,Major,,East,"Automobile, Station Wagon",Slowing or Stopping,Speed too Fast For Condition,Inattentive,,,,,,,,,Yes,,,,,,Yes,Yes,,,,160,Mimico-Queensway,17,Mimico (includes Humber Bay Shores) (17),D22,619054.9019,4830508.058
7138,6668897,1250936,12/07/2011,2011,714,SYMINGTON AVE,DUPONT ST,,Major Arterial,Toronto and East York,43.665745,-79.45119,At Intersection,Traffic Signal,Clear,Daylight,Dry,Non-Fatal Injury,Angle,Driver,45 to 49,None,,South,"Automobile, Station Wagon",Stopped,Driving Properly,Normal,,,,,,,,,Yes,,,,,,,Yes,Yes,,,171,Junction-Wallace Emerson,93,Dovercourt-Wallace Emerson-Junction (93),D11,624870.4775,4835913.459
7139,6668898,1250936,12/07/2011,2011,714,SYMINGTON AVE,DUPONT ST,,Major Arterial,Toronto and East York,43.665745,-79.45119,At Intersection,Traffic Signal,Clear,Daylight,Dry,Non-Fatal Injury,Angle,Driver,45 to 49,Major,,West,"Automobile, Station Wagon",Going Ahead,Disobeyed Traffic Control,Normal,,,,,,,,,Yes,,,,,,,Yes,Yes,,,171,Junction-Wallace Emerson,93,Dovercourt-Wallace Emerson-Junction (93),D11,624870.4775,4835913.459
7140,6668899,1250936,12/07/2011,2011,714,SYMINGTON AVE,DUPONT ST,,Major Arterial,Toronto and East York,43.665745,-79.45119,At Intersection,Traffic Signal,Clear,Daylight,Dry,Non-Fatal Injury,Angle,Vehicle Owner,unknown,,,,Other,,,,,,,,,,,,Yes,,,,,,,Yes,Yes,,,171,Junction-Wallace Emerson,93,Dovercourt-Wallace Emerson-Junction (93),D11,624870.4775,4835913.459
7141,6668900,1250936,12/07/2011,2011,714,SYMINGTON AVE,DUPONT ST,,Major Arterial,Toronto and East York,43.665745,-79.45119,At Intersection,Traffic Signal,Clear,Daylight,Dry,Non-Fatal Injury,Angle,Driver,55 to 59,Minimal,,North,"Automobile, Station Wagon",Going Ahead,Disobeyed Traffic Control,Normal,,,,,,,,,Yes,,,,,,,Yes,Yes,,,171,Junction-Wallace Emerson,93,Dovercourt-Wallace Emerson-Junction (93),D11,624870.4775,4835913.459
7142,6668517,1250782,14/07/2011,2011,1610,AVENUE Road,EDMUND Aven,,Major Arterial,Toronto and East York,43.682545,-79.39979,,Traffic Signal,Clear,Daylight,Dry,Non-Fatal Injury,Cyclist Collisions,Driver,50 to 54,None,,North,"Automobile, Station Wagon",Going Ahead,Driving Properly,Normal,,,,,,,,Yes,Yes,,,,,,,,,,,97,Yonge-St.Clair,97,Yonge-St.Clair (97),D53,628978.5709,4837857.975
7143,6668518,1250782,14/07/2011,2011,1610,AVENUE Road,EDMUND Aven,,Major Arterial,Toronto and East York,43.682545,-79.39979,,Traffic Signal,Clear,Daylight,Dry,Non-Fatal Injury,Cyclist Collisions,Cyclist,25 to 29,Major,,East,Bicycle,Going Ahead,,,,,,"Cyclist without ROW rides into path of motorist at inter, lnwy, dwy-Cyclist not turn.",Disobeyed Traffic Control,Inattentive,,Yes,Yes,,,,,,,,,,,97,Yonge-St.Clair,97,Yonge-St.Clair (97),D53,628978.5709,4837857.975
7144,6669027,1250979,15/07/2011,2011,1630,DON MILLS RD,WYNFORD DR,,Major Arterial,North York,43.723445,-79.33969,,No Control,Clear,Daylight,Dry,Non-Fatal Injury,Cyclist Collisions,Driver,55 to 59,None,,North,"Automobile, Station Wagon",Going Ahead,Following too Close,Inattentive,,,,,,,,Yes,Yes,,,,,,,Yes,,,,42,Banbury-Don Mills,42,Banbury-Don Mills (42),D33,633731.7715,4842495.721
7145,6669028,1250979,15/07/2011,2011,1630,DON MILLS RD,WYNFORD DR,,Major Arterial,North York,43.723445,-79.33969,,No Control,Clear,Daylight,Dry,Non-Fatal Injury,Cyclist Collisions,Cyclist,30 to 34,Major,,North,Bicycle,Going Ahead,,,,,,Cyclist and Driver travelling in same direction. One vehicle rear-ended the other.,Driving Properly,Normal,,Yes,Yes,,,,,,,Yes,,,,42,Banbury-Don Mills,42,Banbury-Don Mills (42),D33,633731.7715,4842495.721
7146,6668797,1250894,15/07/2011,2011,1655,DANFORTH Ave,LANGFORD Ave,,Major Arterial,Toronto and East York,43.679745,-79.34059,,No Control,Clear,Daylight,Dry,Non-Fatal Injury,Cyclist Collisions,Driver,45 to 49,None,,West,"Automobile, Station Wagon",Parked,Other,Inattentive,,,,,,,,Yes,Yes,,,,,,,,,,,69,Blake-Jones,69,Blake-Jones (69),D55,633756.425,4837640.766
7147,6668798,1250894,15/07/2011,2011,1655,DANFORTH Ave,LANGFORD Ave,,Major Arterial,Toronto and East York,43.679745,-79.34059,,No Control,Clear,Daylight,Dry,Non-Fatal Injury,Cyclist Collisions,Cyclist,50 to 54,Major,,West,Bicycle,Going Ahead,,,,,,Cyclist struck opened vehicle door,Driving Properly,Normal,,Yes,Yes,,,,,,,,,,,69,Blake-Jones,69,Blake-Jones (69),D55,633756.425,4837640.766
7148,6652929,1244229,15/07/2011,2011,2344,QUEEN Stre W,DUFFERIN,,Major Arterial,Toronto and East York,43.642045,-79.42919,,Streetcar (Stop for),Clear,Dark,Dry,Non-Fatal Injury,Pedestrian Collisions,Pedestrian,20 to 24,Major,,North,Other,,,,Pedestrian hit at mid-block,Person Getting on/off Vehicle,Unknown,,,,Yes,,Yes,,,,,,,Yes,,,,85,South Parkdale,85,South Parkdale (85),D14,626694.0386,4833314.613
7149,6652930,1244229,15/07/2011,2011,2344,QUEEN Stre W,DUFFERIN,,Major Arterial,Toronto and East York,43.642045,-79.42919,,Streetcar (Stop for),Clear,Dark,Dry,Non-Fatal Injury,Pedestrian Collisions,Driver,15 to 19,None,,West,"Automobile, Station Wagon",Going Ahead,Failed to Yield Right of Way,Normal,,,,,,,Yes,,Yes,,,,,,,Yes,,,,85,South Parkdale,85,South Parkdale (85),D14,626694.0386,4833314.613
7150,6668627,1250828,16/07/2011,2011,847,SHEPPARD Aven E,MORNINGSIDE Aven,,Major Arterial,Scarborough,43.802245,-79.19829,,No Control,Clear,Daylight,Dry,Non-Fatal Injury,Rear End,Driver,35 to 39,Minor,,West,"Automobile, Station Wagon",Going Ahead,Driving Properly,Normal,,,,,,,,,Yes,,,,,Yes,Yes,Yes,,,Yes,144,Morningside Heights,131,Rouge (131),D42,644930.7337,4851485.594
7151,6668628,1250828,16/07/2011,2011,847,SHEPPARD Aven E,MORNINGSIDE Aven,,Major Arterial,Scarborough,43.802245,-79.19829,,No Control,Clear,Daylight,Dry,Non-Fatal Injury,Rear End,Driver,65 to 69,None,,West,"Automobile, Station Wagon",Going Ahead,Driving Properly,Normal,,,,,,,,,Yes,,,,,Yes,Yes,Yes,,,Yes,144,Morningside Heights,131,Rouge (131),D42,644930.7337,4851485.594
7152,6668629,1250828,16/07/2011,2011,847,SHEPPARD Aven E,MORNINGSIDE Aven,,Major Arterial,Scarborough,43.802245,-79.19829,,No Control,Clear,Daylight,Dry,Non-Fatal Injury,Rear End,Driver,45 to 49,Major,,West,"Automobile, Station Wagon",Going Ahead,Lost control,Medical or Physical Disability,,,,,,,,,Yes,,,,,Yes,Yes,Yes,,,Yes,144,Morningside Heights,131,Rouge (131),D42,644930.7337,4851485.594
7153,6668630,1250828,16/07/2011,2011,847,SHEPPARD Aven E,MORNINGSIDE Aven,,Major Arterial,Scarborough,43.802245,-79.19829,,No Control,Clear,Daylight,Dry,Non-Fatal Injury,Rear End,Passenger,5 to 9,Minimal,,,Other,,,,,,,,,,,,Yes,,,,,Yes,Yes,Yes,,,Yes,144,Morningside Heights,131,Rouge (131),D42,644930.7337,4851485.594
7154,6668631,1250828,16/07/2011,2011,847,SHEPPARD Aven E,MORNINGSIDE Aven,,Major Arterial,Scarborough,43.802245,-79.19829,,No Control,Clear,Daylight,Dry,Non-Fatal Injury,Rear End,Driver,40 to 44,Minimal,,West,"Automobile, Station Wagon",Going Ahead,Driving Properly,Normal,,,,,,,,,Yes,,,,,Yes,Yes,Yes,,,Yes,144,Morningside Heights,131,Rouge (131),D42,644930.7337,4851485.594
7155,6653163,1244328,16/07/2011,2011,1215,LAWRENCE AVE W,ROYAL YORK RD,,Minor Arterial,Etobicoke York,43.696145,-79.53269,At Intersection,Traffic Signal,Clear,Daylight,Dry,Fatal,SMV Other,Passenger,70 to 74,Fatal,14,,Other,,,,,,,,,,,,Yes,,,,,Yes,,,,,,8,Humber Heights-Westmount,8,Humber Heights-Westmount (8),D23,618239.8775,4839170.343
7156,6653164,1244328,16/07/2011,2011,1215,LAWRENCE AVE W,ROYAL YORK RD,,Minor Arterial,Etobicoke York,43.696145,-79.53269,At Intersection,Traffic Signal,Clear,Daylight,Dry,Fatal,SMV Other,Driver,70 to 74,Major,,West,"Automobile, Station Wagon",Going Ahead,Lost control,Unknown,,,,,,,,,Yes,,,,,Yes,,,,,,8,Humber Heights-Westmount,8,Humber Heights-Westmount (8),D23,618239.8775,4839170.343
7157,6653165,1244328,16/07/2011,2011,1215,LAWRENCE AVE W,ROYAL YORK RD,,Minor Arterial,Etobicoke York,43.696145,-79.53269,At Intersection,Traffic Signal,Clear,Daylight,Dry,Fatal,SMV Other,Other Property Owner,unknown,,,,Other,,,,,,,,,,,,Yes,,,,,Yes,,,,,,8,Humber Heights-Westmount,8,Humber Heights-Westmount (8),D23,618239.8775,4839170.343
7158,7644769,1251049,17/07/2011,2011,630,BREMNER Boul,VAN DE WATER Cres,,Minor Arterial,Toronto and East York,43.640345,-79.38899,At Intersection,Traffic Signal,Clear,Daylight,Dry,Non-Fatal Injury,Rear End,Motorcycle Driver,30 to 34,Major,,East,Motorcycle,Going Ahead,Driving Properly,Normal,,,,,,,,,Yes,Yes,,,,,,Yes,,,,165,Harbourfront-CityPlace,77,Waterfront Communities-The Island (77),D52,629940.0771,4833187.956
7159,7644770,1251049,17/07/2011,2011,630,BREMNER Boul,VAN DE WATER Cres,,Minor Arterial,Toronto and East York,43.640345,-79.38899,At Intersection,Traffic Signal,Clear,Daylight,Dry,Non-Fatal Injury,Rear End,Vehicle Owner,unknown,,,,Other,,,,,,,,,,,,Yes,Yes,,,,,,Yes,,,,165,Harbourfront-CityPlace,77,Waterfront Communities-The Island (77),D52,629940.0771,4833187.956
7160,7644771,1251049,17/07/2011,2011,630,BREMNER Boul,VAN DE WATER Cres,,Minor Arterial,Toronto and East York,43.640345,-79.38899,At Intersection,Traffic Signal,Clear,Daylight,Dry,Non-Fatal Injury,Rear End,Driver,35 to 39,Minimal,,East,"Automobile, Station Wagon",Slowing or Stopping,Improper Passing,Inattentive,,,,,,,,,Yes,Yes,,,,,,Yes,,,,165,Harbourfront-CityPlace,77,Waterfront Communities-The Island (77),D52,629940.0771,4833187.956
7161,6653437,1244462,17/07/2011,2011,2000,TWYN RIVERS Driv,LITTLE ROUGE RIVER,,Collector,Scarborough,43.814545,-79.15699,,No Control,Clear,Daylight,Dry,Non-Fatal Injury,Approaching,Motorcycle Driver,30 to 34,Major,,East,Motorcycle,Going Ahead,Other,Unknown,,,,,,,,,Yes,Yes,,,,,,,,,,144,Morningside Heights,131,Rouge (131),D42,648222.5446,4852924.877
7162,6653438,1244462,17/07/2011,2011,2000,TWYN RIVERS Driv,LITTLE ROUGE RIVER,,Collector,Scarborough,43.814545,-79.15699,,No Control,Clear,Daylight,Dry,Non-Fatal Injury,Approaching,Motorcycle Driver,25 to 29,Minor,,East,Motorcycle,Going Ahead,Other,Unknown,,,,,,,,,Yes,Yes,,,,,,,,,,144,Morningside Heights,131,Rouge (131),D42,648222.5446,4852924.877
7163,6653439,1244462,17/07/2011,2011,2000,TWYN RIVERS Driv,LITTLE ROUGE RIVER,,Collector,Scarborough,43.814545,-79.15699,,No Control,Clear,Daylight,Dry,Non-Fatal Injury,Approaching,Driver,35 to 39,None,,West,"Automobile, Station Wagon",Going Ahead,Driving Properly,Normal,,,,,,,,,Yes,Yes,,,,,,,,,,144,Morningside Heights,131,Rouge (131),D42,648222.5446,4852924.877
7164,6653601,1244530,18/07/2011,2011,28,BAYVIEW Ave,MCKEE Ave,,Major Arterial,North York,43.778845,-79.39079,,No Control,Clear,"Dark, artificial",Dry,Non-Fatal Injury,Pedestrian Collisions,Pedestrian,55 to 59,Major,,Unknown,"Automobile, Station Wagon",,,,Pedestrian hit at mid-block,Playing or Working on Highway,Normal,,,,Yes,,Yes,,,,,Yes,Yes,Yes,,,,52,Bayview Village,52,Bayview Village (52),D33,629496.2794,4848567.525
7165,6653602,1244530,18/07/2011,2011,28,BAYVIEW Ave,MCKEE Ave,,Major Arterial,North York,43.778845,-79.39079,,No Control,Clear,"Dark, artificial",Dry,Non-Fatal Injury,Pedestrian Collisions,Passenger,20 to 24,Major,,,Other,,,,,,,,,,Yes,,Yes,,,,,Yes,Yes,Yes,,,,52,Bayview Village,52,Bayview Village (52),D33,629496.2794,4848567.525