OBJECTID,INDEX,ACCNUM,DATE,ACCIDENT_YEAR,TIME,STREET1,STREET2,OFFSET,ROAD_CLASS,DISTRICT,LATITUDE,LONGITUDE,ACCLOC,TRAFFCTL,VISIBILITY,LIGHT,RDSFCOND,ACCLASS,IMPACTYPE,INVTYPE,INVAGE,INJURY,FATAL_NO,INITDIR,VEHTYPE,MANOEUVER,DRIVACT,DRIVCOND,PEDTYPE,PEDACT,PEDCOND,CYCLISTYPE,CYCACT,CYCCOND,PEDESTRIAN,CYCLIST,AUTOMOBILE,MOTORCYCLE,TRUCK,TRSN_CITY_VEH,EMERG_VEH,PASSENGER,SPEEDING,AG_DRIV,REDLIGHT,ALCOHOL,DISABILITY,HOOD_158,NEIGHBOURHOOD_158,HOOD_140,NEIGHBOURHOOD_140,DIVISION,x,y
7729,6724502,1277427,04/12/2011,2011,1840,KENNEDY RD,401 C E KENNEDY RAMP RD,,Major Arterial,Scarborough,43.773045,-79.28379,,Traffic Signal,Clear,"Daylight, artificial",Wet,Non-Fatal Injury,Angle,Driver,45 to 49,Minor,,East,"Automobile, Station Wagon",Going Ahead,Driving Properly,Normal,,,,,,,,,Yes,,,,,Yes,,Yes,Yes,,,126,Dorset Park,126,Dorset Park (126),D41,638120.2224,4848096.278
7730,6725937,1279443,04/12/2011,2011,2210,EGLINTON AVE E,FALMOUTH AVE,,Major Arterial,Scarborough,43.735545,-79.25319,,Traffic Signal,Rain,"Dark, artificial",Wet,Non-Fatal Injury,Pedestrian Collisions,Driver,20 to 24,None,,East,"Automobile, Station Wagon",Going Ahead,Driving Properly,Unknown,,,,,,,Yes,,Yes,,,,,,,,,,,124,Kennedy Park,124,Kennedy Park (124),D41,640670.7741,4843982.831
7731,6725938,1279443,04/12/2011,2011,2210,EGLINTON AVE E,FALMOUTH AVE,,Major Arterial,Scarborough,43.735545,-79.25319,,Traffic Signal,Rain,"Dark, artificial",Wet,Non-Fatal Injury,Pedestrian Collisions,Pedestrian,15 to 19,Major,,North,Other,,,,Vehicle is going straight thru inter.while ped cross without ROW,Crossing without right of way,Inattentive,,,,Yes,,Yes,,,,,,,,,,,124,Kennedy Park,124,Kennedy Park (124),D41,640670.7741,4843982.831
7732,6724621,1277511,05/12/2011,2011,1527,PECKHAM AVE,CRISPIN CRES,,Local,North York,43.792145,-79.43709,At Intersection,No Control,Rain,Daylight,Wet,Non-Fatal Injury,Pedestrian Collisions,Vehicle Owner,unknown,,,,Other,,,,,,,,,,Yes,,Yes,,,,,,,,,,,36,Newtonbrook West,36,Newtonbrook West (36),D32,625742.5061,4849973.317
7733,6724622,1277511,05/12/2011,2011,1527,PECKHAM AVE,CRISPIN CRES,,Local,North York,43.792145,-79.43709,At Intersection,No Control,Rain,Daylight,Wet,Non-Fatal Injury,Pedestrian Collisions,Driver,40 to 44,None,,South,"Automobile, Station Wagon",Going Ahead,Driving Properly,Normal,,,,,,,Yes,,Yes,,,,,,,,,,,36,Newtonbrook West,36,Newtonbrook West (36),D32,625742.5061,4849973.317
7734,6724623,1277511,05/12/2011,2011,1527,PECKHAM AVE,CRISPIN CRES,,Local,North York,43.792145,-79.43709,At Intersection,No Control,Rain,Daylight,Wet,Non-Fatal Injury,Pedestrian Collisions,Pedestrian,5 to 9,Major,,East,Other,,,,Vehicle is going straight thru inter.while ped cross without ROW,Running onto Roadway,Normal,,,,Yes,,Yes,,,,,,,,,,,36,Newtonbrook West,36,Newtonbrook West (36),D32,625742.5061,4849973.317
7735,6725271,1278387,05/12/2011,2011,1830,BRIMWOOD BLVD,SANDHURST CRCL,,Collector,Scarborough,43.810945,-79.27099,,Stop Sign,Rain,Dark,Wet,Non-Fatal Injury,Pedestrian Collisions,Vehicle Owner,unknown,,,,Other,,,,,,,,,,Yes,,Yes,,,,,,,Yes,,,,129,Agincourt North,129,Agincourt North (129),D42,639062.4407,4852327.109
7736,6725272,1278387,05/12/2011,2011,1830,BRIMWOOD BLVD,SANDHURST CRCL,,Collector,Scarborough,43.810945,-79.27099,,Stop Sign,Rain,Dark,Wet,Non-Fatal Injury,Pedestrian Collisions,Driver,25 to 29,None,,South,"Automobile, Station Wagon",Turning Left,Failed to Yield Right of Way,Inattentive,,,,,,,Yes,,Yes,,,,,,,Yes,,,,129,Agincourt North,129,Agincourt North (129),D42,639062.4407,4852327.109
7737,6725273,1278387,05/12/2011,2011,1830,BRIMWOOD BLVD,SANDHURST CRCL,,Collector,Scarborough,43.810945,-79.27099,,Stop Sign,Rain,Dark,Wet,Non-Fatal Injury,Pedestrian Collisions,Pedestrian,50 to 54,Major,,South,Other,,,,Vehicle turns left while ped crosses with ROW at inter.,Crossing with right of way,Normal,,,,Yes,,Yes,,,,,,,Yes,,,,129,Agincourt North,129,Agincourt North (129),D42,639062.4407,4852327.109
7738,6915792,1268173,08/12/2011,2011,1954,SHEPPARD AVE E,VICTORIA PARK AVE,,Major Arterial,North York,43.775245,-79.32299,At Intersection,Traffic Signal,Clear,Dark,Dry,Non-Fatal Injury,Pedestrian Collisions,Vehicle Owner,unknown,,,,Other,,,,,,,,,,Yes,,,,,Yes,,,,,,,,118,Tam O'Shanter-Sullivan,117,L'Amoreaux (117),D42,634960.4319,4848275.975
7739,6915793,1268173,08/12/2011,2011,1954,SHEPPARD AVE E,VICTORIA PARK AVE,,Major Arterial,North York,43.775245,-79.32299,At Intersection,Traffic Signal,Clear,Dark,Dry,Non-Fatal Injury,Pedestrian Collisions,Driver,55 to 59,None,,South,Municipal Transit Bus (TTC),Turning Right,Driving Properly,Normal,,,,,,,Yes,,,,,Yes,,,,,,,,118,Tam O'Shanter-Sullivan,117,L'Amoreaux (117),D42,634960.4319,4848275.975
7740,6915794,1268173,08/12/2011,2011,1954,SHEPPARD AVE E,VICTORIA PARK AVE,,Major Arterial,North York,43.775245,-79.32299,At Intersection,Traffic Signal,Clear,Dark,Dry,Non-Fatal Injury,Pedestrian Collisions,Pedestrian,20 to 24,Major,,South,Other,,,,Pedestrian involved in a collision with transit vehicle anywhere along roadway,Crossing without right of way,Unknown,,,,Yes,,,,,Yes,,,,,,,,118,Tam O'Shanter-Sullivan,117,L'Amoreaux (117),D42,634960.4319,4848275.975
7741,6723135,1276036,10/12/2011,2011,1533,O CONNOR DR,PAPE AVE,,Major Arterial,Toronto and East York,43.693245,-79.35029,At Intersection,Traffic Signal,Clear,Daylight,Dry,Non-Fatal Injury,Pedestrian Collisions,Driver,25 to 29,None,,West,"Automobile, Station Wagon",Turning Left,Failed to Yield Right of Way,Inattentive,,,,,,,Yes,,Yes,,,,,,,Yes,,,,58,Old East York,58,Old East York (58),D55,632944.7229,4839124.531
7742,6723136,1276036,10/12/2011,2011,1533,O CONNOR DR,PAPE AVE,,Major Arterial,Toronto and East York,43.693245,-79.35029,At Intersection,Traffic Signal,Clear,Daylight,Dry,Non-Fatal Injury,Pedestrian Collisions,Pedestrian,30 to 34,Minimal,,East,Other,,,,Vehicle turns left while ped crosses with ROW at inter.,Crossing with right of way,Normal,,,,Yes,,Yes,,,,,,,Yes,,,,58,Old East York,58,Old East York (58),D55,632944.7229,4839124.531
7743,6723137,1276036,10/12/2011,2011,1533,O CONNOR DR,PAPE AVE,,Major Arterial,Toronto and East York,43.693245,-79.35029,At Intersection,Traffic Signal,Clear,Daylight,Dry,Non-Fatal Injury,Pedestrian Collisions,Pedestrian,25 to 29,Major,,East,Other,,,,Vehicle turns left while ped crosses with ROW at inter.,Crossing with right of way,Normal,,,,Yes,,Yes,,,,,,,Yes,,,,58,Old East York,58,Old East York (58),D55,632944.7229,4839124.531
7744,6725375,1278436,10/12/2011,2011,1622,SPADINA AVE,NASSAU ST,,Major Arterial,Toronto and East York,43.655845,-79.39919,,No Control,Clear,Daylight,Dry,Non-Fatal Injury,Pedestrian Collisions,Vehicle Owner,unknown,,,,Other,,,,,,,,,,Yes,,Yes,,,,,,,,,,,78,Kensington-Chinatown,78,Kensington-Chinatown (78),D52,629084.1552,4834893.515
7745,6725376,1278436,10/12/2011,2011,1622,SPADINA AVE,NASSAU ST,,Major Arterial,Toronto and East York,43.655845,-79.39919,,No Control,Clear,Daylight,Dry,Non-Fatal Injury,Pedestrian Collisions,Driver,20 to 24,None,,South,"Automobile, Station Wagon",Going Ahead,Driving Properly,Normal,,,,,,,Yes,,Yes,,,,,,,,,,,78,Kensington-Chinatown,78,Kensington-Chinatown (78),D52,629084.1552,4834893.515
7746,6725377,1278436,10/12/2011,2011,1622,SPADINA AVE,NASSAU ST,,Major Arterial,Toronto and East York,43.655845,-79.39919,,No Control,Clear,Daylight,Dry,Non-Fatal Injury,Pedestrian Collisions,Pedestrian,15 to 19,Major,,East,Other,,,,Pedestrian hit at mid-block,Running onto Roadway,Inattentive,,,,Yes,,Yes,,,,,,,,,,,78,Kensington-Chinatown,78,Kensington-Chinatown (78),D52,629084.1552,4834893.515
7747,6807712,1278799,10/12/2011,2011,1724,FRONT St E,SCOTT St,,Minor Arterial,Toronto and East York,43.647445,-79.37579,,No Control,Clear,"Dark, artificial",Dry,Non-Fatal Injury,SMV Other,Motorcycle Driver,35 to 39,Major,,East,Motorcycle,Pulling Away from Shoulder or Curb,Lost control,Normal,,,,,,,,,,Yes,,,,,,,,,,166,St Lawrence-East Bayfront-The Islands,75,Church-Yonge Corridor (75),D51,630989.3359,4833997.254
7748,7644966,1278438,10/12/2011,2011,2252,BROADVIEW AVE,GERRARD ST E,,Minor Arterial,Toronto and East York,43.665444,-79.35259,At Intersection,Traffic Signal,Clear,Dark,Dry,Non-Fatal Injury,Pedestrian Collisions,Driver,45 to 49,None,,South,"Automobile, Station Wagon",Going Ahead,Disobeyed Traffic Control,Normal,,,,,,,Yes,,Yes,,,,,,,Yes,Yes,,,70,South Riverdale,70,South Riverdale (70),D55,632820.7013,4836033.163
7749,7644967,1278438,10/12/2011,2011,2252,BROADVIEW AVE,GERRARD ST E,,Minor Arterial,Toronto and East York,43.665444,-79.35259,At Intersection,Traffic Signal,Clear,Dark,Dry,Non-Fatal Injury,Pedestrian Collisions,Pedestrian,20 to 24,Major,,East,Other,,,,Vehicle is going straight thru inter.while ped cross with ROW,Crossing with right of way,Normal,,,,Yes,,Yes,,,,,,,Yes,Yes,,,70,South Riverdale,70,South Riverdale (70),D55,632820.7013,4836033.163
7750,6726236,1279732,15/12/2011,2011,711,STEELES AVE E,MARKHAM RD,,Major Arterial,Scarborough,43.836589,-79.251178,,Traffic Signal,Rain,"Dark, artificial",Wet,Non-Fatal Injury,Pedestrian Collisions,Driver,unknown,None,,West,Municipal Transit Bus (TTC),Turning Left,Failed to Yield Right of Way,Unknown,,,,,,,Yes,,,,,Yes,,,,Yes,,,,144,Morningside Heights,131,Rouge (131),D42,640595.7007,4855208.79
7751,6726237,1279732,15/12/2011,2011,711,STEELES AVE E,MARKHAM RD,,Major Arterial,Scarborough,43.836589,-79.251178,,Traffic Signal,Rain,"Dark, artificial",Wet,Non-Fatal Injury,Pedestrian Collisions,Pedestrian,45 to 49,Major,,West,Other,,,,Vehicle turns left while ped crosses with ROW at inter.,Crossing with right of way,Normal,,,,Yes,,,,,Yes,,,,Yes,,,,144,Morningside Heights,131,Rouge (131),D42,640595.7007,4855208.79
7752,6807918,1279742,15/12/2011,2011,950,ADELAIDE St W,BAY St,,Major Arterial,Toronto and East York,43.649845,-79.38079,At Intersection,Traffic Signal,Rain,Daylight,Wet,Non-Fatal Injury,Cyclist Collisions,Vehicle Owner,unknown,,,,Other,,,,,,,,,,,Yes,Yes,,,,,,,,,,,170,Yonge-Bay Corridor,76,Bay Street Corridor (76),D52,630580.8906,4834255.925
7753,6807919,1279742,15/12/2011,2011,950,ADELAIDE St W,BAY St,,Major Arterial,Toronto and East York,43.649845,-79.38079,At Intersection,Traffic Signal,Rain,Daylight,Wet,Non-Fatal Injury,Cyclist Collisions,Driver,40 to 44,None,,East,"Automobile, Station Wagon",Going Ahead,Driving Properly,Normal,,,,,,,,Yes,Yes,,,,,,,,,,,170,Yonge-Bay Corridor,76,Bay Street Corridor (76),D52,630580.8906,4834255.925
7754,6807920,1279742,15/12/2011,2011,950,ADELAIDE St W,BAY St,,Major Arterial,Toronto and East York,43.649845,-79.38079,At Intersection,Traffic Signal,Rain,Daylight,Wet,Non-Fatal Injury,Cyclist Collisions,Cyclist,40 to 44,Major,,East,Bicycle,Merging,,,,,,Cyclist and Driver travelling in same direction. One vehicle sideswipes the other.,Lost control,Inattentive,,Yes,Yes,,,,,,,,,,,170,Yonge-Bay Corridor,76,Bay Street Corridor (76),D52,630580.8906,4834255.925
7755,6806449,1270054,15/12/2011,2011,1503,FAIRVIEW MALL DR,GODSTONE RD,,Minor Arterial,North York,43.779645,-79.34569,,Traffic Signal,Rain,Daylight,Wet,Non-Fatal Injury,Pedestrian Collisions,Pedestrian,75 to 79,Major,,North,Other,,,,Vehicle turns left while ped crosses with ROW at inter.,Crossing with right of way,Normal,,,,Yes,,,,Yes,,,,,Yes,,,,47,Don Valley Village,47,Don Valley Village (47),D33,633123.8247,4848727.911
7756,6806450,1270054,15/12/2011,2011,1503,FAIRVIEW MALL DR,GODSTONE RD,,Minor Arterial,North York,43.779645,-79.34569,,Traffic Signal,Rain,Daylight,Wet,Non-Fatal Injury,Pedestrian Collisions,Vehicle Owner,unknown,,,,Other,,,,,,,,,,Yes,,,,Yes,,,,,Yes,,,,47,Don Valley Village,47,Don Valley Village (47),D33,633123.8247,4848727.911
7757,6806451,1270054,15/12/2011,2011,1503,FAIRVIEW MALL DR,GODSTONE RD,,Minor Arterial,North York,43.779645,-79.34569,,Traffic Signal,Rain,Daylight,Wet,Non-Fatal Injury,Pedestrian Collisions,Truck Driver,60 to 64,None,,South,Truck - Open,Turning Left,Failed to Yield Right of Way,Inattentive,,,,,,,Yes,,,,Yes,,,,,Yes,,,,47,Don Valley Village,47,Don Valley Village (47),D33,633123.8247,4848727.911
7758,6726869,1280448,20/12/2011,2011,1430,QUEEN St W,CAMERON St,,Major Arterial,Toronto and East York,43.648445,-79.39779,,No Control,Clear,Daylight,Dry,Non-Fatal Injury,Cyclist Collisions,Driver,20 to 24,None,,East,"Automobile, Station Wagon",Parked,Other,Unknown,,,,,,,,Yes,Yes,,,,,,,,,,,164,Wellington Place,77,Waterfront Communities-The Island (77),D14,629212.9164,4834073.827
7759,6726870,1280448,20/12/2011,2011,1430,QUEEN St W,CAMERON St,,Major Arterial,Toronto and East York,43.648445,-79.39779,,No Control,Clear,Daylight,Dry,Non-Fatal Injury,Cyclist Collisions,Cyclist,35 to 39,Major,,East,Bicycle,Going Ahead,,,,,,Cyclist struck opened vehicle door,Driving Properly,Unknown,,Yes,Yes,,,,,,,,,,,164,Wellington Place,77,Waterfront Communities-The Island (77),D14,629212.9164,4834073.827
7760,6806528,1270884,21/12/2011,2011,706,JANE ST,DRIFTWOOD AVE,,Major Arterial,Etobicoke York,43.765898,-79.519672,At Intersection,Traffic Signal,Rain,"Dark, artificial",Wet,Fatal,Pedestrian Collisions,Pedestrian,25 to 29,Fatal,34,East,Other,,,,Vehicle turns left while ped crosses with ROW at inter.,Crossing with right of way,Normal,,,,Yes,,,,,Yes,,,,Yes,,,,24,Black Creek,24,Black Creek (24),D31,619150.5175,4846936.052
7761,6806529,1270884,21/12/2011,2011,706,JANE ST,DRIFTWOOD AVE,,Major Arterial,Etobicoke York,43.765898,-79.519672,At Intersection,Traffic Signal,Rain,"Dark, artificial",Wet,Fatal,Pedestrian Collisions,Vehicle Owner,unknown,,,,Other,,,,,,,,,,Yes,,,,,Yes,,,,Yes,,,,24,Black Creek,24,Black Creek (24),D31,619150.5175,4846936.052
7762,6806530,1270884,21/12/2011,2011,706,JANE ST,DRIFTWOOD AVE,,Major Arterial,Etobicoke York,43.765898,-79.519672,At Intersection,Traffic Signal,Rain,"Dark, artificial",Wet,Fatal,Pedestrian Collisions,Driver,40 to 44,None,,West,Municipal Transit Bus (TTC),Turning Left,Failed to Yield Right of Way,Inattentive,,,,,,,Yes,,,,,Yes,,,,Yes,,,,24,Black Creek,24,Black Creek (24),D31,619150.5175,4846936.052
7763,6727380,1281411,21/12/2011,2011,1710,CHICOUTIMI AVE,LAWRENCE AVE W,,Major Arterial,North York,43.720345,-79.42439,,No Control,Rain,Dark,Wet,Non-Fatal Injury,Pedestrian Collisions,Driver,70 to 74,None,,West,"Automobile, Station Wagon",Turning Left,Driving Properly,Normal,,,,,,,Yes,,Yes,,,,,,,,,,,39,Bedford Park-Nortown,39,Bedford Park-Nortown (39),D53,626915.9823,4842018.228
7764,6727381,1281411,21/12/2011,2011,1710,CHICOUTIMI AVE,LAWRENCE AVE W,,Major Arterial,North York,43.720345,-79.42439,,No Control,Rain,Dark,Wet,Non-Fatal Injury,Pedestrian Collisions,Pedestrian,60 to 64,Major,,West,Other,,,,Pedestrian hit at mid-block,"Crossing, no Traffic Control",Inattentive,,,,Yes,,Yes,,,,,,,,,,,39,Bedford Park-Nortown,39,Bedford Park-Nortown (39),D53,626915.9823,4842018.228
7765,6808504,1281373,21/12/2011,2011,1807,EGLINTON AVE W,KANE AVE,,Major Arterial,Etobicoke York,43.691045,-79.47099,,No Control,Clear,Dark,Dry,Non-Fatal Injury,Pedestrian Collisions,Vehicle Owner,unknown,,,,Other,,,,,,,,,,Yes,,Yes,,,,,,,,,,,110,Keelesdale-Eglinton West,110,Keelesdale-Eglinton West (110),D12,623222.3196,4838693.752
7766,6808505,1281373,21/12/2011,2011,1807,EGLINTON AVE W,KANE AVE,,Major Arterial,Etobicoke York,43.691045,-79.47099,,No Control,Clear,Dark,Dry,Non-Fatal Injury,Pedestrian Collisions,Driver,45 to 49,None,,East,"Automobile, Station Wagon",Going Ahead,Driving Properly,Normal,,,,,,,Yes,,Yes,,,,,,,,,,,110,Keelesdale-Eglinton West,110,Keelesdale-Eglinton West (110),D12,623222.3196,4838693.752
7767,6808506,1281373,21/12/2011,2011,1807,EGLINTON AVE W,KANE AVE,,Major Arterial,Etobicoke York,43.691045,-79.47099,,No Control,Clear,Dark,Dry,Non-Fatal Injury,Pedestrian Collisions,Pedestrian,25 to 29,Major,,South,Other,,,,Pedestrian hit at mid-block,Running onto Roadway,Inattentive,,,,Yes,,Yes,,,,,,,,,,,110,Keelesdale-Eglinton West,110,Keelesdale-Eglinton West (110),D12,623222.3196,4838693.752
7768,6915958,1281493,22/12/2011,2011,1128,LAIRD DR,EGLINTON AVE E,,Major Arterial,North York,43.713545,-79.36479,At Intersection,Traffic Signal,Clear,Daylight,Dry,Non-Fatal Injury,Pedestrian Collisions,Driver,70 to 74,None,,South,"Automobile, Station Wagon",Turning Left,Failed to Yield Right of Way,Inattentive,,,,,,,Yes,,Yes,,,,,,,Yes,,,,55,Thorncliffe Park,55,Thorncliffe Park (55),D53,631731.7328,4841355.986
7769,6915959,1281493,22/12/2011,2011,1128,LAIRD DR,EGLINTON AVE E,,Major Arterial,North York,43.713545,-79.36479,At Intersection,Traffic Signal,Clear,Daylight,Dry,Non-Fatal Injury,Pedestrian Collisions,Pedestrian,65 to 69,Major,,North,Other,,,,Vehicle turns left while ped crosses with ROW at inter.,Crossing with right of way,Normal,,,,Yes,,Yes,,,,,,,Yes,,,,55,Thorncliffe Park,55,Thorncliffe Park (55),D53,631731.7328,4841355.986
7770,6715346,1271043,22/12/2011,2011,1345,JANE ST,YORKWOODS GT,,Major Arterial,Etobicoke York,43.751245,-79.51619,,No Control,Clear,Daylight,Dry,Non-Fatal Injury,Pedestrian Collisions,Vehicle Owner,unknown,,,,Other,,,,,,,,,,Yes,,,,,Yes,,,,,,,,25,Glenfield-Jane Heights,25,Glenfield-Jane Heights (25),D31,619459.9389,4845313.636
7771,6715347,1271043,22/12/2011,2011,1345,JANE ST,YORKWOODS GT,,Major Arterial,Etobicoke York,43.751245,-79.51619,,No Control,Clear,Daylight,Dry,Non-Fatal Injury,Pedestrian Collisions,Driver,40 to 44,None,,North,Municipal Transit Bus (TTC),Going Ahead,Driving Properly,Normal,,,,,,,Yes,,,,,Yes,,,,,,,,25,Glenfield-Jane Heights,25,Glenfield-Jane Heights (25),D31,619459.9389,4845313.636
7772,6715348,1271043,22/12/2011,2011,1345,JANE ST,YORKWOODS GT,,Major Arterial,Etobicoke York,43.751245,-79.51619,,No Control,Clear,Daylight,Dry,Non-Fatal Injury,Pedestrian Collisions,Pedestrian,30 to 34,Major,,North,Other,,,,Pedestrian involved in a collision with transit vehicle anywhere along roadway,Other,Had Been Drinking,,,,Yes,,,,,Yes,,,,,,,,25,Glenfield-Jane Heights,25,Glenfield-Jane Heights (25),D31,619459.9389,4845313.636
7773,6806560,1271163,23/12/2011,2011,547,LAWRENCE AVE E,CURLEW DR,,Major Arterial,North York,43.741145,-79.31929,At Intersection,Traffic Signal,Clear,"Dark, artificial",Wet,Fatal,Turning Movement,Driver,25 to 29,Minimal,,West,"Automobile, Station Wagon",Going Ahead,Driving Properly,Normal,,,,,,,,,Yes,,,,,,,Yes,,,,43,Victoria Village,43,Victoria Village (43),D33,635335.0579,4844494.69
7774,6806561,1271163,23/12/2011,2011,547,LAWRENCE AVE E,CURLEW DR,,Major Arterial,North York,43.741145,-79.31929,At Intersection,Traffic Signal,Clear,"Dark, artificial",Wet,Fatal,Turning Movement,Driver,35 to 39,Fatal,35,East,"Automobile, Station Wagon",Turning Left,Improper Turn,Inattentive,,,,,,,,,Yes,,,,,,,Yes,,,,43,Victoria Village,43,Victoria Village (43),D33,635335.0579,4844494.69
7775,6806562,1271163,23/12/2011,2011,547,LAWRENCE AVE E,CURLEW DR,,Major Arterial,North York,43.741145,-79.31929,At Intersection,Traffic Signal,Clear,"Dark, artificial",Wet,Fatal,Turning Movement,Other Property Owner,unknown,,,,Other,,,,,,,,,,,,Yes,,,,,,,Yes,,,,43,Victoria Village,43,Victoria Village (43),D33,635335.0579,4844494.69
7776,6811178,1283294,25/12/2011,2011,1000,1971 KEELE St,,,Major Arterial,Etobicoke York,43.689745,-79.47489,,No Control,Clear,Daylight,Dry,Non-Fatal Injury,Pedestrian Collisions,Driver,25 to 29,None,,West,"Automobile, Station Wagon",Going Ahead,Other,Had Been Drinking,,,,,,,Yes,,Yes,,,,,,,Yes,,,,110,Keelesdale-Eglinton West,110,Keelesdale-Eglinton West (110),D12,622910.6727,4838543.581
7777,6811179,1283294,25/12/2011,2011,1000,1971 KEELE St,,,Major Arterial,Etobicoke York,43.689745,-79.47489,,No Control,Clear,Daylight,Dry,Non-Fatal Injury,Pedestrian Collisions,Pedestrian,30 to 34,Major,,Unknown,Other,,,,Pedestrian hit at mid-block,"Crossing, no Traffic Control",,,,,Yes,,Yes,,,,,,,Yes,,,,110,Keelesdale-Eglinton West,110,Keelesdale-Eglinton West (110),D12,622910.6727,4838543.581
7778,6727689,1281688,25/12/2011,2011,1740,DUFFERIN ST,ROSECLIFFE AVE,,Major Arterial,Toronto and East York,43.682945,-79.44509,,No Control,Clear,"Dark, artificial",Dry,Non-Fatal Injury,SMV Unattended Vehicle,Other,unknown,None,,,Other,Parked,,,,,,,,,,,Yes,,,,,Yes,,Yes,,,,92,Corso Italia-Davenport,92,Corso Italia-Davenport (92),D13,625326.4767,4837832.949
7779,6727690,1281688,25/12/2011,2011,1740,DUFFERIN ST,ROSECLIFFE AVE,,Major Arterial,Toronto and East York,43.682945,-79.44509,,No Control,Clear,"Dark, artificial",Dry,Non-Fatal Injury,SMV Unattended Vehicle,Passenger,15 to 19,Major,,,Other,,,,,,,,,,,,Yes,,,,,Yes,,Yes,,,,92,Corso Italia-Davenport,92,Corso Italia-Davenport (92),D13,625326.4767,4837832.949
7780,6727691,1281688,25/12/2011,2011,1740,DUFFERIN ST,ROSECLIFFE AVE,,Major Arterial,Toronto and East York,43.682945,-79.44509,,No Control,Clear,"Dark, artificial",Dry,Non-Fatal Injury,SMV Unattended Vehicle,Driver,20 to 24,Major,,North,"Automobile, Station Wagon",Going Ahead,Lost control,Normal,,,,,,,,,Yes,,,,,Yes,,Yes,,,,92,Corso Italia-Davenport,92,Corso Italia-Davenport (92),D13,625326.4767,4837832.949
7781,6728060,1282186,27/12/2011,2011,1404,ST CLAIR Ave W,EARLSCOURT Ave,,Major Arterial,Toronto and East York,43.677045,-79.44739,,Traffic Signal,Rain,Daylight,Wet,Non-Fatal Injury,Cyclist Collisions,Driver,25 to 29,Major,,West,"Automobile, Station Wagon",Changing Lanes,Improper Lane Change,Inattentive,,,,,,,,Yes,Yes,,,,,,,,,,,92,Corso Italia-Davenport,92,Corso Italia-Davenport (92),D13,625153.3603,4837174.201
7782,6728061,1282186,27/12/2011,2011,1404,ST CLAIR Ave W,EARLSCOURT Ave,,Major Arterial,Toronto and East York,43.677045,-79.44739,,Traffic Signal,Rain,Daylight,Wet,Non-Fatal Injury,Cyclist Collisions,Cyclist,unknown,Minimal,,West,Bicycle,Going Ahead,,,,,,Cyclist and Driver travelling in same direction. One vehicle sideswipes the other.,Speed too Fast For Condition,Normal,,Yes,Yes,,,,,,,,,,,92,Corso Italia-Davenport,92,Corso Italia-Davenport (92),D13,625153.3603,4837174.201
7783,6728085,1282206,27/12/2011,2011,1740,THE EAST MALL,EAST MALL CRES,,Minor Arterial,Etobicoke York,43.631445,-79.55229,,Traffic Signal,Rain,Dark,Wet,Non-Fatal Injury,Pedestrian Collisions,Driver,65 to 69,None,,East,"Automobile, Station Wagon",Turning Left,Failed to Yield Right of Way,Normal,,,,,,,Yes,,Yes,,,,,,,Yes,,,,159,Etobicoke City Centre,14,Islington-City Centre West (14),D22,616785.8275,4831956.809
7784,6728086,1282206,27/12/2011,2011,1740,THE EAST MALL,EAST MALL CRES,,Minor Arterial,Etobicoke York,43.631445,-79.55229,,Traffic Signal,Rain,Dark,Wet,Non-Fatal Injury,Pedestrian Collisions,Pedestrian,20 to 24,Major,,West,Other,,,,Vehicle turns left while ped crosses with ROW at inter.,Crossing with right of way,Unknown,,,,Yes,,Yes,,,,,,,Yes,,,,159,Etobicoke City Centre,14,Islington-City Centre West (14),D22,616785.8275,4831956.809
7785,6728066,1282189,27/12/2011,2011,1920,GRANDSTAND ENT RD,HIGHWAY 27  S,,Other,Etobicoke York,43.706245,-79.59139,,No Control,Snow,Dark,Loose Snow,Non-Fatal Injury,SMV Other,Passenger,60 to 64,Major,,,Other,,,,,,,,,,,,Yes,,,,,Yes,Yes,Yes,,,,1,West Humber-Clairville,1,West Humber-Clairville (1),D23,613490.5789,4840210.054
7786,6728067,1282189,27/12/2011,2011,1920,GRANDSTAND ENT RD,HIGHWAY 27  S,,Other,Etobicoke York,43.706245,-79.59139,,No Control,Snow,Dark,Loose Snow,Non-Fatal Injury,SMV Other,Driver,65 to 69,None,,West,"Automobile, Station Wagon",Turning Right,Speed too Fast For Condition,Normal,,,,,,,,,Yes,,,,,Yes,Yes,Yes,,,,1,West Humber-Clairville,1,West Humber-Clairville (1),D23,613490.5789,4840210.054
7787,6727992,1282108,28/12/2011,2011,1339,DUFFERIN ST,YORKDALE RD,,Major Arterial,North York,43.726945,-79.45759,,Traffic Signal,Clear,Daylight,Dry,Non-Fatal Injury,Pedestrian Collisions,Driver,15 to 19,None,,West,"Automobile, Station Wagon",Turning Left,Failed to Yield Right of Way,Normal,,,,,,,Yes,,Yes,,,,,,,Yes,,,,31,Yorkdale-Glen Park,31,Yorkdale-Glen Park (31),D32,624228.0434,4842700.948