OBJECTID,INDEX,ACCNUM,DATE,ACCIDENT_YEAR,TIME,STREET1,STREET2,OFFSET,ROAD_CLASS,DISTRICT,LATITUDE,LONGITUDE,ACCLOC,TRAFFCTL,VISIBILITY,LIGHT,RDSFCOND,ACCLASS,IMPACTYPE,INVTYPE,INVAGE,INJURY,FATAL_NO,INITDIR,VEHTYPE,MANOEUVER,DRIVACT,DRIVCOND,PEDTYPE,PEDACT,PEDCOND,CYCLISTYPE,CYCACT,CYCCOND,PEDESTRIAN,CYCLIST,AUTOMOBILE,MOTORCYCLE,TRUCK,TRSN_CITY_VEH,EMERG_VEH,PASSENGER,SPEEDING,AG_DRIV,REDLIGHT,ALCOHOL,DISABILITY,HOOD_158,NEIGHBOURHOOD_158,HOOD_140,NEIGHBOURHOOD_140,DIVISION,x,y
8159,7425313,1298696,19/04/2012,2012,2127,SPADINA RD,LOWTHER AVE,,Minor Arterial,Toronto and East York,43.668945,-79.40479,At Intersection,Traffic Signal,Clear,"Dark, artificial",Dry,Non-Fatal Injury,Cyclist Collisions,Cyclist,30 to 34,Major,,South,Bicycle,Going Ahead,,,,,,Motorist turned left across cyclists path.,Driving Properly,Normal,,Yes,Yes,,,,,,,,,,,95,Annex,95,Annex (95),D14,628604.6106,4836339.747
8160,7414433,1293932,20/04/2012,2012,149,LAKE SHORE BLVD W,ELLIS AVE,,Major Arterial,Toronto and East York,43.637045,-79.46349,,No Control,Clear,"Dark, artificial",Dry,Non-Fatal Injury,SMV Other,Passenger,20 to 24,Major,,,Other,,,,,,,,,,,,Yes,,,,,Yes,Yes,Yes,,,,85,South Parkdale,85,South Parkdale (85),D11,623937.8177,4832707.513
8161,7414434,1293932,20/04/2012,2012,149,LAKE SHORE BLVD W,ELLIS AVE,,Major Arterial,Toronto and East York,43.637045,-79.46349,,No Control,Clear,"Dark, artificial",Dry,Non-Fatal Injury,SMV Other,Vehicle Owner,unknown,,,,Other,,,,,,,,,,,,Yes,,,,,Yes,Yes,Yes,,,,85,South Parkdale,85,South Parkdale (85),D11,623937.8177,4832707.513
8162,7414435,1293932,20/04/2012,2012,149,LAKE SHORE BLVD W,ELLIS AVE,,Major Arterial,Toronto and East York,43.637045,-79.46349,,No Control,Clear,"Dark, artificial",Dry,Non-Fatal Injury,SMV Other,Driver,20 to 24,Minimal,,East,"Automobile, Station Wagon",Going Ahead,Lost control,Normal,,,,,,,,,Yes,,,,,Yes,Yes,Yes,,,,85,South Parkdale,85,South Parkdale (85),D11,623937.8177,4832707.513
8163,7425658,1298848,20/04/2012,2012,149,LAKE SHORE BLVD W,ELLIS AVE,,Major Arterial,Toronto and East York,43.636645,-79.46359,,No Control,Clear,"Dark, artificial",Dry,Non-Fatal Injury,SMV Other,Vehicle Owner,unknown,,,,Other,,,,,,,,,,,,Yes,,,,,Yes,,,,,,85,South Parkdale,85,South Parkdale (85),D11,623930.5737,4832662.939
8164,7425659,1298848,20/04/2012,2012,149,LAKE SHORE BLVD W,ELLIS AVE,,Major Arterial,Toronto and East York,43.636645,-79.46359,,No Control,Clear,"Dark, artificial",Dry,Non-Fatal Injury,SMV Other,Passenger,20 to 24,Major,,,Other,,,,,,,,,,,,Yes,,,,,Yes,,,,,,85,South Parkdale,85,South Parkdale (85),D11,623930.5737,4832662.939
8165,7425660,1298848,20/04/2012,2012,149,LAKE SHORE BLVD W,ELLIS AVE,,Major Arterial,Toronto and East York,43.636645,-79.46359,,No Control,Clear,"Dark, artificial",Dry,Non-Fatal Injury,SMV Other,Driver,20 to 24,Minimal,,East,"Automobile, Station Wagon",Going Ahead,Lost control,Normal,,,,,,,,,Yes,,,,,Yes,,,,,,85,South Parkdale,85,South Parkdale (85),D11,623930.5737,4832662.939
8166,7425661,1298848,20/04/2012,2012,149,LAKE SHORE BLVD W,ELLIS AVE,,Major Arterial,Toronto and East York,43.636645,-79.46359,,No Control,Clear,"Dark, artificial",Dry,Non-Fatal Injury,SMV Other,Other Property Owner,unknown,,,,Other,,,,,,,,,,,,Yes,,,,,Yes,,,,,,85,South Parkdale,85,South Parkdale (85),D11,623930.5737,4832662.939
8167,7514335,1290105,20/04/2012,2012,1447,DON VALLEY PARKWAY  N,GERRARD ST E,,,Toronto and East York,43.665145,-79.35589,,No Control,Clear,Daylight,Dry,Fatal,SMV Other,Motorcycle Driver,35 to 39,Fatal,11,North,Motorcycle,Going Ahead,Exceeding Speed Limit,Unknown,,,,,,,,,,Yes,,,,,Yes,Yes,,,,68,North Riverdale,68,North Riverdale (68),D55,632555.2974,4835994.677
8168,7426246,1299089,21/04/2012,2012,250,ST CLAIR AVE W,KEELE ST,,Major Arterial,Etobicoke York,43.672345,-79.46849,,No Control,Rain,"Dark, artificial",Wet,Non-Fatal Injury,SMV Other,Driver,30 to 34,Major,,West,"Automobile, Station Wagon",Going Ahead,Other,Unknown,,,,,,,,,Yes,,,,,,,,,,,90,Junction Area,90,Junction Area (90),D11,623462.146,4836620.583
8169,7426247,1299089,21/04/2012,2012,250,ST CLAIR AVE W,KEELE ST,,Major Arterial,Etobicoke York,43.672345,-79.46849,,No Control,Rain,"Dark, artificial",Wet,Non-Fatal Injury,SMV Other,Other Property Owner,unknown,,,,Other,,,,,,,,,,,,Yes,,,,,,,,,,,90,Junction Area,90,Junction Area (90),D11,623462.146,4836620.583
8170,7514336,1290199,21/04/2012,2012,2050,MORNINGSIDE AVE,MILNER AVE,,Major Arterial,Scarborough,43.800245,-79.19909,At Intersection,Traffic Signal,Clear,"Dark, artificial",Dry,Fatal,Pedestrian Collisions,Vehicle Owner,unknown,,,,Other,,,,,,,,,,Yes,,Yes,,,,,,,,,,,146,Malvern East,132,Malvern (132),D42,644871.2146,4851262.061
8171,7514337,1290199,21/04/2012,2012,2050,MORNINGSIDE AVE,MILNER AVE,,Major Arterial,Scarborough,43.800245,-79.19909,At Intersection,Traffic Signal,Clear,"Dark, artificial",Dry,Fatal,Pedestrian Collisions,Driver,20 to 24,None,,South,"Automobile, Station Wagon",Going Ahead,Driving Properly,Normal,,,,,,,Yes,,Yes,,,,,,,,,,,146,Malvern East,132,Malvern (132),D42,644871.2146,4851262.061
8172,7514338,1290199,21/04/2012,2012,2050,MORNINGSIDE AVE,MILNER AVE,,Major Arterial,Scarborough,43.800245,-79.19909,At Intersection,Traffic Signal,Clear,"Dark, artificial",Dry,Fatal,Pedestrian Collisions,Pedestrian,55 to 59,Fatal,12,West,Other,,,,Vehicle is going straight thru inter.while ped cross without ROW,Crossing without right of way,Inattentive,,,,Yes,,Yes,,,,,,,,,,,146,Malvern East,132,Malvern (132),D42,644871.2146,4851262.061
8173,7542001,1290282,22/04/2012,2012,412,EGLINTON AVE W,KIPLING AVE,,Major Arterial,Etobicoke York,43.676645,-79.55299,,No Control,Clear,"Dark, artificial",Dry,Non-Fatal Injury,Angle,Passenger,unknown,Major,,,Other,Other,,,,,,,,,,,Yes,,,,,Yes,,,,,,10,Princess-Rosethorn,10,Princess-Rosethorn (10),D22,616641.8223,4836975.86
8174,7542002,1290282,22/04/2012,2012,412,EGLINTON AVE W,KIPLING AVE,,Major Arterial,Etobicoke York,43.676645,-79.55299,,No Control,Clear,"Dark, artificial",Dry,Non-Fatal Injury,Angle,Driver,30 to 34,Minor,,East,"Automobile, Station Wagon",Going Ahead,Driving Properly,Normal,,,,,,,,,Yes,,,,,Yes,,,,,,10,Princess-Rosethorn,10,Princess-Rosethorn (10),D22,616641.8223,4836975.86
8175,7542003,1290282,22/04/2012,2012,412,EGLINTON AVE W,KIPLING AVE,,Major Arterial,Etobicoke York,43.676645,-79.55299,,No Control,Clear,"Dark, artificial",Dry,Non-Fatal Injury,Angle,Vehicle Owner,unknown,,,,Other,,,,,,,,,,,,Yes,,,,,Yes,,,,,,10,Princess-Rosethorn,10,Princess-Rosethorn (10),D22,616641.8223,4836975.86
8176,7542004,1290282,22/04/2012,2012,412,EGLINTON AVE W,KIPLING AVE,,Major Arterial,Etobicoke York,43.676645,-79.55299,,No Control,Clear,"Dark, artificial",Dry,Non-Fatal Injury,Angle,Driver,15 to 19,Minimal,,West,"Automobile, Station Wagon",Going Ahead,Lost control,Had Been Drinking,,,,,,,,,Yes,,,,,Yes,,,,,,10,Princess-Rosethorn,10,Princess-Rosethorn (10),D22,616641.8223,4836975.86
8177,7405734,1290286,22/04/2012,2012,1337,VICTORIA PARK AVE,ARNCLIFFE CRES,,Major Arterial,North York,43.731845,-79.30559,,Traffic Signal,Clear,Daylight,Dry,Non-Fatal Injury,Cyclist Collisions,Driver,65 to 69,None,,North,"Automobile, Station Wagon",Stopped,Driving Properly,Normal,,,,,,,,Yes,Yes,,,,,,,,,,,119,Wexford/Maryvale,119,Wexford/Maryvale (119),D41,636459.3529,4843484.258
8178,7405735,1290286,22/04/2012,2012,1337,VICTORIA PARK AVE,ARNCLIFFE CRES,,Major Arterial,North York,43.731845,-79.30559,,Traffic Signal,Clear,Daylight,Dry,Non-Fatal Injury,Cyclist Collisions,Vehicle Owner,unknown,,,,Other,,,,,,,,,,,Yes,Yes,,,,,,,,,,,119,Wexford/Maryvale,119,Wexford/Maryvale (119),D41,636459.3529,4843484.258
8179,7405736,1290286,22/04/2012,2012,1337,VICTORIA PARK AVE,ARNCLIFFE CRES,,Major Arterial,North York,43.731845,-79.30559,,Traffic Signal,Clear,Daylight,Dry,Non-Fatal Injury,Cyclist Collisions,Driver,35 to 39,None,,North,"Automobile, Station Wagon",Going Ahead,Lost control,Inattentive,,,,,,,,Yes,Yes,,,,,,,,,,,119,Wexford/Maryvale,119,Wexford/Maryvale (119),D41,636459.3529,4843484.258
8180,7405737,1290286,22/04/2012,2012,1337,VICTORIA PARK AVE,ARNCLIFFE CRES,,Major Arterial,North York,43.731845,-79.30559,,Traffic Signal,Clear,Daylight,Dry,Non-Fatal Injury,Cyclist Collisions,Cyclist,50 to 54,Major,,West,Bicycle,Going Ahead,,,,,,"Motorist without ROW drives into path of cyclist at inter, lnwy, dwy-Driver not turn.",Driving Properly,Normal,,Yes,Yes,,,,,,,,,,,119,Wexford/Maryvale,119,Wexford/Maryvale (119),D41,636459.3529,4843484.258
8181,7427798,1299771,23/04/2012,2012,1530,YONGE ST,SHAFTESBURY AVE,,Major Arterial,Toronto and East York,43.681945,-79.39159,At Intersection,Traffic Signal,Rain,Daylight,Wet,Non-Fatal Injury,Pedestrian Collisions,Pedestrian,30 to 34,Major,,East,Other,,,,Other / Undefined,Crossing with right of way,Normal,,,,Yes,Yes,,,,,,,,,,,,97,Yonge-St.Clair,97,Yonge-St.Clair (97),D53,629640.7984,4837804.122
8182,7427799,1299771,23/04/2012,2012,1530,YONGE ST,SHAFTESBURY AVE,,Major Arterial,Toronto and East York,43.681945,-79.39159,At Intersection,Traffic Signal,Rain,Daylight,Wet,Non-Fatal Injury,Pedestrian Collisions,Cyclist,25 to 29,Minor,,South,Bicycle,Going Ahead,,,,,,Cyclist strikes pedestrian.,Driving Properly,Normal,Yes,Yes,,,,,,,,,,,,97,Yonge-St.Clair,97,Yonge-St.Clair (97),D53,629640.7984,4837804.122
8183,7428075,1299888,24/04/2012,2012,1835,ALBION AVE,PHARMACY AVE,,Minor Arterial,Scarborough,43.695645,-79.28479,At Intersection,Stop Sign,Clear,Daylight,Wet,Non-Fatal Injury,Turning Movement,Driver,60 to 64,Major,,East,"Automobile, Station Wagon",Going Ahead,Driving Properly,Normal,,,,,,,,,Yes,,,,,,,Yes,,,,121,Oakridge,121,Oakridge (121),D41,638217.7002,4839498.189
8184,7428076,1299888,24/04/2012,2012,1835,ALBION AVE,PHARMACY AVE,,Minor Arterial,Scarborough,43.695645,-79.28479,At Intersection,Stop Sign,Clear,Daylight,Wet,Non-Fatal Injury,Turning Movement,Vehicle Owner,unknown,,,,Other,,,,,,,,,,,,Yes,,,,,,,Yes,,,,121,Oakridge,121,Oakridge (121),D41,638217.7002,4839498.189
8185,7428077,1299888,24/04/2012,2012,1835,ALBION AVE,PHARMACY AVE,,Minor Arterial,Scarborough,43.695645,-79.28479,At Intersection,Stop Sign,Clear,Daylight,Wet,Non-Fatal Injury,Turning Movement,Driver,35 to 39,None,,South,"Automobile, Station Wagon",Turning Right,Failed to Yield Right of Way,Normal,,,,,,,,,Yes,,,,,,,Yes,,,,121,Oakridge,121,Oakridge (121),D41,638217.7002,4839498.189
8186,7429012,1300277,27/04/2012,2012,1644,1437 VICTORIA PARK AVE,,,Major Arterial,North York,43.722145,-79.30159,At Intersection,No Control,Clear,Daylight,Dry,Non-Fatal Injury,Pedestrian Collisions,Driver,50 to 54,None,,West,"Automobile, Station Wagon",Turning Left,Failed to Yield Right of Way,Normal,,,,,,,Yes,,Yes,,,,,,,Yes,,,,120,Clairlea-Birchmount,120,Clairlea-Birchmount (120),D41,636803.5773,4842413.526
8187,7429013,1300277,27/04/2012,2012,1644,1437 VICTORIA PARK AVE,,,Major Arterial,North York,43.722145,-79.30159,At Intersection,No Control,Clear,Daylight,Dry,Non-Fatal Injury,Pedestrian Collisions,Pedestrian,70 to 74,Major,,East,Other,,,,Pedestrian hit at mid-block,"Crossing, no Traffic Control",Normal,,,,Yes,,Yes,,,,,,,Yes,,,,120,Clairlea-Birchmount,120,Clairlea-Birchmount (120),D41,636803.5773,4842413.526
8188,7428982,1300266,28/04/2012,2012,1352,JARVIS ST,DUNDAS ST E,,Major Arterial,Toronto and East York,43.657045,-79.37459,At Intersection,Traffic Signal,Clear,Daylight,Dry,Non-Fatal Injury,Pedestrian Collisions,Driver,35 to 39,None,,South,"Automobile, Station Wagon",Going Ahead,Driving Properly,Normal,,,,,,,Yes,,Yes,,,,,,,,,,,168,Downtown Yonge East,75,Church-Yonge Corridor (75),D51,631065.2301,4835065.355
8189,7428983,1300266,28/04/2012,2012,1352,JARVIS ST,DUNDAS ST E,,Major Arterial,Toronto and East York,43.657045,-79.37459,At Intersection,Traffic Signal,Clear,Daylight,Dry,Non-Fatal Injury,Pedestrian Collisions,Pedestrian,30 to 34,Major,,West,Other,,,,Vehicle is going straight thru inter.while ped cross without ROW,Running onto Roadway,Unknown,,,,Yes,,Yes,,,,,,,,,,,168,Downtown Yonge East,75,Church-Yonge Corridor (75),D51,631065.2301,4835065.355
8190,7527371,1291380,28/04/2012,2012,2108,ELLESMERE RD,MCCOWAN RD,,Major Arterial,Scarborough,43.772145,-79.25149,At Intersection,Traffic Signal,Clear,Dark,Dry,Non-Fatal Injury,Pedestrian Collisions,Driver,65 to 69,None,,West,"Automobile, Station Wagon",Going Ahead,Driving Properly,Normal,,,,,,,Yes,,Yes,,,,,,,,,,,142,Woburn North,137,Woburn (137),D43,640721.8604,4848050.71
8191,7527372,1291380,28/04/2012,2012,2108,ELLESMERE RD,MCCOWAN RD,,Major Arterial,Scarborough,43.772145,-79.25149,At Intersection,Traffic Signal,Clear,Dark,Dry,Non-Fatal Injury,Pedestrian Collisions,Pedestrian,40 to 44,Major,,Unknown,Other,,,,Vehicle is going straight thru inter.while ped cross without ROW,Crossing without right of way,Had Been Drinking,,,,Yes,,Yes,,,,,,,,,,,142,Woburn North,137,Woburn (137),D43,640721.8604,4848050.71
8192,7429736,1300648,29/04/2012,2012,1340,GEOFFREY ST,SORAUREN AVE,,Collector,Toronto and East York,43.649045,-79.44459,,No Control,Clear,Daylight,Dry,Non-Fatal Injury,Pedestrian Collisions,Vehicle Owner,unknown,,,,Other,,,,,,,,,,Yes,,Yes,,,,,,,,,,,86,Roncesvalles,86,Roncesvalles (86),D11,625437.3657,4834068.661
8193,7429737,1300648,29/04/2012,2012,1340,GEOFFREY ST,SORAUREN AVE,,Collector,Toronto and East York,43.649045,-79.44459,,No Control,Clear,Daylight,Dry,Non-Fatal Injury,Pedestrian Collisions,Driver,35 to 39,None,,South,"Automobile, Station Wagon",Reversing,Other,Normal,,,,,,,Yes,,Yes,,,,,,,,,,,86,Roncesvalles,86,Roncesvalles (86),D11,625437.3657,4834068.661
8194,7429738,1300648,29/04/2012,2012,1340,GEOFFREY ST,SORAUREN AVE,,Collector,Toronto and East York,43.649045,-79.44459,,No Control,Clear,Daylight,Dry,Non-Fatal Injury,Pedestrian Collisions,Pedestrian,35 to 39,Major,,North,Other,,,,Vehicle is reversing and hits pedestrian,Other,Normal,,,,Yes,,Yes,,,,,,,,,,,86,Roncesvalles,86,Roncesvalles (86),D11,625437.3657,4834068.661
8195,7429755,1300655,29/04/2012,2012,2115,LESLIE ST,LAWRENCE AVE E,,Major Arterial,North York,43.735245,-79.35619,,No Control,Clear,Dark,Dry,Non-Fatal Injury,Turning Movement,Driver,45 to 49,None,,North,"Automobile, Station Wagon",Making U Turn,Improper Turn,"Ability Impaired, Alcohol Over .08",,,,,,,,,Yes,,,,,,,Yes,,Yes,,42,Banbury-Don Mills,42,Banbury-Don Mills (42),D33,632376.746,4843779.79
8196,7429756,1300655,29/04/2012,2012,2115,LESLIE ST,LAWRENCE AVE E,,Major Arterial,North York,43.735245,-79.35619,,No Control,Clear,Dark,Dry,Non-Fatal Injury,Turning Movement,Driver,45 to 49,Major,,North,"Automobile, Station Wagon",Going Ahead,Driving Properly,Normal,,,,,,,,,Yes,,,,,,,Yes,,Yes,,42,Banbury-Don Mills,42,Banbury-Don Mills (42),D33,632376.746,4843779.79
8197,7542092,1300754,30/04/2012,2012,1530,DUFFERIN ST,ASCOT AVE,,Major Arterial,Toronto and East York,43.680145,-79.44399,At Intersection,Traffic Signal,Rain,Daylight,Wet,Non-Fatal Injury,Pedestrian Collisions,Vehicle Owner,unknown,,,,Other,,,,,,,,,,Yes,,Yes,,,,,,,Yes,,,,92,Corso Italia-Davenport,92,Corso Italia-Davenport (92),D13,625420.9723,4837523.634
8198,7542093,1300754,30/04/2012,2012,1530,DUFFERIN ST,ASCOT AVE,,Major Arterial,Toronto and East York,43.680145,-79.44399,At Intersection,Traffic Signal,Rain,Daylight,Wet,Non-Fatal Injury,Pedestrian Collisions,Driver,20 to 24,None,,East,"Automobile, Station Wagon",Turning Left,Failed to Yield Right of Way,Inattentive,,,,,,,Yes,,Yes,,,,,,,Yes,,,,92,Corso Italia-Davenport,92,Corso Italia-Davenport (92),D13,625420.9723,4837523.634
8199,7542094,1300754,30/04/2012,2012,1530,DUFFERIN ST,ASCOT AVE,,Major Arterial,Toronto and East York,43.680145,-79.44399,At Intersection,Traffic Signal,Rain,Daylight,Wet,Non-Fatal Injury,Pedestrian Collisions,Pedestrian,20 to 24,Major,,West,Other,,,,Vehicle turns left while ped crosses with ROW at inter.,Crossing with right of way,Normal,,,,Yes,,Yes,,,,,,,Yes,,,,92,Corso Italia-Davenport,92,Corso Italia-Davenport (92),D13,625420.9723,4837523.634
8200,7430633,1301011,01/05/2012,2012,845,O CONNOR Dr,BERMONDSEY RD,,Major Arterial,Toronto and East York,43.713545,-79.30649,,No Control,Clear,Daylight,Dry,Non-Fatal Injury,Cyclist Collisions,Vehicle Owner,unknown,,,,Other,,,,,,,,,,,Yes,Yes,,,,,,,,,,,54,O'Connor-Parkview,54,O'Connor-Parkview (54),D55,636428.4045,4841450.294
8201,7430634,1301011,01/05/2012,2012,845,O CONNOR Dr,BERMONDSEY RD,,Major Arterial,Toronto and East York,43.713545,-79.30649,,No Control,Clear,Daylight,Dry,Non-Fatal Injury,Cyclist Collisions,Driver,35 to 39,None,,South,"Automobile, Station Wagon",Turning Right,Improper Turn,Inattentive,,,,,,,,Yes,Yes,,,,,,,,,,,54,O'Connor-Parkview,54,O'Connor-Parkview (54),D55,636428.4045,4841450.294
8202,7430635,1301011,01/05/2012,2012,845,O CONNOR Dr,BERMONDSEY RD,,Major Arterial,Toronto and East York,43.713545,-79.30649,,No Control,Clear,Daylight,Dry,Non-Fatal Injury,Cyclist Collisions,Cyclist,50 to 54,Major,,South,Bicycle,Going Ahead,,,,,,"Motorist turns right at non-signal Inter.(stop, yield, no cont.,and dwy) and strikes cyclist.",Driving Properly,Normal,,Yes,Yes,,,,,,,,,,,54,O'Connor-Parkview,54,O'Connor-Parkview (54),D55,636428.4045,4841450.294
8203,7409570,1291890,01/05/2012,2012,1802,MARKHAM RD,BLAKEMANOR BLVD,,Major Arterial,Scarborough,43.751145,-79.22219,,No Control,Clear,Daylight,Dry,Non-Fatal Injury,SMV Other,Driver,45 to 49,Major,,North,"Automobile, Station Wagon",Unknown,Lost control,Unknown,,,,,,,,,Yes,,,,,,Yes,Yes,,,,141,Golfdale-Cedarbrae-Woburn,137,Woburn (137),D43,643130.0543,4845768.55
8204,7409571,1291890,01/05/2012,2012,1802,MARKHAM RD,BLAKEMANOR BLVD,,Major Arterial,Scarborough,43.751145,-79.22219,,No Control,Clear,Daylight,Dry,Non-Fatal Injury,SMV Other,Other Property Owner,unknown,,,,Other,,,,,,,,,,,,Yes,,,,,,Yes,Yes,,,,141,Golfdale-Cedarbrae-Woburn,137,Woburn (137),D43,643130.0543,4845768.55
8205,7409572,1291890,01/05/2012,2012,1802,MARKHAM RD,BLAKEMANOR BLVD,,Major Arterial,Scarborough,43.751145,-79.22219,,No Control,Clear,Daylight,Dry,Non-Fatal Injury,SMV Other,Other Property Owner,unknown,,,,Other,,,,,,,,,,,,Yes,,,,,,Yes,Yes,,,,141,Golfdale-Cedarbrae-Woburn,137,Woburn (137),D43,643130.0543,4845768.55
8206,7409576,1291892,01/05/2012,2012,1937,HYDE AVE,VALLEY CRES,,Local,Etobicoke York,43.683245,-79.47639,,No Control,Clear,Daylight,Dry,Non-Fatal Injury,SMV Unattended Vehicle,Driver,20 to 24,Major,,West,Other,Going Ahead,Other,Unknown,,,,,,,,,Yes,,,,,,,,,,,110,Keelesdale-Eglinton West,110,Keelesdale-Eglinton West (110),D12,622803.0474,4837819.446
8207,7409577,1291892,01/05/2012,2012,1937,HYDE AVE,VALLEY CRES,,Local,Etobicoke York,43.683245,-79.47639,,No Control,Clear,Daylight,Dry,Non-Fatal Injury,SMV Unattended Vehicle,Vehicle Owner,unknown,,,,Other,,,,,,,,,,,,Yes,,,,,,,,,,,110,Keelesdale-Eglinton West,110,Keelesdale-Eglinton West (110),D12,622803.0474,4837819.446
8208,7409578,1291892,01/05/2012,2012,1937,HYDE AVE,VALLEY CRES,,Local,Etobicoke York,43.683245,-79.47639,,No Control,Clear,Daylight,Dry,Non-Fatal Injury,SMV Unattended Vehicle,Other,unknown,None,,,"Automobile, Station Wagon",,,,,,,,,,,,Yes,,,,,,,,,,,110,Keelesdale-Eglinton West,110,Keelesdale-Eglinton West (110),D12,622803.0474,4837819.446
8209,7409579,1291892,01/05/2012,2012,1937,HYDE AVE,VALLEY CRES,,Local,Etobicoke York,43.683245,-79.47639,,No Control,Clear,Daylight,Dry,Non-Fatal Injury,SMV Unattended Vehicle,Vehicle Owner,unknown,,,,Other,,,,,,,,,,,,Yes,,,,,,,,,,,110,Keelesdale-Eglinton West,110,Keelesdale-Eglinton West (110),D12,622803.0474,4837819.446
8210,7409580,1291892,01/05/2012,2012,1937,HYDE AVE,VALLEY CRES,,Local,Etobicoke York,43.683245,-79.47639,,No Control,Clear,Daylight,Dry,Non-Fatal Injury,SMV Unattended Vehicle,Vehicle Owner,unknown,,,,Other,,,,,,,,,,,,Yes,,,,,,,,,,,110,Keelesdale-Eglinton West,110,Keelesdale-Eglinton West (110),D12,622803.0474,4837819.446
8211,7409581,1291892,01/05/2012,2012,1937,HYDE AVE,VALLEY CRES,,Local,Etobicoke York,43.683245,-79.47639,,No Control,Clear,Daylight,Dry,Non-Fatal Injury,SMV Unattended Vehicle,Vehicle Owner,unknown,,,,Other,,,,,,,,,,,,Yes,,,,,,,,,,,110,Keelesdale-Eglinton West,110,Keelesdale-Eglinton West (110),D12,622803.0474,4837819.446
8212,7409582,1291892,01/05/2012,2012,1937,HYDE AVE,VALLEY CRES,,Local,Etobicoke York,43.683245,-79.47639,,No Control,Clear,Daylight,Dry,Non-Fatal Injury,SMV Unattended Vehicle,Vehicle Owner,unknown,,,,Other,,,,,,,,,,,,Yes,,,,,,,,,,,110,Keelesdale-Eglinton West,110,Keelesdale-Eglinton West (110),D12,622803.0474,4837819.446
8213,7431039,1301166,02/05/2012,2012,1745,ADELAIDE St W,SPADINA Ave,,Major Arterial,Toronto and East York,43.646745,-79.39559,,Traffic Signal,Clear,Daylight,Dry,Non-Fatal Injury,Cyclist Collisions,Driver,45 to 49,None,,North,"Automobile, Station Wagon",Turning Right,Failed to Yield Right of Way,Normal,,,,,,,,Yes,Yes,,,,,,,Yes,,,,164,Wellington Place,77,Waterfront Communities-The Island (77),D14,629393.9911,4833888.448
8214,7431040,1301166,02/05/2012,2012,1745,ADELAIDE St W,SPADINA Ave,,Major Arterial,Toronto and East York,43.646745,-79.39559,,Traffic Signal,Clear,Daylight,Dry,Non-Fatal Injury,Cyclist Collisions,Cyclist,25 to 29,Major,,East,Bicycle,Going Ahead,,,,,,Motorist turning right on green or amber at signalized intersection strikes cyclist.,Driving Properly,Normal,,Yes,Yes,,,,,,,Yes,,,,164,Wellington Place,77,Waterfront Communities-The Island (77),D14,629393.9911,4833888.448
8215,7431443,1301330,03/05/2012,2012,1200,95 KING ST E,,,Major Arterial,Toronto and East York,43.649745,-79.37499,,No Control,Clear,Daylight,Dry,Non-Fatal Injury,Cyclist Collisions,Driver,40 to 44,None,,East,"Automobile, Station Wagon",Stopped,Driving Properly,Normal,,,,,,,,Yes,Yes,,,,,,,,,,,168,Downtown Yonge East,75,Church-Yonge Corridor (75),D51,631048.853,4834253.962
8216,7431444,1301330,03/05/2012,2012,1200,95 KING ST E,,,Major Arterial,Toronto and East York,43.649745,-79.37499,,No Control,Clear,Daylight,Dry,Non-Fatal Injury,Cyclist Collisions,Cyclist,25 to 29,Major,,East,Bicycle,Going Ahead,,,,,,Cyclist struck opened vehicle door,Driving Properly,Normal,,Yes,Yes,,,,,,,,,,,168,Downtown Yonge East,75,Church-Yonge Corridor (75),D51,631048.853,4834253.962
8217,7431494,1301352,04/05/2012,2012,1200,LOGAN AVE,GOWAN AVE,,Local,Toronto and East York,43.687545,-79.35289,,No Control,Clear,Daylight,Dry,Non-Fatal Injury,Pedestrian Collisions,Pedestrian,60 to 64,Major,,East,Other,,,,Vehicle is reversing and hits pedestrian,Other,Normal,,,,Yes,,Yes,,,,,,,,,,,57,Broadview North,57,Broadview North (57),D55,632747.7698,4838487.301
8218,7431495,1301352,04/05/2012,2012,1200,LOGAN AVE,GOWAN AVE,,Local,Toronto and East York,43.687545,-79.35289,,No Control,Clear,Daylight,Dry,Non-Fatal Injury,Pedestrian Collisions,Driver,50 to 54,None,,North,"Automobile, Station Wagon",Reversing,Other,Normal,,,,,,,Yes,,Yes,,,,,,,,,,,57,Broadview North,57,Broadview North (57),D55,632747.7698,4838487.301
8219,7431667,1301426,04/05/2012,2012,2310,475 UNWIN AVE,,,Other,Toronto and East York,43.648545,-79.32749,,No Control,Clear,Dark,Dry,Non-Fatal Injury,SMV Other,Passenger,20 to 24,Major,,,Other,,,,,,,,,,,,Yes,,,,,Yes,Yes,Yes,,,,70,South Riverdale,70,South Riverdale (70),D55,634882.2177,4834196.795
8220,7431668,1301426,04/05/2012,2012,2310,475 UNWIN AVE,,,Other,Toronto and East York,43.648545,-79.32749,,No Control,Clear,Dark,Dry,Non-Fatal Injury,SMV Other,Driver,20 to 24,None,,North,"Automobile, Station Wagon",Going Ahead,Speed too Fast For Condition,Normal,,,,,,,,,Yes,,,,,Yes,Yes,Yes,,,,70,South Riverdale,70,South Riverdale (70),D55,634882.2177,4834196.795
8221,7431669,1301426,04/05/2012,2012,2310,475 UNWIN AVE,,,Other,Toronto and East York,43.648545,-79.32749,,No Control,Clear,Dark,Dry,Non-Fatal Injury,SMV Other,Other Property Owner,unknown,,,,Other,,,,,,,,,,,,Yes,,,,,Yes,Yes,Yes,,,,70,South Riverdale,70,South Riverdale (70),D55,634882.2177,4834196.795
8222,7411365,1292618,05/05/2012,2012,332,KENNEDY RD,WILLIAM KITCHEN RD,,Major Arterial,Scarborough,43.773045,-79.28379,At Intersection,Traffic Signal,Clear,"Dark, artificial",Dry,Non-Fatal Injury,Angle,Motorcycle Driver,35 to 39,Major,,East,Motorcycle,Going Ahead,Disobeyed Traffic Control,Normal,,,,,,,,,Yes,Yes,,,,,,Yes,Yes,Yes,,126,Dorset Park,126,Dorset Park (126),D41,638120.2224,4848096.278