OBJECTID,INDEX,ACCNUM,DATE,ACCIDENT_YEAR,TIME,STREET1,STREET2,OFFSET,ROAD_CLASS,DISTRICT,LATITUDE,LONGITUDE,ACCLOC,TRAFFCTL,VISIBILITY,LIGHT,RDSFCOND,ACCLASS,IMPACTYPE,INVTYPE,INVAGE,INJURY,FATAL_NO,INITDIR,VEHTYPE,MANOEUVER,DRIVACT,DRIVCOND,PEDTYPE,PEDACT,PEDCOND,CYCLISTYPE,CYCACT,CYCCOND,PEDESTRIAN,CYCLIST,AUTOMOBILE,MOTORCYCLE,TRUCK,TRSN_CITY_VEH,EMERG_VEH,PASSENGER,SPEEDING,AG_DRIV,REDLIGHT,ALCOHOL,DISABILITY,HOOD_158,NEIGHBOURHOOD_158,HOOD_140,NEIGHBOURHOOD_140,DIVISION,x,y
9023,7653425,1379252,02/12/2012,2012,315,MAITLAND ST,YONGE ST,,Collector,Toronto and East York,43.665026,-79.378688,,No Control,Clear,Dark,Dry,Non-Fatal Injury,Pedestrian Collisions,Pedestrian,20 to 24,Major,,Unknown,Other,,,,Pedestrian hit at mid-block,"Crossing, no Traffic Control",Other,,,,Yes,,Yes,,,,,,,,,,,167,Church-Wellesley,75,Church-Yonge Corridor (75),D51,630717.4622,4835945.286
9024,7543729,1337921,02/12/2012,2012,1347,ELLESMERE RD,MARKHAM RD,,Major Arterial,Scarborough,43.776445,-79.23179,At Intersection,Traffic Signal,Rain,Daylight,Wet,Non-Fatal Injury,Pedestrian Collisions,Vehicle Owner,unknown,,,,Other,,,,,,,,,,Yes,,Yes,,,,,,,,,,,142,Woburn North,137,Woburn (137),D43,642297.1555,4848561.964
9025,7543730,1337921,02/12/2012,2012,1347,ELLESMERE RD,MARKHAM RD,,Major Arterial,Scarborough,43.776445,-79.23179,At Intersection,Traffic Signal,Rain,Daylight,Wet,Non-Fatal Injury,Pedestrian Collisions,Driver,20 to 24,None,,East,"Automobile, Station Wagon",Going Ahead,Driving Properly,Normal,,,,,,,Yes,,Yes,,,,,,,,,,,142,Woburn North,137,Woburn (137),D43,642297.1555,4848561.964
9026,7543731,1337921,02/12/2012,2012,1347,ELLESMERE RD,MARKHAM RD,,Major Arterial,Scarborough,43.776445,-79.23179,At Intersection,Traffic Signal,Rain,Daylight,Wet,Non-Fatal Injury,Pedestrian Collisions,Pedestrian,45 to 49,Major,,North,Other,,,,Vehicle is going straight thru inter.while ped cross without ROW,Crossing without right of way,Inattentive,,,,Yes,,Yes,,,,,,,,,,,142,Woburn North,137,Woburn (137),D43,642297.1555,4848561.964
9027,7525935,1337045,02/12/2012,2012,1603,EGLINTON AVE E,DON VALLEY PARKWAY  N,,Major Arterial,North York,43.723145,-79.33009,,No Control,Rain,"Dark, artificial",Wet,Non-Fatal Injury,SMV Other,Passenger,5 to 9,Minor,,,Other,,,,,,,,,,,,Yes,,,,,Yes,Yes,Yes,,,,44,Flemingdon Park,44,Flemingdon Park (44),D55,634505.6954,4842477.938
9028,7525936,1337045,02/12/2012,2012,1603,EGLINTON AVE E,DON VALLEY PARKWAY  N,,Major Arterial,North York,43.723145,-79.33009,,No Control,Rain,"Dark, artificial",Wet,Non-Fatal Injury,SMV Other,Passenger,5 to 9,Minor,,,Other,,,,,,,,,,,,Yes,,,,,Yes,Yes,Yes,,,,44,Flemingdon Park,44,Flemingdon Park (44),D55,634505.6954,4842477.938
9029,7525937,1337045,02/12/2012,2012,1603,EGLINTON AVE E,DON VALLEY PARKWAY  N,,Major Arterial,North York,43.723145,-79.33009,,No Control,Rain,"Dark, artificial",Wet,Non-Fatal Injury,SMV Other,Passenger,10 to 14,Major,,,Other,,,,,,,,,,,,Yes,,,,,Yes,Yes,Yes,,,,44,Flemingdon Park,44,Flemingdon Park (44),D55,634505.6954,4842477.938
9030,7525938,1337045,02/12/2012,2012,1603,EGLINTON AVE E,DON VALLEY PARKWAY  N,,Major Arterial,North York,43.723145,-79.33009,,No Control,Rain,"Dark, artificial",Wet,Non-Fatal Injury,SMV Other,Passenger,40 to 44,Minimal,,,Other,,,,,,,,,,,,Yes,,,,,Yes,Yes,Yes,,,,44,Flemingdon Park,44,Flemingdon Park (44),D55,634505.6954,4842477.938
9031,7525939,1337045,02/12/2012,2012,1603,EGLINTON AVE E,DON VALLEY PARKWAY  N,,Major Arterial,North York,43.723145,-79.33009,,No Control,Rain,"Dark, artificial",Wet,Non-Fatal Injury,SMV Other,Driver,50 to 54,Major,,South,"Automobile, Station Wagon",Turning Right,Speed too Fast For Condition,Inattentive,,,,,,,,,Yes,,,,,Yes,Yes,Yes,,,,44,Flemingdon Park,44,Flemingdon Park (44),D55,634505.6954,4842477.938
9032,7525940,1337045,02/12/2012,2012,1603,EGLINTON AVE E,DON VALLEY PARKWAY  N,,Major Arterial,North York,43.723145,-79.33009,,No Control,Rain,"Dark, artificial",Wet,Non-Fatal Injury,SMV Other,Other Property Owner,unknown,,,,Other,,,,,,,,,,,,Yes,,,,,Yes,Yes,Yes,,,,44,Flemingdon Park,44,Flemingdon Park (44),D55,634505.6954,4842477.938
9033,7516494,1328809,02/12/2012,2012,1745,BRIMLEY RD,SHEPPARD AVE E,,Major Arterial,Scarborough,43.787545,-79.26829,At Intersection,Traffic Signal,"Fog, Mist, Smoke, Dust","Dark, artificial",Wet,Non-Fatal Injury,Pedestrian Collisions,Driver,70 to 74,None,,West,"Automobile, Station Wagon",Turning Right,Failed to Yield Right of Way,Unknown,,,,,,,Yes,,Yes,,,,,,,Yes,,,,128,Agincourt South-Malvern West,128,Agincourt South-Malvern West (128),D42,639333.9854,4849732.705
9034,7516495,1328809,02/12/2012,2012,1745,BRIMLEY RD,SHEPPARD AVE E,,Major Arterial,Scarborough,43.787545,-79.26829,At Intersection,Traffic Signal,"Fog, Mist, Smoke, Dust","Dark, artificial",Wet,Non-Fatal Injury,Pedestrian Collisions,Pedestrian,75 to 79,Major,,West,Other,,,,Vehicle turns right while ped crosses with ROW at inter.,Crossing with right of way,Normal,,,,Yes,,Yes,,,,,,,Yes,,,,128,Agincourt South-Malvern West,128,Agincourt South-Malvern West (128),D42,639333.9854,4849732.705
9035,7531313,1336620,03/12/2012,2012,650,VICTORIA PARK AVE,LAWRENCE AVE E,,Major Arterial,North York,43.742145,-79.30979,At Intersection,Traffic Signal,Clear,"Dawn, artificial",Dry,Non-Fatal Injury,Pedestrian Collisions,Driver,40 to 44,None,,North,"Automobile, Station Wagon",Turning Left,Improper Turn,Unknown,,,,,,,Yes,,Yes,,,,,,,,,,,119,Wexford/Maryvale,119,Wexford/Maryvale (119),D41,636097.7645,4844621.318
9036,7531314,1336620,03/12/2012,2012,650,VICTORIA PARK AVE,LAWRENCE AVE E,,Major Arterial,North York,43.742145,-79.30979,At Intersection,Traffic Signal,Clear,"Dawn, artificial",Dry,Non-Fatal Injury,Pedestrian Collisions,Driver,20 to 24,Minor,,South,"Automobile, Station Wagon",Going Ahead,Driving Properly,Normal,,,,,,,Yes,,Yes,,,,,,,,,,,119,Wexford/Maryvale,119,Wexford/Maryvale (119),D41,636097.7645,4844621.318
9037,7531315,1336620,03/12/2012,2012,650,VICTORIA PARK AVE,LAWRENCE AVE E,,Major Arterial,North York,43.742145,-79.30979,At Intersection,Traffic Signal,Clear,"Dawn, artificial",Dry,Non-Fatal Injury,Pedestrian Collisions,Pedestrian,15 to 19,Major,,South,Other,,,,Pedestrian hit on sidewalk or shoulder,On Sidewalk or Shoulder,Normal,,,,Yes,,Yes,,,,,,,,,,,119,Wexford/Maryvale,119,Wexford/Maryvale (119),D41,636097.7645,4844621.318
9038,7516538,1329059,03/12/2012,2012,1507,ELM RD,FAIRLAWN AVE,,Collector,North York,43.728645,-79.41439,At Intersection,Stop Sign,Clear,Daylight,Dry,Fatal,Pedestrian Collisions,Driver,85 to 89,None,,South,"Automobile, Station Wagon",Going Ahead,Failed to Yield Right of Way,Inattentive,,,,,,,Yes,,Yes,,,,,,,Yes,,,,105,Lawrence Park North,105,Lawrence Park North (105),D32,627703.8562,4842955.425
9039,7516539,1329059,03/12/2012,2012,1507,ELM RD,FAIRLAWN AVE,,Collector,North York,43.728645,-79.41439,At Intersection,Stop Sign,Clear,Daylight,Dry,Fatal,Pedestrian Collisions,Pedestrian,85 to 89,Fatal,41,East,Other,,,,Vehicle is going straight thru inter.while ped cross with ROW,Crossing with right of way,Normal,,,,Yes,,Yes,,,,,,,Yes,,,,105,Lawrence Park North,105,Lawrence Park North (105),D32,627703.8562,4842955.425
9040,7529827,1329416,04/12/2012,2012,1810,SHORNCLIFFE RD,BRAMSHOTT RD,,Minor Arterial,Etobicoke York,43.627045,-79.54259,At Intersection,No Control,Clear,"Dark, artificial",Wet,Non-Fatal Injury,Pedestrian Collisions,Driver,45 to 49,None,,South,"Automobile, Station Wagon",Going Ahead,Driving Properly,Normal,,,,,,,Yes,,Yes,,,,,,,,,,,159,Etobicoke City Centre,14,Islington-City Centre West (14),D22,617576.905,4831481.826
9041,7529828,1329416,04/12/2012,2012,1810,SHORNCLIFFE RD,BRAMSHOTT RD,,Minor Arterial,Etobicoke York,43.627045,-79.54259,At Intersection,No Control,Clear,"Dark, artificial",Wet,Non-Fatal Injury,Pedestrian Collisions,Pedestrian,55 to 59,Major,,West,Other,,,,Vehicle is going straight thru inter.while ped cross without ROW,"Crossing, no Traffic Control",Unknown,,,,Yes,,Yes,,,,,,,,,,,159,Etobicoke City Centre,14,Islington-City Centre West (14),D22,617576.905,4831481.826
9042,7560856,1338034,06/12/2012,2012,50,DUNDAS ST W,PALMERSTON AVE,,Major Arterial,Toronto and East York,43.651845,-79.40829,,No Control,Clear,Dark,Dry,Non-Fatal Injury,Pedestrian Collisions,Driver,25 to 29,None,,West,"Automobile, Station Wagon",Going Ahead,Driving Properly,Inattentive,,,,,,,Yes,,Yes,,,,,,,,,,,81,Trinity-Bellwoods,81,Trinity-Bellwoods (81),D14,628358.8747,4834435.146
9043,7560857,1338034,06/12/2012,2012,50,DUNDAS ST W,PALMERSTON AVE,,Major Arterial,Toronto and East York,43.651845,-79.40829,,No Control,Clear,Dark,Dry,Non-Fatal Injury,Pedestrian Collisions,Pedestrian,35 to 39,Major,,South,Other,,,,Pedestrian hit at mid-block,"Crossing, no Traffic Control",Had Been Drinking,,,,Yes,,Yes,,,,,,,,,,,81,Trinity-Bellwoods,81,Trinity-Bellwoods (81),D14,628358.8747,4834435.146
9044,7533584,1338584,07/12/2012,2012,1510,ELLESMERE RD,MARKHAM RD,,Major Arterial,Scarborough,43.776007,-79.233508,At Intersection,No Control,Rain,Daylight,Wet,Non-Fatal Injury,Rear End,Passenger,50 to 54,Major,,,Other,,,,,,,,,,,,Yes,,,,,Yes,Yes,Yes,,,,142,Woburn North,137,Woburn (137),D43,642159.9353,4848510.365
9045,7533585,1338584,07/12/2012,2012,1510,ELLESMERE RD,MARKHAM RD,,Major Arterial,Scarborough,43.776007,-79.233508,At Intersection,No Control,Rain,Daylight,Wet,Non-Fatal Injury,Rear End,Passenger,50 to 54,Minor,,,Other,,,,,,,,,,,,Yes,,,,,Yes,Yes,Yes,,,,142,Woburn North,137,Woburn (137),D43,642159.9353,4848510.365
9046,7533586,1338584,07/12/2012,2012,1510,ELLESMERE RD,MARKHAM RD,,Major Arterial,Scarborough,43.776007,-79.233508,At Intersection,No Control,Rain,Daylight,Wet,Non-Fatal Injury,Rear End,Vehicle Owner,unknown,,,,Other,,,,,,,,,,,,Yes,,,,,Yes,Yes,Yes,,,,142,Woburn North,137,Woburn (137),D43,642159.9353,4848510.365
9047,7533587,1338584,07/12/2012,2012,1510,ELLESMERE RD,MARKHAM RD,,Major Arterial,Scarborough,43.776007,-79.233508,At Intersection,No Control,Rain,Daylight,Wet,Non-Fatal Injury,Rear End,Driver,45 to 49,None,,East,"Automobile, Station Wagon",Going Ahead,Speed too Fast For Condition,Normal,,,,,,,,,Yes,,,,,Yes,Yes,Yes,,,,142,Woburn North,137,Woburn (137),D43,642159.9353,4848510.365
9048,7533588,1338584,07/12/2012,2012,1510,ELLESMERE RD,MARKHAM RD,,Major Arterial,Scarborough,43.776007,-79.233508,At Intersection,No Control,Rain,Daylight,Wet,Non-Fatal Injury,Rear End,Driver,70 to 74,None,,East,"Automobile, Station Wagon",Stopped,Driving Properly,Normal,,,,,,,,,Yes,,,,,Yes,Yes,Yes,,,,142,Woburn North,137,Woburn (137),D43,642159.9353,4848510.365
9049,7533589,1338584,07/12/2012,2012,1510,ELLESMERE RD,MARKHAM RD,,Major Arterial,Scarborough,43.776007,-79.233508,At Intersection,No Control,Rain,Daylight,Wet,Non-Fatal Injury,Rear End,Vehicle Owner,unknown,,,,Other,,,,,,,,,,,,Yes,,,,,Yes,Yes,Yes,,,,142,Woburn North,137,Woburn (137),D43,642159.9353,4848510.365
9050,7533590,1338584,07/12/2012,2012,1510,ELLESMERE RD,MARKHAM RD,,Major Arterial,Scarborough,43.776007,-79.233508,At Intersection,No Control,Rain,Daylight,Wet,Non-Fatal Injury,Rear End,Driver,35 to 39,Minor,,East,"Automobile, Station Wagon",Stopped,Driving Properly,Normal,,,,,,,,,Yes,,,,,Yes,Yes,Yes,,,,142,Woburn North,137,Woburn (137),D43,642159.9353,4848510.365
9051,7533591,1338584,07/12/2012,2012,1510,ELLESMERE RD,MARKHAM RD,,Major Arterial,Scarborough,43.776007,-79.233508,At Intersection,No Control,Rain,Daylight,Wet,Non-Fatal Injury,Rear End,Driver,60 to 64,Minor,,East,"Automobile, Station Wagon",Stopped,Driving Properly,Normal,,,,,,,,,Yes,,,,,Yes,Yes,Yes,,,,142,Woburn North,137,Woburn (137),D43,642159.9353,4848510.365
9052,7533263,1338446,07/12/2012,2012,1819,ISLINGTON AVE,DUNDAS ST W,,Major Arterial,Etobicoke York,43.651345,-79.52639,At Intersection,Traffic Signal,Rain,"Dark, artificial",Wet,Non-Fatal Injury,Pedestrian Collisions,Driver,35 to 39,None,,North,"Automobile, Station Wagon",Turning Right,Failed to Yield Right of Way,Normal,,,,,,,Yes,,Yes,,,,,,,Yes,,,,15,Kingsway South,15,Kingsway South (15),D22,618835.9421,4834203.715
9053,7533264,1338446,07/12/2012,2012,1819,ISLINGTON AVE,DUNDAS ST W,,Major Arterial,Etobicoke York,43.651345,-79.52639,At Intersection,Traffic Signal,Rain,"Dark, artificial",Wet,Non-Fatal Injury,Pedestrian Collisions,Pedestrian,20 to 24,Major,,East,Other,,,,Vehicle turns right while ped crosses with ROW at inter.,Crossing with right of way,Normal,,,,Yes,,Yes,,,,,,,Yes,,,,15,Kingsway South,15,Kingsway South (15),D22,618835.9421,4834203.715
9054,7533440,1338518,08/12/2012,2012,420,730 ROYAL YORK RD,,,Minor Arterial,Etobicoke York,43.634745,-79.50609,,No Control,Clear,"Dark, artificial",Dry,Non-Fatal Injury,SMV Other,Driver,25 to 29,Major,,South,"Automobile, Station Wagon",Going Ahead,Other,Fatigue,,,,,,,,,Yes,,,,,,,,,,,16,Stonegate-Queensway,16,Stonegate-Queensway (16),D22,620506.1874,4832389.345
9055,7543878,1338579,09/12/2012,2012,1644,YONGE ST,LAKE SHORE BLVD E,,Major Arterial,Toronto and East York,43.644267,-79.375842,At Intersection,Traffic Signal,Rain,"Dark, artificial",Wet,Non-Fatal Injury,Angle,Vehicle Owner,unknown,,,,Other,,,,,,,,,,,,Yes,,,,,Yes,,Yes,Yes,,,166,St Lawrence-East Bayfront-The Islands,77,Waterfront Communities-The Island (77),D51,630992.0496,4833644.213
9056,7543879,1338579,09/12/2012,2012,1644,YONGE ST,LAKE SHORE BLVD E,,Major Arterial,Toronto and East York,43.644267,-79.375842,At Intersection,Traffic Signal,Rain,"Dark, artificial",Wet,Non-Fatal Injury,Angle,Driver,35 to 39,Major,,West,"Automobile, Station Wagon",Going Ahead,Driving Properly,Normal,,,,,,,,,Yes,,,,,Yes,,Yes,Yes,,,166,St Lawrence-East Bayfront-The Islands,77,Waterfront Communities-The Island (77),D51,630992.0496,4833644.213
9057,7543880,1338579,09/12/2012,2012,1644,YONGE ST,LAKE SHORE BLVD E,,Major Arterial,Toronto and East York,43.644267,-79.375842,At Intersection,Traffic Signal,Rain,"Dark, artificial",Wet,Non-Fatal Injury,Angle,Passenger,0 to 4,Minimal,,,Other,,,,,,,,,,,,Yes,,,,,Yes,,Yes,Yes,,,166,St Lawrence-East Bayfront-The Islands,77,Waterfront Communities-The Island (77),D51,630992.0496,4833644.213
9058,7543881,1338579,09/12/2012,2012,1644,YONGE ST,LAKE SHORE BLVD E,,Major Arterial,Toronto and East York,43.644267,-79.375842,At Intersection,Traffic Signal,Rain,"Dark, artificial",Wet,Non-Fatal Injury,Angle,Driver,45 to 49,Minor,,West,"Automobile, Station Wagon",Going Ahead,Driving Properly,Normal,,,,,,,,,Yes,,,,,Yes,,Yes,Yes,,,166,St Lawrence-East Bayfront-The Islands,77,Waterfront Communities-The Island (77),D51,630992.0496,4833644.213
9059,7543882,1338579,09/12/2012,2012,1644,YONGE ST,LAKE SHORE BLVD E,,Major Arterial,Toronto and East York,43.644267,-79.375842,At Intersection,Traffic Signal,Rain,"Dark, artificial",Wet,Non-Fatal Injury,Angle,Driver,65 to 69,None,,South,"Automobile, Station Wagon",Going Ahead,Disobeyed Traffic Control,Normal,,,,,,,,,Yes,,,,,Yes,,Yes,Yes,,,166,St Lawrence-East Bayfront-The Islands,77,Waterfront Communities-The Island (77),D51,630992.0496,4833644.213
9060,7543029,1331941,09/12/2012,2012,1715,UNIVERSITY AVE,ELM ST,,Major Arterial,Toronto and East York,43.656336,-79.388957,At Intersection,Traffic Signal,Clear,"Dark, artificial",Dry,Non-Fatal Injury,Sideswipe,Driver,30 to 34,Major,,South,"Automobile, Station Wagon",Stopped,Driving Properly,Normal,,,,,,,,,Yes,,,,,,,,,,,170,Yonge-Bay Corridor,76,Bay Street Corridor (76),D52,629908.2611,4834964.017
9061,7543030,1331941,09/12/2012,2012,1715,UNIVERSITY AVE,ELM ST,,Major Arterial,Toronto and East York,43.656336,-79.388957,At Intersection,Traffic Signal,Clear,"Dark, artificial",Dry,Non-Fatal Injury,Sideswipe,Vehicle Owner,unknown,,,,Other,,,,,,,,,,,,Yes,,,,,,,,,,,170,Yonge-Bay Corridor,76,Bay Street Corridor (76),D52,629908.2611,4834964.017
9062,7543031,1331941,09/12/2012,2012,1715,UNIVERSITY AVE,ELM ST,,Major Arterial,Toronto and East York,43.656336,-79.388957,At Intersection,Traffic Signal,Clear,"Dark, artificial",Dry,Non-Fatal Injury,Sideswipe,Driver,unknown,None,,South,"Automobile, Station Wagon",Slowing or Stopping,Lost control,Unknown,,,,,,,,,Yes,,,,,,,,,,,170,Yonge-Bay Corridor,76,Bay Street Corridor (76),D52,629908.2611,4834964.017
9063,7543032,1331941,09/12/2012,2012,1715,UNIVERSITY AVE,ELM ST,,Major Arterial,Toronto and East York,43.656336,-79.388957,At Intersection,Traffic Signal,Clear,"Dark, artificial",Dry,Non-Fatal Injury,Sideswipe,Driver,30 to 34,None,,South,"Automobile, Station Wagon",Stopped,Driving Properly,Normal,,,,,,,,,Yes,,,,,,,,,,,170,Yonge-Bay Corridor,76,Bay Street Corridor (76),D52,629908.2611,4834964.017
9064,7533648,1338611,09/12/2012,2012,1900,WOODFIELD RD,FAIRFORD AVE,,Collector,Toronto and East York,43.674045,-79.32489,At Intersection,Stop Sign,Freezing Rain,"Dark, artificial",Wet,Non-Fatal Injury,Pedestrian Collisions,Driver,20 to 24,None,,South,"Automobile, Station Wagon",Turning Left,Failed to Yield Right of Way,Normal,,,,,,,Yes,,Yes,,,,,,,Yes,,,,65,Greenwood-Coxwell,65,Greenwood-Coxwell (65),D55,635034.7201,4837033.143
9065,7533649,1338611,09/12/2012,2012,1900,WOODFIELD RD,FAIRFORD AVE,,Collector,Toronto and East York,43.674045,-79.32489,At Intersection,Stop Sign,Freezing Rain,"Dark, artificial",Wet,Non-Fatal Injury,Pedestrian Collisions,Pedestrian,25 to 29,Major,,South,Other,,,,Vehicle turns left while ped crosses with ROW at inter.,Crossing with right of way,Normal,,,,Yes,,Yes,,,,,,,Yes,,,,65,Greenwood-Coxwell,65,Greenwood-Coxwell (65),D55,635034.7201,4837033.143
9066,7543974,1338878,10/12/2012,2012,611,DON MILLS RD,HAVENBROOK BLVD,,Major Arterial,North York,43.769545,-79.34649,At Intersection,Traffic Signal,Rain,Dark,Wet,Non-Fatal Injury,Pedestrian Collisions,Driver,40 to 44,None,,East,"Automobile, Station Wagon",Turning Right,Failed to Yield Right of Way,Inattentive,,,,,,,Yes,,Yes,,,,,,,Yes,,,,53,Henry Farm,53,Henry Farm (53),D33,633081.85,4847604.864
9067,7543975,1338878,10/12/2012,2012,611,DON MILLS RD,HAVENBROOK BLVD,,Major Arterial,North York,43.769545,-79.34649,At Intersection,Traffic Signal,Rain,Dark,Wet,Non-Fatal Injury,Pedestrian Collisions,Pedestrian,30 to 34,Major,,East,Other,,,,Vehicle turns right while ped crosses with ROW at inter.,Crossing with right of way,Normal,,,,Yes,,Yes,,,,,,,Yes,,,,53,Henry Farm,53,Henry Farm (53),D33,633081.85,4847604.864
9068,7543976,1338879,10/12/2012,2012,704,KING St E,PRINCESS St,,Major Arterial,Toronto and East York,43.651538,-79.367038,At Intersection,No Control,Rain,Dark,Wet,Non-Fatal Injury,Turning Movement,Motorcycle Driver,30 to 34,Major,,West,Motorcycle,Going Ahead,Driving Properly,Normal,,,,,,,,,Yes,Yes,,,,,,Yes,,,,73,Moss Park,73,Moss Park (73),D51,631686.23,4834465.687
9069,7543977,1338879,10/12/2012,2012,704,KING St E,PRINCESS St,,Major Arterial,Toronto and East York,43.651538,-79.367038,At Intersection,No Control,Rain,Dark,Wet,Non-Fatal Injury,Turning Movement,Vehicle Owner,unknown,,,,Other,,,,,,,,,,,,Yes,Yes,,,,,,Yes,,,,73,Moss Park,73,Moss Park (73),D51,631686.23,4834465.687
9070,7543978,1338879,10/12/2012,2012,704,KING St E,PRINCESS St,,Major Arterial,Toronto and East York,43.651538,-79.367038,At Intersection,No Control,Rain,Dark,Wet,Non-Fatal Injury,Turning Movement,Driver,55 to 59,None,,West,"Automobile, Station Wagon",Making U Turn,Failed to Yield Right of Way,Inattentive,,,,,,,,,Yes,Yes,,,,,,Yes,,,,73,Moss Park,73,Moss Park (73),D51,631686.23,4834465.687
9071,7517106,1330905,10/12/2012,2012,713,KENNEDY RD,MERRIAN RD,,Major Arterial,Scarborough,43.727445,-79.26589,,Traffic Signal,Rain,"Dark, artificial",Wet,Non-Fatal Injury,Pedestrian Collisions,Driver,25 to 29,None,,East,"Automobile, Station Wagon",Turning Left,Failed to Yield Right of Way,Normal,,,,,,,Yes,,Yes,,,,,,,Yes,,,,124,Kennedy Park,124,Kennedy Park (124),D41,639666.8577,4843061.721
9072,7517107,1330905,10/12/2012,2012,713,KENNEDY RD,MERRIAN RD,,Major Arterial,Scarborough,43.727445,-79.26589,,Traffic Signal,Rain,"Dark, artificial",Wet,Non-Fatal Injury,Pedestrian Collisions,Pedestrian,80 to 84,Major,,West,Other,,,,Vehicle turns left while ped crosses with ROW at inter.,Crossing with right of way,Normal,,,,Yes,,Yes,,,,,,,Yes,,,,124,Kennedy Park,124,Kennedy Park (124),D41,639666.8577,4843061.721
9073,7533802,1338693,10/12/2012,2012,723,SEWELLS RD,MORNINGSIDE AVE,,Minor Arterial,Scarborough,43.81626,-79.211139,At Intersection,Traffic Signal,Rain,"Dusk, artificial",Wet,Non-Fatal Injury,Pedestrian Collisions,Vehicle Owner,unknown,,,,,,,,,,,,,,Yes,,Yes,,,,,,,Yes,,,,146,Malvern East,132,Malvern (132),D42,643863.485,4853019.765
9074,7533803,1338693,10/12/2012,2012,723,SEWELLS RD,MORNINGSIDE AVE,,Minor Arterial,Scarborough,43.81626,-79.211139,At Intersection,Traffic Signal,Rain,"Dusk, artificial",Wet,Non-Fatal Injury,Pedestrian Collisions,Driver,55 to 59,None,,North,"Automobile, Station Wagon",Turning Right,Failed to Yield Right of Way,Unknown,,,,,,,Yes,,Yes,,,,,,,Yes,,,,146,Malvern East,132,Malvern (132),D42,643863.485,4853019.765
9075,7533804,1338693,10/12/2012,2012,723,SEWELLS RD,MORNINGSIDE AVE,,Minor Arterial,Scarborough,43.81626,-79.211139,At Intersection,Traffic Signal,Rain,"Dusk, artificial",Wet,Non-Fatal Injury,Pedestrian Collisions,Pedestrian,75 to 79,Major,,North,Other,,,,Vehicle turns right while ped crosses with ROW at inter.,Crossing with right of way,Normal,,,,Yes,,Yes,,,,,,,Yes,,,,146,Malvern East,132,Malvern (132),D42,643863.485,4853019.765
9076,7529960,1330477,10/12/2012,2012,2025,BRIMLEY RD,ST ANDREWS RD,,Major Arterial,Scarborough,43.762845,-79.25859,,No Control,Clear,"Dark, artificial",Dry,Non-Fatal Injury,SMV Other,Passenger,20 to 24,Major,,,Other,,,,,,,,,,,,Yes,,,,,Yes,,,,,,156,Bendale-Glen Andrew,127,Bendale (127),D43,640172.1613,4847005.757
9077,7529961,1330477,10/12/2012,2012,2025,BRIMLEY RD,ST ANDREWS RD,,Major Arterial,Scarborough,43.762845,-79.25859,,No Control,Clear,"Dark, artificial",Dry,Non-Fatal Injury,SMV Other,Passenger,20 to 24,Minor,,,Other,,,,,,,,,,,,Yes,,,,,Yes,,,,,,156,Bendale-Glen Andrew,127,Bendale (127),D43,640172.1613,4847005.757
9078,7529962,1330477,10/12/2012,2012,2025,BRIMLEY RD,ST ANDREWS RD,,Major Arterial,Scarborough,43.762845,-79.25859,,No Control,Clear,"Dark, artificial",Dry,Non-Fatal Injury,SMV Other,Vehicle Owner,unknown,,,,Other,,,,,,,,,,,,Yes,,,,,Yes,,,,,,156,Bendale-Glen Andrew,127,Bendale (127),D43,640172.1613,4847005.757
9079,7529963,1330477,10/12/2012,2012,2025,BRIMLEY RD,ST ANDREWS RD,,Major Arterial,Scarborough,43.762845,-79.25859,,No Control,Clear,"Dark, artificial",Dry,Non-Fatal Injury,SMV Other,Driver,20 to 24,Minor,,North,"Automobile, Station Wagon",Going Ahead,Lost control,Normal,,,,,,,,,Yes,,,,,Yes,,,,,,156,Bendale-Glen Andrew,127,Bendale (127),D43,640172.1613,4847005.757
9080,7529964,1330477,10/12/2012,2012,2025,BRIMLEY RD,ST ANDREWS RD,,Major Arterial,Scarborough,43.762845,-79.25859,,No Control,Clear,"Dark, artificial",Dry,Non-Fatal Injury,SMV Other,Other Property Owner,unknown,,,,Other,,,,,,,,,,,,Yes,,,,,Yes,,,,,,156,Bendale-Glen Andrew,127,Bendale (127),D43,640172.1613,4847005.757
9081,7534592,1339123,11/12/2012,2012,535,LAKE SHORE BLVD W,YORK ST,,Major Arterial,Toronto and East York,43.641445,-79.38089,At Intersection,Traffic Signal,Clear,Dark,Dry,Non-Fatal Injury,Pedestrian Collisions,Driver,35 to 39,None,,West,"Automobile, Station Wagon",Turning Left,Failed to Yield Right of Way,Inattentive,,,,,,,Yes,,Yes,,,,,,,Yes,,,,165,Harbourfront-CityPlace,77,Waterfront Communities-The Island (77),D52,630591.0268,4833322.839
9082,7534593,1339123,11/12/2012,2012,535,LAKE SHORE BLVD W,YORK ST,,Major Arterial,Toronto and East York,43.641445,-79.38089,At Intersection,Traffic Signal,Clear,Dark,Dry,Non-Fatal Injury,Pedestrian Collisions,Pedestrian,45 to 49,Major,,East,Other,,,,Vehicle turns left while ped crosses with ROW at inter.,Crossing with right of way,Normal,,,,Yes,,Yes,,,,,,,Yes,,,,165,Harbourfront-CityPlace,77,Waterfront Communities-The Island (77),D52,630591.0268,4833322.839
9083,7534734,1339179,12/12/2012,2012,611,PARLIAMENT ST,KING ST E,,Major Arterial,Toronto and East York,43.65272,-79.363239,At Intersection,Traffic Signal,Clear,Dark,Dry,Non-Fatal Injury,Angle,Driver,55 to 59,None,,South,"Automobile, Station Wagon",Going Ahead,Disobeyed Traffic Control,Inattentive,,,,,,,,,Yes,,,,,,Yes,Yes,Yes,,,73,Moss Park,73,Moss Park (73),D51,631990.005,4834602.999