OBJECTID,INDEX,ACCNUM,DATE,ACCIDENT_YEAR,TIME,STREET1,STREET2,OFFSET,ROAD_CLASS,DISTRICT,LATITUDE,LONGITUDE,ACCLOC,TRAFFCTL,VISIBILITY,LIGHT,RDSFCOND,ACCLASS,IMPACTYPE,INVTYPE,INVAGE,INJURY,FATAL_NO,INITDIR,VEHTYPE,MANOEUVER,DRIVACT,DRIVCOND,PEDTYPE,PEDACT,PEDCOND,CYCLISTYPE,CYCACT,CYCCOND,PEDESTRIAN,CYCLIST,AUTOMOBILE,MOTORCYCLE,TRUCK,TRSN_CITY_VEH,EMERG_VEH,PASSENGER,SPEEDING,AG_DRIV,REDLIGHT,ALCOHOL,DISABILITY,HOOD_158,NEIGHBOURHOOD_158,HOOD_140,NEIGHBOURHOOD_140,DIVISION,x,y
9208,7775832,1336042,18/01/2013,2013,1031,BATHURST ST,VESTA DR,,Major Arterial,North York,43.703345,-79.42589,,Traffic Signal,Clear,Daylight,Dry,Non-Fatal Injury,Pedestrian Collisions,Pedestrian,65 to 69,Major,,North,Other,,,,Vehicle turns left while ped crosses with ROW at inter.,Crossing with right of way,Unknown,,,,Yes,,Yes,,,,,,,Yes,,,,102,Forest Hill North,102,Forest Hill North (102),D53,626831.01,4840127.842
9209,7775925,1336078,18/01/2013,2013,1529,WARDEN AVE,HYMUS RD,,Major Arterial,Scarborough,43.719545,-79.28419,,No Control,Clear,Daylight,Dry,Non-Fatal Injury,Approaching,Passenger,50 to 54,Major,,,Other,,,,,,,,,,,,Yes,,,,,Yes,,Yes,,,,120,Clairlea-Birchmount,120,Clairlea-Birchmount (120),D41,638211.1077,4842153.628
9210,7775926,1336078,18/01/2013,2013,1529,WARDEN AVE,HYMUS RD,,Major Arterial,Scarborough,43.719545,-79.28419,,No Control,Clear,Daylight,Dry,Non-Fatal Injury,Approaching,Passenger,50 to 54,Minor,,,Other,,,,,,,,,,,,Yes,,,,,Yes,,Yes,,,,120,Clairlea-Birchmount,120,Clairlea-Birchmount (120),D41,638211.1077,4842153.628
9211,7775927,1336078,18/01/2013,2013,1529,WARDEN AVE,HYMUS RD,,Major Arterial,Scarborough,43.719545,-79.28419,,No Control,Clear,Daylight,Dry,Non-Fatal Injury,Approaching,Passenger,75 to 79,Major,,,Other,,,,,,,,,,,,Yes,,,,,Yes,,Yes,,,,120,Clairlea-Birchmount,120,Clairlea-Birchmount (120),D41,638211.1077,4842153.628
9212,7775928,1336078,18/01/2013,2013,1529,WARDEN AVE,HYMUS RD,,Major Arterial,Scarborough,43.719545,-79.28419,,No Control,Clear,Daylight,Dry,Non-Fatal Injury,Approaching,Driver,80 to 84,Minor,,South,"Automobile, Station Wagon",Going Ahead,Driving Properly,Normal,,,,,,,,,Yes,,,,,Yes,,Yes,,,,120,Clairlea-Birchmount,120,Clairlea-Birchmount (120),D41,638211.1077,4842153.628
9213,7775929,1336078,18/01/2013,2013,1529,WARDEN AVE,HYMUS RD,,Major Arterial,Scarborough,43.719545,-79.28419,,No Control,Clear,Daylight,Dry,Non-Fatal Injury,Approaching,Vehicle Owner,unknown,,,,Other,,,,,,,,,,,,Yes,,,,,Yes,,Yes,,,,120,Clairlea-Birchmount,120,Clairlea-Birchmount (120),D41,638211.1077,4842153.628
9214,7775930,1336078,18/01/2013,2013,1529,WARDEN AVE,HYMUS RD,,Major Arterial,Scarborough,43.719545,-79.28419,,No Control,Clear,Daylight,Dry,Non-Fatal Injury,Approaching,Driver,15 to 19,Minimal,,North,"Automobile, Station Wagon",Changing Lanes,Lost control,Inattentive,,,,,,,,,Yes,,,,,Yes,,Yes,,,,120,Clairlea-Birchmount,120,Clairlea-Birchmount (120),D41,638211.1077,4842153.628
9215,7792186,1345002,18/01/2013,2013,2041,SHEPPARD AVE W,KEELE ST,,Major Arterial,North York,43.744745,-79.48639,At Intersection,Traffic Signal,Clear,"Dark, artificial",Wet,Non-Fatal Injury,Pedestrian Collisions,Driver,55 to 59,Minimal,,East,"Automobile, Station Wagon",Turning Right,Failed to Yield Right of Way,Unknown,,,,,,,Yes,,Yes,,,,,,,Yes,,,,155,Downsview,26,Downsview-Roding-CFB (26),D31,621872.3142,4844635.124
9216,7792187,1345002,18/01/2013,2013,2041,SHEPPARD AVE W,KEELE ST,,Major Arterial,North York,43.744745,-79.48639,At Intersection,Traffic Signal,Clear,"Dark, artificial",Wet,Non-Fatal Injury,Pedestrian Collisions,Pedestrian,40 to 44,Major,,East,Other,,,,Vehicle turns right while ped crosses with ROW at inter.,Crossing with right of way,Unknown,,,,Yes,,Yes,,,,,,,Yes,,,,155,Downsview,26,Downsview-Roding-CFB (26),D31,621872.3142,4844635.124
9217,7791137,1344579,19/01/2013,2013,852,DAVENPORT RD,SHAW ST,,Minor Arterial,Toronto and East York,43.674745,-79.42829,At Intersection,Pedestrian Crossover,Clear,Dark,Wet,Non-Fatal Injury,Cyclist Collisions,Driver,60 to 64,None,,West,"Automobile, Station Wagon",Turning Left,Failed to Yield Right of Way,Inattentive,,,,,,,,Yes,Yes,,,,,,,Yes,,,,94,Wychwood,94,Wychwood (94),D13,626697.835,4836947.752
9218,7791138,1344579,19/01/2013,2013,852,DAVENPORT RD,SHAW ST,,Minor Arterial,Toronto and East York,43.674745,-79.42829,At Intersection,Pedestrian Crossover,Clear,Dark,Wet,Non-Fatal Injury,Cyclist Collisions,Cyclist,25 to 29,Major,,East,Bicycle,Going Ahead,,,,,,Motorist turned left across cyclists path.,Driving Properly,Normal,,Yes,Yes,,,,,,,Yes,,,,94,Wychwood,94,Wychwood (94),D13,626697.835,4836947.752
9219,7777323,1336921,23/01/2013,2013,1556,EGLINTON AVE E,SINNOTT RD,,Major Arterial,Scarborough,43.729346,-79.280689,At Intersection,Traffic Signal,Clear,Daylight,Dry,Fatal,Pedestrian Collisions,Vehicle Owner,unknown,,,,,,,,,,,,,,Yes,,,,,Yes,,,,Yes,Yes,,,120,Clairlea-Birchmount,120,Clairlea-Birchmount (120),D41,638470.5376,4843248.018
9220,7777324,1336921,23/01/2013,2013,1556,EGLINTON AVE E,SINNOTT RD,,Major Arterial,Scarborough,43.729346,-79.280689,At Intersection,Traffic Signal,Clear,Daylight,Dry,Fatal,Pedestrian Collisions,Driver,35 to 39,None,,East,Municipal Transit Bus (TTC),Going Ahead,Disobeyed Traffic Control,Inattentive,,,,,,,Yes,,,,,Yes,,,,Yes,Yes,,,120,Clairlea-Birchmount,120,Clairlea-Birchmount (120),D41,638470.5376,4843248.018
9221,7777325,1336921,23/01/2013,2013,1556,EGLINTON AVE E,SINNOTT RD,,Major Arterial,Scarborough,43.729346,-79.280689,At Intersection,Traffic Signal,Clear,Daylight,Dry,Fatal,Pedestrian Collisions,Pedestrian,45 to 49,Fatal,2,North,,,,,Pedestrian involved in a collision with transit vehicle anywhere along roadway,Crossing with right of way,Normal,,,,Yes,,,,,Yes,,,,Yes,Yes,,,120,Clairlea-Birchmount,120,Clairlea-Birchmount (120),D41,638470.5376,4843248.018
9222,7792774,1345231,25/01/2013,2013,920,ALBION RD,HIGHWAY 27  S,,Major Arterial,Etobicoke York,43.744645,-79.60999,,No Control,Clear,Daylight,Dry,Non-Fatal Injury,Rear End,Truck Driver,60 to 64,None,,East,Truck - Open,Stopped,Driving Properly,Normal,,,,,,,,,Yes,,Yes,,,,Yes,Yes,,,,1,West Humber-Clairville,1,West Humber-Clairville (1),D23,611920.4516,4844449.615
9223,7792775,1345231,25/01/2013,2013,920,ALBION RD,HIGHWAY 27  S,,Major Arterial,Etobicoke York,43.744645,-79.60999,,No Control,Clear,Daylight,Dry,Non-Fatal Injury,Rear End,Vehicle Owner,unknown,,,,Other,,,,,,,,,,,,Yes,,Yes,,,,Yes,Yes,,,,1,West Humber-Clairville,1,West Humber-Clairville (1),D23,611920.4516,4844449.615
9224,7792776,1345231,25/01/2013,2013,920,ALBION RD,HIGHWAY 27  S,,Major Arterial,Etobicoke York,43.744645,-79.60999,,No Control,Clear,Daylight,Dry,Non-Fatal Injury,Rear End,Driver,25 to 29,Major,,East,"Automobile, Station Wagon",Going Ahead,Speed too Fast For Condition,Inattentive,,,,,,,,,Yes,,Yes,,,,Yes,Yes,,,,1,West Humber-Clairville,1,West Humber-Clairville (1),D23,611920.4516,4844449.615
9225,7792777,1345231,25/01/2013,2013,920,ALBION RD,HIGHWAY 27  S,,Major Arterial,Etobicoke York,43.744645,-79.60999,,No Control,Clear,Daylight,Dry,Non-Fatal Injury,Rear End,Trailer Owner,unknown,,,,Other,,,,,,,,,,,,Yes,,Yes,,,,Yes,Yes,,,,1,West Humber-Clairville,1,West Humber-Clairville (1),D23,611920.4516,4844449.615
9226,7779291,1337952,25/01/2013,2013,1409,BLOOR ST W,OLD MILL TER,,Major Arterial,Etobicoke York,43.650046,-79.498409,At Intersection,Stop Sign,Snow,Daylight,Loose Snow,Non-Fatal Injury,Rear End,Driver,45 to 49,Major,,East,"Automobile, Station Wagon",Going Ahead,,,,,,,,,,,Yes,,,,,Yes,,Yes,,,,16,Stonegate-Queensway,16,Stonegate-Queensway (16),D22,621095.0361,4834099.894
9227,7779292,1337952,25/01/2013,2013,1409,BLOOR ST W,OLD MILL TER,,Major Arterial,Etobicoke York,43.650046,-79.498409,At Intersection,Stop Sign,Snow,Daylight,Loose Snow,Non-Fatal Injury,Rear End,Passenger,unknown,Minimal,,,Other,,,,,,,,,,,,Yes,,,,,Yes,,Yes,,,,16,Stonegate-Queensway,16,Stonegate-Queensway (16),D22,621095.0361,4834099.894
9228,7779293,1337952,25/01/2013,2013,1409,BLOOR ST W,OLD MILL TER,,Major Arterial,Etobicoke York,43.650046,-79.498409,At Intersection,Stop Sign,Snow,Daylight,Loose Snow,Non-Fatal Injury,Rear End,Driver,35 to 39,None,,East,"Automobile, Station Wagon",Going Ahead,Following too Close,,,,,,,,,,Yes,,,,,Yes,,Yes,,,,16,Stonegate-Queensway,16,Stonegate-Queensway (16),D22,621095.0361,4834099.894
9229,7779294,1337952,25/01/2013,2013,1409,BLOOR ST W,OLD MILL TER,,Major Arterial,Etobicoke York,43.650046,-79.498409,At Intersection,Stop Sign,Snow,Daylight,Loose Snow,Non-Fatal Injury,Rear End,Vehicle Owner,unknown,,,,Other,,,,,,,,,,,,Yes,,,,,Yes,,Yes,,,,16,Stonegate-Queensway,16,Stonegate-Queensway (16),D22,621095.0361,4834099.894
9230,7779295,1337952,25/01/2013,2013,1409,BLOOR ST W,OLD MILL TER,,Major Arterial,Etobicoke York,43.650046,-79.498409,At Intersection,Stop Sign,Snow,Daylight,Loose Snow,Non-Fatal Injury,Rear End,Driver,60 to 64,None,,East,Other,Slowing or Stopping,,,,,,,,,,,Yes,,,,,Yes,,Yes,,,,16,Stonegate-Queensway,16,Stonegate-Queensway (16),D22,621095.0361,4834099.894
9231,7779455,1338092,30/01/2013,2013,1707,TAPSCOTT RD,MCLEVIN AVE,,Minor Arterial,Scarborough,43.805845,-79.22809,At Intersection,No Control,Clear,Daylight,Wet,Non-Fatal Injury,Approaching,Passenger,45 to 49,Minor,,,"Automobile, Station Wagon",,,,,,,,,,,,Yes,,,,,Yes,,,,,,145,Malvern West,132,Malvern (132),D42,642525.0118,4851833.671
9232,7779456,1338092,30/01/2013,2013,1707,TAPSCOTT RD,MCLEVIN AVE,,Minor Arterial,Scarborough,43.805845,-79.22809,At Intersection,No Control,Clear,Daylight,Wet,Non-Fatal Injury,Approaching,Driver,50 to 54,Major,,South,"Automobile, Station Wagon",Going Ahead,Driving Properly,Normal,,,,,,,,,Yes,,,,,Yes,,,,,,145,Malvern West,132,Malvern (132),D42,642525.0118,4851833.671
9233,7779457,1338092,30/01/2013,2013,1707,TAPSCOTT RD,MCLEVIN AVE,,Minor Arterial,Scarborough,43.805845,-79.22809,At Intersection,No Control,Clear,Daylight,Wet,Non-Fatal Injury,Approaching,Passenger,65 to 69,Major,,,Other,,,,,,,,,,,,Yes,,,,,Yes,,,,,,145,Malvern West,132,Malvern (132),D42,642525.0118,4851833.671
9234,7779458,1338092,30/01/2013,2013,1707,TAPSCOTT RD,MCLEVIN AVE,,Minor Arterial,Scarborough,43.805845,-79.22809,At Intersection,No Control,Clear,Daylight,Wet,Non-Fatal Injury,Approaching,Vehicle Owner,unknown,,,,Other,,,,,,,,,,,,Yes,,,,,Yes,,,,,,145,Malvern West,132,Malvern (132),D42,642525.0118,4851833.671
9235,7779459,1338092,30/01/2013,2013,1707,TAPSCOTT RD,MCLEVIN AVE,,Minor Arterial,Scarborough,43.805845,-79.22809,At Intersection,No Control,Clear,Daylight,Wet,Non-Fatal Injury,Approaching,Driver,70 to 74,Minor,,North,"Automobile, Station Wagon",Going Ahead,Other,Unknown,,,,,,,,,Yes,,,,,Yes,,,,,,145,Malvern West,132,Malvern (132),D42,642525.0118,4851833.671
9236,7780424,1338700,02/02/2013,2013,1041,550 BIRCHMOUNT RD,,,Minor Arterial,Scarborough,43.711943,-79.270191,,No Control,Snow,Daylight,Wet,Fatal,Pedestrian Collisions,Driver,55 to 59,None,,East,"Automobile, Station Wagon",Turning Left,Failed to Yield Right of Way,Inattentive,,,,,,,Yes,,Yes,,,,,,,Yes,,,,120,Clairlea-Birchmount,120,Clairlea-Birchmount (120),D41,639356.3832,4841332.757
9237,7780425,1338700,02/02/2013,2013,1041,550 BIRCHMOUNT RD,,,Minor Arterial,Scarborough,43.711943,-79.270191,,No Control,Snow,Daylight,Wet,Fatal,Pedestrian Collisions,Pedestrian,65 to 69,Fatal,4,South,,,,,Pedestrian hit at private driveway,Crossing with right of way,Normal,,,,Yes,,Yes,,,,,,,Yes,,,,120,Clairlea-Birchmount,120,Clairlea-Birchmount (120),D41,639356.3832,4841332.757
9238,7780465,1338722,02/02/2013,2013,2050,LAWRENCE AVE W,CULFORD RD,,Major Arterial,Etobicoke York,43.706945,-79.48519,,No Control,Clear,"Dark, artificial",Dry,Non-Fatal Injury,Pedestrian Collisions,Vehicle Owner,unknown,,,,Other,,,,,,,,,,Yes,,Yes,,,,,,,Yes,,,,29,Maple Leaf,29,Maple Leaf (29),D12,622045.6744,4840438.662
9239,7780466,1338722,02/02/2013,2013,2050,LAWRENCE AVE W,CULFORD RD,,Major Arterial,Etobicoke York,43.706945,-79.48519,,No Control,Clear,"Dark, artificial",Dry,Non-Fatal Injury,Pedestrian Collisions,Driver,55 to 59,None,,East,"Automobile, Station Wagon",Disabled,Driving Properly,Normal,,,,,,,Yes,,Yes,,,,,,,Yes,,,,29,Maple Leaf,29,Maple Leaf (29),D12,622045.6744,4840438.662
9240,7780467,1338722,02/02/2013,2013,2050,LAWRENCE AVE W,CULFORD RD,,Major Arterial,Etobicoke York,43.706945,-79.48519,,No Control,Clear,"Dark, artificial",Dry,Non-Fatal Injury,Pedestrian Collisions,Driver,30 to 34,None,,East,"Automobile, Station Wagon",Changing Lanes,Driving Properly,Normal,,,,,,,Yes,,Yes,,,,,,,Yes,,,,29,Maple Leaf,29,Maple Leaf (29),D12,622045.6744,4840438.662
9241,7780468,1338722,02/02/2013,2013,2050,LAWRENCE AVE W,CULFORD RD,,Major Arterial,Etobicoke York,43.706945,-79.48519,,No Control,Clear,"Dark, artificial",Dry,Non-Fatal Injury,Pedestrian Collisions,Driver,50 to 54,None,,East,"Automobile, Station Wagon",Going Ahead,Other,Normal,,,,,,,Yes,,Yes,,,,,,,Yes,,,,29,Maple Leaf,29,Maple Leaf (29),D12,622045.6744,4840438.662
9242,7780469,1338722,02/02/2013,2013,2050,LAWRENCE AVE W,CULFORD RD,,Major Arterial,Etobicoke York,43.706945,-79.48519,,No Control,Clear,"Dark, artificial",Dry,Non-Fatal Injury,Pedestrian Collisions,Pedestrian,20 to 24,Major,,Unknown,Other,,,,Other / Undefined,Pushing/Working on Vehicle,Normal,,,,Yes,,Yes,,,,,,,Yes,,,,29,Maple Leaf,29,Maple Leaf (29),D12,622045.6744,4840438.662
9243,7780470,1338722,02/02/2013,2013,2050,LAWRENCE AVE W,CULFORD RD,,Major Arterial,Etobicoke York,43.706945,-79.48519,,No Control,Clear,"Dark, artificial",Dry,Non-Fatal Injury,Pedestrian Collisions,Pedestrian,20 to 24,Major,,Unknown,Other,,,,Other / Undefined,Pushing/Working on Vehicle,Normal,,,,Yes,,Yes,,,,,,,Yes,,,,29,Maple Leaf,29,Maple Leaf (29),D12,622045.6744,4840438.662
9244,7780848,1338947,04/02/2013,2013,1850,SPADINA RD,LONSDALE RD,,Minor Arterial,Toronto and East York,43.688145,-79.41259,,No Control,Clear,"Dark, artificial",Dry,Non-Fatal Injury,Pedestrian Collisions,Driver,70 to 74,None,,North,"Automobile, Station Wagon",Going Ahead,Driving Properly,Normal,,,,,,,Yes,,Yes,,,,,,,,,,,101,Forest Hill South,101,Forest Hill South (101),D13,627934.9627,4838460.105
9245,7780849,1338947,04/02/2013,2013,1850,SPADINA RD,LONSDALE RD,,Minor Arterial,Toronto and East York,43.688145,-79.41259,,No Control,Clear,"Dark, artificial",Dry,Non-Fatal Injury,Pedestrian Collisions,Pedestrian,65 to 69,Major,,West,Other,,,,Pedestrian hit at mid-block,"Crossing, no Traffic Control",Inattentive,,,,Yes,,Yes,,,,,,,,,,,101,Forest Hill South,101,Forest Hill South (101),D13,627934.9627,4838460.105
9246,7781194,1339180,06/02/2013,2013,1045,DUNDAS ST W,SHERIDAN AVE,,Minor Arterial,Toronto and East York,43.649745,-79.433688,At Intersection,Traffic Signal,Clear,Daylight,Dry,Fatal,Pedestrian Collisions,Vehicle Owner,unknown,,,,,,,,,,,,,,Yes,,,,Yes,,,,,,,,,84,Little Portugal,84,Little Portugal (84),D11,626315.108,4834162.941
9247,7781195,1339180,06/02/2013,2013,1045,DUNDAS ST W,SHERIDAN AVE,,Minor Arterial,Toronto and East York,43.649745,-79.433688,At Intersection,Traffic Signal,Clear,Daylight,Dry,Fatal,Pedestrian Collisions,Truck Driver,55 to 59,None,,East,Truck-Tractor,Going Ahead,Driving Properly,Normal,,,,,,,Yes,,,,Yes,,,,,,,,,84,Little Portugal,84,Little Portugal (84),D11,626315.108,4834162.941
9248,7781196,1339180,06/02/2013,2013,1045,DUNDAS ST W,SHERIDAN AVE,,Minor Arterial,Toronto and East York,43.649745,-79.433688,At Intersection,Traffic Signal,Clear,Daylight,Dry,Fatal,Pedestrian Collisions,Other,unknown,None,,,,,,,,,,,,,Yes,,,,Yes,,,,,,,,,84,Little Portugal,84,Little Portugal (84),D11,626315.108,4834162.941
9249,7781197,1339180,06/02/2013,2013,1045,DUNDAS ST W,SHERIDAN AVE,,Minor Arterial,Toronto and East York,43.649745,-79.433688,At Intersection,Traffic Signal,Clear,Daylight,Dry,Fatal,Pedestrian Collisions,Pedestrian,80 to 84,Fatal,5,North,,,,,Vehicle is going straight thru inter.while ped cross without ROW,Crossing without right of way,Unknown,,,,Yes,,,,Yes,,,,,,,,,84,Little Portugal,84,Little Portugal (84),D11,626315.108,4834162.941
9250,7797478,1347268,10/02/2013,2013,1445,DUNDAS ST W,PRINCE EDWARD DR N,,Major Arterial,Etobicoke York,43.660645,-79.51049,At Intersection,Traffic Signal,Clear,Daylight,Wet,Non-Fatal Injury,Pedestrian Collisions,Vehicle Owner,unknown,,,,Other,,,,,,,,,,Yes,,Yes,,,,,,,Yes,,,,9,Edenbridge-Humber Valley,9,Edenbridge-Humber Valley (9),D22,620099.6316,4835259.492
9251,7797479,1347268,10/02/2013,2013,1445,DUNDAS ST W,PRINCE EDWARD DR N,,Major Arterial,Etobicoke York,43.660645,-79.51049,At Intersection,Traffic Signal,Clear,Daylight,Wet,Non-Fatal Injury,Pedestrian Collisions,Driver,50 to 54,None,,East,"Automobile, Station Wagon",Turning Right,Failed to Yield Right of Way,Inattentive,,,,,,,Yes,,Yes,,,,,,,Yes,,,,9,Edenbridge-Humber Valley,9,Edenbridge-Humber Valley (9),D22,620099.6316,4835259.492
9252,7797480,1347268,10/02/2013,2013,1445,DUNDAS ST W,PRINCE EDWARD DR N,,Major Arterial,Etobicoke York,43.660645,-79.51049,At Intersection,Traffic Signal,Clear,Daylight,Wet,Non-Fatal Injury,Pedestrian Collisions,Pedestrian,65 to 69,Major,,North,Other,,,,Vehicle turns right while ped crosses with ROW at inter.,Crossing with right of way,Normal,,,,Yes,,Yes,,,,,,,Yes,,,,9,Edenbridge-Humber Valley,9,Edenbridge-Humber Valley (9),D22,620099.6316,4835259.492
9253,7797555,1347299,10/02/2013,2013,1830,DUFFERIN St,GIBSON St,,Major Arterial,Toronto and East York,43.690345,-79.44809,At Intersection,Traffic Signal,Clear,"Dark, artificial",Wet,Non-Fatal Injury,Pedestrian Collisions,Driver,50 to 54,None,,South,"Automobile, Station Wagon",Going Ahead,Disobeyed Traffic Control,Had Been Drinking,,,,,,,Yes,,Yes,,,,,,,Yes,Yes,,,109,Caledonia-Fairbank,109,Caledonia-Fairbank (109),D13,625069.2932,4838650.29
9254,7797556,1347299,10/02/2013,2013,1830,DUFFERIN St,GIBSON St,,Major Arterial,Toronto and East York,43.690345,-79.44809,At Intersection,Traffic Signal,Clear,"Dark, artificial",Wet,Non-Fatal Injury,Pedestrian Collisions,Pedestrian,30 to 34,Major,,West,Other,,,,Vehicle is going straight thru inter.while ped cross with ROW,Crossing with right of way,Normal,,,,Yes,,Yes,,,,,,,Yes,Yes,,,109,Caledonia-Fairbank,109,Caledonia-Fairbank (109),D13,625069.2932,4838650.29
9255,7798413,1347648,13/02/2013,2013,1447,MARKHAM RD,SELECT AVE,,Major Arterial,Scarborough,43.833441,-79.25101,,Traffic Signal,Clear,Daylight,Dry,Non-Fatal Injury,Rear End,Driver,30 to 34,Major,,South,"Automobile, Station Wagon",Slowing or Stopping,Driving Properly,Normal,,,,,,,,,Yes,,,,,,,Yes,,,,144,Morningside Heights,131,Rouge (131),D42,640616.6014,4854859.438
9256,7798414,1347648,13/02/2013,2013,1447,MARKHAM RD,SELECT AVE,,Major Arterial,Scarborough,43.833441,-79.25101,,Traffic Signal,Clear,Daylight,Dry,Non-Fatal Injury,Rear End,Vehicle Owner,unknown,,,,Other,,,,,,,,,,,,Yes,,,,,,,Yes,,,,144,Morningside Heights,131,Rouge (131),D42,640616.6014,4854859.438
9257,7798415,1347648,13/02/2013,2013,1447,MARKHAM RD,SELECT AVE,,Major Arterial,Scarborough,43.833441,-79.25101,,Traffic Signal,Clear,Daylight,Dry,Non-Fatal Injury,Rear End,Driver,35 to 39,Minor,,South,"Automobile, Station Wagon",Going Ahead,Following too Close,Inattentive,,,,,,,,,Yes,,,,,,,Yes,,,,144,Morningside Heights,131,Rouge (131),D42,640616.6014,4854859.438
9258,7783241,1340591,13/02/2013,2013,1626,QUEEN ST W,AUGUSTA AVE,,Major Arterial,Toronto and East York,43.648055,-79.399661,,Traffic Signal,Clear,Daylight,Dry,Non-Fatal Injury,Cyclist Collisions,Driver,45 to 49,Major,,North,"Automobile, Station Wagon",Going Ahead,Driving Properly,Normal,,,,,,,,Yes,Yes,,,,,,,Yes,Yes,,,164,Wellington Place,77,Waterfront Communities-The Island (77),D14,629062.8601,4834027.601
9259,7783242,1340591,13/02/2013,2013,1626,QUEEN ST W,AUGUSTA AVE,,Major Arterial,Toronto and East York,43.648055,-79.399661,,Traffic Signal,Clear,Daylight,Dry,Non-Fatal Injury,Cyclist Collisions,Vehicle Owner,unknown,,,,Other,,,,,,,,,,,Yes,Yes,,,,,,,Yes,Yes,,,164,Wellington Place,77,Waterfront Communities-The Island (77),D14,629062.8601,4834027.601
9260,7783243,1340591,13/02/2013,2013,1626,QUEEN ST W,AUGUSTA AVE,,Major Arterial,Toronto and East York,43.648055,-79.399661,,Traffic Signal,Clear,Daylight,Dry,Non-Fatal Injury,Cyclist Collisions,Driver,20 to 24,Minimal,,East,"Automobile, Station Wagon",Going Ahead,Disobeyed Traffic Control,Normal,,,,,,,,Yes,Yes,,,,,,,Yes,Yes,,,164,Wellington Place,77,Waterfront Communities-The Island (77),D14,629062.8601,4834027.601
9261,7783244,1340591,13/02/2013,2013,1626,QUEEN ST W,AUGUSTA AVE,,Major Arterial,Toronto and East York,43.648055,-79.399661,,Traffic Signal,Clear,Daylight,Dry,Non-Fatal Injury,Cyclist Collisions,Other Property Owner,unknown,,,,Other,,,,,,,,,,,Yes,Yes,,,,,,,Yes,Yes,,,164,Wellington Place,77,Waterfront Communities-The Island (77),D14,629062.8601,4834027.601
9262,7783245,1340591,13/02/2013,2013,1626,QUEEN ST W,AUGUSTA AVE,,Major Arterial,Toronto and East York,43.648055,-79.399661,,Traffic Signal,Clear,Daylight,Dry,Non-Fatal Injury,Cyclist Collisions,Cyclist,20 to 24,Major,,West,Bicycle,Stopped,,,,,,"Motorist without ROW drives into path of cyclist at inter, lnwy, dwy-Driver not turn.",Driving Properly,Normal,,Yes,Yes,,,,,,,Yes,Yes,,,164,Wellington Place,77,Waterfront Communities-The Island (77),D14,629062.8601,4834027.601
9263,7783233,1340588,13/02/2013,2013,2055,15 KENFIN AVE,,,Local,Scarborough,43.800112,-79.29449,,No Control,Clear,"Dark, artificial",Dry,Non-Fatal Injury,SMV Unattended Vehicle,Other,unknown,None,,East,Other,Parked,,,,,,,,,,,Yes,,,,,,,,,,,148,East L'Amoreaux,117,L'Amoreaux (117),D42,637197.1393,4851084.701
9264,7783234,1340588,13/02/2013,2013,2055,15 KENFIN AVE,,,Local,Scarborough,43.800112,-79.29449,,No Control,Clear,"Dark, artificial",Dry,Non-Fatal Injury,SMV Unattended Vehicle,Driver,70 to 74,Major,,East,"Automobile, Station Wagon",Going Ahead,Other,Unknown,,,,,,,,,Yes,,,,,,,,,,,148,East L'Amoreaux,117,L'Amoreaux (117),D42,637197.1393,4851084.701
9265,7783502,1340810,14/02/2013,2013,838,TAPSCOTT RD,FINCH Ave E,,Minor Arterial,Scarborough,43.814245,-79.23709,At Intersection,Traffic Signal,Clear,Daylight,Dry,Non-Fatal Injury,Turning Movement,Vehicle Owner,unknown,,,,Other,,,,,,,,,,,,Yes,,,,,,,Yes,,,,144,Morningside Heights,131,Rouge (131),D42,641781.2028,4852751.165
9266,7783503,1340810,14/02/2013,2013,838,TAPSCOTT RD,FINCH Ave E,,Minor Arterial,Scarborough,43.814245,-79.23709,At Intersection,Traffic Signal,Clear,Daylight,Dry,Non-Fatal Injury,Turning Movement,Driver,30 to 34,None,,South,"Automobile, Station Wagon",Going Ahead,Driving Properly,Normal,,,,,,,,,Yes,,,,,,,Yes,,,,144,Morningside Heights,131,Rouge (131),D42,641781.2028,4852751.165
9267,7783504,1340810,14/02/2013,2013,838,TAPSCOTT RD,FINCH Ave E,,Minor Arterial,Scarborough,43.814245,-79.23709,At Intersection,Traffic Signal,Clear,Daylight,Dry,Non-Fatal Injury,Turning Movement,Driver,40 to 44,Major,,North,"Automobile, Station Wagon",Stopped,Driving Properly,Normal,,,,,,,,,Yes,,,,,,,Yes,,,,144,Morningside Heights,131,Rouge (131),D42,641781.2028,4852751.165
9268,7783505,1340810,14/02/2013,2013,838,TAPSCOTT RD,FINCH Ave E,,Minor Arterial,Scarborough,43.814245,-79.23709,At Intersection,Traffic Signal,Clear,Daylight,Dry,Non-Fatal Injury,Turning Movement,Driver,20 to 24,None,,North,"Automobile, Station Wagon",Turning Left,Failed to Yield Right of Way,Normal,,,,,,,,,Yes,,,,,,,Yes,,,,144,Morningside Heights,131,Rouge (131),D42,641781.2028,4852751.165
9269,7798522,1347684,15/02/2013,2013,208,QUEEN ST E,WAVERLEY RD,,Minor Arterial,Toronto and East York,43.669845,-79.30089,,No Control,Clear,"Dark, artificial",Wet,Non-Fatal Injury,Pedestrian Collisions,Vehicle Owner,unknown,,,,Other,,,,,,,,,,Yes,,Yes,,,,,,Yes,Yes,,Yes,,63,The Beaches,63,The Beaches (63),D55,636978.9965,4836606.027