OBJECTID,INDEX,ACCNUM,DATE,ACCIDENT_YEAR,TIME,STREET1,STREET2,OFFSET,ROAD_CLASS,DISTRICT,LATITUDE,LONGITUDE,ACCLOC,TRAFFCTL,VISIBILITY,LIGHT,RDSFCOND,ACCLASS,IMPACTYPE,INVTYPE,INVAGE,INJURY,FATAL_NO,INITDIR,VEHTYPE,MANOEUVER,DRIVACT,DRIVCOND,PEDTYPE,PEDACT,PEDCOND,CYCLISTYPE,CYCACT,CYCCOND,PEDESTRIAN,CYCLIST,AUTOMOBILE,MOTORCYCLE,TRUCK,TRSN_CITY_VEH,EMERG_VEH,PASSENGER,SPEEDING,AG_DRIV,REDLIGHT,ALCOHOL,DISABILITY,HOOD_158,NEIGHBOURHOOD_158,HOOD_140,NEIGHBOURHOOD_140,DIVISION,x,y
9396,7813700,1354069,08/04/2013,2013,1722,JARVIS ST,EARL PL,,Major Arterial,Toronto and East York,43.667945,-79.37899,,Traffic Signal,Clear,Daylight,Wet,Non-Fatal Injury,Cyclist Collisions,Driver,50 to 54,None,,North,"Automobile, Station Wagon",Going Ahead,Driving Properly,Normal,,,,,,,,Yes,Yes,,,,,,,,,,,74,North St.James Town,74,North St.James Town (74),D51,630686.7787,4836269.005
9397,7813701,1354069,08/04/2013,2013,1722,JARVIS ST,EARL PL,,Major Arterial,Toronto and East York,43.667945,-79.37899,,Traffic Signal,Clear,Daylight,Wet,Non-Fatal Injury,Cyclist Collisions,Driver,50 to 54,None,,North,"Automobile, Station Wagon",Going Ahead,Driving Properly,Normal,,,,,,,,Yes,Yes,,,,,,,,,,,74,North St.James Town,74,North St.James Town (74),D51,630686.7787,4836269.005
9398,7813702,1354069,08/04/2013,2013,1722,JARVIS ST,EARL PL,,Major Arterial,Toronto and East York,43.667945,-79.37899,,Traffic Signal,Clear,Daylight,Wet,Non-Fatal Injury,Cyclist Collisions,Cyclist,20 to 24,Major,,North,Bicycle,Changing Lanes,,,,,,Cyclist and Driver travelling in same direction. One vehicle sideswipes the other.,Improper Lane Change,Inattentive,,Yes,Yes,,,,,,,,,,,74,North St.James Town,74,North St.James Town (74),D51,630686.7787,4836269.005
9399,7817811,1355879,10/04/2013,2013,1110,MCNICOLL Ave,WHITE HEATHER Blvd,,Minor Arterial,Scarborough,43.818945,-79.26739,At Intersection,Stop Sign,Rain,Daylight,Wet,Non-Fatal Injury,Turning Movement,Driver,30 to 34,None,,East,"Automobile, Station Wagon",Going Ahead,Driving Properly,Normal,,,,,,,,,Yes,,,,,Yes,,Yes,,,,130,Milliken,130,Milliken (130),D42,639333.3802,4853221.697
9400,7817812,1355879,10/04/2013,2013,1110,MCNICOLL Ave,WHITE HEATHER Blvd,,Minor Arterial,Scarborough,43.818945,-79.26739,At Intersection,Stop Sign,Rain,Daylight,Wet,Non-Fatal Injury,Turning Movement,Passenger,35 to 39,Major,,,Other,,,,,,,,,,,,Yes,,,,,Yes,,Yes,,,,130,Milliken,130,Milliken (130),D42,639333.3802,4853221.697
9401,7817813,1355879,10/04/2013,2013,1110,MCNICOLL Ave,WHITE HEATHER Blvd,,Minor Arterial,Scarborough,43.818945,-79.26739,At Intersection,Stop Sign,Rain,Daylight,Wet,Non-Fatal Injury,Turning Movement,Driver,50 to 54,Minor,,North,"Automobile, Station Wagon",Turning Left,Improper Turn,Inattentive,,,,,,,,,Yes,,,,,Yes,,Yes,,,,130,Milliken,130,Milliken (130),D42,639333.3802,4853221.697
9402,7807135,1351180,10/04/2013,2013,1419,KEELE St,CALVINGTON Dr,,Major Arterial,North York,43.733545,-79.48369,At Intersection,Traffic Signal,Rain,Daylight,Wet,Non-Fatal Injury,Turning Movement,Driver,65 to 69,Major,,North,"Automobile, Station Wagon",Unknown,Exceeding Speed Limit,Unknown,,,,,,,,,Yes,,,,,,Yes,Yes,,,,155,Downsview,26,Downsview-Roding-CFB (26),D31,622112.479,4843395.177
9403,7807136,1351180,10/04/2013,2013,1419,KEELE St,CALVINGTON Dr,,Major Arterial,North York,43.733545,-79.48369,At Intersection,Traffic Signal,Rain,Daylight,Wet,Non-Fatal Injury,Turning Movement,Driver,65 to 69,Minor,,East,"Automobile, Station Wagon",Turning Right,Driving Properly,Normal,,,,,,,,,Yes,,,,,,Yes,Yes,,,,155,Downsview,26,Downsview-Roding-CFB (26),D31,622112.479,4843395.177
9404,7813988,1354199,10/04/2013,2013,1856,FINCH Ave E,BALDOON Rd,,Minor Arterial,Scarborough,43.815245,-79.23239,At Intersection,Stop Sign,Clear,"Daylight, artificial",Dry,Non-Fatal Injury,Pedestrian Collisions,Driver,40 to 44,None,,North,"Automobile, Station Wagon",Turning Left,Driving Properly,Normal,,,,,,,Yes,,Yes,,,,,,,,,,,145,Malvern West,131,Rouge (131),D42,642156.8294,4852870.297
9405,7813989,1354199,10/04/2013,2013,1856,FINCH Ave E,BALDOON Rd,,Minor Arterial,Scarborough,43.815245,-79.23239,At Intersection,Stop Sign,Clear,"Daylight, artificial",Dry,Non-Fatal Injury,Pedestrian Collisions,Pedestrian,50 to 54,Major,,South,Other,,,,Vehicle turns left while ped crosses without ROW at inter.,Running onto Roadway,Inattentive,,,,Yes,,Yes,,,,,,,,,,,145,Malvern West,131,Rouge (131),D42,642156.8294,4852870.297
9406,7808284,1351701,12/04/2013,2013,1213,CHURCH ST,GOULD ST,,Minor Arterial,Toronto and East York,43.658245,-79.37789,At Intersection,Traffic Signal,Rain,Daylight,Wet,Non-Fatal Injury,Pedestrian Collisions,Vehicle Owner,unknown,,,,Other,,,,,,,,,,Yes,,Yes,,,,,,,Yes,,,,168,Downtown Yonge East,75,Church-Yonge Corridor (75),D51,630796.5256,4835193.424
9407,7808285,1351701,12/04/2013,2013,1213,CHURCH ST,GOULD ST,,Minor Arterial,Toronto and East York,43.658245,-79.37789,At Intersection,Traffic Signal,Rain,Daylight,Wet,Non-Fatal Injury,Pedestrian Collisions,Driver,30 to 34,None,,East,"Automobile, Station Wagon",Turning Left,Failed to Yield Right of Way,Inattentive,,,,,,,Yes,,Yes,,,,,,,Yes,,,,168,Downtown Yonge East,75,Church-Yonge Corridor (75),D51,630796.5256,4835193.424
9408,7808286,1351701,12/04/2013,2013,1213,CHURCH ST,GOULD ST,,Minor Arterial,Toronto and East York,43.658245,-79.37789,At Intersection,Traffic Signal,Rain,Daylight,Wet,Non-Fatal Injury,Pedestrian Collisions,Pedestrian,80 to 84,Major,,East,Other,,,,Vehicle turns left while ped crosses with ROW at inter.,Crossing with right of way,Normal,,,,Yes,,Yes,,,,,,,Yes,,,,168,Downtown Yonge East,75,Church-Yonge Corridor (75),D51,630796.5256,4835193.424
9409,7815290,1354807,12/04/2013,2013,1600,CRAWFORD ST,QUEEN ST W,,Major Arterial,Toronto and East York,43.644945,-79.41509,At Intersection,Stop Sign,Rain,Daylight,Wet,Non-Fatal Injury,Turning Movement,Driver,25 to 29,Major,,East,"Automobile, Station Wagon",Going Ahead,Speed too Fast For Condition,Normal,,,,,,,,,Yes,,,,,,Yes,Yes,,,,162,West Queen West,82,Niagara (82),D14,627825.1381,4833658.316
9410,7815291,1354807,12/04/2013,2013,1600,CRAWFORD ST,QUEEN ST W,,Major Arterial,Toronto and East York,43.644945,-79.41509,At Intersection,Stop Sign,Rain,Daylight,Wet,Non-Fatal Injury,Turning Movement,Driver,20 to 24,Minimal,,North,"Automobile, Station Wagon",Turning Left,Failed to Yield Right of Way,Normal,,,,,,,,,Yes,,,,,,Yes,Yes,,,,162,West Queen West,82,Niagara (82),D14,627825.1381,4833658.316
9411,7816964,1355516,12/04/2013,2013,1845,YORKLAND Blvd,CONSUMERS Rd,,Minor Arterial,North York,43.772945,-79.33609,,No Control,Clear,Daylight,Wet,Non-Fatal Injury,SMV Other,Driver,30 to 34,Major,,West,"Automobile, Station Wagon",Turning Left,Speed too Fast For Condition,Inattentive,,,,,,,,,Yes,,,,,,Yes,Yes,,,,53,Henry Farm,53,Henry Farm (53),D33,633911.3084,4847999.254
9412,7807812,1351471,12/04/2013,2013,2056,JANE ST,STONG CRT,,Major Arterial,Etobicoke York,43.762446,-79.518886,,No Control,Rain,"Dark, artificial",Wet,Fatal,Pedestrian Collisions,Driver,35 to 39,None,,North,"Automobile, Station Wagon",Going Ahead,Exceeding Speed Limit,Inattentive,,,,,,,Yes,,Yes,,,,,,Yes,Yes,,,,24,Black Creek,24,Black Creek (24),D31,619220.6393,4846553.787
9413,7807813,1351471,12/04/2013,2013,2056,JANE ST,STONG CRT,,Major Arterial,Etobicoke York,43.762446,-79.518886,,No Control,Rain,"Dark, artificial",Wet,Fatal,Pedestrian Collisions,Pedestrian,50 to 54,Fatal,9,West,,,,,Pedestrian hit at mid-block,"Crossing, no Traffic Control",Unknown,,,,Yes,,Yes,,,,,,Yes,Yes,,,,24,Black Creek,24,Black Creek (24),D31,619220.6393,4846553.787
9414,7807807,1351458,12/04/2013,2013,2110,STEELES Ave E,BIRCHMOUNT Rd,,Major Arterial,Scarborough,43.821345,-79.31689,At Intersection,Traffic Signal,Clear,"Dark, artificial",Wet,Non-Fatal Injury,Cyclist Collisions,Driver,45 to 49,Minor,,West,"Automobile, Station Wagon",Turning Left,Failed to Yield Right of Way,Normal,,,,,,,,Yes,Yes,,,,,Yes,,Yes,,,,116,Steeles,116,Steeles (116),D42,635347.2148,4853406.076
9415,7807808,1351458,12/04/2013,2013,2110,STEELES Ave E,BIRCHMOUNT Rd,,Major Arterial,Scarborough,43.821345,-79.31689,At Intersection,Traffic Signal,Clear,"Dark, artificial",Wet,Non-Fatal Injury,Cyclist Collisions,Passenger,25 to 29,Minimal,,,Other,,,,,,,,,,,Yes,Yes,,,,,Yes,,Yes,,,,116,Steeles,116,Steeles (116),D42,635347.2148,4853406.076
9416,7807809,1351458,12/04/2013,2013,2110,STEELES Ave E,BIRCHMOUNT Rd,,Major Arterial,Scarborough,43.821345,-79.31689,At Intersection,Traffic Signal,Clear,"Dark, artificial",Wet,Non-Fatal Injury,Cyclist Collisions,Passenger,25 to 29,Minimal,,,Other,,,,,,,,,,,Yes,Yes,,,,,Yes,,Yes,,,,116,Steeles,116,Steeles (116),D42,635347.2148,4853406.076
9417,7807810,1351458,12/04/2013,2013,2110,STEELES Ave E,BIRCHMOUNT Rd,,Major Arterial,Scarborough,43.821345,-79.31689,At Intersection,Traffic Signal,Clear,"Dark, artificial",Wet,Non-Fatal Injury,Cyclist Collisions,Driver,20 to 24,Minimal,,East,"Automobile, Station Wagon",Going Ahead,Driving Properly,Normal,,,,,,,,Yes,Yes,,,,,Yes,,Yes,,,,116,Steeles,116,Steeles (116),D42,635347.2148,4853406.076
9418,7807811,1351458,12/04/2013,2013,2110,STEELES Ave E,BIRCHMOUNT Rd,,Major Arterial,Scarborough,43.821345,-79.31689,At Intersection,Traffic Signal,Clear,"Dark, artificial",Wet,Non-Fatal Injury,Cyclist Collisions,Cyclist,55 to 59,Major,,East,Bicycle,Going Ahead,,,,,,Insufficient information (to determine cyclist crash type).,Driving Properly,Normal,,Yes,Yes,,,,,Yes,,Yes,,,,116,Steeles,116,Steeles (116),D42,635347.2148,4853406.076
9419,7808307,1351710,13/04/2013,2013,1130,THE QUEENSWAY,PARK LAWN Rd,,Major Arterial,Etobicoke York,43.629045,-79.49039,At Intersection,Traffic Signal,Clear,Daylight,Dry,Non-Fatal Injury,Pedestrian Collisions,Passenger,10 to 14,None,,,Other,,,,,,,,,,Yes,,Yes,,,,,Yes,,,,,,16,Stonegate-Queensway,16,Stonegate-Queensway (16),D22,621784.1503,4831779.2
9420,7808308,1351710,13/04/2013,2013,1130,THE QUEENSWAY,PARK LAWN Rd,,Major Arterial,Etobicoke York,43.629045,-79.49039,At Intersection,Traffic Signal,Clear,Daylight,Dry,Non-Fatal Injury,Pedestrian Collisions,Vehicle Owner,unknown,,,,Other,,,,,,,,,,Yes,,Yes,,,,,Yes,,,,,,16,Stonegate-Queensway,16,Stonegate-Queensway (16),D22,621784.1503,4831779.2
9421,7808309,1351710,13/04/2013,2013,1130,THE QUEENSWAY,PARK LAWN Rd,,Major Arterial,Etobicoke York,43.629045,-79.49039,At Intersection,Traffic Signal,Clear,Daylight,Dry,Non-Fatal Injury,Pedestrian Collisions,Driver,45 to 49,None,,East,"Automobile, Station Wagon",Going Ahead,Driving Properly,Normal,,,,,,,Yes,,Yes,,,,,Yes,,,,,,16,Stonegate-Queensway,16,Stonegate-Queensway (16),D22,621784.1503,4831779.2
9422,7808310,1351710,13/04/2013,2013,1130,THE QUEENSWAY,PARK LAWN Rd,,Major Arterial,Etobicoke York,43.629045,-79.49039,At Intersection,Traffic Signal,Clear,Daylight,Dry,Non-Fatal Injury,Pedestrian Collisions,Pedestrian,55 to 59,Major,,North,Other,,,,Vehicle is going straight thru inter.while ped cross without ROW,Running onto Roadway,Normal,,,,Yes,,Yes,,,,,Yes,,,,,,16,Stonegate-Queensway,16,Stonegate-Queensway (16),D22,621784.1503,4831779.2
9423,7808065,1351606,13/04/2013,2013,1846,KENNEDY RD,401 C E KENNEDY RAMP RD E,,Major Arterial,Scarborough,43.773146,-79.283893,At Intersection,Traffic Signal,Clear,Dusk,Dry,Fatal,Cyclist Collisions,Driver,40 to 44,None,,South,"Automobile, Station Wagon",Going Ahead,Driving Properly,Normal,,,,,,,,Yes,Yes,,,,,Yes,Yes,Yes,Yes,Yes,,126,Dorset Park,126,Dorset Park (126),D41,638111.7004,4848107.324
9424,7808066,1351606,13/04/2013,2013,1846,KENNEDY RD,401 C E KENNEDY RAMP RD E,,Major Arterial,Scarborough,43.773146,-79.283893,At Intersection,Traffic Signal,Clear,Dusk,Dry,Fatal,Cyclist Collisions,Driver,75 to 79,None,,South,"Automobile, Station Wagon",Going Ahead,Driving Properly,Normal,,,,,,,,Yes,Yes,,,,,Yes,Yes,Yes,Yes,Yes,,126,Dorset Park,126,Dorset Park (126),D41,638111.7004,4848107.324
9425,7808067,1351606,13/04/2013,2013,1846,KENNEDY RD,401 C E KENNEDY RAMP RD E,,Major Arterial,Scarborough,43.773146,-79.283893,At Intersection,Traffic Signal,Clear,Dusk,Dry,Fatal,Cyclist Collisions,Passenger,20 to 24,Minimal,,,,,,,,,,,,,,Yes,Yes,,,,,Yes,Yes,Yes,Yes,Yes,,126,Dorset Park,126,Dorset Park (126),D41,638111.7004,4848107.324
9426,7808068,1351606,13/04/2013,2013,1846,KENNEDY RD,401 C E KENNEDY RAMP RD E,,Major Arterial,Scarborough,43.773146,-79.283893,At Intersection,Traffic Signal,Clear,Dusk,Dry,Fatal,Cyclist Collisions,Passenger,20 to 24,Minor,,,,,,,,,,,,,,Yes,Yes,,,,,Yes,Yes,Yes,Yes,Yes,,126,Dorset Park,126,Dorset Park (126),D41,638111.7004,4848107.324
9427,7808069,1351606,13/04/2013,2013,1846,KENNEDY RD,401 C E KENNEDY RAMP RD E,,Major Arterial,Scarborough,43.773146,-79.283893,At Intersection,Traffic Signal,Clear,Dusk,Dry,Fatal,Cyclist Collisions,Driver,20 to 24,Minor,,North,"Automobile, Station Wagon",Stopped,Driving Properly,Normal,,,,,,,,Yes,Yes,,,,,Yes,Yes,Yes,Yes,Yes,,126,Dorset Park,126,Dorset Park (126),D41,638111.7004,4848107.324
9428,7808070,1351606,13/04/2013,2013,1846,KENNEDY RD,401 C E KENNEDY RAMP RD E,,Major Arterial,Scarborough,43.773146,-79.283893,At Intersection,Traffic Signal,Clear,Dusk,Dry,Fatal,Cyclist Collisions,Driver,45 to 49,None,,East,"Automobile, Station Wagon",Going Ahead,Disobeyed Traffic Control,"Ability Impaired, Alcohol Over .08",,,,,,,,Yes,Yes,,,,,Yes,Yes,Yes,Yes,Yes,,126,Dorset Park,126,Dorset Park (126),D41,638111.7004,4848107.324
9429,7808071,1351606,13/04/2013,2013,1846,KENNEDY RD,401 C E KENNEDY RAMP RD E,,Major Arterial,Scarborough,43.773146,-79.283893,At Intersection,Traffic Signal,Clear,Dusk,Dry,Fatal,Cyclist Collisions,Driver,25 to 29,Minor,,South,"Automobile, Station Wagon",Going Ahead,Driving Properly,Normal,,,,,,,,Yes,Yes,,,,,Yes,Yes,Yes,Yes,Yes,,126,Dorset Park,126,Dorset Park (126),D41,638111.7004,4848107.324
9430,7808072,1351606,13/04/2013,2013,1846,KENNEDY RD,401 C E KENNEDY RAMP RD E,,Major Arterial,Scarborough,43.773146,-79.283893,At Intersection,Traffic Signal,Clear,Dusk,Dry,Fatal,Cyclist Collisions,Passenger,50 to 54,Major,,,,,,,,,,,,,,Yes,Yes,,,,,Yes,Yes,Yes,Yes,Yes,,126,Dorset Park,126,Dorset Park (126),D41,638111.7004,4848107.324
9431,7808073,1351606,13/04/2013,2013,1846,KENNEDY RD,401 C E KENNEDY RAMP RD E,,Major Arterial,Scarborough,43.773146,-79.283893,At Intersection,Traffic Signal,Clear,Dusk,Dry,Fatal,Cyclist Collisions,Driver,25 to 29,None,,South,"Automobile, Station Wagon",Going Ahead,Driving Properly,Normal,,,,,,,,Yes,Yes,,,,,Yes,Yes,Yes,Yes,Yes,,126,Dorset Park,126,Dorset Park (126),D41,638111.7004,4848107.324
9432,7808074,1351606,13/04/2013,2013,1846,KENNEDY RD,401 C E KENNEDY RAMP RD E,,Major Arterial,Scarborough,43.773146,-79.283893,At Intersection,Traffic Signal,Clear,Dusk,Dry,Fatal,Cyclist Collisions,Cyclist,35 to 39,Fatal,10,North,Bicycle,Going Ahead,,,,,,"Motorist without ROW drives into path of cyclist at inter, lnwy, dwy-Driver not turn.",Driving Properly,Unknown,,Yes,Yes,,,,,Yes,Yes,Yes,Yes,Yes,,126,Dorset Park,126,Dorset Park (126),D41,638111.7004,4848107.324
9433,7808626,1351850,16/04/2013,2013,900,HILLHURST BLVD,AVENUE RD,,Major Arterial,North York,43.712046,-79.411693,At Intersection,Traffic Signal,Clear,Daylight,Dry,Fatal,SMV Other,Passenger,15 to 19,Minor,,,,,,,,,,,,,,,Yes,,,,,Yes,,,,,Yes,103,Lawrence Park South,103,Lawrence Park South (103),D53,627956.4027,4841116.028
9434,7808627,1351850,16/04/2013,2013,900,HILLHURST BLVD,AVENUE RD,,Major Arterial,North York,43.712046,-79.411693,At Intersection,Traffic Signal,Clear,Daylight,Dry,Fatal,SMV Other,Driver,55 to 59,Fatal,11,East,"Automobile, Station Wagon",Going Ahead,Lost control,Medical or Physical Disability,,,,,,,,,Yes,,,,,Yes,,,,,Yes,103,Lawrence Park South,103,Lawrence Park South (103),D53,627956.4027,4841116.028
9435,7808628,1351850,16/04/2013,2013,900,HILLHURST BLVD,AVENUE RD,,Major Arterial,North York,43.712046,-79.411693,At Intersection,Traffic Signal,Clear,Daylight,Dry,Fatal,SMV Other,Other Property Owner,unknown,,,,,,,,,,,,,,,,Yes,,,,,Yes,,,,,Yes,103,Lawrence Park South,103,Lawrence Park South (103),D53,627956.4027,4841116.028
9436,7808673,1351876,16/04/2013,2013,1450,AVENUE RD,FAIRLAWN AVE,,Major Arterial,North York,43.727843,-79.417888,,Traffic Signal,Clear,Daylight,Dry,Fatal,Pedestrian Collisions,Truck Driver,35 to 39,None,,North,"Truck - Closed (Blazer, etc)",Going Ahead,Driving Properly,Normal,,,,,,,Yes,,,,Yes,,,,,,,,,39,Bedford Park-Nortown,39,Bedford Park-Nortown (39),D32,627423.8278,4842860.966
9437,7808674,1351876,16/04/2013,2013,1450,AVENUE RD,FAIRLAWN AVE,,Major Arterial,North York,43.727843,-79.417888,,Traffic Signal,Clear,Daylight,Dry,Fatal,Pedestrian Collisions,Vehicle Owner,unknown,,,,,,,,,,,,,,Yes,,,,Yes,,,,,,,,,39,Bedford Park-Nortown,39,Bedford Park-Nortown (39),D32,627423.8278,4842860.966
9438,7808675,1351876,16/04/2013,2013,1450,AVENUE RD,FAIRLAWN AVE,,Major Arterial,North York,43.727843,-79.417888,,Traffic Signal,Clear,Daylight,Dry,Fatal,Pedestrian Collisions,Pedestrian,65 to 69,Fatal,12,West,,,,,Pedestrian hit at mid-block,"Crossing, no Traffic Control",Unknown,,,,Yes,,,,Yes,,,,,,,,,39,Bedford Park-Nortown,39,Bedford Park-Nortown (39),D32,627423.8278,4842860.966
9439,7817111,1355579,16/04/2013,2013,1630,LAWRENCE Ave W,BROOKHAVEN Dr,,Major Arterial,Etobicoke York,43.704345,-79.49669,At Intersection,Traffic Signal,Clear,Daylight,Dry,Non-Fatal Injury,Pedestrian Collisions,Driver,30 to 34,None,,North,"Automobile, Station Wagon",Turning Right,Failed to Yield Right of Way,Normal,,,,,,,Yes,,Yes,,,,,,,Yes,,,,30,Brookhaven-Amesbury,30,Brookhaven-Amesbury (30),D12,621124.3675,4840133.03
9440,7817112,1355579,16/04/2013,2013,1630,LAWRENCE Ave W,BROOKHAVEN Dr,,Major Arterial,Etobicoke York,43.704345,-79.49669,At Intersection,Traffic Signal,Clear,Daylight,Dry,Non-Fatal Injury,Pedestrian Collisions,Pedestrian,60 to 64,Major,,West,Other,,,,Vehicle turns right while ped crosses with ROW at inter.,Crossing with right of way,Normal,,,,Yes,,Yes,,,,,,,Yes,,,,30,Brookhaven-Amesbury,30,Brookhaven-Amesbury (30),D12,621124.3675,4840133.03
9441,7818845,1356335,17/04/2013,2013,1726,GLENMOUNT PARK Rd,BURGESS Ave,,Local,Toronto and East York,43.679245,-79.30459,At Intersection,Stop Sign,Clear,Daylight,Dry,Non-Fatal Injury,Pedestrian Collisions,Driver,50 to 54,None,,North,"Automobile, Station Wagon",Turning Left,Driving Properly,Normal,,,,,,,Yes,,Yes,,,,,,,,,,,62,East End-Danforth,62,East End-Danforth (62),D55,636659.3667,4837643.923
9442,7818846,1356335,17/04/2013,2013,1726,GLENMOUNT PARK Rd,BURGESS Ave,,Local,Toronto and East York,43.679245,-79.30459,At Intersection,Stop Sign,Clear,Daylight,Dry,Non-Fatal Injury,Pedestrian Collisions,Pedestrian,10 to 14,Major,,South,Other,Going Ahead,,,Vehicle turns left while ped crosses without ROW at inter.,Playing or Working on Highway,Inattentive,,,,Yes,,Yes,,,,,,,,,,,62,East End-Danforth,62,East End-Danforth (62),D55,636659.3667,4837643.923
9443,7821262,1357350,22/04/2013,2013,1514,WEST TORONTO ST,KEELE ST,,Collector,Etobicoke York,43.669645,-79.46799,,No Control,Clear,Daylight,Dry,Non-Fatal Injury,Turning Movement,Vehicle Owner,unknown,,,,Other,,,,,,,,,,,,Yes,Yes,,,,,,Yes,,,,90,Junction Area,90,Junction Area (90),D11,623507.9916,4836321.456
9444,7821263,1357350,22/04/2013,2013,1514,WEST TORONTO ST,KEELE ST,,Collector,Etobicoke York,43.669645,-79.46799,,No Control,Clear,Daylight,Dry,Non-Fatal Injury,Turning Movement,Driver,35 to 39,None,,South,"Automobile, Station Wagon",Turning Left,Failed to Yield Right of Way,Normal,,,,,,,,,Yes,Yes,,,,,,Yes,,,,90,Junction Area,90,Junction Area (90),D11,623507.9916,4836321.456
9445,7821264,1357350,22/04/2013,2013,1514,WEST TORONTO ST,KEELE ST,,Collector,Etobicoke York,43.669645,-79.46799,,No Control,Clear,Daylight,Dry,Non-Fatal Injury,Turning Movement,Motorcycle Driver,50 to 54,Major,,West,Motorcycle,Going Ahead,Driving Properly,Normal,,,,,,,,,Yes,Yes,,,,,,Yes,,,,90,Junction Area,90,Junction Area (90),D11,623507.9916,4836321.456
9446,7820784,1357155,23/04/2013,2013,1800,JANE ST,FOXWELL ST,,Major Arterial,Etobicoke York,43.671645,-79.493686,At Intersection,Traffic Signal,Clear,Daylight,Dry,Non-Fatal Injury,Cyclist Collisions,Driver,50 to 54,None,,South,"Automobile, Station Wagon",Going Ahead,Driving Properly,Normal,,,,,,,,Yes,Yes,,,,,,,,,,,111,Rockcliffe-Smythe,111,Rockcliffe-Smythe (111),D12,621432.3732,4836505.647
9447,7820785,1357155,23/04/2013,2013,1800,JANE ST,FOXWELL ST,,Major Arterial,Etobicoke York,43.671645,-79.493686,At Intersection,Traffic Signal,Clear,Daylight,Dry,Non-Fatal Injury,Cyclist Collisions,Cyclist,20 to 24,Major,,North,Bicycle,Turning Left,,,,,,Cyclist turned left across motorists path.,Other,Unknown,,Yes,Yes,,,,,,,,,,,111,Rockcliffe-Smythe,111,Rockcliffe-Smythe (111),D12,621432.3732,4836505.647
9448,7811139,1352962,24/04/2013,2013,843,MURRIE ST,ROYAL YORK RD,,Minor Arterial,Etobicoke York,43.605845,-79.49409,At Intersection,Stop Sign,Rain,Daylight,Wet,Non-Fatal Injury,SMV Other,Vehicle Owner,unknown,,,,Other,,,,,,,,,,,,Yes,,,,,,Yes,Yes,,,,160,Mimico-Queensway,17,Mimico (includes Humber Bay Shores) (17),D22,621532.3873,4829197.135
9449,7811140,1352962,24/04/2013,2013,843,MURRIE ST,ROYAL YORK RD,,Minor Arterial,Etobicoke York,43.605845,-79.49409,At Intersection,Stop Sign,Rain,Daylight,Wet,Non-Fatal Injury,SMV Other,Driver,75 to 79,Major,,East,"Automobile, Station Wagon",Going Ahead,Lost control,Normal,,,,,,,,,Yes,,,,,,Yes,Yes,,,,160,Mimico-Queensway,17,Mimico (includes Humber Bay Shores) (17),D22,621532.3873,4829197.135
9450,7821648,1357499,24/04/2013,2013,1138,STEELES AVE E,DON MILLS RD,,Major Arterial,North York,43.811145,-79.36079,At Intersection,Traffic Signal,Rain,Daylight,Wet,Non-Fatal Injury,Angle,Passenger,45 to 49,Major,,,Other,,,,,,,,,,,,Yes,,,,,Yes,,Yes,Yes,,,48,Hillcrest Village,48,Hillcrest Village (48),D33,631839.4104,4852202.312
9451,7821649,1357499,24/04/2013,2013,1138,STEELES AVE E,DON MILLS RD,,Major Arterial,North York,43.811145,-79.36079,At Intersection,Traffic Signal,Rain,Daylight,Wet,Non-Fatal Injury,Angle,Driver,45 to 49,Minor,,South,"Automobile, Station Wagon",Going Ahead,Driving Properly,Normal,,,,,,,,,Yes,,,,,Yes,,Yes,Yes,,,48,Hillcrest Village,48,Hillcrest Village (48),D33,631839.4104,4852202.312
9452,7821650,1357499,24/04/2013,2013,1138,STEELES AVE E,DON MILLS RD,,Major Arterial,North York,43.811145,-79.36079,At Intersection,Traffic Signal,Rain,Daylight,Wet,Non-Fatal Injury,Angle,Driver,20 to 24,Minor,,East,"Automobile, Station Wagon",Going Ahead,Disobeyed Traffic Control,Inattentive,,,,,,,,,Yes,,,,,Yes,,Yes,Yes,,,48,Hillcrest Village,48,Hillcrest Village (48),D33,631839.4104,4852202.312
9453,7821827,1357570,24/04/2013,2013,1624,MORNINGSIDE Ave,BEATH St,,Major Arterial,Scarborough,43.774745,-79.18869,,No Control,Rain,Daylight,Wet,Non-Fatal Injury,Sideswipe,Driver,70 to 74,Major,,North,Municipal Transit Bus (TTC),Stopped,Driving Properly,Normal,,,,,,,,,Yes,,,Yes,,,,Yes,,,,136,West Hill,136,West Hill (136),D43,645769.8131,4848448.136
9454,7821828,1357570,24/04/2013,2013,1624,MORNINGSIDE Ave,BEATH St,,Major Arterial,Scarborough,43.774745,-79.18869,,No Control,Rain,Daylight,Wet,Non-Fatal Injury,Sideswipe,Driver,15 to 19,Minor,,North,"Automobile, Station Wagon",Changing Lanes,Following too Close,Inattentive,,,,,,,,,Yes,,,Yes,,,,Yes,,,,136,West Hill,136,West Hill (136),D43,645769.8131,4848448.136
9455,7822124,1357700,25/04/2013,2013,1314,JARVIS St,QUEEN St E,,Major Arterial,Toronto and East York,43.653745,-79.37329,At Intersection,Traffic Signal,Clear,Daylight,Dry,Non-Fatal Injury,Pedestrian Collisions,Vehicle Owner,unknown,,,,Other,,,,,,,,,,Yes,,Yes,,,,,,,,,,,168,Downtown Yonge East,75,Church-Yonge Corridor (75),D51,631177.2421,4834700.901
9456,7822125,1357700,25/04/2013,2013,1314,JARVIS St,QUEEN St E,,Major Arterial,Toronto and East York,43.653745,-79.37329,At Intersection,Traffic Signal,Clear,Daylight,Dry,Non-Fatal Injury,Pedestrian Collisions,Driver,20 to 24,None,,North,"Automobile, Station Wagon",Going Ahead,Driving Properly,Normal,,,,,,,Yes,,Yes,,,,,,,,,,,168,Downtown Yonge East,75,Church-Yonge Corridor (75),D51,631177.2421,4834700.901