OBJECTID,INDEX,ACCNUM,DATE,ACCIDENT_YEAR,TIME,STREET1,STREET2,OFFSET,ROAD_CLASS,DISTRICT,LATITUDE,LONGITUDE,ACCLOC,TRAFFCTL,VISIBILITY,LIGHT,RDSFCOND,ACCLASS,IMPACTYPE,INVTYPE,INVAGE,INJURY,FATAL_NO,INITDIR,VEHTYPE,MANOEUVER,DRIVACT,DRIVCOND,PEDTYPE,PEDACT,PEDCOND,CYCLISTYPE,CYCACT,CYCCOND,PEDESTRIAN,CYCLIST,AUTOMOBILE,MOTORCYCLE,TRUCK,TRSN_CITY_VEH,EMERG_VEH,PASSENGER,SPEEDING,AG_DRIV,REDLIGHT,ALCOHOL,DISABILITY,HOOD_158,NEIGHBOURHOOD_158,HOOD_140,NEIGHBOURHOOD_140,DIVISION,x,y
9642,7853469,1371162,16/06/2013,2013,1525,ISLINGTON AVE,401 C E ISLINGTON N RAMP E,,Major Arterial,Etobicoke York,43.708445,-79.55189,,No Control,Clear,Daylight,Dry,Non-Fatal Injury,Pedestrian Collisions,In-Line Skater,50 to 54,Major,,South,Other,,,,Pedestrian hit at mid-block,Other,Normal,,,,Yes,,Yes,,,,,,,,,,,6,Kingsview Village-The Westway,6,Kingsview Village-The Westway (6),D23,616668.817,4840509.226
9643,7829974,1361161,16/06/2013,2013,1923,KEELE ST,DONALD AVE,,Major Arterial,Etobicoke York,43.684945,-79.47279,At Intersection,Traffic Signal,Clear,Daylight,Dry,Non-Fatal Injury,Pedestrian Collisions,Driver,50 to 54,None,,South,"Automobile, Station Wagon",Going Ahead,Driving Properly,Normal,,,,,,,Yes,,Yes,,,Yes,,Yes,,,,,,110,Keelesdale-Eglinton West,110,Keelesdale-Eglinton West (110),D12,623089.7334,4838013.591
9644,7829975,1361161,16/06/2013,2013,1923,KEELE ST,DONALD AVE,,Major Arterial,Etobicoke York,43.684945,-79.47279,At Intersection,Traffic Signal,Clear,Daylight,Dry,Non-Fatal Injury,Pedestrian Collisions,Passenger,0 to 4,Minor,,,Other,,,,,,,,,,Yes,,Yes,,,Yes,,Yes,,,,,,110,Keelesdale-Eglinton West,110,Keelesdale-Eglinton West (110),D12,623089.7334,4838013.591
9645,7829976,1361161,16/06/2013,2013,1923,KEELE ST,DONALD AVE,,Major Arterial,Etobicoke York,43.684945,-79.47279,At Intersection,Traffic Signal,Clear,Daylight,Dry,Non-Fatal Injury,Pedestrian Collisions,Passenger,5 to 9,Minor,,,Other,,,,,,,,,,Yes,,Yes,,,Yes,,Yes,,,,,,110,Keelesdale-Eglinton West,110,Keelesdale-Eglinton West (110),D12,623089.7334,4838013.591
9646,7829977,1361161,16/06/2013,2013,1923,KEELE ST,DONALD AVE,,Major Arterial,Etobicoke York,43.684945,-79.47279,At Intersection,Traffic Signal,Clear,Daylight,Dry,Non-Fatal Injury,Pedestrian Collisions,Vehicle Owner,unknown,,,,Other,,,,,,,,,,Yes,,Yes,,,Yes,,Yes,,,,,,110,Keelesdale-Eglinton West,110,Keelesdale-Eglinton West (110),D12,623089.7334,4838013.591
9647,7829978,1361161,16/06/2013,2013,1923,KEELE ST,DONALD AVE,,Major Arterial,Etobicoke York,43.684945,-79.47279,At Intersection,Traffic Signal,Clear,Daylight,Dry,Non-Fatal Injury,Pedestrian Collisions,Driver,40 to 44,None,,North,Municipal Transit Bus (TTC),Going Ahead,Driving Properly,Normal,,,,,,,Yes,,Yes,,,Yes,,Yes,,,,,,110,Keelesdale-Eglinton West,110,Keelesdale-Eglinton West (110),D12,623089.7334,4838013.591
9648,7829979,1361161,16/06/2013,2013,1923,KEELE ST,DONALD AVE,,Major Arterial,Etobicoke York,43.684945,-79.47279,At Intersection,Traffic Signal,Clear,Daylight,Dry,Non-Fatal Injury,Pedestrian Collisions,Pedestrian,40 to 44,Major,,East,Other,,,,Vehicle is going straight thru inter.while ped cross without ROW,Crossing without right of way,Normal,,,,Yes,,Yes,,,Yes,,Yes,,,,,,110,Keelesdale-Eglinton West,110,Keelesdale-Eglinton West (110),D12,623089.7334,4838013.591
9649,7854052,1371425,17/06/2013,2013,840,KINGSTON RD,FALAISE RD E,,Major Arterial,Scarborough,43.768545,-79.18879,,No Control,Clear,Daylight,Dry,Non-Fatal Injury,Pedestrian Collisions,Vehicle Owner,unknown,,,,Other,,,,,,,,,,Yes,,,,Yes,,,,,,,,,136,West Hill,136,West Hill (136),D43,645776.8291,4847759.352
9650,7854053,1371425,17/06/2013,2013,840,KINGSTON RD,FALAISE RD E,,Major Arterial,Scarborough,43.768545,-79.18879,,No Control,Clear,Daylight,Dry,Non-Fatal Injury,Pedestrian Collisions,Truck Driver,25 to 29,None,,East,Truck - Open,Going Ahead,Driving Properly,Normal,,,,,,,Yes,,,,Yes,,,,,,,,,136,West Hill,136,West Hill (136),D43,645776.8291,4847759.352
9651,7854054,1371425,17/06/2013,2013,840,KINGSTON RD,FALAISE RD E,,Major Arterial,Scarborough,43.768545,-79.18879,,No Control,Clear,Daylight,Dry,Non-Fatal Injury,Pedestrian Collisions,Pedestrian,50 to 54,Major,,West,Other,,,,Vehicle is going straight thru inter.while ped cross without ROW,"Crossing, no Traffic Control",Unknown,,,,Yes,,,,Yes,,,,,,,,,136,West Hill,136,West Hill (136),D43,645776.8291,4847759.352
9652,7853993,1371397,17/06/2013,2013,1230,BURROWS HALL BLVD,GOSKIN CRT,,Collector,Scarborough,43.795745,-79.22369,,No Control,Clear,Daylight,Dry,Non-Fatal Injury,Other,Vehicle Owner,unknown,,,,Other,,,,,,,,,,,,Yes,,,,,Yes,,,,,,146,Malvern East,132,Malvern (132),D42,642903.0127,4850719.491
9653,7853994,1371397,17/06/2013,2013,1230,BURROWS HALL BLVD,GOSKIN CRT,,Collector,Scarborough,43.795745,-79.22369,,No Control,Clear,Daylight,Dry,Non-Fatal Injury,Other,Passenger,15 to 19,Major,,,Other,,,,,,,,,,,,Yes,,,,,Yes,,,,,,146,Malvern East,132,Malvern (132),D42,642903.0127,4850719.491
9654,7853995,1371397,17/06/2013,2013,1230,BURROWS HALL BLVD,GOSKIN CRT,,Collector,Scarborough,43.795745,-79.22369,,No Control,Clear,Daylight,Dry,Non-Fatal Injury,Other,Driver,15 to 19,None,,West,"Automobile, Station Wagon",Going Ahead,Lost control,Unknown,,,,,,,,,Yes,,,,,Yes,,,,,,146,Malvern East,132,Malvern (132),D42,642903.0127,4850719.491
9655,7854058,1371427,17/06/2013,2013,1407,390 QUEENS QUAY W,,,Minor Arterial,Toronto and East York,43.637945,-79.39069,,Traffic Controller,Clear,Daylight,Dry,Non-Fatal Injury,Pedestrian Collisions,Truck Driver,50 to 54,Major,,South,Truck - Open,Going Ahead,Driving Properly,Unknown,,,,,,,Yes,,,,Yes,,,,,,,,,165,Harbourfront-CityPlace,77,Waterfront Communities-The Island (77),D52,629808.126,4832918.745
9656,7854059,1371427,17/06/2013,2013,1407,390 QUEENS QUAY W,,,Minor Arterial,Toronto and East York,43.637945,-79.39069,,Traffic Controller,Clear,Daylight,Dry,Non-Fatal Injury,Pedestrian Collisions,Pedestrian,30 to 34,Minor,,Unknown,Other,,,,Pedestrian hit at mid-block,Playing or Working on Highway,Inattentive,,,,Yes,,,,Yes,,,,,,,,,165,Harbourfront-CityPlace,77,Waterfront Communities-The Island (77),D52,629808.126,4832918.745
9657,7889296,1386391,17/06/2013,2013,1430,DANFORTH Road,MACK Aven,,Minor Arterial,Scarborough,43.700145,-79.27269,,Traffic Signal,Clear,Daylight,Dry,Non-Fatal Injury,Angle,Vehicle Owner,unknown,None,,,Other,Unknown,,,,,,,,,,,Yes,,Yes,,,,,,,,,121,Oakridge,121,Oakridge (121),D41,639182.3603,4840018.22
9658,7889297,1386391,17/06/2013,2013,1430,DANFORTH Road,MACK Aven,,Minor Arterial,Scarborough,43.700145,-79.27269,,Traffic Signal,Clear,Daylight,Dry,Non-Fatal Injury,Angle,Truck Driver,45 to 49,Minimal,,East,Truck - Open,Going Ahead,,,,,,,,,,,Yes,,Yes,,,,,,,,,121,Oakridge,121,Oakridge (121),D41,639182.3603,4840018.22
9659,7889298,1386391,17/06/2013,2013,1430,DANFORTH Road,MACK Aven,,Minor Arterial,Scarborough,43.700145,-79.27269,,Traffic Signal,Clear,Daylight,Dry,Non-Fatal Injury,Angle,Vehicle Owner,unknown,None,,,Other,Unknown,,,,,,,,,,,Yes,,Yes,,,,,,,,,121,Oakridge,121,Oakridge (121),D41,639182.3603,4840018.22
9660,7889299,1386391,17/06/2013,2013,1430,DANFORTH Road,MACK Aven,,Minor Arterial,Scarborough,43.700145,-79.27269,,Traffic Signal,Clear,Daylight,Dry,Non-Fatal Injury,Angle,Truck Driver,55 to 59,Major,,North,Truck - Open,Going Ahead,,,,,,,,,,,Yes,,Yes,,,,,,,,,121,Oakridge,121,Oakridge (121),D41,639182.3603,4840018.22
9661,7889300,1386391,17/06/2013,2013,1430,DANFORTH Road,MACK Aven,,Minor Arterial,Scarborough,43.700145,-79.27269,,Traffic Signal,Clear,Daylight,Dry,Non-Fatal Injury,Angle,Driver,45 to 49,Major,,,"Automobile, Station Wagon",Stopped,,,,,,,,,,,Yes,,Yes,,,,,,,,,121,Oakridge,121,Oakridge (121),D41,639182.3603,4840018.22
9662,7854502,1371625,18/06/2013,2013,846,VICTORIA PARK AVE,MORECAMBE GT,,Major Arterial,North York,43.798045,-79.33359,At Intersection,Traffic Signal,Clear,Daylight,Dry,Non-Fatal Injury,Pedestrian Collisions,Driver,25 to 29,None,,North,"Automobile, Station Wagon",Going Ahead,Driving Properly,Normal,,,,,,,Yes,,Yes,,,,,,,,,,,147,L'Amoreaux West,117,L'Amoreaux (117),D42,634056.3903,4850791.048
9663,7854503,1371625,18/06/2013,2013,846,VICTORIA PARK AVE,MORECAMBE GT,,Major Arterial,North York,43.798045,-79.33359,At Intersection,Traffic Signal,Clear,Daylight,Dry,Non-Fatal Injury,Pedestrian Collisions,Pedestrian,60 to 64,Major,,West,Other,,,,Vehicle is going straight thru inter.while ped cross without ROW,Crossing without right of way,Inattentive,,,,Yes,,Yes,,,,,,,,,,,147,L'Amoreaux West,117,L'Amoreaux (117),D42,634056.3903,4850791.048
9664,7855756,1372188,19/06/2013,2013,1117,STEELES AVE E,LESLIE ST,,Major Arterial,North York,43.808497,-79.372493,At Intersection,Traffic Signal,Clear,Daylight,Dry,Non-Fatal Injury,Turning Movement,Vehicle Owner,unknown,,,,Other,,,,,,,,,,,,Yes,,Yes,,,,,,,,,49,Bayview Woods-Steeles,49,Bayview Woods-Steeles (49),D33,630903.9302,4851889.628
9665,7855757,1372188,19/06/2013,2013,1117,STEELES AVE E,LESLIE ST,,Major Arterial,North York,43.808497,-79.372493,At Intersection,Traffic Signal,Clear,Daylight,Dry,Non-Fatal Injury,Turning Movement,Truck Driver,25 to 29,Minimal,,East,Truck - Open,Going Ahead,Driving Properly,Normal,,,,,,,,,Yes,,Yes,,,,,,,,,49,Bayview Woods-Steeles,49,Bayview Woods-Steeles (49),D33,630903.9302,4851889.628
9666,7855758,1372188,19/06/2013,2013,1117,STEELES AVE E,LESLIE ST,,Major Arterial,North York,43.808497,-79.372493,At Intersection,Traffic Signal,Clear,Daylight,Dry,Non-Fatal Injury,Turning Movement,Driver,70 to 74,Major,,West,"Automobile, Station Wagon",Turning Left,Improper Turn,Inattentive,,,,,,,,,Yes,,Yes,,,,,,,,,49,Bayview Woods-Steeles,49,Bayview Woods-Steeles (49),D33,630903.9302,4851889.628
9667,7855759,1372188,19/06/2013,2013,1117,STEELES AVE E,LESLIE ST,,Major Arterial,North York,43.808497,-79.372493,At Intersection,Traffic Signal,Clear,Daylight,Dry,Non-Fatal Injury,Turning Movement,Other,unknown,None,,,Other,,,,,,,,,,,,Yes,,Yes,,,,,,,,,49,Bayview Woods-Steeles,49,Bayview Woods-Steeles (49),D33,630903.9302,4851889.628
9668,7857523,1372923,19/06/2013,2013,1300,BROWNS Line,WHALEY Dr,,Major Arterial,Etobicoke York,43.60657,-79.547351,,No Control,Clear,Daylight,Dry,Non-Fatal Injury,Rear End,Passenger,85 to 89,Major,,,Other,,,,,,,,,,,,Yes,,,,,Yes,Yes,Yes,,,,20,Alderwood,20,Alderwood (20),D22,617232.587,4829201.098
9669,7857524,1372923,19/06/2013,2013,1300,BROWNS Line,WHALEY Dr,,Major Arterial,Etobicoke York,43.60657,-79.547351,,No Control,Clear,Daylight,Dry,Non-Fatal Injury,Rear End,Vehicle Owner,unknown,,,,Other,,,,,,,,,,,,Yes,,,,,Yes,Yes,Yes,,,,20,Alderwood,20,Alderwood (20),D22,617232.587,4829201.098
9670,7857525,1372923,19/06/2013,2013,1300,BROWNS Line,WHALEY Dr,,Major Arterial,Etobicoke York,43.60657,-79.547351,,No Control,Clear,Daylight,Dry,Non-Fatal Injury,Rear End,Driver,55 to 59,None,,North,"Automobile, Station Wagon",Going Ahead,Speed too Fast For Condition,Normal,,,,,,,,,Yes,,,,,Yes,Yes,Yes,,,,20,Alderwood,20,Alderwood (20),D22,617232.587,4829201.098
9671,7857526,1372923,19/06/2013,2013,1300,BROWNS Line,WHALEY Dr,,Major Arterial,Etobicoke York,43.60657,-79.547351,,No Control,Clear,Daylight,Dry,Non-Fatal Injury,Rear End,Vehicle Owner,unknown,,,,Other,,,,,,,,,,,,Yes,,,,,Yes,Yes,Yes,,,,20,Alderwood,20,Alderwood (20),D22,617232.587,4829201.098
9672,7857527,1372923,19/06/2013,2013,1300,BROWNS Line,WHALEY Dr,,Major Arterial,Etobicoke York,43.60657,-79.547351,,No Control,Clear,Daylight,Dry,Non-Fatal Injury,Rear End,Driver,80 to 84,None,,North,"Automobile, Station Wagon",Stopped,Driving Properly,Normal,,,,,,,,,Yes,,,,,Yes,Yes,Yes,,,,20,Alderwood,20,Alderwood (20),D22,617232.587,4829201.098
9673,7857544,1372930,19/06/2013,2013,2200,DUFFERIN ST,SHANLY ST,,Major Arterial,Toronto and East York,43.662945,-79.43669,At Intersection,Traffic Signal,Clear,"Dark, artificial",Dry,Non-Fatal Injury,Rear End,Passenger,30 to 34,Major,,,Other,,,,,,,,,,,,Yes,,,,,Yes,,Yes,,,,171,Junction-Wallace Emerson,93,Dovercourt-Wallace Emerson-Junction (93),D11,626045.3891,4835624.409
9674,7857545,1372930,19/06/2013,2013,2200,DUFFERIN ST,SHANLY ST,,Major Arterial,Toronto and East York,43.662945,-79.43669,At Intersection,Traffic Signal,Clear,"Dark, artificial",Dry,Non-Fatal Injury,Rear End,Vehicle Owner,unknown,,,,Other,,,,,,,,,,,,Yes,,,,,Yes,,Yes,,,,171,Junction-Wallace Emerson,93,Dovercourt-Wallace Emerson-Junction (93),D11,626045.3891,4835624.409
9675,7857546,1372930,19/06/2013,2013,2200,DUFFERIN ST,SHANLY ST,,Major Arterial,Toronto and East York,43.662945,-79.43669,At Intersection,Traffic Signal,Clear,"Dark, artificial",Dry,Non-Fatal Injury,Rear End,Driver,35 to 39,Minor,,South,"Automobile, Station Wagon",Stopped,Driving Properly,Unknown,,,,,,,,,Yes,,,,,Yes,,Yes,,,,171,Junction-Wallace Emerson,93,Dovercourt-Wallace Emerson-Junction (93),D11,626045.3891,4835624.409
9676,7857547,1372930,19/06/2013,2013,2200,DUFFERIN ST,SHANLY ST,,Major Arterial,Toronto and East York,43.662945,-79.43669,At Intersection,Traffic Signal,Clear,"Dark, artificial",Dry,Non-Fatal Injury,Rear End,Driver,25 to 29,Major,,South,"Automobile, Station Wagon",Going Ahead,Following too Close,Normal,,,,,,,,,Yes,,,,,Yes,,Yes,,,,171,Junction-Wallace Emerson,93,Dovercourt-Wallace Emerson-Junction (93),D11,626045.3891,4835624.409
9677,7856318,1372437,20/06/2013,2013,1115,ST CLAIR AVE W,WELLS HILL AVE,,Major Arterial,Toronto and East York,43.683745,-79.41509,,No Control,Clear,Daylight,Dry,Non-Fatal Injury,Pedestrian Collisions,Vehicle Owner,unknown,,,,Other,,,,,,,,,,Yes,,Yes,,,,,,,,,,,96,Casa Loma,96,Casa Loma (96),D13,627742.8161,4837967.571
9678,7856319,1372437,20/06/2013,2013,1115,ST CLAIR AVE W,WELLS HILL AVE,,Major Arterial,Toronto and East York,43.683745,-79.41509,,No Control,Clear,Daylight,Dry,Non-Fatal Injury,Pedestrian Collisions,Driver,50 to 54,None,,West,"Automobile, Station Wagon",Changing Lanes,Improper Lane Change,Normal,,,,,,,Yes,,Yes,,,,,,,,,,,96,Casa Loma,96,Casa Loma (96),D13,627742.8161,4837967.571
9679,7856320,1372437,20/06/2013,2013,1115,ST CLAIR AVE W,WELLS HILL AVE,,Major Arterial,Toronto and East York,43.683745,-79.41509,,No Control,Clear,Daylight,Dry,Non-Fatal Injury,Pedestrian Collisions,Pedestrian,45 to 49,Major,,West,Other,,,,Pedestrian hit at mid-block,Person Getting on/off Vehicle,Normal,,,,Yes,,Yes,,,,,,,,,,,96,Casa Loma,96,Casa Loma (96),D13,627742.8161,4837967.571
9680,7833783,1362811,20/06/2013,2013,1316,MARTIN GROVE RD,409 E MARTIN GROVE RAMP,,Major Arterial,Etobicoke York,43.697945,-79.57379,At Intersection,Traffic Signal,Clear,Daylight,Dry,Non-Fatal Injury,Cyclist Collisions,Vehicle Owner,unknown,,,,Other,,,,,,,,,,,Yes,Yes,,,,,,,,,,,1,West Humber-Clairville,1,West Humber-Clairville (1),D23,614924.4636,4839312.47
9681,7833784,1362811,20/06/2013,2013,1316,MARTIN GROVE RD,409 E MARTIN GROVE RAMP,,Major Arterial,Etobicoke York,43.697945,-79.57379,At Intersection,Traffic Signal,Clear,Daylight,Dry,Non-Fatal Injury,Cyclist Collisions,Driver,50 to 54,None,,East,"Automobile, Station Wagon",Turning Right,Driving Properly,Normal,,,,,,,,Yes,Yes,,,,,,,,,,,1,West Humber-Clairville,1,West Humber-Clairville (1),D23,614924.4636,4839312.47
9682,7833785,1362811,20/06/2013,2013,1316,MARTIN GROVE RD,409 E MARTIN GROVE RAMP,,Major Arterial,Etobicoke York,43.697945,-79.57379,At Intersection,Traffic Signal,Clear,Daylight,Dry,Non-Fatal Injury,Cyclist Collisions,Cyclist,55 to 59,Major,,North,Bicycle,Going Ahead,,,,,,"Cyclist without ROW rides into path of motorist at inter, lnwy, dwy-Cyclist not turn.",Disobeyed Traffic Control,Normal,,Yes,Yes,,,,,,,,,,,1,West Humber-Clairville,1,West Humber-Clairville (1),D23,614924.4636,4839312.47
9683,7857645,1372963,21/06/2013,2013,1532,247 DAVENPORT Rd,,,Major Arterial,Toronto and East York,43.674456,-79.397746,,No Control,Clear,Daylight,Dry,Non-Fatal Injury,Sideswipe,Driver,65 to 69,None,,East,"Automobile, Station Wagon",Parked,Other,Normal,,,,,,,,Yes,Yes,,,,,,,,,,,95,Annex,95,Annex (95),D53,629160.676,4836962.762
9684,7857646,1372963,21/06/2013,2013,1532,247 DAVENPORT Rd,,,Major Arterial,Toronto and East York,43.674456,-79.397746,,No Control,Clear,Daylight,Dry,Non-Fatal Injury,Sideswipe,Driver,50 to 54,None,,East,"Automobile, Station Wagon",Going Ahead,Driving Properly,Normal,,,,,,,,Yes,Yes,,,,,,,,,,,95,Annex,95,Annex (95),D53,629160.676,4836962.762
9685,7857647,1372963,21/06/2013,2013,1532,247 DAVENPORT Rd,,,Major Arterial,Toronto and East York,43.674456,-79.397746,,No Control,Clear,Daylight,Dry,Non-Fatal Injury,Sideswipe,Moped Driver,50 to 54,Major,,East,Moped,Going Ahead,,,,,,,,,,Yes,Yes,,,,,,,,,,,95,Annex,95,Annex (95),D53,629160.676,4836962.762
9686,7857412,1372876,21/06/2013,2013,1535,PINEWAY BLVD,BERNICK RD,,Local,North York,43.798345,-79.37519,At Intersection,Stop Sign,Clear,Daylight,Dry,Non-Fatal Injury,Pedestrian Collisions,Driver,40 to 44,None,,North,"Automobile, Station Wagon",Going Ahead,Failed to Yield Right of Way,Inattentive,,,,,,,Yes,,Yes,,,,,,,Yes,,,,49,Bayview Woods-Steeles,49,Bayview Woods-Steeles (49),D33,630709.1413,4850757.824
9687,7857413,1372876,21/06/2013,2013,1535,PINEWAY BLVD,BERNICK RD,,Local,North York,43.798345,-79.37519,At Intersection,Stop Sign,Clear,Daylight,Dry,Non-Fatal Injury,Pedestrian Collisions,Pedestrian,10 to 14,Major,,Unknown,Other,,,,Vehicle is going straight thru inter.while ped cross with ROW,Crossing with right of way,Normal,,,,Yes,,Yes,,,,,,,Yes,,,,49,Bayview Woods-Steeles,49,Bayview Woods-Steeles (49),D33,630709.1413,4850757.824
9688,7858688,1373423,22/06/2013,2013,1420,LAKE SHORE BLVD W,LOWER SIMCOE ST,,Expressway,Toronto and East York,43.640345,-79.38319,,Traffic Signal,Rain,Daylight,Wet,Non-Fatal Injury,Pedestrian Collisions,Driver,35 to 39,Minimal,,East,"Automobile, Station Wagon",Going Ahead,Lost control,Inattentive,,,,,,,Yes,,Yes,,,,,,,,,,,165,Harbourfront-CityPlace,77,Waterfront Communities-The Island (77),D52,630407.8957,4833197.053
9689,7858689,1373423,22/06/2013,2013,1420,LAKE SHORE BLVD W,LOWER SIMCOE ST,,Expressway,Toronto and East York,43.640345,-79.38319,,Traffic Signal,Rain,Daylight,Wet,Non-Fatal Injury,Pedestrian Collisions,Driver,35 to 39,Major,,East,"Automobile, Station Wagon",Stopped,Driving Properly,Normal,,,,,,,Yes,,Yes,,,,,,,,,,,165,Harbourfront-CityPlace,77,Waterfront Communities-The Island (77),D52,630407.8957,4833197.053
9690,7858690,1373423,22/06/2013,2013,1420,LAKE SHORE BLVD W,LOWER SIMCOE ST,,Expressway,Toronto and East York,43.640345,-79.38319,,Traffic Signal,Rain,Daylight,Wet,Non-Fatal Injury,Pedestrian Collisions,Pedestrian,unknown,Minimal,,North,Other,,,,Vehicle is going straight thru inter.while ped cross with ROW,Crossing with right of way,Normal,,,,Yes,,Yes,,,,,,,,,,,165,Harbourfront-CityPlace,77,Waterfront Communities-The Island (77),D52,630407.8957,4833197.053
9691,7858691,1373423,22/06/2013,2013,1420,LAKE SHORE BLVD W,LOWER SIMCOE ST,,Expressway,Toronto and East York,43.640345,-79.38319,,Traffic Signal,Rain,Daylight,Wet,Non-Fatal Injury,Pedestrian Collisions,Pedestrian,25 to 29,Minimal,,North,Other,,,,Vehicle is going straight thru inter.while ped cross with ROW,Crossing with right of way,Normal,,,,Yes,,Yes,,,,,,,,,,,165,Harbourfront-CityPlace,77,Waterfront Communities-The Island (77),D52,630407.8957,4833197.053
9692,7858692,1373423,22/06/2013,2013,1420,LAKE SHORE BLVD W,LOWER SIMCOE ST,,Expressway,Toronto and East York,43.640345,-79.38319,,Traffic Signal,Rain,Daylight,Wet,Non-Fatal Injury,Pedestrian Collisions,Pedestrian,20 to 24,Minor,,North,Other,,,,Vehicle is going straight thru inter.while ped cross with ROW,Crossing with right of way,Normal,,,,Yes,,Yes,,,,,,,,,,,165,Harbourfront-CityPlace,77,Waterfront Communities-The Island (77),D52,630407.8957,4833197.053
9693,7858562,1373372,22/06/2013,2013,1820,KEELE St,ROGERS Rd,,Major Arterial,Etobicoke York,43.682128,-79.471584,At Intersection,Traffic Signal,Clear,Daylight,Dry,Non-Fatal Injury,SMV Other,Driver,70 to 74,Major,,East,"Automobile, Station Wagon",Going Ahead,Lost control,Medical or Physical Disability,,,,,,,,,Yes,,,,,,,Yes,,,Yes,110,Keelesdale-Eglinton West,110,Keelesdale-Eglinton West (110),D12,623192.7009,4837702.515
9694,7858563,1373372,22/06/2013,2013,1820,KEELE St,ROGERS Rd,,Major Arterial,Etobicoke York,43.682128,-79.471584,At Intersection,Traffic Signal,Clear,Daylight,Dry,Non-Fatal Injury,SMV Other,Other Property Owner,unknown,,,,Other,,,,,,,,,,,,Yes,,,,,,,Yes,,,Yes,110,Keelesdale-Eglinton West,110,Keelesdale-Eglinton West (110),D12,623192.7009,4837702.515
9695,7888883,1386246,23/06/2013,2013,1015,1491 LAKE SHORE BLVD W,,,Major Arterial,Toronto and East York,43.635951,-79.442912,Non Intersection,Stop Sign,Clear,Daylight,Dry,Non-Fatal Injury,Cyclist Collisions,Driver,40 to 44,None,,North,"Automobile, Station Wagon",Going Ahead,Failed to Yield Right of Way,Inattentive,,,,,,,,Yes,Yes,,,,,,,Yes,,,,85,South Parkdale,85,South Parkdale (85),D14,625599.9734,4832616.942
9696,7888884,1386246,23/06/2013,2013,1015,1491 LAKE SHORE BLVD W,,,Major Arterial,Toronto and East York,43.635951,-79.442912,Non Intersection,Stop Sign,Clear,Daylight,Dry,Non-Fatal Injury,Cyclist Collisions,Cyclist,25 to 29,Major,,West,Bicycle,Going Ahead,,,,,,"Motorist without ROW drives into path of cyclist at inter, lnwy, dwy-Driver not turn.",Driving Properly,Normal,,Yes,Yes,,,,,,,Yes,,,,85,South Parkdale,85,South Parkdale (85),D14,625599.9734,4832616.942
9697,7832454,1362257,23/06/2013,2013,1620,F G GARDINER XY  E,LAKE SHORE BLVD W,,Major Arterial,Toronto and East York,43.633645,-79.43659,,No Control,Clear,Daylight,Dry,Non-Fatal Injury,Rear End,Passenger,10 to 14,Major,,,Other,,,,,,,,,,,,Yes,,,,,Yes,,Yes,,,,85,South Parkdale,85,South Parkdale (85),D14,626114.7558,4832370.417
9698,7832455,1362257,23/06/2013,2013,1620,F G GARDINER XY  E,LAKE SHORE BLVD W,,Major Arterial,Toronto and East York,43.633645,-79.43659,,No Control,Clear,Daylight,Dry,Non-Fatal Injury,Rear End,Driver,35 to 39,Minimal,,East,"Automobile, Station Wagon",Slowing or Stopping,Following too Close,Normal,,,,,,,,,Yes,,,,,Yes,,Yes,,,,85,South Parkdale,85,South Parkdale (85),D14,626114.7558,4832370.417
9699,7832456,1362257,23/06/2013,2013,1620,F G GARDINER XY  E,LAKE SHORE BLVD W,,Major Arterial,Toronto and East York,43.633645,-79.43659,,No Control,Clear,Daylight,Dry,Non-Fatal Injury,Rear End,Passenger,0 to 4,None,,,Other,,,,,,,,,,,,Yes,,,,,Yes,,Yes,,,,85,South Parkdale,85,South Parkdale (85),D14,626114.7558,4832370.417
9700,7832457,1362257,23/06/2013,2013,1620,F G GARDINER XY  E,LAKE SHORE BLVD W,,Major Arterial,Toronto and East York,43.633645,-79.43659,,No Control,Clear,Daylight,Dry,Non-Fatal Injury,Rear End,Passenger,35 to 39,Minimal,,,Other,,,,,,,,,,,,Yes,,,,,Yes,,Yes,,,,85,South Parkdale,85,South Parkdale (85),D14,626114.7558,4832370.417
9701,7832458,1362257,23/06/2013,2013,1620,F G GARDINER XY  E,LAKE SHORE BLVD W,,Major Arterial,Toronto and East York,43.633645,-79.43659,,No Control,Clear,Daylight,Dry,Non-Fatal Injury,Rear End,Driver,35 to 39,None,,East,"Automobile, Station Wagon",Slowing or Stopping,Driving Properly,Normal,,,,,,,,,Yes,,,,,Yes,,Yes,,,,85,South Parkdale,85,South Parkdale (85),D14,626114.7558,4832370.417
9702,7832459,1362257,23/06/2013,2013,1620,F G GARDINER XY  E,LAKE SHORE BLVD W,,Major Arterial,Toronto and East York,43.633645,-79.43659,,No Control,Clear,Daylight,Dry,Non-Fatal Injury,Rear End,Passenger,0 to 4,None,,,Other,,,,,,,,,,,,Yes,,,,,Yes,,Yes,,,,85,South Parkdale,85,South Parkdale (85),D14,626114.7558,4832370.417
9703,7832460,1362257,23/06/2013,2013,1620,F G GARDINER XY  E,LAKE SHORE BLVD W,,Major Arterial,Toronto and East York,43.633645,-79.43659,,No Control,Clear,Daylight,Dry,Non-Fatal Injury,Rear End,Passenger,25 to 29,Minimal,,,Other,,,,,,,,,,,,Yes,,,,,Yes,,Yes,,,,85,South Parkdale,85,South Parkdale (85),D14,626114.7558,4832370.417