OBJECTID,INDEX,ACCNUM,DATE,ACCIDENT_YEAR,TIME,STREET1,STREET2,OFFSET,ROAD_CLASS,DISTRICT,LATITUDE,LONGITUDE,ACCLOC,TRAFFCTL,VISIBILITY,LIGHT,RDSFCOND,ACCLASS,IMPACTYPE,INVTYPE,INVAGE,INJURY,FATAL_NO,INITDIR,VEHTYPE,MANOEUVER,DRIVACT,DRIVCOND,PEDTYPE,PEDACT,PEDCOND,CYCLISTYPE,CYCACT,CYCCOND,PEDESTRIAN,CYCLIST,AUTOMOBILE,MOTORCYCLE,TRUCK,TRSN_CITY_VEH,EMERG_VEH,PASSENGER,SPEEDING,AG_DRIV,REDLIGHT,ALCOHOL,DISABILITY,HOOD_158,NEIGHBOURHOOD_158,HOOD_140,NEIGHBOURHOOD_140,DIVISION,x,y
9704,7832461,1362257,23/06/2013,2013,1620,F G GARDINER XY  E,LAKE SHORE BLVD W,,Major Arterial,Toronto and East York,43.633645,-79.43659,,No Control,Clear,Daylight,Dry,Non-Fatal Injury,Rear End,Driver,25 to 29,None,,East,"Automobile, Station Wagon",Stopped,Driving Properly,Normal,,,,,,,,,Yes,,,,,Yes,,Yes,,,,85,South Parkdale,85,South Parkdale (85),D14,626114.7558,4832370.417
9705,7859534,1373775,24/06/2013,2013,1755,STEELES AVE E,STAINES RD,,Minor Arterial,Scarborough,43.841334,-79.230891,,No Control,Clear,Daylight,Dry,Non-Fatal Injury,Rear End,Driver,45 to 49,Major,,East,"Automobile, Station Wagon",Pulling Onto Shoulder or towardCurb,Lost control,Inattentive,,,,,,,,,Yes,,,,,Yes,,,,,,144,Morningside Heights,131,Rouge (131),D42,642215.4081,4855770.492
9706,7859535,1373775,24/06/2013,2013,1755,STEELES AVE E,STAINES RD,,Minor Arterial,Scarborough,43.841334,-79.230891,,No Control,Clear,Daylight,Dry,Non-Fatal Injury,Rear End,Passenger,10 to 14,Minimal,,,Other,,,,,,,,,,,,Yes,,,,,Yes,,,,,,144,Morningside Heights,131,Rouge (131),D42,642215.4081,4855770.492
9707,7859536,1373775,24/06/2013,2013,1755,STEELES AVE E,STAINES RD,,Minor Arterial,Scarborough,43.841334,-79.230891,,No Control,Clear,Daylight,Dry,Non-Fatal Injury,Rear End,Passenger,10 to 14,Minimal,,,Other,,,,,,,,,,,,Yes,,,,,Yes,,,,,,144,Morningside Heights,131,Rouge (131),D42,642215.4081,4855770.492
9708,7859537,1373775,24/06/2013,2013,1755,STEELES AVE E,STAINES RD,,Minor Arterial,Scarborough,43.841334,-79.230891,,No Control,Clear,Daylight,Dry,Non-Fatal Injury,Rear End,Driver,40 to 44,Minimal,,East,"Automobile, Station Wagon",Going Ahead,Driving Properly,Normal,,,,,,,,,Yes,,,,,Yes,,,,,,144,Morningside Heights,131,Rouge (131),D42,642215.4081,4855770.492
9709,7859538,1373775,24/06/2013,2013,1755,STEELES AVE E,STAINES RD,,Minor Arterial,Scarborough,43.841334,-79.230891,,No Control,Clear,Daylight,Dry,Non-Fatal Injury,Rear End,Other,unknown,None,,South,Other,Parked,,,,,,,,,,,Yes,,,,,Yes,,,,,,144,Morningside Heights,131,Rouge (131),D42,642215.4081,4855770.492
9710,7858808,1373473,25/06/2013,2013,1725,QUEEN ST W,MC CAUL ST,,Major Arterial,Toronto and East York,43.650145,-79.38979,,No Control,Clear,Daylight,Dry,Non-Fatal Injury,Pedestrian Collisions,Cyclist,30 to 34,None,,East,Bicycle,Going Ahead,,,,,,Cyclist strikes pedestrian.,Driving Properly,Normal,Yes,Yes,,,,,,,,,,,,164,Wellington Place,77,Waterfront Communities-The Island (77),D52,629854.4331,4834275.122
9711,7858809,1373473,25/06/2013,2013,1725,QUEEN ST W,MC CAUL ST,,Major Arterial,Toronto and East York,43.650145,-79.38979,,No Control,Clear,Daylight,Dry,Non-Fatal Injury,Pedestrian Collisions,Pedestrian,25 to 29,Major,,South,Other,,,,Vehicle is going straight thru inter.while ped cross without ROW,"Crossing, no Traffic Control",Unknown,,,,Yes,Yes,,,,,,,,,,,,164,Wellington Place,77,Waterfront Communities-The Island (77),D52,629854.4331,4834275.122
9712,7859462,1373747,25/06/2013,2013,2126,1173 DAVENPORT RD,,,Minor Arterial,Toronto and East York,43.674491,-79.432575,Intersection Related,No Control,Clear,"Dusk, artificial",Dry,Non-Fatal Injury,Cyclist Collisions,Driver,30 to 34,None,,East,Pick Up Truck,Stopped,Other,Inattentive,,,,,,,,Yes,Yes,,,,,,,,,,,94,Wychwood,94,Wychwood (94),D13,626352.9447,4836913.006
9713,7859463,1373747,25/06/2013,2013,2126,1173 DAVENPORT RD,,,Minor Arterial,Toronto and East York,43.674491,-79.432575,Intersection Related,No Control,Clear,"Dusk, artificial",Dry,Non-Fatal Injury,Cyclist Collisions,Cyclist,25 to 29,Major,,East,Bicycle,Going Ahead,,,,,,Cyclist struck opened vehicle door,Driving Properly,Normal,,Yes,Yes,,,,,,,,,,,94,Wychwood,94,Wychwood (94),D13,626352.9447,4836913.006
9714,7841611,1366140,27/06/2013,2013,205,DAVENPORT Rd,CHRISTIE St,,Minor Arterial,Toronto and East York,43.675545,-79.42309,At Intersection,Traffic Signal,Clear,"Dark, artificial",Dry,Non-Fatal Injury,Cyclist Collisions,Driver,unknown,None,,West,"Automobile, Station Wagon",Going Ahead,Disobeyed Traffic Control,Unknown,,,,,,,,Yes,Yes,,,,,,,Yes,Yes,,,94,Wychwood,94,Wychwood (94),D13,627115.3295,4837044.559
9715,7841612,1366140,27/06/2013,2013,205,DAVENPORT Rd,CHRISTIE St,,Minor Arterial,Toronto and East York,43.675545,-79.42309,At Intersection,Traffic Signal,Clear,"Dark, artificial",Dry,Non-Fatal Injury,Cyclist Collisions,Cyclist,50 to 54,Major,,North,Bicycle,Going Ahead,,,,,,"Motorist without ROW drives into path of cyclist at inter, lnwy, dwy-Driver not turn.",Driving Properly,Normal,,Yes,Yes,,,,,,,Yes,Yes,,,94,Wychwood,94,Wychwood (94),D13,627115.3295,4837044.559
9716,7860896,1374340,27/06/2013,2013,900,KEELE St,ROGERS Rd,,Major Arterial,Etobicoke York,43.682145,-79.47159,At Intersection,Traffic Signal,Clear,Daylight,Dry,Non-Fatal Injury,Pedestrian Collisions,Driver,45 to 49,None,,South,"Automobile, Station Wagon",Turning Right,Failed to Yield Right of Way,Unknown,,,,,,,Yes,,Yes,,,,,,,Yes,,,,110,Keelesdale-Eglinton West,110,Keelesdale-Eglinton West (110),D12,623192.1825,4837704.395
9717,7860897,1374340,27/06/2013,2013,900,KEELE St,ROGERS Rd,,Major Arterial,Etobicoke York,43.682145,-79.47159,At Intersection,Traffic Signal,Clear,Daylight,Dry,Non-Fatal Injury,Pedestrian Collisions,Pedestrian,75 to 79,Major,,East,Other,,,,Vehicle turns right while ped crosses with ROW at inter.,Crossing with right of way,Unknown,,,,Yes,,Yes,,,,,,,Yes,,,,110,Keelesdale-Eglinton West,110,Keelesdale-Eglinton West (110),D12,623192.1825,4837704.395
9718,7834267,1363030,27/06/2013,2013,1025,DUNDAS ST W,CLOVERDALE MALL,,Major Arterial,Etobicoke York,43.628993,-79.55492,At Intersection,Traffic Signal,Clear,Daylight,Dry,Non-Fatal Injury,Pedestrian Collisions,Driver,40 to 44,None,,West,"Automobile, Station Wagon",Going Ahead,Failed to Yield Right of Way,Unknown,,,,,,,Yes,,Yes,,,,,,,Yes,,,,159,Etobicoke City Centre,14,Islington-City Centre West (14),D22,616578.4056,4831680.787
9719,7834268,1363030,27/06/2013,2013,1025,DUNDAS ST W,CLOVERDALE MALL,,Major Arterial,Etobicoke York,43.628993,-79.55492,At Intersection,Traffic Signal,Clear,Daylight,Dry,Non-Fatal Injury,Pedestrian Collisions,Pedestrian,50 to 54,Major,,North,Other,,,,Vehicle is going straight thru inter.while ped cross with ROW,Crossing with right of way,Unknown,,,,Yes,,Yes,,,,,,,Yes,,,,159,Etobicoke City Centre,14,Islington-City Centre West (14),D22,616578.4056,4831680.787
9720,7860781,1374300,27/06/2013,2013,1215,BLOOR ST W,MILL RD,,Major Arterial,Etobicoke York,43.631345,-79.57679,,No Control,Clear,Daylight,Dry,Non-Fatal Injury,Pedestrian Collisions,Driver,15 to 19,None,,East,"Automobile, Station Wagon",Other,Lost control,Fatigue,,,,,,,Yes,,Yes,,,,,,,,,,,12,Markland Wood,12,Markland Wood (12),D22,614809.6036,4831911.528
9721,7860782,1374300,27/06/2013,2013,1215,BLOOR ST W,MILL RD,,Major Arterial,Etobicoke York,43.631345,-79.57679,,No Control,Clear,Daylight,Dry,Non-Fatal Injury,Pedestrian Collisions,Pedestrian,25 to 29,Major,,East,Other,,,,Pedestrian hit at mid-block,Other,Normal,,,,Yes,,Yes,,,,,,,,,,,12,Markland Wood,12,Markland Wood (12),D22,614809.6036,4831911.528
9722,7834394,1363081,27/06/2013,2013,2201,DANFORTH RD,HUNTINGTON AVE,,Major Arterial,Scarborough,43.727782,-79.252467,,No Control,Clear,Dark,Dry,Non-Fatal Injury,Pedestrian Collisions,Pedestrian,unknown,Major,,North,Other,Other,,,,,,,,,Yes,,Yes,,,,,,,,,,,124,Kennedy Park,124,Kennedy Park (124),D41,640747.1825,4843121.862
9723,7834395,1363081,27/06/2013,2013,2201,DANFORTH RD,HUNTINGTON AVE,,Major Arterial,Scarborough,43.727782,-79.252467,,No Control,Clear,Dark,Dry,Non-Fatal Injury,Pedestrian Collisions,Driver,unknown,None,,West,"Automobile, Station Wagon",Going Ahead,,,,,,,,,Yes,,Yes,,,,,,,,,,,124,Kennedy Park,124,Kennedy Park (124),D41,640747.1825,4843121.862
9724,7861089,1374422,29/06/2013,2013,2220,LAKE SHORE Blvd W,REMEMBRANCE Dr,,Major Arterial,Toronto and East York,43.634406,-79.408748,At Intersection,Traffic Signal,Clear,"Dark, artificial",Dry,Non-Fatal Injury,Turning Movement,Passenger,25 to 29,Minor,,,Other,,,,,,,,,,,,Yes,Yes,,,,Yes,,,,,,163,Fort York-Liberty Village,82,Niagara (82),D14,628359.0742,4832497.612
9725,7861090,1374422,29/06/2013,2013,2220,LAKE SHORE Blvd W,REMEMBRANCE Dr,,Major Arterial,Toronto and East York,43.634406,-79.408748,At Intersection,Traffic Signal,Clear,"Dark, artificial",Dry,Non-Fatal Injury,Turning Movement,Motorcycle Driver,35 to 39,Major,,East,Motorcycle,Going Ahead,Driving Properly,Normal,,,,,,,,,Yes,Yes,,,,Yes,,,,,,163,Fort York-Liberty Village,82,Niagara (82),D14,628359.0742,4832497.612
9726,7861091,1374422,29/06/2013,2013,2220,LAKE SHORE Blvd W,REMEMBRANCE Dr,,Major Arterial,Toronto and East York,43.634406,-79.408748,At Intersection,Traffic Signal,Clear,"Dark, artificial",Dry,Non-Fatal Injury,Turning Movement,Vehicle Owner,unknown,,,,Other,,,,,,,,,,,,Yes,Yes,,,,Yes,,,,,,163,Fort York-Liberty Village,82,Niagara (82),D14,628359.0742,4832497.612
9727,7861092,1374422,29/06/2013,2013,2220,LAKE SHORE Blvd W,REMEMBRANCE Dr,,Major Arterial,Toronto and East York,43.634406,-79.408748,At Intersection,Traffic Signal,Clear,"Dark, artificial",Dry,Non-Fatal Injury,Turning Movement,Driver,40 to 44,Minimal,,West,"Automobile, Station Wagon",Making U Turn,Improper Turn,Inattentive,,,,,,,,,Yes,Yes,,,,Yes,,,,,,163,Fort York-Liberty Village,82,Niagara (82),D14,628359.0742,4832497.612
9728,7835481,1363559,30/06/2013,2013,1243,FINCH AVE W,OAKDALE RD,,Major Arterial,Etobicoke York,43.755945,-79.52429,At Intersection,Traffic Signal,Clear,Daylight,Dry,Non-Fatal Injury,Pedestrian Collisions,Driver,40 to 44,None,,North,"Automobile, Station Wagon",Turning Left,Failed to Yield Right of Way,Normal,,,,,,,Yes,,Yes,,,,,,,Yes,,,,24,Black Creek,24,Black Creek (24),D31,618798.5119,4845823.99
9729,7835482,1363559,30/06/2013,2013,1243,FINCH AVE W,OAKDALE RD,,Major Arterial,Etobicoke York,43.755945,-79.52429,At Intersection,Traffic Signal,Clear,Daylight,Dry,Non-Fatal Injury,Pedestrian Collisions,Pedestrian,85 to 89,Major,,South,Other,,,,Vehicle turns left while ped crosses without ROW at inter.,Crossing without right of way,Medical or Physical Disability,,,,Yes,,Yes,,,,,,,Yes,,,,24,Black Creek,24,Black Creek (24),D31,618798.5119,4845823.99
9730,7863456,1375460,03/07/2013,2013,25,YORK MILLS RD,PARKWOODS VILLAGE DR,,Major Arterial,North York,43.761538,-79.323894,At Intersection,No Control,Clear,Dark,Dry,Non-Fatal Injury,SMV Other,Motorcycle Driver,20 to 24,Major,,North,Motorcycle,Going Ahead,Lost control,"Ability Impaired, Alcohol Over .08",,,,,,,,,,Yes,,,,,,Yes,,Yes,,150,Fenside-Parkwoods,45,Parkwoods-Donalda (45),D33,634918.4956,4846752.129
9731,7842183,1366347,03/07/2013,2013,1319,LAKE SHORE BLVD W,BAY ST,,Major Arterial,Toronto and East York,43.642996,-79.377811,,Traffic Signal,Clear,Daylight,Dry,Fatal,Pedestrian Collisions,Vehicle Owner,unknown,,,,,,,,,,,,,,Yes,,Yes,,,,,Yes,,Yes,,,,166,St Lawrence-East Bayfront-The Islands,77,Waterfront Communities-The Island (77),D52,630836.0026,4833499.946
9732,7842184,1366347,03/07/2013,2013,1319,LAKE SHORE BLVD W,BAY ST,,Major Arterial,Toronto and East York,43.642996,-79.377811,,Traffic Signal,Clear,Daylight,Dry,Fatal,Pedestrian Collisions,Driver,65 to 69,Major,,West,"Automobile, Station Wagon",Going Ahead,Driving Properly,Normal,,,,,,,Yes,,Yes,,,,,Yes,,Yes,,,,166,St Lawrence-East Bayfront-The Islands,77,Waterfront Communities-The Island (77),D52,630836.0026,4833499.946
9733,7842185,1366347,03/07/2013,2013,1319,LAKE SHORE BLVD W,BAY ST,,Major Arterial,Toronto and East York,43.642996,-79.377811,,Traffic Signal,Clear,Daylight,Dry,Fatal,Pedestrian Collisions,Passenger,50 to 54,Minor,,,,,,,,,,,,,Yes,,Yes,,,,,Yes,,Yes,,,,166,St Lawrence-East Bayfront-The Islands,77,Waterfront Communities-The Island (77),D52,630836.0026,4833499.946
9734,7842186,1366347,03/07/2013,2013,1319,LAKE SHORE BLVD W,BAY ST,,Major Arterial,Toronto and East York,43.642996,-79.377811,,Traffic Signal,Clear,Daylight,Dry,Fatal,Pedestrian Collisions,Passenger,65 to 69,None,,,,,,,,,,,,,Yes,,Yes,,,,,Yes,,Yes,,,,166,St Lawrence-East Bayfront-The Islands,77,Waterfront Communities-The Island (77),D52,630836.0026,4833499.946
9735,7842187,1366347,03/07/2013,2013,1319,LAKE SHORE BLVD W,BAY ST,,Major Arterial,Toronto and East York,43.642996,-79.377811,,Traffic Signal,Clear,Daylight,Dry,Fatal,Pedestrian Collisions,Driver,50 to 54,Minor,,West,"Automobile, Station Wagon",Changing Lanes,Improper Lane Change,Inattentive,,,,,,,Yes,,Yes,,,,,Yes,,Yes,,,,166,St Lawrence-East Bayfront-The Islands,77,Waterfront Communities-The Island (77),D52,630836.0026,4833499.946
9736,7842188,1366347,03/07/2013,2013,1319,LAKE SHORE BLVD W,BAY ST,,Major Arterial,Toronto and East York,43.642996,-79.377811,,Traffic Signal,Clear,Daylight,Dry,Fatal,Pedestrian Collisions,Pedestrian,5 to 9,Minor,,North,,,,,Pedestrian hit on sidewalk or shoulder,On Sidewalk or Shoulder,Unknown,,,,Yes,,Yes,,,,,Yes,,Yes,,,,166,St Lawrence-East Bayfront-The Islands,77,Waterfront Communities-The Island (77),D52,630836.0026,4833499.946
9737,7842189,1366347,03/07/2013,2013,1319,LAKE SHORE BLVD W,BAY ST,,Major Arterial,Toronto and East York,43.642996,-79.377811,,Traffic Signal,Clear,Daylight,Dry,Fatal,Pedestrian Collisions,Pedestrian,15 to 19,Minor,,North,,,,,Pedestrian hit on sidewalk or shoulder,On Sidewalk or Shoulder,Unknown,,,,Yes,,Yes,,,,,Yes,,Yes,,,,166,St Lawrence-East Bayfront-The Islands,77,Waterfront Communities-The Island (77),D52,630836.0026,4833499.946
9738,7842190,1366347,03/07/2013,2013,1319,LAKE SHORE BLVD W,BAY ST,,Major Arterial,Toronto and East York,43.642996,-79.377811,,Traffic Signal,Clear,Daylight,Dry,Fatal,Pedestrian Collisions,Pedestrian,40 to 44,Minor,,North,,,,,Pedestrian hit on sidewalk or shoulder,On Sidewalk or Shoulder,Unknown,,,,Yes,,Yes,,,,,Yes,,Yes,,,,166,St Lawrence-East Bayfront-The Islands,77,Waterfront Communities-The Island (77),D52,630836.0026,4833499.946
9739,7842191,1366347,03/07/2013,2013,1319,LAKE SHORE BLVD W,BAY ST,,Major Arterial,Toronto and East York,43.642996,-79.377811,,Traffic Signal,Clear,Daylight,Dry,Fatal,Pedestrian Collisions,Pedestrian,55 to 59,Major,,North,,,,,Pedestrian hit on sidewalk or shoulder,On Sidewalk or Shoulder,Unknown,,,,Yes,,Yes,,,,,Yes,,Yes,,,,166,St Lawrence-East Bayfront-The Islands,77,Waterfront Communities-The Island (77),D52,630836.0026,4833499.946
9740,7842192,1366347,03/07/2013,2013,1319,LAKE SHORE BLVD W,BAY ST,,Major Arterial,Toronto and East York,43.642996,-79.377811,,Traffic Signal,Clear,Daylight,Dry,Fatal,Pedestrian Collisions,Pedestrian,70 to 74,Fatal,19,North,,,,,Pedestrian hit on sidewalk or shoulder,On Sidewalk or Shoulder,Unknown,,,,Yes,,Yes,,,,,Yes,,Yes,,,,166,St Lawrence-East Bayfront-The Islands,77,Waterfront Communities-The Island (77),D52,630836.0026,4833499.946
9741,7842193,1366347,03/07/2013,2013,1319,LAKE SHORE BLVD W,BAY ST,,Major Arterial,Toronto and East York,43.642996,-79.377811,,Traffic Signal,Clear,Daylight,Dry,Fatal,Pedestrian Collisions,Pedestrian,45 to 49,Minimal,,North,,,,,Pedestrian hit on sidewalk or shoulder,On Sidewalk or Shoulder,Unknown,,,,Yes,,Yes,,,,,Yes,,Yes,,,,166,St Lawrence-East Bayfront-The Islands,77,Waterfront Communities-The Island (77),D52,630836.0026,4833499.946
9742,7842194,1366347,03/07/2013,2013,1319,LAKE SHORE BLVD W,BAY ST,,Major Arterial,Toronto and East York,43.642996,-79.377811,,Traffic Signal,Clear,Daylight,Dry,Fatal,Pedestrian Collisions,Pedestrian,70 to 74,Major,,North,,,,,Pedestrian hit on sidewalk or shoulder,On Sidewalk or Shoulder,Unknown,,,,Yes,,Yes,,,,,Yes,,Yes,,,,166,St Lawrence-East Bayfront-The Islands,77,Waterfront Communities-The Island (77),D52,630836.0026,4833499.946
9743,7835426,1363537,03/07/2013,2013,2105,98 HAVENDALE RD,,,Collector,Scarborough,43.792746,-79.284488,,No Control,Clear,Dark,Dry,Fatal,SMV Other,Motorcycle Driver,25 to 29,Fatal,18,West,Motorcycle,Going Ahead,Lost control,Unknown,,,,,,,,,Yes,Yes,,,,,Yes,Yes,,,,128,Agincourt South-Malvern West,128,Agincourt South-Malvern West (128),D42,638018.7018,4850283.22
9744,7835427,1363537,03/07/2013,2013,2105,98 HAVENDALE RD,,,Collector,Scarborough,43.792746,-79.284488,,No Control,Clear,Dark,Dry,Fatal,SMV Other,Other,unknown,None,,Unknown,"Automobile, Station Wagon",Parked,,,,,,,,,,,Yes,Yes,,,,,Yes,Yes,,,,128,Agincourt South-Malvern West,128,Agincourt South-Malvern West (128),D42,638018.7018,4850283.22
9745,7835428,1363537,03/07/2013,2013,2105,98 HAVENDALE RD,,,Collector,Scarborough,43.792746,-79.284488,,No Control,Clear,Dark,Dry,Fatal,SMV Other,,unknown,,,,,,,,,,,,,,,,Yes,Yes,,,,,Yes,Yes,,,,128,Agincourt South-Malvern West,128,Agincourt South-Malvern West (128),D42,638018.7018,4850283.22
9746,7864312,1375838,04/07/2013,2013,1444,QUEENS QUAY E,LOWER JARVIS ST,,Minor Arterial,Toronto and East York,43.643866,-79.368961,At Intersection,Traffic Signal,Clear,Daylight,Dry,Non-Fatal Injury,Cyclist Collisions,Driver,30 to 34,None,,East,"Automobile, Station Wagon",Turning Left,Failed to Yield Right of Way,Normal,,,,,,,,Yes,Yes,,,,,,,Yes,,,,166,St Lawrence-East Bayfront-The Islands,77,Waterfront Communities-The Island (77),D51,631547.8992,4833610.561
9747,7864313,1375838,04/07/2013,2013,1444,QUEENS QUAY E,LOWER JARVIS ST,,Minor Arterial,Toronto and East York,43.643866,-79.368961,At Intersection,Traffic Signal,Clear,Daylight,Dry,Non-Fatal Injury,Cyclist Collisions,Cyclist,50 to 54,Major,,West,Bicycle,Going Ahead,,,,,,Motorist turned left across cyclists path.,Disobeyed Traffic Control,Normal,,Yes,Yes,,,,,,,Yes,,,,166,St Lawrence-East Bayfront-The Islands,77,Waterfront Communities-The Island (77),D51,631547.8992,4833610.561
9748,7836745,1364079,05/07/2013,2013,2248,MCCOWAN RD,LAWRENCE AVE E,,Major Arterial,Scarborough,43.755545,-79.245387,At Intersection,Traffic Signal,Clear,"Dark, artificial",Dry,Fatal,Pedestrian Collisions,Driver,55 to 59,None,,North,"Automobile, Station Wagon",Going Ahead,Driving Properly,Normal,,,,,,,Yes,,Yes,,,,,,,,,,,157,Bendale South,127,Bendale (127),D43,641252.1072,4846217.413
9749,7836746,1364079,05/07/2013,2013,2248,MCCOWAN RD,LAWRENCE AVE E,,Major Arterial,Scarborough,43.755545,-79.245387,At Intersection,Traffic Signal,Clear,"Dark, artificial",Dry,Fatal,Pedestrian Collisions,Pedestrian,75 to 79,Fatal,20,East,,,,,Vehicle is going straight thru inter.while ped cross without ROW,Crossing without right of way,Had Been Drinking,,,,Yes,,Yes,,,,,,,,,,,157,Bendale South,127,Bendale (127),D43,641252.1072,4846217.413
9750,7837046,1364208,06/07/2013,2013,2023,DUNDAS ST E,POULETT ST,,Major Arterial,Toronto and East York,43.659245,-79.36669,,No Control,Clear,Daylight,Dry,Non-Fatal Injury,Pedestrian Collisions,Driver,45 to 49,None,,East,Municipal Transit Bus (TTC),Slowing or Stopping,Driving Properly,Normal,,,,,,,Yes,,,,,Yes,,,,,,,,73,Moss Park,73,Moss Park (73),D51,631697.4451,4835322.204
9751,7837047,1364208,06/07/2013,2013,2023,DUNDAS ST E,POULETT ST,,Major Arterial,Toronto and East York,43.659245,-79.36669,,No Control,Clear,Daylight,Dry,Non-Fatal Injury,Pedestrian Collisions,Pedestrian,55 to 59,Major,,North,Other,,,,Pedestrian involved in a collision with transit vehicle anywhere along roadway,Running onto Roadway,Unknown,,,,Yes,,,,,Yes,,,,,,,,73,Moss Park,73,Moss Park (73),D51,631697.4451,4835322.204
9752,7837048,1364208,06/07/2013,2013,2023,DUNDAS ST E,POULETT ST,,Major Arterial,Toronto and East York,43.659245,-79.36669,,No Control,Clear,Daylight,Dry,Non-Fatal Injury,Pedestrian Collisions,Vehicle Owner,unknown,,,,Other,,,,,,,,,,Yes,,,,,Yes,,,,,,,,73,Moss Park,73,Moss Park (73),D51,631697.4451,4835322.204
9753,7861168,1374452,08/07/2013,2013,945,SUTHERLAND DR,MCRAE DR,,Collector,North York,43.708598,-79.365428,At Intersection,Stop Sign,Clear,Daylight,Dry,Non-Fatal Injury,Cyclist Collisions,Driver,55 to 59,None,,West,Pick Up Truck,Going Ahead,Failed to Yield Right of Way,Normal,,,,,,,,Yes,Yes,,,,,,,Yes,,,,56,Leaside-Bennington,56,Leaside-Bennington (56),D53,631691.1697,4840805.537
9754,7861169,1374452,08/07/2013,2013,945,SUTHERLAND DR,MCRAE DR,,Collector,North York,43.708598,-79.365428,At Intersection,Stop Sign,Clear,Daylight,Dry,Non-Fatal Injury,Cyclist Collisions,Cyclist,25 to 29,Major,,North,Bicycle,Going Ahead,,,,,,"Motorist without ROW drives into path of cyclist at inter, lnwy, dwy-Driver not turn.",Driving Properly,Normal,,Yes,Yes,,,,,,,Yes,,,,56,Leaside-Bennington,56,Leaside-Bennington (56),D53,631691.1697,4840805.537
9755,7837531,1364430,08/07/2013,2013,1715,MCCOWAN RD,KENHATCH BLVD,,Major Arterial,Scarborough,43.801444,-79.263789,,Traffic Signal,Rain,Daylight,Wet,Fatal,Pedestrian Collisions,Vehicle Owner,unknown,,,,,,,,,,,,,,Yes,,,,,Yes,,,,,,,,129,Agincourt North,129,Agincourt North (129),D42,639663.7575,4851283.998
9756,7837532,1364430,08/07/2013,2013,1715,MCCOWAN RD,KENHATCH BLVD,,Major Arterial,Scarborough,43.801444,-79.263789,,Traffic Signal,Rain,Daylight,Wet,Fatal,Pedestrian Collisions,Driver,50 to 54,None,,South,Municipal Transit Bus (TTC),Going Ahead,Driving Properly,Normal,,,,,,,Yes,,,,,Yes,,,,,,,,129,Agincourt North,129,Agincourt North (129),D42,639663.7575,4851283.998
9757,7837533,1364430,08/07/2013,2013,1715,MCCOWAN RD,KENHATCH BLVD,,Major Arterial,Scarborough,43.801444,-79.263789,,Traffic Signal,Rain,Daylight,Wet,Fatal,Pedestrian Collisions,Pedestrian,65 to 69,Fatal,24,East,,,,,Pedestrian involved in a collision with transit vehicle anywhere along roadway,Crossing without right of way,Inattentive,,,,Yes,,,,,Yes,,,,,,,,129,Agincourt North,129,Agincourt North (129),D42,639663.7575,4851283.998
9758,7866503,1376797,08/07/2013,2013,2106,LAWRENCE AVE W,PINE ST,,Major Arterial,Etobicoke York,43.701968,-79.508319,At Intersection,Traffic Signal,Rain,Dark,Wet,Non-Fatal Injury,Pedestrian Collisions,Driver,65 to 69,None,,West,"Automobile, Station Wagon",Going Ahead,Failed to Yield Right of Way,Inattentive,,,,,,,Yes,,Yes,,,,,,,Yes,,,,113,Weston,113,Weston (113),D12,620192.1405,4839852.108
9759,7866504,1376797,08/07/2013,2013,2106,LAWRENCE AVE W,PINE ST,,Major Arterial,Etobicoke York,43.701968,-79.508319,At Intersection,Traffic Signal,Rain,Dark,Wet,Non-Fatal Injury,Pedestrian Collisions,Pedestrian,65 to 69,Major,,North,Other,,,,Vehicle is going straight thru inter.while ped cross with ROW,Crossing with right of way,Normal,,,,Yes,,Yes,,,,,,,Yes,,,,113,Weston,113,Weston (113),D12,620192.1405,4839852.108
9760,7866760,1376894,09/07/2013,2013,1627,CHURCH ST,HAYDEN ST,,Minor Arterial,Toronto and East York,43.670149,-79.3828,At Intersection,Stop Sign,Clear,Daylight,Dry,Non-Fatal Injury,Pedestrian Collisions,Driver,45 to 49,None,,West,"Automobile, Station Wagon",Turning Left,Driving Properly,Normal,,,,,,,Yes,,Yes,,,,,,,,,,,167,Church-Wellesley,75,Church-Yonge Corridor (75),D51,630374.8391,4836507.793
9761,7866761,1376894,09/07/2013,2013,1627,CHURCH ST,HAYDEN ST,,Minor Arterial,Toronto and East York,43.670149,-79.3828,At Intersection,Stop Sign,Clear,Daylight,Dry,Non-Fatal Injury,Pedestrian Collisions,Pedestrian,40 to 44,Major,,East,Other,,,,Vehicle turns left while ped crosses without ROW at inter.,Crossing without right of way,Normal,,,,Yes,,Yes,,,,,,,,,,,167,Church-Wellesley,75,Church-Yonge Corridor (75),D51,630374.8391,4836507.793
9762,7866833,1376926,09/07/2013,2013,1758,244 CALEDONIA Rd,,,Minor Arterial,Toronto and East York,43.682246,-79.457691,,No Control,Clear,Daylight,Dry,Non-Fatal Injury,Pedestrian Collisions,Driver,25 to 29,None,,South,"Automobile, Station Wagon",Going Ahead,Driving Properly,Normal,,,,,,,Yes,,Yes,,,,,,,,,,,109,Caledonia-Fairbank,109,Caledonia-Fairbank (109),D13,624312.2646,4837736.351
9763,7866834,1376926,09/07/2013,2013,1758,244 CALEDONIA Rd,,,Minor Arterial,Toronto and East York,43.682246,-79.457691,,No Control,Clear,Daylight,Dry,Non-Fatal Injury,Pedestrian Collisions,Pedestrian,70 to 74,Major,,East,Other,,,,Pedestrian hit at mid-block,"Crossing, no Traffic Control",Inattentive,,,,Yes,,Yes,,,,,,,,,,,109,Caledonia-Fairbank,109,Caledonia-Fairbank (109),D13,624312.2646,4837736.351