OBJECTID,INDEX,ACCNUM,DATE,ACCIDENT_YEAR,TIME,STREET1,STREET2,OFFSET,ROAD_CLASS,DISTRICT,LATITUDE,LONGITUDE,ACCLOC,TRAFFCTL,VISIBILITY,LIGHT,RDSFCOND,ACCLASS,IMPACTYPE,INVTYPE,INVAGE,INJURY,FATAL_NO,INITDIR,VEHTYPE,MANOEUVER,DRIVACT,DRIVCOND,PEDTYPE,PEDACT,PEDCOND,CYCLISTYPE,CYCACT,CYCCOND,PEDESTRIAN,CYCLIST,AUTOMOBILE,MOTORCYCLE,TRUCK,TRSN_CITY_VEH,EMERG_VEH,PASSENGER,SPEEDING,AG_DRIV,REDLIGHT,ALCOHOL,DISABILITY,HOOD_158,NEIGHBOURHOOD_158,HOOD_140,NEIGHBOURHOOD_140,DIVISION,x,y
9885,7850188,1369726,09/08/2013,2013,1325,LAKE SHORE BLVD W,QUEENS AVE,,Major Arterial,Etobicoke York,43.60966,-79.49026,,No Control,Clear,Daylight,Dry,Non-Fatal Injury,Turning Movement,Passenger,unknown,Minor,,,Other,,,,,,,,,,,,Yes,,,,,Yes,,,,,,160,Mimico-Queensway,17,Mimico (includes Humber Bay Shores) (17),D22,621833.7828,4829626.449
9886,7850189,1369726,09/08/2013,2013,1325,LAKE SHORE BLVD W,QUEENS AVE,,Major Arterial,Etobicoke York,43.60966,-79.49026,,No Control,Clear,Daylight,Dry,Non-Fatal Injury,Turning Movement,Driver,50 to 54,Major,,,"Automobile, Station Wagon",Going Ahead,,,,,,,,,,,Yes,,,,,Yes,,,,,,160,Mimico-Queensway,17,Mimico (includes Humber Bay Shores) (17),D22,621833.7828,4829626.449
9887,7850190,1369726,09/08/2013,2013,1325,LAKE SHORE BLVD W,QUEENS AVE,,Major Arterial,Etobicoke York,43.60966,-79.49026,,No Control,Clear,Daylight,Dry,Non-Fatal Injury,Turning Movement,Vehicle Owner,unknown,,,,Other,,,,,,,,,,,,Yes,,,,,Yes,,,,,,160,Mimico-Queensway,17,Mimico (includes Humber Bay Shores) (17),D22,621833.7828,4829626.449
9888,7850191,1369726,09/08/2013,2013,1325,LAKE SHORE BLVD W,QUEENS AVE,,Major Arterial,Etobicoke York,43.60966,-79.49026,,No Control,Clear,Daylight,Dry,Non-Fatal Injury,Turning Movement,Driver,20 to 24,Minor,,,"Automobile, Station Wagon",Making U Turn,,,,,,,,,,,Yes,,,,,Yes,,,,,,160,Mimico-Queensway,17,Mimico (includes Humber Bay Shores) (17),D22,621833.7828,4829626.449
9889,7855781,1372200,10/08/2013,2013,250,SPADINA AVE,OXFORD ST,,Major Arterial,Toronto and East York,43.656737,-79.399577,At Intersection,No Control,Clear,"Dark, artificial",Dry,Non-Fatal Injury,Cyclist Collisions,Driver,unknown,None,,South,"Automobile, Station Wagon",Reversing,Other,Unknown,,,,,,,,Yes,Yes,,,,,,,,,,,78,Kensington-Chinatown,78,Kensington-Chinatown (78),D52,629051.0376,4834991.982
9890,7855782,1372200,10/08/2013,2013,250,SPADINA AVE,OXFORD ST,,Major Arterial,Toronto and East York,43.656737,-79.399577,At Intersection,No Control,Clear,"Dark, artificial",Dry,Non-Fatal Injury,Cyclist Collisions,Cyclist,20 to 24,Major,,South,Bicycle,Slowing or Stopping,,,,,,Cyclist and Driver travelling in same direction. One vehicle rear-ended the other.,Other,Had Been Drinking,,Yes,Yes,,,,,,,,,,,78,Kensington-Chinatown,78,Kensington-Chinatown (78),D52,629051.0376,4834991.982
9891,7850556,1369884,12/08/2013,2013,745,KENNEDY RD,SHEPPARD Ave E,,Major Arterial,Scarborough,43.783278,-79.288257,At Intersection,Traffic Signal,Clear,Daylight,Dry,Non-Fatal Injury,Pedestrian Collisions,Vehicle Owner,unknown,,,,Other,,,,,,,,,,Yes,,Yes,,,,,,,,,,,128,Agincourt South-Malvern West,128,Agincourt South-Malvern West (128),D42,637737.2161,4849225.37
9892,7850557,1369884,12/08/2013,2013,745,KENNEDY RD,SHEPPARD Ave E,,Major Arterial,Scarborough,43.783278,-79.288257,At Intersection,Traffic Signal,Clear,Daylight,Dry,Non-Fatal Injury,Pedestrian Collisions,Driver,50 to 54,None,,North,"Automobile, Station Wagon",Turning Left,Driving Properly,Normal,,,,,,,Yes,,Yes,,,,,,,,,,,128,Agincourt South-Malvern West,128,Agincourt South-Malvern West (128),D42,637737.2161,4849225.37
9893,7850558,1369884,12/08/2013,2013,745,KENNEDY RD,SHEPPARD Ave E,,Major Arterial,Scarborough,43.783278,-79.288257,At Intersection,Traffic Signal,Clear,Daylight,Dry,Non-Fatal Injury,Pedestrian Collisions,Pedestrian,70 to 74,Major,,West,Other,,,,Vehicle turns left while ped crosses without ROW at inter.,Crossing without right of way,Normal,,,,Yes,,Yes,,,,,,,,,,,128,Agincourt South-Malvern West,128,Agincourt South-Malvern West (128),D42,637737.2161,4849225.37
9894,7850717,1369968,12/08/2013,2013,2055,BATHURST ST,FINCH AVE W,,Major Arterial,North York,43.774256,-79.443103,,No Control,Clear,Dark,Dry,Non-Fatal Injury,Pedestrian Collisions,Vehicle Owner,unknown,,,,Other,,,,,,,,,,Yes,,Yes,,,,,,,,,,,36,Newtonbrook West,36,Newtonbrook West (36),D32,625296.0972,4847977.352
9895,7850718,1369968,12/08/2013,2013,2055,BATHURST ST,FINCH AVE W,,Major Arterial,North York,43.774256,-79.443103,,No Control,Clear,Dark,Dry,Non-Fatal Injury,Pedestrian Collisions,Driver,55 to 59,None,,North,"Automobile, Station Wagon",Going Ahead,Driving Properly,Normal,,,,,,,Yes,,Yes,,,,,,,,,,,36,Newtonbrook West,36,Newtonbrook West (36),D32,625296.0972,4847977.352
9896,7850719,1369968,12/08/2013,2013,2055,BATHURST ST,FINCH AVE W,,Major Arterial,North York,43.774256,-79.443103,,No Control,Clear,Dark,Dry,Non-Fatal Injury,Pedestrian Collisions,Pedestrian,75 to 79,Major,,East,Other,,,,Pedestrian hit at mid-block,"Crossing, no Traffic Control",Unknown,,,,Yes,,Yes,,,,,,,,,,,36,Newtonbrook West,36,Newtonbrook West (36),D32,625296.0972,4847977.352
9897,7850941,1370071,13/08/2013,2013,748,KIPLING Ave,THORNCREST RD,,Major Arterial,Etobicoke York,43.661391,-79.543903,,No Control,Clear,Daylight,Dry,Non-Fatal Injury,Angle,Motorcycle Driver,25 to 29,Major,,South,Motorcycle,Going Ahead,Driving Properly,Normal,,,,,,,,,Yes,Yes,,,,,Yes,Yes,,,,10,Princess-Rosethorn,10,Princess-Rosethorn (10),D22,617404.056,4835294.523
9898,7850942,1370071,13/08/2013,2013,748,KIPLING Ave,THORNCREST RD,,Major Arterial,Etobicoke York,43.661391,-79.543903,,No Control,Clear,Daylight,Dry,Non-Fatal Injury,Angle,Driver,35 to 39,None,,East,"Automobile, Station Wagon",Other,Failed to Yield Right of Way,Normal,,,,,,,,,Yes,Yes,,,,,Yes,Yes,,,,10,Princess-Rosethorn,10,Princess-Rosethorn (10),D22,617404.056,4835294.523
9899,7851059,1370122,13/08/2013,2013,1133,STEELES AVE E,MIDDLEFIELD RD,,Major Arterial,Scarborough,43.832644,-79.267993,At Intersection,Traffic Signal,Clear,Daylight,Dry,Fatal,Pedestrian Collisions,Truck Driver,40 to 44,Major,,East,"Truck - Closed (Blazer, etc)",Going Ahead,Exceeding Speed Limit,Unknown,,,,,,,Yes,,,,Yes,Yes,,Yes,Yes,Yes,,,,130,Milliken,130,Milliken (130),D42,639253.0285,4854742.182
9900,7851060,1370122,13/08/2013,2013,1133,STEELES AVE E,MIDDLEFIELD RD,,Major Arterial,Scarborough,43.832644,-79.267993,At Intersection,Traffic Signal,Clear,Daylight,Dry,Fatal,Pedestrian Collisions,Vehicle Owner,unknown,,,,,,,,,,,,,,Yes,,,,Yes,Yes,,Yes,Yes,Yes,,,,130,Milliken,130,Milliken (130),D42,639253.0285,4854742.182
9901,7851061,1370122,13/08/2013,2013,1133,STEELES AVE E,MIDDLEFIELD RD,,Major Arterial,Scarborough,43.832644,-79.267993,At Intersection,Traffic Signal,Clear,Daylight,Dry,Fatal,Pedestrian Collisions,Passenger,50 to 54,Fatal,30,,,,,,,,,,,,Yes,,,,Yes,Yes,,Yes,Yes,Yes,,,,130,Milliken,130,Milliken (130),D42,639253.0285,4854742.182
9902,7851062,1370122,13/08/2013,2013,1133,STEELES AVE E,MIDDLEFIELD RD,,Major Arterial,Scarborough,43.832644,-79.267993,At Intersection,Traffic Signal,Clear,Daylight,Dry,Fatal,Pedestrian Collisions,Driver,35 to 39,Major,,West,Municipal Transit Bus (TTC),Stopped,Driving Properly,Normal,,,,,,,Yes,,,,Yes,Yes,,Yes,Yes,Yes,,,,130,Milliken,130,Milliken (130),D42,639253.0285,4854742.182
9903,7851063,1370122,13/08/2013,2013,1133,STEELES AVE E,MIDDLEFIELD RD,,Major Arterial,Scarborough,43.832644,-79.267993,At Intersection,Traffic Signal,Clear,Daylight,Dry,Fatal,Pedestrian Collisions,Passenger,20 to 24,Minor,,,,,,,,,,,,,Yes,,,,Yes,Yes,,Yes,Yes,Yes,,,,130,Milliken,130,Milliken (130),D42,639253.0285,4854742.182
9904,7851064,1370122,13/08/2013,2013,1133,STEELES AVE E,MIDDLEFIELD RD,,Major Arterial,Scarborough,43.832644,-79.267993,At Intersection,Traffic Signal,Clear,Daylight,Dry,Fatal,Pedestrian Collisions,Passenger,unknown,Minimal,,,,,,,,,,,,,Yes,,,,Yes,Yes,,Yes,Yes,Yes,,,,130,Milliken,130,Milliken (130),D42,639253.0285,4854742.182
9905,7851065,1370122,13/08/2013,2013,1133,STEELES AVE E,MIDDLEFIELD RD,,Major Arterial,Scarborough,43.832644,-79.267993,At Intersection,Traffic Signal,Clear,Daylight,Dry,Fatal,Pedestrian Collisions,Passenger,5 to 9,Minimal,,,,,,,,,,,,,Yes,,,,Yes,Yes,,Yes,Yes,Yes,,,,130,Milliken,130,Milliken (130),D42,639253.0285,4854742.182
9906,7851066,1370122,13/08/2013,2013,1133,STEELES AVE E,MIDDLEFIELD RD,,Major Arterial,Scarborough,43.832644,-79.267993,At Intersection,Traffic Signal,Clear,Daylight,Dry,Fatal,Pedestrian Collisions,Passenger,30 to 34,Minor,,,,,,,,,,,,,Yes,,,,Yes,Yes,,Yes,Yes,Yes,,,,130,Milliken,130,Milliken (130),D42,639253.0285,4854742.182
9907,7851067,1370122,13/08/2013,2013,1133,STEELES AVE E,MIDDLEFIELD RD,,Major Arterial,Scarborough,43.832644,-79.267993,At Intersection,Traffic Signal,Clear,Daylight,Dry,Fatal,Pedestrian Collisions,Passenger,55 to 59,Minor,,,,,,,,,,,,,Yes,,,,Yes,Yes,,Yes,Yes,Yes,,,,130,Milliken,130,Milliken (130),D42,639253.0285,4854742.182
9908,7851068,1370122,13/08/2013,2013,1133,STEELES AVE E,MIDDLEFIELD RD,,Major Arterial,Scarborough,43.832644,-79.267993,At Intersection,Traffic Signal,Clear,Daylight,Dry,Fatal,Pedestrian Collisions,Passenger,15 to 19,Minor,,,,,,,,,,,,,Yes,,,,Yes,Yes,,Yes,Yes,Yes,,,,130,Milliken,130,Milliken (130),D42,639253.0285,4854742.182
9909,7851069,1370122,13/08/2013,2013,1133,STEELES AVE E,MIDDLEFIELD RD,,Major Arterial,Scarborough,43.832644,-79.267993,At Intersection,Traffic Signal,Clear,Daylight,Dry,Fatal,Pedestrian Collisions,Passenger,20 to 24,Minor,,,,,,,,,,,,,Yes,,,,Yes,Yes,,Yes,Yes,Yes,,,,130,Milliken,130,Milliken (130),D42,639253.0285,4854742.182
9910,7851070,1370122,13/08/2013,2013,1133,STEELES AVE E,MIDDLEFIELD RD,,Major Arterial,Scarborough,43.832644,-79.267993,At Intersection,Traffic Signal,Clear,Daylight,Dry,Fatal,Pedestrian Collisions,Passenger,30 to 34,Minor,,,,,,,,,,,,,Yes,,,,Yes,Yes,,Yes,Yes,Yes,,,,130,Milliken,130,Milliken (130),D42,639253.0285,4854742.182
9911,7851071,1370122,13/08/2013,2013,1133,STEELES AVE E,MIDDLEFIELD RD,,Major Arterial,Scarborough,43.832644,-79.267993,At Intersection,Traffic Signal,Clear,Daylight,Dry,Fatal,Pedestrian Collisions,Pedestrian,40 to 44,Major,,Unknown,,,,,Pedestrian hit on sidewalk or shoulder,On Sidewalk or Shoulder,Unknown,,,,Yes,,,,Yes,Yes,,Yes,Yes,Yes,,,,130,Milliken,130,Milliken (130),D42,639253.0285,4854742.182
9912,7879593,1382388,13/08/2013,2013,1639,ST CLAIR AVE W,DUFFERIN ST,,Major Arterial,Toronto and East York,43.677951,-79.443073,At Intersection,Traffic Signal,Clear,Daylight,Dry,Non-Fatal Injury,Cyclist Collisions,Vehicle Owner,unknown,,,,,,,,,,,,,,,Yes,,,,Yes,,,,,,,,92,Corso Italia-Davenport,92,Corso Italia-Davenport (92),D13,625499.4611,4837281.348
9913,7879594,1382388,13/08/2013,2013,1639,ST CLAIR AVE W,DUFFERIN ST,,Major Arterial,Toronto and East York,43.677951,-79.443073,At Intersection,Traffic Signal,Clear,Daylight,Dry,Non-Fatal Injury,Cyclist Collisions,Driver,30 to 34,None,,West,Street Car,Going Ahead,Driving Properly,Normal,,,,,,,,Yes,,,,Yes,,,,,,,,92,Corso Italia-Davenport,92,Corso Italia-Davenport (92),D13,625499.4611,4837281.348
9914,7879595,1382388,13/08/2013,2013,1639,ST CLAIR AVE W,DUFFERIN ST,,Major Arterial,Toronto and East York,43.677951,-79.443073,At Intersection,Traffic Signal,Clear,Daylight,Dry,Non-Fatal Injury,Cyclist Collisions,Cyclist,55 to 59,Major,,South,Bicycle,Going Ahead,,,,,,"Cyclist without ROW rides into path of motorist at inter, lnwy, dwy-Cyclist not turn.",Disobeyed Traffic Control,Inattentive,,Yes,,,,Yes,,,,,,,,92,Corso Italia-Davenport,92,Corso Italia-Davenport (92),D13,625499.4611,4837281.348
9915,7879775,1382461,15/08/2013,2013,1140,LAWRENCE Ave E,COLLINSGROVE Rd,,Minor Arterial,Scarborough,43.76916,-79.182834,At Intersection,Traffic Signal,Clear,Daylight,Dry,Non-Fatal Injury,Pedestrian Collisions,Driver,75 to 79,None,,South,"Automobile, Station Wagon",Turning Left,Failed to Yield Right of Way,Normal,,,,,,,Yes,,Yes,,,,,,,Yes,,,,136,West Hill,136,West Hill (136),D43,646254.7101,4847838.161
9916,7879776,1382461,15/08/2013,2013,1140,LAWRENCE Ave E,COLLINSGROVE Rd,,Minor Arterial,Scarborough,43.76916,-79.182834,At Intersection,Traffic Signal,Clear,Daylight,Dry,Non-Fatal Injury,Pedestrian Collisions,Pedestrian,80 to 84,Major,,North,Other,,,,Vehicle turns left while ped crosses with ROW at inter.,Crossing with right of way,Normal,,,,Yes,,Yes,,,,,,,Yes,,,,136,West Hill,136,West Hill (136),D43,646254.7101,4847838.161
9917,7852187,1370609,15/08/2013,2013,1612,DUNDAS ST W,MANNING AVE,,Major Arterial,Toronto and East York,43.651297,-79.410907,,Traffic Signal,Clear,Daylight,Dry,Non-Fatal Injury,Cyclist Collisions,Driver,65 to 69,Minor,,East,"Automobile, Station Wagon",Going Ahead,Lost control,Unknown,,,,,,,,Yes,Yes,,,,,,,,,,,81,Trinity-Bellwoods,81,Trinity-Bellwoods (81),D14,628148.9976,4834370.239
9918,7852188,1370609,15/08/2013,2013,1612,DUNDAS ST W,MANNING AVE,,Major Arterial,Toronto and East York,43.651297,-79.410907,,Traffic Signal,Clear,Daylight,Dry,Non-Fatal Injury,Cyclist Collisions,Vehicle Owner,unknown,,,,"Automobile, Station Wagon",,,,,,,,,,,Yes,Yes,,,,,,,,,,,81,Trinity-Bellwoods,81,Trinity-Bellwoods (81),D14,628148.9976,4834370.239
9919,7852189,1370609,15/08/2013,2013,1612,DUNDAS ST W,MANNING AVE,,Major Arterial,Toronto and East York,43.651297,-79.410907,,Traffic Signal,Clear,Daylight,Dry,Non-Fatal Injury,Cyclist Collisions,Cyclist,50 to 54,Major,,East,Bicycle,Stopped,,,,,,Cyclist and Driver travelling in same direction. One vehicle rear-ended the other.,Driving Properly,Normal,,Yes,Yes,,,,,,,,,,,81,Trinity-Bellwoods,81,Trinity-Bellwoods (81),D14,628148.9976,4834370.239
9920,7852275,1370644,15/08/2013,2013,2201,WILLOWDALE AVE,OLIVE AVE,,Minor Arterial,North York,43.780545,-79.40669,At Intersection,No Control,Clear,"Dark, artificial",Dry,Fatal,Turning Movement,Vehicle Owner,unknown,,,,"Automobile, Station Wagon",,,,,,,,,,,,Yes,Yes,,,,,Yes,Yes,,,,152,East Willowdale,51,Willowdale East (51),D32,628213.1299,4848731.589
9921,7852276,1370644,15/08/2013,2013,2201,WILLOWDALE AVE,OLIVE AVE,,Minor Arterial,North York,43.780545,-79.40669,At Intersection,No Control,Clear,"Dark, artificial",Dry,Fatal,Turning Movement,Driver,65 to 69,None,,South,"Automobile, Station Wagon",Turning Left,Driving Properly,Normal,,,,,,,,,Yes,Yes,,,,,Yes,Yes,,,,152,East Willowdale,51,Willowdale East (51),D32,628213.1299,4848731.589
9922,7852277,1370644,15/08/2013,2013,2201,WILLOWDALE AVE,OLIVE AVE,,Minor Arterial,North York,43.780545,-79.40669,At Intersection,No Control,Clear,"Dark, artificial",Dry,Fatal,Turning Movement,Vehicle Owner,unknown,,,,Other,,,,,,,,,,,,Yes,Yes,,,,,Yes,Yes,,,,152,East Willowdale,51,Willowdale East (51),D32,628213.1299,4848731.589
9923,7852278,1370644,15/08/2013,2013,2201,WILLOWDALE AVE,OLIVE AVE,,Minor Arterial,North York,43.780545,-79.40669,At Intersection,No Control,Clear,"Dark, artificial",Dry,Fatal,Turning Movement,Motorcycle Driver,20 to 24,Fatal,31,North,Motorcycle,Going Ahead,Exceeding Speed Limit,Unknown,,,,,,,,,Yes,Yes,,,,,Yes,Yes,,,,152,East Willowdale,51,Willowdale East (51),D32,628213.1299,4848731.589
9924,7880316,1382675,16/08/2013,2013,1340,QUEEN ST W,OHARA AVE,,Major Arterial,Toronto and East York,43.641043,-79.434192,,No Control,Clear,Daylight,Dry,Non-Fatal Injury,Pedestrian Collisions,Driver,45 to 49,Minimal,,East,"Automobile, Station Wagon",Going Ahead,Driving Properly,Normal,,,,,,,Yes,,Yes,,,,,,,,,,,85,South Parkdale,85,South Parkdale (85),D14,626292.6966,4833195.705
9925,7880317,1382675,16/08/2013,2013,1340,QUEEN ST W,OHARA AVE,,Major Arterial,Toronto and East York,43.641043,-79.434192,,No Control,Clear,Daylight,Dry,Non-Fatal Injury,Pedestrian Collisions,Pedestrian,15 to 19,Major,,South,Other,,,,Vehicle is going straight thru inter.while ped cross without ROW,"Crossing, no Traffic Control",Inattentive,,,,Yes,,Yes,,,,,,,,,,,85,South Parkdale,85,South Parkdale (85),D14,626292.6966,4833195.705
9926,7852784,1370852,16/08/2013,2013,1453,PHARMACY AVE,LEAHURST DR,,Minor Arterial,Scarborough,43.717333,-79.294071,At Intersection,No Control,Clear,Daylight,Dry,Non-Fatal Injury,Turning Movement,Motorcycle Driver,45 to 49,Major,,North,Motorcycle,Going Ahead,Driving Properly,Normal,,,,,,,,,Yes,Yes,,,,,,Yes,,,,120,Clairlea-Birchmount,120,Clairlea-Birchmount (120),D41,637420.2258,4841891.523
9927,7852785,1370852,16/08/2013,2013,1453,PHARMACY AVE,LEAHURST DR,,Minor Arterial,Scarborough,43.717333,-79.294071,At Intersection,No Control,Clear,Daylight,Dry,Non-Fatal Injury,Turning Movement,Driver,35 to 39,None,,South,"Automobile, Station Wagon",Going Ahead,Driving Properly,Normal,,,,,,,,,Yes,Yes,,,,,,Yes,,,,120,Clairlea-Birchmount,120,Clairlea-Birchmount (120),D41,637420.2258,4841891.523
9928,7852786,1370852,16/08/2013,2013,1453,PHARMACY AVE,LEAHURST DR,,Minor Arterial,Scarborough,43.717333,-79.294071,At Intersection,No Control,Clear,Daylight,Dry,Non-Fatal Injury,Turning Movement,Driver,unknown,None,,South,"Automobile, Station Wagon",Turning Left,Failed to Yield Right of Way,Unknown,,,,,,,,,Yes,Yes,,,,,,Yes,,,,120,Clairlea-Birchmount,120,Clairlea-Birchmount (120),D41,637420.2258,4841891.523
9929,7880334,1382682,16/08/2013,2013,1756,DANFORTH AVE,COXWELL AVE,,Major Arterial,Toronto and East York,43.683501,-79.322917,,No Control,Clear,Daylight,Dry,Non-Fatal Injury,Pedestrian Collisions,Driver,65 to 69,None,,West,"Automobile, Station Wagon",Going Ahead,Driving Properly,Normal,,,,,,,Yes,,Yes,,,,,,,,,,,64,Woodbine Corridor,64,Woodbine Corridor (64),D55,635172.5343,4838086.576
9930,7880335,1382682,16/08/2013,2013,1756,DANFORTH AVE,COXWELL AVE,,Major Arterial,Toronto and East York,43.683501,-79.322917,,No Control,Clear,Daylight,Dry,Non-Fatal Injury,Pedestrian Collisions,Pedestrian,65 to 69,Major,,South,Other,,,,Pedestrian hit at mid-block,Walking on Roadway with Traffic,Inattentive,,,,Yes,,Yes,,,,,,,,,,,64,Woodbine Corridor,64,Woodbine Corridor (64),D55,635172.5343,4838086.576
9931,7880139,1382610,17/08/2013,2013,228,BLOOR ST W,CLINTON ST,,Major Arterial,Toronto and East York,43.663825,-79.417209,,No Control,Clear,Dark,Dry,Non-Fatal Injury,Turning Movement,Passenger,35 to 39,Major,,,Other,,,,,,,,,,,,Yes,,,,,Yes,,,,,,80,Palmerston-Little Italy,80,Palmerston-Little Italy (80),D14,627614.2394,4835751.925
9932,7880140,1382610,17/08/2013,2013,228,BLOOR ST W,CLINTON ST,,Major Arterial,Toronto and East York,43.663825,-79.417209,,No Control,Clear,Dark,Dry,Non-Fatal Injury,Turning Movement,Passenger,30 to 34,Minor,,,Other,,,,,,,,,,,,Yes,,,,,Yes,,,,,,80,Palmerston-Little Italy,80,Palmerston-Little Italy (80),D14,627614.2394,4835751.925
9933,7880141,1382610,17/08/2013,2013,228,BLOOR ST W,CLINTON ST,,Major Arterial,Toronto and East York,43.663825,-79.417209,,No Control,Clear,Dark,Dry,Non-Fatal Injury,Turning Movement,Driver,30 to 34,Minor,,West,"Automobile, Station Wagon",Making U Turn,Improper Turn,Fatigue,,,,,,,,,Yes,,,,,Yes,,,,,,80,Palmerston-Little Italy,80,Palmerston-Little Italy (80),D14,627614.2394,4835751.925
9934,7880142,1382610,17/08/2013,2013,228,BLOOR ST W,CLINTON ST,,Major Arterial,Toronto and East York,43.663825,-79.417209,,No Control,Clear,Dark,Dry,Non-Fatal Injury,Turning Movement,Other,unknown,None,,East,Other,Parked,,,,,,,,,,,Yes,,,,,Yes,,,,,,80,Palmerston-Little Italy,80,Palmerston-Little Italy (80),D14,627614.2394,4835751.925
9935,7880143,1382610,17/08/2013,2013,228,BLOOR ST W,CLINTON ST,,Major Arterial,Toronto and East York,43.663825,-79.417209,,No Control,Clear,Dark,Dry,Non-Fatal Injury,Turning Movement,Driver,15 to 19,Minor,,West,"Automobile, Station Wagon",Going Ahead,Driving Properly,Normal,,,,,,,,,Yes,,,,,Yes,,,,,,80,Palmerston-Little Italy,80,Palmerston-Little Italy (80),D14,627614.2394,4835751.925
9936,7853345,1371107,18/08/2013,2013,1055,FINCH Ave E,MIDDLEFIELD Rd,,Major Arterial,Scarborough,43.809844,-79.257686,At Intersection,Traffic Signal,Clear,Daylight,Dry,Fatal,Pedestrian Collisions,Driver,25 to 29,None,,East,"Automobile, Station Wagon",Going Ahead,Driving Properly,Normal,,,,,,,Yes,,Yes,,,,,,,,,,,129,Agincourt North,129,Agincourt North (129),D42,640135.0542,4852227.272
9937,7853346,1371107,18/08/2013,2013,1055,FINCH Ave E,MIDDLEFIELD Rd,,Major Arterial,Scarborough,43.809844,-79.257686,At Intersection,Traffic Signal,Clear,Daylight,Dry,Fatal,Pedestrian Collisions,Pedestrian,80 to 84,Fatal,32,North,,,,,Vehicle is going straight thru inter.while ped cross without ROW,Crossing marked crosswalk without ROW,Inattentive,,,,Yes,,Yes,,,,,,,,,,,129,Agincourt North,129,Agincourt North (129),D42,640135.0542,4852227.272
9938,7880436,1382722,18/08/2013,2013,1915,TWYN RIVERS Dr,SHEPPARD Ave E,,Collector,Scarborough,43.81454,-79.156947,,No Control,Clear,Dark,Dry,Non-Fatal Injury,SMV Other,Vehicle Owner,unknown,,,,Other,,,,,,,,,,,,,Yes,,,,,,,,,,144,Morningside Heights,131,Rouge (131),D42,648226.0153,4852924.399
9939,7880437,1382722,18/08/2013,2013,1915,TWYN RIVERS Dr,SHEPPARD Ave E,,Collector,Scarborough,43.81454,-79.156947,,No Control,Clear,Dark,Dry,Non-Fatal Injury,SMV Other,Motorcycle Driver,40 to 44,Major,,West,Motorcycle,Going Ahead,Lost control,Normal,,,,,,,,,,Yes,,,,,,,,,,144,Morningside Heights,131,Rouge (131),D42,648226.0153,4852924.399
9940,7853640,1371244,19/08/2013,2013,759,ROYAL YORK RD,LAWRENCE AVE W,,Minor Arterial,Etobicoke York,43.696154,-79.532726,,Traffic Signal,Clear,Daylight,Dry,Fatal,Angle,Vehicle Owner,unknown,,,,,,,,,,,,,,,,Yes,,,,,Yes,Yes,Yes,Yes,,,8,Humber Heights-Westmount,8,Humber Heights-Westmount (8),D23,618236.9588,4839171.291
9941,7853641,1371244,19/08/2013,2013,759,ROYAL YORK RD,LAWRENCE AVE W,,Minor Arterial,Etobicoke York,43.696154,-79.532726,,Traffic Signal,Clear,Daylight,Dry,Fatal,Angle,Driver,45 to 49,Minor,,East,Pick Up Truck,Going Ahead,Driving Properly,Normal,,,,,,,,,Yes,,,,,Yes,Yes,Yes,Yes,,,8,Humber Heights-Westmount,8,Humber Heights-Westmount (8),D23,618236.9588,4839171.291
9942,7853642,1371244,19/08/2013,2013,759,ROYAL YORK RD,LAWRENCE AVE W,,Minor Arterial,Etobicoke York,43.696154,-79.532726,,Traffic Signal,Clear,Daylight,Dry,Fatal,Angle,Passenger,35 to 39,Minor,,,,,,,,,,,,,,,Yes,,,,,Yes,Yes,Yes,Yes,,,8,Humber Heights-Westmount,8,Humber Heights-Westmount (8),D23,618236.9588,4839171.291
9943,7853643,1371244,19/08/2013,2013,759,ROYAL YORK RD,LAWRENCE AVE W,,Minor Arterial,Etobicoke York,43.696154,-79.532726,,Traffic Signal,Clear,Daylight,Dry,Fatal,Angle,Vehicle Owner,unknown,,,,,,,,,,,,,,,,Yes,,,,,Yes,Yes,Yes,Yes,,,8,Humber Heights-Westmount,8,Humber Heights-Westmount (8),D23,618236.9588,4839171.291
9944,7853644,1371244,19/08/2013,2013,759,ROYAL YORK RD,LAWRENCE AVE W,,Minor Arterial,Etobicoke York,43.696154,-79.532726,,Traffic Signal,Clear,Daylight,Dry,Fatal,Angle,Driver,60 to 64,Fatal,33,East,"Automobile, Station Wagon",Going Ahead,Driving Properly,Normal,,,,,,,,,Yes,,,,,Yes,Yes,Yes,Yes,,,8,Humber Heights-Westmount,8,Humber Heights-Westmount (8),D23,618236.9588,4839171.291
9945,7853645,1371244,19/08/2013,2013,759,ROYAL YORK RD,LAWRENCE AVE W,,Minor Arterial,Etobicoke York,43.696154,-79.532726,,Traffic Signal,Clear,Daylight,Dry,Fatal,Angle,Vehicle Owner,unknown,,,,,,,,,,,,,,,,Yes,,,,,Yes,Yes,Yes,Yes,,,8,Humber Heights-Westmount,8,Humber Heights-Westmount (8),D23,618236.9588,4839171.291
9946,7853646,1371244,19/08/2013,2013,759,ROYAL YORK RD,LAWRENCE AVE W,,Minor Arterial,Etobicoke York,43.696154,-79.532726,,Traffic Signal,Clear,Daylight,Dry,Fatal,Angle,Driver,20 to 24,Minor,,South,"Automobile, Station Wagon",Going Ahead,Disobeyed Traffic Control,Unknown,,,,,,,,,Yes,,,,,Yes,Yes,Yes,Yes,,,8,Humber Heights-Westmount,8,Humber Heights-Westmount (8),D23,618236.9588,4839171.291
9947,7880844,1382904,20/08/2013,2013,1335,DAN LECKIE WAY,LAKE SHORE BLVD W,,Major Arterial,Toronto and East York,43.637316,-79.397136,At Intersection,Traffic Signal,Clear,Daylight,Dry,Non-Fatal Injury,Pedestrian Collisions,Driver,40 to 44,None,,South,"Automobile, Station Wagon",Turning Right,Failed to Yield Right of Way,Normal,,,,,,,Yes,,Yes,,,,,,,Yes,,,,165,Harbourfront-CityPlace,77,Waterfront Communities-The Island (77),D14,629289.5304,4832838.826