OBJECTID,INDEX,ACCNUM,DATE,ACCIDENT_YEAR,TIME,STREET1,STREET2,OFFSET,ROAD_CLASS,DISTRICT,LATITUDE,LONGITUDE,ACCLOC,TRAFFCTL,VISIBILITY,LIGHT,RDSFCOND,ACCLASS,IMPACTYPE,INVTYPE,INVAGE,INJURY,FATAL_NO,INITDIR,VEHTYPE,MANOEUVER,DRIVACT,DRIVCOND,PEDTYPE,PEDACT,PEDCOND,CYCLISTYPE,CYCACT,CYCCOND,PEDESTRIAN,CYCLIST,AUTOMOBILE,MOTORCYCLE,TRUCK,TRSN_CITY_VEH,EMERG_VEH,PASSENGER,SPEEDING,AG_DRIV,REDLIGHT,ALCOHOL,DISABILITY,HOOD_158,NEIGHBOURHOOD_158,HOOD_140,NEIGHBOURHOOD_140,DIVISION,x,y
10008,7883862,1384125,01/09/2013,2013,1220,HARBORD St,EUCLID Ave,,Minor Arterial,Toronto and East York,43.66075,-79.413425,,Traffic Controller,Clear,Daylight,Dry,Non-Fatal Injury,Cyclist Collisions,Cyclist,60 to 64,Major,,East,Bicycle,Changing Lanes,,,,,,Cyclist and Driver travelling in same direction. One vehicle sideswipes the other.,Improper Lane Change,Inattentive,,Yes,Yes,,,,,,,,,,,80,Palmerston-Little Italy,80,Palmerston-Little Italy (80),D14,627925.8624,4835416.233
10009,7858531,1373362,02/09/2013,2013,2152,THE WEST MALL,CIVIC CENTRE CRT,,Minor Arterial,Etobicoke York,43.642237,-79.56599,,Traffic Signal,Clear,Dark,Dry,Non-Fatal Injury,Cyclist Collisions,Driver,unknown,None,,West,"Automobile, Station Wagon",Turning Right,Failed to Yield Right of Way,Normal,,,,,,,,Yes,Yes,,,,,,,Yes,,,,13,Etobicoke West Mall,13,Etobicoke West Mall (13),D22,615659.943,4833136.213
10010,7858532,1373362,02/09/2013,2013,2152,THE WEST MALL,CIVIC CENTRE CRT,,Minor Arterial,Etobicoke York,43.642237,-79.56599,,Traffic Signal,Clear,Dark,Dry,Non-Fatal Injury,Cyclist Collisions,Cyclist,25 to 29,Major,,North,Bicycle,Going Ahead,,,,,,Motorist turning right on red at signalized intersection strikes cyclist.,Driving Properly,Normal,,Yes,Yes,,,,,,,Yes,,,,13,Etobicoke West Mall,13,Etobicoke West Mall (13),D22,615659.943,4833136.213
10011,7858868,1373498,03/09/2013,2013,800,SENTINEL RD,LAMBERTON BLVD,,Collector,Etobicoke York,43.753844,-79.499591,At Intersection,Stop Sign,Clear,Daylight,Dry,Fatal,Pedestrian Collisions,Vehicle Owner,unknown,,,,,,,,,,,,,,Yes,,,,Yes,,,,,Yes,,,,27,York University Heights,27,York University Heights (27),D31,620791.0882,4845626.365
10012,7858869,1373498,03/09/2013,2013,800,SENTINEL RD,LAMBERTON BLVD,,Collector,Etobicoke York,43.753844,-79.499591,At Intersection,Stop Sign,Clear,Daylight,Dry,Fatal,Pedestrian Collisions,Truck Driver,40 to 44,None,,North,Truck - Dump,Turning Left,Failed to Yield Right of Way,Normal,,,,,,,Yes,,,,Yes,,,,,Yes,,,,27,York University Heights,27,York University Heights (27),D31,620791.0882,4845626.365
10013,7858870,1373498,03/09/2013,2013,800,SENTINEL RD,LAMBERTON BLVD,,Collector,Etobicoke York,43.753844,-79.499591,At Intersection,Stop Sign,Clear,Daylight,Dry,Fatal,Pedestrian Collisions,Pedestrian,10 to 14,Fatal,37,West,,,,,Vehicle turns left while ped crosses with ROW at inter.,Crossing with right of way,Normal,,,,Yes,,,,Yes,,,,,Yes,,,,27,York University Heights,27,York University Heights (27),D31,620791.0882,4845626.365
10014,7884999,1384688,05/09/2013,2013,1345,BLOOR St W,PRINCE EDWARD Dr S,,Major Arterial,Etobicoke York,43.64868,-79.505443,At Intersection,Traffic Signal,Clear,Daylight,Dry,Non-Fatal Injury,Turning Movement,Driver,50 to 54,Major,,East,Municipal Transit Bus (TTC),Going Ahead,Driving Properly,Normal,,,,,,,,,,Yes,,Yes,,,,Yes,,,,16,Stonegate-Queensway,16,Stonegate-Queensway (16),D22,620530.5101,4833937.942
10015,7885000,1384688,05/09/2013,2013,1345,BLOOR St W,PRINCE EDWARD Dr S,,Major Arterial,Etobicoke York,43.64868,-79.505443,At Intersection,Traffic Signal,Clear,Daylight,Dry,Non-Fatal Injury,Turning Movement,Vehicle Owner,unknown,,,,Other,,,,,,,,,,,,,Yes,,Yes,,,,Yes,,,,16,Stonegate-Queensway,16,Stonegate-Queensway (16),D22,620530.5101,4833937.942
10016,7885001,1384688,05/09/2013,2013,1345,BLOOR St W,PRINCE EDWARD Dr S,,Major Arterial,Etobicoke York,43.64868,-79.505443,At Intersection,Traffic Signal,Clear,Daylight,Dry,Non-Fatal Injury,Turning Movement,Motorcycle Driver,45 to 49,None,,West,Motorcycle,Turning Left,Failed to Yield Right of Way,Inattentive,,,,,,,,,,Yes,,Yes,,,,Yes,,,,16,Stonegate-Queensway,16,Stonegate-Queensway (16),D22,620530.5101,4833937.942
10017,7859717,1373856,05/09/2013,2013,1805,MILNER AVE,SCUNTHORPE RD,,Minor Arterial,Scarborough,43.788844,-79.240093,,Pedestrian Crossover,Clear,Daylight,Dry,Fatal,Pedestrian Collisions,Pedestrian,85 to 89,Fatal,38,South,,,,,Pedestrian hit a PXO/ped. Mid-block signal,"Crossing, Pedestrian Crossover",Unknown,,,,Yes,,,,Yes,,,,,Yes,,,,128,Agincourt South-Malvern West,128,Agincourt South-Malvern West (128),D42,641599.6843,4849924.831
10018,7859718,1373856,05/09/2013,2013,1805,MILNER AVE,SCUNTHORPE RD,,Minor Arterial,Scarborough,43.788844,-79.240093,,Pedestrian Crossover,Clear,Daylight,Dry,Fatal,Pedestrian Collisions,Truck Driver,60 to 64,None,,West,"Truck - Closed (Blazer, etc)",Going Ahead,Failed to Yield Right of Way,Unknown,,,,,,,Yes,,,,Yes,,,,,Yes,,,,128,Agincourt South-Malvern West,128,Agincourt South-Malvern West (128),D42,641599.6843,4849924.831
10019,7860081,1374005,07/09/2013,2013,205,ROSEDALE VALLEY RD,BAYVIEW AVE,,Major Arterial,Toronto and East York,43.670146,-79.360187,,No Control,Clear,"Dark, artificial",Dry,Fatal,SMV Other,Motorcycle Driver,35 to 39,Fatal,39,East,Motorcycle,Going Ahead,Speed too Fast For Condition,Unknown,,,,,,,,,,Yes,,,,,Yes,Yes,,,,71,Cabbagetown-South St.James Town,71,Cabbagetown-South St.James Town (71),D51,632197.8717,4836543.249
10020,7860082,1374005,07/09/2013,2013,205,ROSEDALE VALLEY RD,BAYVIEW AVE,,Major Arterial,Toronto and East York,43.670146,-79.360187,,No Control,Clear,"Dark, artificial",Dry,Fatal,SMV Other,Other Property Owner,unknown,,,,,,,,,,,,,,,,,Yes,,,,,Yes,Yes,,,,71,Cabbagetown-South St.James Town,71,Cabbagetown-South St.James Town (71),D51,632197.8717,4836543.249
10021,7886796,1385469,09/09/2013,2013,1047,LAKE SHORE BLVD E,BOOTH AVE,,Major Arterial,Toronto and East York,43.653514,-79.340778,,Stop Sign,Clear,Daylight,Dry,Non-Fatal Injury,Cyclist Collisions,Vehicle Owner,unknown,,,,Other,,,,,,,,,,,Yes,Yes,,,,,,,Yes,,,,70,South Riverdale,70,South Riverdale (70),D55,633799.539,4834727.156
10022,7886797,1385469,09/09/2013,2013,1047,LAKE SHORE BLVD E,BOOTH AVE,,Major Arterial,Toronto and East York,43.653514,-79.340778,,Stop Sign,Clear,Daylight,Dry,Non-Fatal Injury,Cyclist Collisions,Driver,45 to 49,None,,South,"Automobile, Station Wagon",Turning Right,Failed to Yield Right of Way,Inattentive,,,,,,,,Yes,Yes,,,,,,,Yes,,,,70,South Riverdale,70,South Riverdale (70),D55,633799.539,4834727.156
10023,7886798,1385469,09/09/2013,2013,1047,LAKE SHORE BLVD E,BOOTH AVE,,Major Arterial,Toronto and East York,43.653514,-79.340778,,Stop Sign,Clear,Daylight,Dry,Non-Fatal Injury,Cyclist Collisions,Cyclist,65 to 69,Major,,West,Bicycle,Going Ahead,,,,,,"Motorist turns right at non-signal Inter.(stop, yield, no cont.,and dwy) and strikes cyclist.",Driving Properly,Normal,,Yes,Yes,,,,,,,Yes,,,,70,South Riverdale,70,South Riverdale (70),D55,633799.539,4834727.156
10024,7886780,1385463,09/09/2013,2013,1250,KING St W,WILSON PARK Rd,,Major Arterial,Toronto and East York,43.636626,-79.441554,,No Control,Clear,Daylight,Dry,Non-Fatal Injury,Sideswipe,Motorcycle Driver,25 to 29,Major,,East,Motorcycle,Going Ahead,Driving Properly,Normal,,,,,,,,,,Yes,,,,Yes,,,,,,85,South Parkdale,85,South Parkdale (85),D14,625708.1078,4832693.965
10025,7886781,1385463,09/09/2013,2013,1250,KING St W,WILSON PARK Rd,,Major Arterial,Toronto and East York,43.636626,-79.441554,,No Control,Clear,Daylight,Dry,Non-Fatal Injury,Sideswipe,Motorcycle Passenger,25 to 29,Minor,,,,,,,,,,,,,,,,Yes,,,,Yes,,,,,,85,South Parkdale,85,South Parkdale (85),D14,625708.1078,4832693.965
10026,7886782,1385463,09/09/2013,2013,1250,KING St W,WILSON PARK Rd,,Major Arterial,Toronto and East York,43.636626,-79.441554,,No Control,Clear,Daylight,Dry,Non-Fatal Injury,Sideswipe,Motorcycle Driver,30 to 34,Minor,,East,Motorcycle,Going Ahead,Lost control,Normal,,,,,,,,,,Yes,,,,Yes,,,,,,85,South Parkdale,85,South Parkdale (85),D14,625708.1078,4832693.965
10027,7889156,1386339,11/09/2013,2013,16,STEELES AVE E,PICKERING TOWN LINE,,Minor Arterial,Scarborough,43.855197,-79.171344,,No Control,Clear,Dark,Dry,Non-Fatal Injury,Sideswipe,Motorcycle Driver,25 to 29,Major,,West,Motorcycle,Changing Lanes,Lost control,Normal,,,,,,,,,,Yes,,,,,,,,,,144,Morningside Heights,131,Rouge (131),D42,646968.2837,4857414.353
10028,7889157,1386339,11/09/2013,2013,16,STEELES AVE E,PICKERING TOWN LINE,,Minor Arterial,Scarborough,43.855197,-79.171344,,No Control,Clear,Dark,Dry,Non-Fatal Injury,Sideswipe,Motorcycle Driver,20 to 24,Minor,,West,Motorcycle,Going Ahead,Driving Properly,Normal,,,,,,,,,,Yes,,,,,,,,,,144,Morningside Heights,131,Rouge (131),D42,646968.2837,4857414.353
10029,7889689,1386526,13/09/2013,2013,722,ROSELAWN AVE,BATHURST ST,,Major Arterial,North York,43.705184,-79.426357,,Traffic Signal,Clear,Daylight,Dry,Non-Fatal Injury,Angle,Driver,55 to 59,Major,,East,"Automobile, Station Wagon",Going Ahead,Driving Properly,Normal,,,,,,,,,Yes,,,,,,,Yes,Yes,,,102,Forest Hill North,102,Forest Hill North (102),D53,626789.505,4840331.375
10030,7889690,1386526,13/09/2013,2013,722,ROSELAWN AVE,BATHURST ST,,Major Arterial,North York,43.705184,-79.426357,,Traffic Signal,Clear,Daylight,Dry,Non-Fatal Injury,Angle,Driver,50 to 54,None,,West,"Automobile, Station Wagon",Stopped,Driving Properly,Normal,,,,,,,,,Yes,,,,,,,Yes,Yes,,,102,Forest Hill North,102,Forest Hill North (102),D53,626789.505,4840331.375
10031,7889691,1386526,13/09/2013,2013,722,ROSELAWN AVE,BATHURST ST,,Major Arterial,North York,43.705184,-79.426357,,Traffic Signal,Clear,Daylight,Dry,Non-Fatal Injury,Angle,Driver,75 to 79,Minor,,North,"Automobile, Station Wagon",Going Ahead,Disobeyed Traffic Control,Normal,,,,,,,,,Yes,,,,,,,Yes,Yes,,,102,Forest Hill North,102,Forest Hill North (102),D53,626789.505,4840331.375
10032,7863107,1375311,14/09/2013,2013,0,POTSDAM RD,WILMONT DR,,Local,Etobicoke York,43.759463,-79.511226,,No Control,Clear,Daylight,Dry,Non-Fatal Injury,SMV Unattended Vehicle,Driver,20 to 24,Major,,East,"Automobile, Station Wagon",Going Ahead,Exceeding Speed Limit,Unknown,,,,,,,,,Yes,,,,,,Yes,Yes,,,,24,Black Creek,24,Black Creek (24),D31,619843.1828,4846233.536
10033,7863108,1375311,14/09/2013,2013,0,POTSDAM RD,WILMONT DR,,Local,Etobicoke York,43.759463,-79.511226,,No Control,Clear,Daylight,Dry,Non-Fatal Injury,SMV Unattended Vehicle,Other,70 to 74,None,,East,"Automobile, Station Wagon",Parked,,,,,,,,,,,Yes,,,,,,Yes,Yes,,,,24,Black Creek,24,Black Creek (24),D31,619843.1828,4846233.536
10034,7863164,1375340,14/09/2013,2013,1400,DON MILLS RD,ST DENNIS DR,,Major Arterial,North York,43.716544,-79.337306,,Traffic Signal,Clear,Daylight,Dry,Non-Fatal Injury,Turning Movement,Passenger,25 to 29,Minor,,,Other,,,,,,,,,,,,Yes,Yes,,,,Yes,,,,,,44,Flemingdon Park,44,Flemingdon Park (44),D55,633939.1725,4841733.115
10035,7863165,1375340,14/09/2013,2013,1400,DON MILLS RD,ST DENNIS DR,,Major Arterial,North York,43.716544,-79.337306,,Traffic Signal,Clear,Daylight,Dry,Non-Fatal Injury,Turning Movement,Motorcycle Driver,40 to 44,Major,,North,Motorcycle,Going Ahead,Driving Properly,Normal,,,,,,,,,Yes,Yes,,,,Yes,,,,,,44,Flemingdon Park,44,Flemingdon Park (44),D55,633939.1725,4841733.115
10036,7863166,1375340,14/09/2013,2013,1400,DON MILLS RD,ST DENNIS DR,,Major Arterial,North York,43.716544,-79.337306,,Traffic Signal,Clear,Daylight,Dry,Non-Fatal Injury,Turning Movement,Driver,40 to 44,None,,South,"Automobile, Station Wagon",Turning Left,Improper Turn,Inattentive,,,,,,,,,Yes,Yes,,,,Yes,,,,,,44,Flemingdon Park,44,Flemingdon Park (44),D55,633939.1725,4841733.115
10037,7890015,1386644,14/09/2013,2013,1649,SPADINA AVE,BALDWIN ST,,Major Arterial,Toronto and East York,43.65549,-79.399074,,No Control,Clear,Daylight,Dry,Non-Fatal Injury,Pedestrian Collisions,Vehicle Owner,unknown,,,,Other,,,,,,,,,,Yes,,,,,Yes,,,,,,,,78,Kensington-Chinatown,78,Kensington-Chinatown (78),D52,629094.2699,4834854.268
10038,7890016,1386644,14/09/2013,2013,1649,SPADINA AVE,BALDWIN ST,,Major Arterial,Toronto and East York,43.65549,-79.399074,,No Control,Clear,Daylight,Dry,Non-Fatal Injury,Pedestrian Collisions,Driver,40 to 44,None,,North,Municipal Transit Bus (TTC),Going Ahead,Driving Properly,Normal,,,,,,,Yes,,,,,Yes,,,,,,,,78,Kensington-Chinatown,78,Kensington-Chinatown (78),D52,629094.2699,4834854.268
10039,7890017,1386644,14/09/2013,2013,1649,SPADINA AVE,BALDWIN ST,,Major Arterial,Toronto and East York,43.65549,-79.399074,,No Control,Clear,Daylight,Dry,Non-Fatal Injury,Pedestrian Collisions,Pedestrian,35 to 39,Minor,,West,Other,,,,Pedestrian involved in a collision with transit vehicle anywhere along roadway,"Crossing, no Traffic Control",Inattentive,,,,Yes,,,,,Yes,,,,,,,,78,Kensington-Chinatown,78,Kensington-Chinatown (78),D52,629094.2699,4834854.268
10040,7890018,1386644,14/09/2013,2013,1649,SPADINA AVE,BALDWIN ST,,Major Arterial,Toronto and East York,43.65549,-79.399074,,No Control,Clear,Daylight,Dry,Non-Fatal Injury,Pedestrian Collisions,Pedestrian,40 to 44,Major,,West,Other,,,,Pedestrian involved in a collision with transit vehicle anywhere along roadway,"Crossing, no Traffic Control",Inattentive,,,,Yes,,,,,Yes,,,,,,,,78,Kensington-Chinatown,78,Kensington-Chinatown (78),D52,629094.2699,4834854.268
10041,7890450,1386819,15/09/2013,2013,1125,DON MILLS Rd,O CONNOR Dr,,Major Arterial,Toronto and East York,43.695563,-79.339641,,Traffic Signal,Clear,Daylight,Dry,Non-Fatal Injury,Rear End,Driver,45 to 49,Minimal,,South,"Automobile, Station Wagon",Stopped,Driving Properly,Normal,,,,,,,,,Yes,,Yes,,,Yes,Yes,Yes,,,,58,Old East York,58,Old East York (58),D55,633797.745,4839399.106
10042,7890451,1386819,15/09/2013,2013,1125,DON MILLS Rd,O CONNOR Dr,,Major Arterial,Toronto and East York,43.695563,-79.339641,,Traffic Signal,Clear,Daylight,Dry,Non-Fatal Injury,Rear End,Truck Driver,40 to 44,Minimal,,South,Truck - Open,Going Ahead,Exceeding Speed Limit,"Ability Impaired, Drugs",,,,,,,,,Yes,,Yes,,,Yes,Yes,Yes,,,,58,Old East York,58,Old East York (58),D55,633797.745,4839399.106
10043,7890452,1386819,15/09/2013,2013,1125,DON MILLS Rd,O CONNOR Dr,,Major Arterial,Toronto and East York,43.695563,-79.339641,,Traffic Signal,Clear,Daylight,Dry,Non-Fatal Injury,Rear End,Driver,30 to 34,Major,,South,"Automobile, Station Wagon",Stopped,Driving Properly,Normal,,,,,,,,,Yes,,Yes,,,Yes,Yes,Yes,,,,58,Old East York,58,Old East York (58),D55,633797.745,4839399.106
10044,7890453,1386819,15/09/2013,2013,1125,DON MILLS Rd,O CONNOR Dr,,Major Arterial,Toronto and East York,43.695563,-79.339641,,Traffic Signal,Clear,Daylight,Dry,Non-Fatal Injury,Rear End,Passenger,60 to 64,Minimal,,,Other,,,,,,,,,,,,Yes,,Yes,,,Yes,Yes,Yes,,,,58,Old East York,58,Old East York (58),D55,633797.745,4839399.106
10045,7890454,1386819,15/09/2013,2013,1125,DON MILLS Rd,O CONNOR Dr,,Major Arterial,Toronto and East York,43.695563,-79.339641,,Traffic Signal,Clear,Daylight,Dry,Non-Fatal Injury,Rear End,Vehicle Owner,unknown,,,,Other,,,,,,,,,,,,Yes,,Yes,,,Yes,Yes,Yes,,,,58,Old East York,58,Old East York (58),D55,633797.745,4839399.106
10046,7890455,1386819,15/09/2013,2013,1125,DON MILLS Rd,O CONNOR Dr,,Major Arterial,Toronto and East York,43.695563,-79.339641,,Traffic Signal,Clear,Daylight,Dry,Non-Fatal Injury,Rear End,Driver,25 to 29,None,,South,"Automobile, Station Wagon",Stopped,Driving Properly,Normal,,,,,,,,,Yes,,Yes,,,Yes,Yes,Yes,,,,58,Old East York,58,Old East York (58),D55,633797.745,4839399.106
10047,7890456,1386819,15/09/2013,2013,1125,DON MILLS Rd,O CONNOR Dr,,Major Arterial,Toronto and East York,43.695563,-79.339641,,Traffic Signal,Clear,Daylight,Dry,Non-Fatal Injury,Rear End,Driver,65 to 69,Major,,South,"Automobile, Station Wagon",Stopped,Driving Properly,Normal,,,,,,,,,Yes,,Yes,,,Yes,Yes,Yes,,,,58,Old East York,58,Old East York (58),D55,633797.745,4839399.106
10048,7890669,1386897,15/09/2013,2013,1937,DUPONT St,DOVERCOURT Rd,,Major Arterial,Toronto and East York,43.669692,-79.43275,,Traffic Signal,Rain,"Dark, artificial",Wet,Non-Fatal Injury,Cyclist Collisions,Driver,20 to 24,None,,West,"Automobile, Station Wagon",Going Ahead,Improper Passing,Inattentive,,,,,,,,Yes,Yes,,,,,,,Yes,,,,172,Dovercourt Village,93,Dovercourt-Wallace Emerson-Junction (93),D14,626348.9075,4836379.746
10049,7890670,1386897,15/09/2013,2013,1937,DUPONT St,DOVERCOURT Rd,,Major Arterial,Toronto and East York,43.669692,-79.43275,,Traffic Signal,Rain,"Dark, artificial",Wet,Non-Fatal Injury,Cyclist Collisions,Cyclist,30 to 34,Major,,West,Bicycle,Stopped,,,,,,Cyclist and Driver travelling in same direction. One vehicle rear-ended the other.,Driving Properly,Normal,,Yes,Yes,,,,,,,Yes,,,,172,Dovercourt Village,93,Dovercourt-Wallace Emerson-Junction (93),D14,626348.9075,4836379.746
10050,7863369,1375428,16/09/2013,2013,130,STEELES AVE W,BATHURST ST,,Major Arterial,North York,43.792533,-79.445163,,No Control,Rain,"Dark, artificial",Wet,Fatal,Pedestrian Collisions,Driver,20 to 24,None,,West,"Automobile, Station Wagon",Going Ahead,Driving Properly,Normal,,,,,,,Yes,,Yes,,,,,,,,,,,36,Newtonbrook West,36,Newtonbrook West (36),D32,625092.1853,4850004.178
10051,7863370,1375428,16/09/2013,2013,130,STEELES AVE W,BATHURST ST,,Major Arterial,North York,43.792533,-79.445163,,No Control,Rain,"Dark, artificial",Wet,Fatal,Pedestrian Collisions,Pedestrian,20 to 24,Fatal,40,North,,,,,Pedestrian hit at mid-block,Running onto Roadway,Unknown,,,,Yes,,Yes,,,,,,,,,,,36,Newtonbrook West,36,Newtonbrook West (36),D32,625092.1853,4850004.178
10052,7892220,1387447,17/09/2013,2013,1527,KINGSTON RD,MIDLAND AVE,,Major Arterial,Scarborough,43.711112,-79.24818,,Traffic Signal,Clear,Daylight,Dry,Non-Fatal Injury,Turning Movement,Driver,75 to 79,Minor,,East,"Automobile, Station Wagon",Going Ahead,Driving Properly,Normal,,,,,,,,,Yes,,,,,Yes,,,,,,123,Cliffcrest,123,Cliffcrest (123),D41,641131.5995,4841277.704
10053,7892221,1387447,17/09/2013,2013,1527,KINGSTON RD,MIDLAND AVE,,Major Arterial,Scarborough,43.711112,-79.24818,,Traffic Signal,Clear,Daylight,Dry,Non-Fatal Injury,Turning Movement,Passenger,60 to 64,Major,,,Other,,,,,,,,,,,,Yes,,,,,Yes,,,,,,123,Cliffcrest,123,Cliffcrest (123),D41,641131.5995,4841277.704
10054,7892222,1387447,17/09/2013,2013,1527,KINGSTON RD,MIDLAND AVE,,Major Arterial,Scarborough,43.711112,-79.24818,,Traffic Signal,Clear,Daylight,Dry,Non-Fatal Injury,Turning Movement,Driver,85 to 89,Minor,,West,"Automobile, Station Wagon",Turning Left,Improper Turn,Inattentive,,,,,,,,,Yes,,,,,Yes,,,,,,123,Cliffcrest,123,Cliffcrest (123),D41,641131.5995,4841277.704
10055,7892223,1387447,17/09/2013,2013,1527,KINGSTON RD,MIDLAND AVE,,Major Arterial,Scarborough,43.711112,-79.24818,,Traffic Signal,Clear,Daylight,Dry,Non-Fatal Injury,Turning Movement,Driver,65 to 69,None,,North,"Automobile, Station Wagon",Stopped,Driving Properly,Normal,,,,,,,,,Yes,,,,,Yes,,,,,,123,Cliffcrest,123,Cliffcrest (123),D41,641131.5995,4841277.704
10056,7890996,1387019,18/09/2013,2013,837,FINCH AVE E,SANDHURST CRCL,,Major Arterial,Scarborough,43.808814,-79.262767,,Traffic Signal,Clear,Daylight,Dry,Non-Fatal Injury,Pedestrian Collisions,Driver,55 to 59,None,,South,"Automobile, Station Wagon",Turning Left,Improper Turn,Inattentive,,,,,,,Yes,,Yes,,,,,,,,,,,129,Agincourt North,129,Agincourt North (129),D42,639728.7846,4852104.281
10057,7890997,1387019,18/09/2013,2013,837,FINCH AVE E,SANDHURST CRCL,,Major Arterial,Scarborough,43.808814,-79.262767,,Traffic Signal,Clear,Daylight,Dry,Non-Fatal Injury,Pedestrian Collisions,Pedestrian,70 to 74,Major,,North,Other,,,,Vehicle turns left while ped crosses with ROW at inter.,Crossing with right of way,Normal,,,,Yes,,Yes,,,,,,,,,,,129,Agincourt North,129,Agincourt North (129),D42,639728.7846,4852104.281
10058,7864812,1376061,18/09/2013,2013,1634,LAKE SHORE BLVD W,DWIGHT AVE,,Major Arterial,Etobicoke York,43.602343,-79.497989,,No Control,Clear,Daylight,Dry,Fatal,Cyclist Collisions,Passenger,unknown,None,,,,,,,,,,,,,,Yes,Yes,,,,,Yes,,,,,,18,New Toronto,18,New Toronto (18),D22,621224.7546,4828802.498
10059,7864813,1376061,18/09/2013,2013,1634,LAKE SHORE BLVD W,DWIGHT AVE,,Major Arterial,Etobicoke York,43.602343,-79.497989,,No Control,Clear,Daylight,Dry,Fatal,Cyclist Collisions,Driver,60 to 64,None,,East,"Automobile, Station Wagon",Going Ahead,Driving Properly,Normal,,,,,,,,Yes,Yes,,,,,Yes,,,,,,18,New Toronto,18,New Toronto (18),D22,621224.7546,4828802.498
10060,7864814,1376061,18/09/2013,2013,1634,LAKE SHORE BLVD W,DWIGHT AVE,,Major Arterial,Etobicoke York,43.602343,-79.497989,,No Control,Clear,Daylight,Dry,Fatal,Cyclist Collisions,Cyclist,50 to 54,Fatal,41,West,Bicycle,Unknown,,,,,,"Cyclist without ROW rides into path of motorist at inter, lnwy, dwy-Cyclist not turn.",Lost control,Unknown,,Yes,Yes,,,,,Yes,,,,,,18,New Toronto,18,New Toronto (18),D22,621224.7546,4828802.498
10061,7865638,1376445,21/09/2013,2013,1621,EVANS AVE,ISLINGTON AVE,,Major Arterial,Etobicoke York,43.618384,-79.511318,At Intersection,Traffic Signal,Rain,Daylight,Wet,Non-Fatal Injury,Rear End,Driver,70 to 74,Major,,West,"Automobile, Station Wagon",Going Ahead,Lost control,Medical or Physical Disability,,,,,,,,,Yes,,,,,,,,,,Yes,160,Mimico-Queensway,17,Mimico (includes Humber Bay Shores) (17),D22,620117.0491,4830564.678
10062,7865639,1376445,21/09/2013,2013,1621,EVANS AVE,ISLINGTON AVE,,Major Arterial,Etobicoke York,43.618384,-79.511318,At Intersection,Traffic Signal,Rain,Daylight,Wet,Non-Fatal Injury,Rear End,Driver,50 to 54,None,,West,"Automobile, Station Wagon",Turning Right,Driving Properly,Normal,,,,,,,,,Yes,,,,,,,,,,Yes,160,Mimico-Queensway,17,Mimico (includes Humber Bay Shores) (17),D22,620117.0491,4830564.678
10063,7891610,1387238,21/09/2013,2013,2140,QUEEN ST W,BATHURST ST,,Major Arterial,Toronto and East York,43.647116,-79.403972,At Intersection,Traffic Signal,Clear,"Dark, artificial",Dry,Non-Fatal Injury,Cyclist Collisions,Driver,15 to 19,None,,East,"Automobile, Station Wagon",Changing Lanes,Improper Lane Change,Had Been Drinking,,,,,,,,Yes,Yes,,,,,,,,,,,164,Wellington Place,77,Waterfront Communities-The Island (77),D14,628717.1921,4833916.617
10064,7891611,1387238,21/09/2013,2013,2140,QUEEN ST W,BATHURST ST,,Major Arterial,Toronto and East York,43.647116,-79.403972,At Intersection,Traffic Signal,Clear,"Dark, artificial",Dry,Non-Fatal Injury,Cyclist Collisions,Cyclist,40 to 44,Major,,East,Bicycle,Going Ahead,,,,,,Cyclist and Driver travelling in same direction. One vehicle sideswipes the other.,Driving Properly,Normal,,Yes,Yes,,,,,,,,,,,164,Wellington Place,77,Waterfront Communities-The Island (77),D14,628717.1921,4833916.617
10065,7895174,1388506,22/09/2013,2013,1750,KIPLING Ave,ESTHER LORRIE Dr,,Major Arterial,Etobicoke York,43.731658,-79.576381,,No Control,Clear,Daylight,Dry,Non-Fatal Injury,Rear End,Vehicle Owner,unknown,,,,Other,,,,,,,,,,,,Yes,,,,,Yes,,Yes,,,,4,Rexdale-Kipling,4,Rexdale-Kipling (4),D23,614651.3725,4843053.177
10066,7895175,1388506,22/09/2013,2013,1750,KIPLING Ave,ESTHER LORRIE Dr,,Major Arterial,Etobicoke York,43.731658,-79.576381,,No Control,Clear,Daylight,Dry,Non-Fatal Injury,Rear End,Driver,40 to 44,None,,South,"Automobile, Station Wagon",Going Ahead,Following too Close,Inattentive,,,,,,,,,Yes,,,,,Yes,,Yes,,,,4,Rexdale-Kipling,4,Rexdale-Kipling (4),D23,614651.3725,4843053.177
10067,7895176,1388506,22/09/2013,2013,1750,KIPLING Ave,ESTHER LORRIE Dr,,Major Arterial,Etobicoke York,43.731658,-79.576381,,No Control,Clear,Daylight,Dry,Non-Fatal Injury,Rear End,Passenger,30 to 34,Major,,,Other,,,,,,,,,,,,Yes,,,,,Yes,,Yes,,,,4,Rexdale-Kipling,4,Rexdale-Kipling (4),D23,614651.3725,4843053.177
10068,7895177,1388506,22/09/2013,2013,1750,KIPLING Ave,ESTHER LORRIE Dr,,Major Arterial,Etobicoke York,43.731658,-79.576381,,No Control,Clear,Daylight,Dry,Non-Fatal Injury,Rear End,Driver,35 to 39,Minor,,South,"Automobile, Station Wagon",Turning Right,Improper Turn,Inattentive,,,,,,,,,Yes,,,,,Yes,,Yes,,,,4,Rexdale-Kipling,4,Rexdale-Kipling (4),D23,614651.3725,4843053.177
10069,7892148,1387422,23/09/2013,2013,1355,DON MILLS RD,EGLINTON AVE E,,Major Arterial,North York,43.720492,-79.338863,,Traffic Signal,Clear,Daylight,Dry,Non-Fatal Injury,Turning Movement,Motorcycle Driver,40 to 44,Major,,South,Motorcycle,Going Ahead,Driving Properly,Normal,,,,,,,,,Yes,Yes,,,,,,Yes,,,,44,Flemingdon Park,44,Flemingdon Park (44),D55,633804.9578,4842169.083