OBJECTID,INDEX,ACCNUM,DATE,ACCIDENT_YEAR,TIME,STREET1,STREET2,OFFSET,ROAD_CLASS,DISTRICT,LATITUDE,LONGITUDE,ACCLOC,TRAFFCTL,VISIBILITY,LIGHT,RDSFCOND,ACCLASS,IMPACTYPE,INVTYPE,INVAGE,INJURY,FATAL_NO,INITDIR,VEHTYPE,MANOEUVER,DRIVACT,DRIVCOND,PEDTYPE,PEDACT,PEDCOND,CYCLISTYPE,CYCACT,CYCCOND,PEDESTRIAN,CYCLIST,AUTOMOBILE,MOTORCYCLE,TRUCK,TRSN_CITY_VEH,EMERG_VEH,PASSENGER,SPEEDING,AG_DRIV,REDLIGHT,ALCOHOL,DISABILITY,HOOD_158,NEIGHBOURHOOD_158,HOOD_140,NEIGHBOURHOOD_140,DIVISION,x,y
10256,7895029,1388459,04/11/2013,2013,1435,VINE Ave,JACKSON Pl,,Local,Toronto and East York,43.66659,-79.467273,,No Control,Clear,Daylight,Dry,Non-Fatal Injury,Turning Movement,Driver,50 to 54,Minor,,North,"Automobile, Station Wagon",Turning Left,Improper Turn,Normal,,,,,,,,,Yes,,,,,,,,,,,90,Junction Area,90,Junction Area (90),D11,623572.0642,4835983.226
10257,7895003,1388451,04/11/2013,2013,2009,YONGE St,DAVISVILLE Ave,,Major Arterial,Toronto and East York,43.698291,-79.396632,,No Control,Clear,"Dawn, artificial",Dry,Non-Fatal Injury,Rear End,Passenger,65 to 69,Major,,,Other,,,,,,,,,,,,Yes,,,,,Yes,,Yes,,,,174,South Eglinton-Davisville,104,Mount Pleasant West (104),D53,629199.2976,4839611.701
10258,7895004,1388451,04/11/2013,2013,2009,YONGE St,DAVISVILLE Ave,,Major Arterial,Toronto and East York,43.698291,-79.396632,,No Control,Clear,"Dawn, artificial",Dry,Non-Fatal Injury,Rear End,Passenger,75 to 79,Major,,,Other,,,,,,,,,,,,Yes,,,,,Yes,,Yes,,,,174,South Eglinton-Davisville,104,Mount Pleasant West (104),D53,629199.2976,4839611.701
10259,7895005,1388451,04/11/2013,2013,2009,YONGE St,DAVISVILLE Ave,,Major Arterial,Toronto and East York,43.698291,-79.396632,,No Control,Clear,"Dawn, artificial",Dry,Non-Fatal Injury,Rear End,Driver,30 to 34,None,,South,"Automobile, Station Wagon",Going Ahead,Driving Properly,Normal,,,,,,,,,Yes,,,,,Yes,,Yes,,,,174,South Eglinton-Davisville,104,Mount Pleasant West (104),D53,629199.2976,4839611.701
10260,7895006,1388451,04/11/2013,2013,2009,YONGE St,DAVISVILLE Ave,,Major Arterial,Toronto and East York,43.698291,-79.396632,,No Control,Clear,"Dawn, artificial",Dry,Non-Fatal Injury,Rear End,Driver,30 to 34,None,,South,"Automobile, Station Wagon",Going Ahead,Following too Close,Normal,,,,,,,,,Yes,,,,,Yes,,Yes,,,,174,South Eglinton-Davisville,104,Mount Pleasant West (104),D53,629199.2976,4839611.701
10261,80143892,3000935041,07/11/2013,2013,900,610 UNIVERSITY AVE,,,Major Arterial,Toronto and East York,43.658202,-79.389766,Non Intersection,No Control,Clear,Daylight,Dry,Non-Fatal Injury,Pedestrian Collisions,Driver,50 to 54,None,,North,"Automobile, Station Wagon",Making U Turn,Improper Turn,Normal,,,,,,,Yes,,Yes,,,,,,,,,,,170,Yonge-Bay Corridor,76,Bay Street Corridor (76),D52,629839.004,4835169.995
10262,80143893,3000935041,07/11/2013,2013,900,610 UNIVERSITY AVE,,,Major Arterial,Toronto and East York,43.658202,-79.389766,Non Intersection,No Control,Clear,Daylight,Dry,Non-Fatal Injury,Pedestrian Collisions,Pedestrian,55 to 59,Major,,East,,,,,Pedestrian hit at mid-block,"Crossing, no Traffic Control",Normal,,,,Yes,,Yes,,,,,,,,,,,170,Yonge-Bay Corridor,76,Bay Street Corridor (76),D52,629839.004,4835169.995
10263,7887379,1385686,07/11/2013,2013,926,STEELES AVE E,STRAWBERRY HILLS DR,,Major Arterial,Scarborough,43.829833,-79.280391,,,Other,Daylight,Other,Non-Fatal Injury,Other,Driver,70 to 74,Major,,,"Automobile, Station Wagon",Unknown,,,,,,,,,,,Yes,,,,,,,,,,,130,Milliken,130,Milliken (130),D42,638262.7124,4854409.174
10264,7887380,1385686,07/11/2013,2013,926,STEELES AVE E,STRAWBERRY HILLS DR,,Major Arterial,Scarborough,43.829833,-79.280391,,,Other,Daylight,Other,Non-Fatal Injury,Other,Driver,30 to 34,None,,,"Automobile, Station Wagon",Unknown,,,,,,,,,,,Yes,,,,,,,,,,,130,Milliken,130,Milliken (130),D42,638262.7124,4854409.174
10265,8000119,130927832,07/11/2013,2013,1141,HARBORD ST,SPADINA AVE,,Major Arterial,Toronto and East York,43.663043,-79.402095,,Traffic Signal,Clear,Daylight,Dry,Fatal,Pedestrian Collisions,Driver,35 to 39,None,,West,"Bus (Other) (Go Bus, Gray Coa",Going Ahead,Failed to Yield Right of Way,Unknown,,,,,,,Yes,,,,,Yes,,,,Yes,,,,79,University,79,University (79),D52,628834.5071,4835688.433
10266,80000019,130927832,07/11/2013,2013,1141,HARBORD ST,SPADINA AVE,,Major Arterial,Toronto and East York,43.663043,-79.402095,,Traffic Signal,Clear,Daylight,Dry,Fatal,Pedestrian Collisions,Pedestrian,60 to 64,Fatal,51,South,,,,,Vehicle is going straight thru inter.while ped cross with ROW,Crossing with right of way,Unknown,,,,Yes,,,,,Yes,,,,Yes,,,,79,University,79,University (79),D52,628834.5071,4835688.433
10267,80199652,3013932599,08/11/2013,2013,725,LAWRENCE AVE E,BENNETT RD,,Minor Arterial,Scarborough,43.772868,-79.166332,Intersection Related,Traffic Signal,Clear,Daylight,Dry,Fatal,Pedestrian Collisions,Driver,35 to 39,None,,North,"Automobile, Station Wagon",Turning Left,Failed to Yield Right of Way,Inattentive,,,,,,,Yes,,Yes,,,,,,,Yes,,,,136,West Hill,136,West Hill (136),D43,647573.771,4848279.274
10268,80199653,3013932599,08/11/2013,2013,725,LAWRENCE AVE E,BENNETT RD,,Minor Arterial,Scarborough,43.772868,-79.166332,Intersection Related,Traffic Signal,Clear,Daylight,Dry,Fatal,Pedestrian Collisions,Pedestrian,25 to 29,Fatal,52,South,,,,,Vehicle turns left while ped crosses with ROW at inter.,Crossing with right of way,Normal,,,,Yes,,Yes,,,,,,,Yes,,,,136,West Hill,136,West Hill (136),D43,647573.771,4848279.274
10269,80197579,3000936141,08/11/2013,2013,1813,QUEEN ST W,RONCESVALLES AVE,,Major Arterial,Toronto and East York,43.638579,-79.44688,Non Intersection,No Control,Clear,"Dark, artificial",Dry,Non-Fatal Injury,SMV Other,Driver,55 to 59,None,,West,Passenger Van,Going Ahead,Lost control,Normal,,,,,,,,,Yes,,,,,Yes,,,,,,87,High Park-Swansea,87,High Park-Swansea (87),D11,625274.4368,4832902.818
10270,80197580,3000936141,08/11/2013,2013,1813,QUEEN ST W,RONCESVALLES AVE,,Major Arterial,Toronto and East York,43.638579,-79.44688,Non Intersection,No Control,Clear,"Dark, artificial",Dry,Non-Fatal Injury,SMV Other,Passenger,65 to 69,Major,,,,,,,,,,,,,,,Yes,,,,,Yes,,,,,,87,High Park-Swansea,87,High Park-Swansea (87),D11,625274.4368,4832902.818
10271,80144004,3000936395,08/11/2013,2013,1900,955 BAY ST,,,Major Arterial,Toronto and East York,43.664359,-79.38718,Private Driveway,No Control,Clear,"Dark, artificial",Dry,Non-Fatal Injury,Pedestrian Collisions,Driver,45 to 49,None,,West,"Automobile, Station Wagon",Turning Left,Failed to Yield Right of Way,Inattentive,,,,,,,Yes,,Yes,,,,,,,Yes,,,,169,Bay-Cloverhill,76,Bay Street Corridor (76),D52,630034.2319,4835857.862
10272,80144005,3000936395,08/11/2013,2013,1900,955 BAY ST,,,Major Arterial,Toronto and East York,43.664359,-79.38718,Private Driveway,No Control,Clear,"Dark, artificial",Dry,Non-Fatal Injury,Pedestrian Collisions,Pedestrian,25 to 29,Major,,North,,,,,Pedestrian hit on sidewalk or shoulder,On Sidewalk or Shoulder,Normal,,,,Yes,,Yes,,,,,,,Yes,,,,169,Bay-Cloverhill,76,Bay Street Corridor (76),D52,630034.2319,4835857.862
10273,80144021,3000937530,08/11/2013,2013,2304,F G GARDINER XY  W,PARKSIDE DR,,,Toronto and East York,43.637927,-79.446986,Non Intersection,No Control,Clear,"Dark, artificial",Dry,Non-Fatal Injury,Pedestrian Collisions,Driver,50 to 54,,,West,"Automobile, Station Wagon",Going Ahead,Driving Properly,Normal,,,,,,,Yes,,Yes,,,,,,,,,,,85,South Parkdale,85,South Parkdale (85),D11,625267.2416,4832830.246
10274,80144022,3000937530,08/11/2013,2013,2304,F G GARDINER XY  W,PARKSIDE DR,,,Toronto and East York,43.637927,-79.446986,Non Intersection,No Control,Clear,"Dark, artificial",Dry,Non-Fatal Injury,Pedestrian Collisions,Pedestrian,25 to 29,Major,,Unknown,,,,,Pedestrian hit at mid-block,Other,Unknown,,,,Yes,,Yes,,,,,,,,,,,85,South Parkdale,85,South Parkdale (85),D11,625267.2416,4832830.246
10275,80624293,3013962476,13/11/2013,2013,750,WILSON AVE,INGLESIDE DR,1 m West of,Major Arterial,North York,43.727904,-79.478458,Non Intersection,No Control,Clear,Daylight,Dry,Non-Fatal Injury,SMV Other,Truck Driver,55 to 59,Major,,West,Truck - Open,Going Ahead,Failed to Yield Right of Way,Normal,,,,,,,,,,,Yes,,,,,Yes,,,,155,Downsview,26,Downsview-Roding-CFB (26),D31,622545.3332,4842776.387
10276,80144678,3000972719,14/11/2013,2013,1945,545 THE WEST MALL,,,Minor Arterial,Etobicoke York,43.651686,-79.569782,Non Intersection,No Control,Clear,"Dark, artificial",Dry,Non-Fatal Injury,Pedestrian Collisions,Driver,45 to 49,None,,South,"Automobile, Station Wagon",Going Ahead,Driving Properly,Normal,,,,,,,Yes,,Yes,,,,,,,,,,,13,Etobicoke West Mall,13,Etobicoke West Mall (13),D22,615336.0127,4834180.366
10277,80144679,3000972719,14/11/2013,2013,1945,545 THE WEST MALL,,,Minor Arterial,Etobicoke York,43.651686,-79.569782,Non Intersection,No Control,Clear,"Dark, artificial",Dry,Non-Fatal Injury,Pedestrian Collisions,Pedestrian,15 to 19,Major,,West,,,,,Pedestrian hit at mid-block,Playing or Working on Highway,Had Been Drinking,,,,Yes,,Yes,,,,,,,,,,,13,Etobicoke West Mall,13,Etobicoke West Mall (13),D22,615336.0127,4834180.366
10278,80144680,3000972719,14/11/2013,2013,1945,545 THE WEST MALL,,,Minor Arterial,Etobicoke York,43.651686,-79.569782,Non Intersection,No Control,Clear,"Dark, artificial",Dry,Non-Fatal Injury,Pedestrian Collisions,,unknown,,,,,,,,,,,,,,Yes,,Yes,,,,,,,,,,,13,Etobicoke West Mall,13,Etobicoke West Mall (13),D22,615336.0127,4834180.366
10279,3738220,977199,15/11/2013,2013,1440,64 ST CLAIR AVE W,,,Major Arterial,Toronto and East York,43.68751,-79.396922,,No Control,Clear,Daylight,Dry,Fatal,Pedestrian Collisions,Passenger,unknown,None,,,,,,,,,,,,,Yes,,Yes,,,Yes,,Yes,,,,,,97,Yonge-St.Clair,97,Yonge-St.Clair (97),D53,629199.0778,4838413.87
10280,3738221,977199,15/11/2013,2013,1440,64 ST CLAIR AVE W,,,Major Arterial,Toronto and East York,43.68751,-79.396922,,No Control,Clear,Daylight,Dry,Fatal,Pedestrian Collisions,Passenger,unknown,None,,,,,,,,,,,,,Yes,,Yes,,,Yes,,Yes,,,,,,97,Yonge-St.Clair,97,Yonge-St.Clair (97),D53,629199.0778,4838413.87
10281,3738222,977199,15/11/2013,2013,1440,64 ST CLAIR AVE W,,,Major Arterial,Toronto and East York,43.68751,-79.396922,,No Control,Clear,Daylight,Dry,Fatal,Pedestrian Collisions,Pedestrian,80 to 84,Fatal,53,South,,,,,Pedestrian involved in a collision with transit vehicle anywhere along roadway,"Crossing, no Traffic Control",Inattentive,,,,Yes,,Yes,,,Yes,,Yes,,,,,,97,Yonge-St.Clair,97,Yonge-St.Clair (97),D53,629199.0778,4838413.87
10282,7541892,977199,15/11/2013,2013,1440,64 ST CLAIR AVE W,,,Major Arterial,Toronto and East York,43.68751,-79.396922,,No Control,Clear,Daylight,Dry,Fatal,Pedestrian Collisions,Passenger,35 to 39,None,,,,,,,,,,,,,Yes,,Yes,,,Yes,,Yes,,,,,,97,Yonge-St.Clair,97,Yonge-St.Clair (97),D53,629199.0778,4838413.87
10283,7541893,977199,15/11/2013,2013,1440,64 ST CLAIR AVE W,,,Major Arterial,Toronto and East York,43.68751,-79.396922,,No Control,Clear,Daylight,Dry,Fatal,Pedestrian Collisions,Driver,25 to 29,None,,West,Street Car,Going Ahead,Driving Properly,Normal,,,,,,,Yes,,Yes,,,Yes,,Yes,,,,,,97,Yonge-St.Clair,97,Yonge-St.Clair (97),D53,629199.0778,4838413.87
10284,7541894,977199,15/11/2013,2013,1440,64 ST CLAIR AVE W,,,Major Arterial,Toronto and East York,43.68751,-79.396922,,No Control,Clear,Daylight,Dry,Fatal,Pedestrian Collisions,Driver,40 to 44,None,,West,"Automobile, Station Wagon",Going Ahead,Driving Properly,Normal,,,,,,,Yes,,Yes,,,Yes,,Yes,,,,,,97,Yonge-St.Clair,97,Yonge-St.Clair (97),D53,629199.0778,4838413.87
10285,80198008,3000983486,16/11/2013,2013,1516,FAIRFAX CR,WARDEN AV,,Major Arterial,Scarborough,43.71617,-79.282756,At Intersection,Traffic Signal,Clear,Daylight,Dry,Non-Fatal Injury,Turning Movement,Driver,75 to 79,Major,,North,"Automobile, Station Wagon",Turning Left,Failed to Yield Right of Way,Normal,,,,,,,,,Yes,,,,,Yes,Yes,Yes,,,,120,Clairlea-Birchmount,120,Clairlea-Birchmount (120),D41,638334.3866,4841781.178
10286,80198009,3000983486,16/11/2013,2013,1516,FAIRFAX CR,WARDEN AV,,Major Arterial,Scarborough,43.71617,-79.282756,At Intersection,Traffic Signal,Clear,Daylight,Dry,Non-Fatal Injury,Turning Movement,Driver,40 to 44,None,,South,Pick Up Truck,Going Ahead,Driving Properly,Normal,,,,,,,,,Yes,,,,,Yes,Yes,Yes,,,,120,Clairlea-Birchmount,120,Clairlea-Birchmount (120),D41,638334.3866,4841781.178
10287,80198010,3000983486,16/11/2013,2013,1516,FAIRFAX CR,WARDEN AV,,Major Arterial,Scarborough,43.71617,-79.282756,At Intersection,Traffic Signal,Clear,Daylight,Dry,Non-Fatal Injury,Turning Movement,Passenger,60 to 64,None,,,,,,,,,,,,,,,Yes,,,,,Yes,Yes,Yes,,,,120,Clairlea-Birchmount,120,Clairlea-Birchmount (120),D41,638334.3866,4841781.178
10288,80144941,3000986891,17/11/2013,2013,412,LANSDOWNE AVE,BRANDON AVE,,Minor Arterial,Toronto and East York,43.66828,-79.447078,Non Intersection,No Control,Rain,"Dark, artificial",Wet,Non-Fatal Injury,Pedestrian Collisions,Driver,60 to 64,None,,North,"Automobile, Station Wagon",Going Ahead,Driving Properly,Normal,,,,,,,Yes,,Yes,,,,,,,,,,,171,Junction-Wallace Emerson,93,Dovercourt-Wallace Emerson-Junction (93),D13,625196.7343,4836201.202
10289,80144942,3000986891,17/11/2013,2013,412,LANSDOWNE AVE,BRANDON AVE,,Minor Arterial,Toronto and East York,43.66828,-79.447078,Non Intersection,No Control,Rain,"Dark, artificial",Wet,Non-Fatal Injury,Pedestrian Collisions,Pedestrian,25 to 29,Major,,South,,,,,Pedestrian hit at mid-block,Running onto Roadway,"Ability Impaired, Alcohol",,,,Yes,,Yes,,,,,,,,,,,171,Junction-Wallace Emerson,93,Dovercourt-Wallace Emerson-Junction (93),D13,625196.7343,4836201.202
10290,80198087,3000989119,17/11/2013,2013,1506,MEADOWVALE RD,DEAN PARK  RD,,Minor Arterial,Scarborough,43.804213,-79.168781,At Intersection,Traffic Signal,Clear,Daylight,Dry,Non-Fatal Injury,Angle,Driver,60 to 64,Major,,South,"Automobile, Station Wagon",Going Ahead,Disobeyed Traffic Control,Inattentive,,,,,,,,,Yes,,,,,Yes,,Yes,Yes,,,143,West Rouge,131,Rouge (131),D42,647299.6495,4851756.28
10291,80198088,3000989119,17/11/2013,2013,1506,MEADOWVALE RD,DEAN PARK  RD,,Minor Arterial,Scarborough,43.804213,-79.168781,At Intersection,Traffic Signal,Clear,Daylight,Dry,Non-Fatal Injury,Angle,Driver,25 to 29,None,,West,Passenger Van,Going Ahead,Driving Properly,Normal,,,,,,,,,Yes,,,,,Yes,,Yes,Yes,,,143,West Rouge,131,Rouge (131),D42,647299.6495,4851756.28
10292,80198089,3000989119,17/11/2013,2013,1506,MEADOWVALE RD,DEAN PARK  RD,,Minor Arterial,Scarborough,43.804213,-79.168781,At Intersection,Traffic Signal,Clear,Daylight,Dry,Non-Fatal Injury,Angle,Passenger,0 to 4,None,,,,,,,,,,,,,,,Yes,,,,,Yes,,Yes,Yes,,,143,West Rouge,131,Rouge (131),D42,647299.6495,4851756.28
10293,80145123,3000996799,18/11/2013,2013,2035,BATHURST ST,FRONTENAC AVE,,Major Arterial,North York,43.716799,-79.42921,Non Intersection,No Control,Clear,"Dark, artificial",Dry,Non-Fatal Injury,SMV Other,Driver,20 to 24,Minimal,,South,"Automobile, Station Wagon",Other,Lost control,"Ability Impaired, Alcohol",,,,,,,,,Yes,,,,,Yes,,,,Yes,,39,Bedford Park-Nortown,39,Bedford Park-Nortown (39),D53,626535.1898,4841617.025
10294,80145124,3000996799,18/11/2013,2013,2035,BATHURST ST,FRONTENAC AVE,,Major Arterial,North York,43.716799,-79.42921,Non Intersection,No Control,Clear,"Dark, artificial",Dry,Non-Fatal Injury,SMV Other,Passenger,30 to 34,Major,,,,,,,,,,,,,,,Yes,,,,,Yes,,,,Yes,,39,Bedford Park-Nortown,39,Bedford Park-Nortown (39),D53,626535.1898,4841617.025
10295,80198191,3001000463,19/11/2013,2013,1327,MOUNT PLEASANT RD,TED ROGERS WAY,,Major Arterial,Toronto and East York,43.669963,-79.379894,Intersection Related,Traffic Signal,Clear,Daylight,Dry,Non-Fatal Injury,Rear End,Driver,45 to 49,None,,West,"Automobile, Station Wagon",Going Ahead,Following too Close,Inattentive,,,,,,,,,Yes,,,,,Yes,,Yes,,,,74,North St.James Town,74,North St.James Town (74),D51,630609.5198,4836491.707
10296,80198192,3001000463,19/11/2013,2013,1327,MOUNT PLEASANT RD,TED ROGERS WAY,,Major Arterial,Toronto and East York,43.669963,-79.379894,Intersection Related,Traffic Signal,Clear,Daylight,Dry,Non-Fatal Injury,Rear End,Driver,65 to 69,None,,West,"Automobile, Station Wagon",Going Ahead,Driving Properly,Normal,,,,,,,,,Yes,,,,,Yes,,Yes,,,,74,North St.James Town,74,North St.James Town (74),D51,630609.5198,4836491.707
10297,80198193,3001000463,19/11/2013,2013,1327,MOUNT PLEASANT RD,TED ROGERS WAY,,Major Arterial,Toronto and East York,43.669963,-79.379894,Intersection Related,Traffic Signal,Clear,Daylight,Dry,Non-Fatal Injury,Rear End,Driver,35 to 39,None,,West,"Automobile, Station Wagon",Going Ahead,Driving Properly,Normal,,,,,,,,,Yes,,,,,Yes,,Yes,,,,74,North St.James Town,74,North St.James Town (74),D51,630609.5198,4836491.707
10298,80198194,3001000463,19/11/2013,2013,1327,MOUNT PLEASANT RD,TED ROGERS WAY,,Major Arterial,Toronto and East York,43.669963,-79.379894,Intersection Related,Traffic Signal,Clear,Daylight,Dry,Non-Fatal Injury,Rear End,Passenger,40 to 44,Major,,,,,,,,,,,,,,,Yes,,,,,Yes,,Yes,,,,74,North St.James Town,74,North St.James Town (74),D51,630609.5198,4836491.707
10299,80198195,3001000463,19/11/2013,2013,1327,MOUNT PLEASANT RD,TED ROGERS WAY,,Major Arterial,Toronto and East York,43.669963,-79.379894,Intersection Related,Traffic Signal,Clear,Daylight,Dry,Non-Fatal Injury,Rear End,Passenger,60 to 64,Minor,,,,,,,,,,,,,,,Yes,,,,,Yes,,Yes,,,,74,North St.James Town,74,North St.James Town (74),D51,630609.5198,4836491.707
10300,80145206,3001002195,19/11/2013,2013,1820,VICTORIA PARK AVE,SUNRISE AVE,,Major Arterial,North York,43.719775,-79.300586,,Traffic Signal,Clear,"Dark, artificial",Dry,Non-Fatal Injury,Pedestrian Collisions,Driver,60 to 64,None,,East,"Automobile, Station Wagon",Turning Left,Failed to Yield Right of Way,Inattentive,,,,,,,Yes,,Yes,,,,,,,Yes,,,,120,Clairlea-Birchmount,120,Clairlea-Birchmount (120),D41,636889.846,4842151.961
10301,80145207,3001002195,19/11/2013,2013,1820,VICTORIA PARK AVE,SUNRISE AVE,,Major Arterial,North York,43.719775,-79.300586,,Traffic Signal,Clear,"Dark, artificial",Dry,Non-Fatal Injury,Pedestrian Collisions,Pedestrian,25 to 29,Major,,East,,,,,Vehicle turns left while ped crosses with ROW at inter.,Crossing with right of way,Normal,,,,Yes,,Yes,,,,,,,Yes,,,,120,Clairlea-Birchmount,120,Clairlea-Birchmount (120),D41,636889.846,4842151.961
10302,8000010,3001005166,20/11/2013,2013,937,SHEPPARD AVE W,KODIAK CRES,,Major Arterial,North York,43.751868,-79.467212,,Traffic Signal,Clear,Daylight,Dry,Fatal,Cyclist Collisions,Cyclist,20 to 24,Fatal,54,West,Bicycle,Going Ahead,,,,,,"Motorist without ROW drives into path of cyclist at inter, lnwy, dwy-Driver not turn.",Driving Properly,Normal,,Yes,Yes,,,,,,Yes,Yes,Yes,,,155,Downsview,26,Downsview-Roding-CFB (26),D32,623401.8562,4845454.629
10303,8000106,3001005166,20/11/2013,2013,937,SHEPPARD AVE W,KODIAK CRES,,Major Arterial,North York,43.751868,-79.467212,,Traffic Signal,Clear,Daylight,Dry,Fatal,Cyclist Collisions,Driver,20 to 24,,,North,"Automobile, Station Wagon",Going Ahead,Disobeyed Traffic Control,Unknown,,,,,,,,Yes,Yes,,,,,,Yes,Yes,Yes,,,155,Downsview,26,Downsview-Roding-CFB (26),D32,623401.8562,4845454.629
10304,80145439,3001013927,21/11/2013,2013,1650,YONGE ST,FRONT ST,,Major Arterial,Toronto and East York,43.646437,-79.376781,Non Intersection,No Control,Clear,"Dusk, artificial",Dry,Non-Fatal Injury,Pedestrian Collisions,Driver,40 to 44,None,,North,"Automobile, Station Wagon",Slowing or Stopping,Driving Properly,Normal,,,,,,,Yes,,Yes,,,,,,,,,,,166,St Lawrence-East Bayfront-The Islands,77,Waterfront Communities-The Island (77),D51,630911.6025,4833883.739
10305,80145440,3001013927,21/11/2013,2013,1650,YONGE ST,FRONT ST,,Major Arterial,Toronto and East York,43.646437,-79.376781,Non Intersection,No Control,Clear,"Dusk, artificial",Dry,Non-Fatal Injury,Pedestrian Collisions,Pedestrian,65 to 69,Major,,West,,,,,Pedestrian hit at mid-block,"Crossing, no Traffic Control",Inattentive,,,,Yes,,Yes,,,,,,,,,,,166,St Lawrence-East Bayfront-The Islands,77,Waterfront Communities-The Island (77),D51,630911.6025,4833883.739
10306,80198361,3001015663,22/11/2013,2013,31,HOSKIN AVE,ST GEORGE ST,,Minor Arterial,Toronto and East York,43.664099,-79.398433,Intersection Related,Traffic Signal,Rain,"Dark, artificial",Wet,Non-Fatal Injury,Cyclist Collisions,Cyclist,20 to 24,Major,,South,Bicycle,Going Ahead,,,,,,"Cyclist without ROW rides into path of motorist at inter, lnwy, dwy-Cyclist not turn.",Disobeyed Traffic Control,Unknown,,Yes,Yes,,,,,,,,,,,79,University,79,University (79),D52,629127.5026,4835811.409
10307,80198362,3001015663,22/11/2013,2013,31,HOSKIN AVE,ST GEORGE ST,,Minor Arterial,Toronto and East York,43.664099,-79.398433,Intersection Related,Traffic Signal,Rain,"Dark, artificial",Wet,Non-Fatal Injury,Cyclist Collisions,Driver,20 to 24,None,,East,"Automobile, Station Wagon",Going Ahead,Driving Properly,Unknown,,,,,,,,Yes,Yes,,,,,,,,,,,79,University,79,University (79),D52,629127.5026,4835811.409
10308,80145639,3001021983,23/11/2013,2013,1,HIGHWAY 427  S,27 S 427 C S RAMP,,,Etobicoke York,43.669295,-79.574916,Non Intersection,No Control,Clear,"Dark, artificial",Dry,Non-Fatal Injury,SMV Other,Driver,25 to 29,Major,,South,"Automobile, Station Wagon",Going Ahead,Lost control,"Ability Impaired, Alcohol",,,,,,,,,Yes,,,,,,,,,Yes,,11,Eringate-Centennial-West Deane,11,Eringate-Centennial-West Deane (11),D22,614888.403,4836128.948
10309,80198452,3001022701,23/11/2013,2013,130,WINSTON PARK BLVD,ANTHONY RD,,Local,North York,43.72782,-79.471133,At/Near Private Drive,Stop Sign,Clear,"Dark, artificial",Dry,Non-Fatal Injury,SMV Unattended Vehicle,Driver,25 to 29,Major,,West,"Automobile, Station Wagon",Turning Left,Lost control,Unknown,,,,,,,,,Yes,,,,,,Yes,Yes,,,,155,Downsview,26,Downsview-Roding-CFB (26),D32,623135.4674,4842777.916
10310,80198600,3001029733,24/11/2013,2013,1018,EGLINTON AVE E,OSWEGO RD,,Major Arterial,Scarborough,43.737418,-79.244701,Non Intersection,No Control,Clear,Daylight,Dry,Fatal,Approaching,Driver,40 to 44,None,,West,"Automobile, Station Wagon",Changing Lanes,Speed too Fast For Condition,Normal,,,,,,,,,Yes,,,,,Yes,Yes,Yes,,,,138,Eglinton East,138,Eglinton East (138),D43,641349.9951,4844205.305
10311,80198601,3001029733,24/11/2013,2013,1018,EGLINTON AVE E,OSWEGO RD,,Major Arterial,Scarborough,43.737418,-79.244701,Non Intersection,No Control,Clear,Daylight,Dry,Fatal,Approaching,Driver,45 to 49,Minor,,East,"Automobile, Station Wagon",Going Ahead,Driving Properly,Normal,,,,,,,,,Yes,,,,,Yes,Yes,Yes,,,,138,Eglinton East,138,Eglinton East (138),D43,641349.9951,4844205.305
10312,80198602,3001029733,24/11/2013,2013,1018,EGLINTON AVE E,OSWEGO RD,,Major Arterial,Scarborough,43.737418,-79.244701,Non Intersection,No Control,Clear,Daylight,Dry,Fatal,Approaching,Passenger,30 to 34,None,,,,,,,,,,,,,,,Yes,,,,,Yes,Yes,Yes,,,,138,Eglinton East,138,Eglinton East (138),D43,641349.9951,4844205.305
10313,80198604,3001029733,24/11/2013,2013,1018,EGLINTON AVE E,OSWEGO RD,,Major Arterial,Scarborough,43.737418,-79.244701,Non Intersection,No Control,Clear,Daylight,Dry,Fatal,Approaching,Passenger,30 to 34,Fatal,57,,,,,,,,,,,,,,Yes,,,,,Yes,Yes,Yes,,,,138,Eglinton East,138,Eglinton East (138),D43,641349.9951,4844205.305
10314,80198605,3001029733,24/11/2013,2013,1018,EGLINTON AVE E,OSWEGO RD,,Major Arterial,Scarborough,43.737418,-79.244701,Non Intersection,No Control,Clear,Daylight,Dry,Fatal,Approaching,Passenger,35 to 39,Minor,,,,,,,,,,,,,,,Yes,,,,,Yes,Yes,Yes,,,,138,Eglinton East,138,Eglinton East (138),D43,641349.9951,4844205.305
10315,80503925,3001029733,24/11/2013,2013,1018,EGLINTON AVE E,OSWEGO RD,,Major Arterial,Scarborough,43.737418,-79.244701,Non Intersection,No Control,Clear,Daylight,Dry,Fatal,Approaching,Passenger,35 to 39,Minor,,,"Automobile, Station Wagon",,,,,,,,,,,,Yes,,,,,Yes,Yes,Yes,,,,138,Eglinton East,138,Eglinton East (138),D43,641349.9951,4844205.305
10316,8000107,131031283,24/11/2013,2013,1521,100 STEELES AVE W,,,Major Arterial,North York,43.796965,-79.424747,,Traffic Signal,Clear,"Dark, artificial",Dry,Fatal,Pedestrian Collisions,Driver,30 to 34,None,,South,Delivery Van,Turning Right,Improper Passing,Inattentive,,,,,,,Yes,,Yes,,,,,,,Yes,,,,36,Newtonbrook West,36,Newtonbrook West (36),D32,626725.3708,4850527.479