OBJECTID,INDEX,ACCNUM,DATE,ACCIDENT_YEAR,TIME,STREET1,STREET2,OFFSET,ROAD_CLASS,DISTRICT,LATITUDE,LONGITUDE,ACCLOC,TRAFFCTL,VISIBILITY,LIGHT,RDSFCOND,ACCLASS,IMPACTYPE,INVTYPE,INVAGE,INJURY,FATAL_NO,INITDIR,VEHTYPE,MANOEUVER,DRIVACT,DRIVCOND,PEDTYPE,PEDACT,PEDCOND,CYCLISTYPE,CYCACT,CYCCOND,PEDESTRIAN,CYCLIST,AUTOMOBILE,MOTORCYCLE,TRUCK,TRSN_CITY_VEH,EMERG_VEH,PASSENGER,SPEEDING,AG_DRIV,REDLIGHT,ALCOHOL,DISABILITY,HOOD_158,NEIGHBOURHOOD_158,HOOD_140,NEIGHBOURHOOD_140,DIVISION,x,y
10317,80000012,131031283,24/11/2013,2013,1521,100 STEELES AVE W,,,Major Arterial,North York,43.796965,-79.424747,,Traffic Signal,Clear,"Dark, artificial",Dry,Fatal,Pedestrian Collisions,Pedestrian,40 to 44,Fatal,56,South,,,,,Vehicle turns right while ped crosses with ROW at inter.,Crossing with right of way,Normal,,,,Yes,,Yes,,,,,,,Yes,,,,36,Newtonbrook West,36,Newtonbrook West (36),D32,626725.3708,4850527.479
10318,80146149,3001047627,27/11/2013,2013,1120,JARVIS ST,GERRARD ST E,,Major Arterial,Toronto and East York,43.660418,-79.375896,At Intersection,Traffic Signal,Clear,Daylight,Dry,Non-Fatal Injury,Pedestrian Collisions,Driver,30 to 34,None,,South,"Automobile, Station Wagon",Turning Left,Failed to Yield Right of Way,Normal,,,,,,,Yes,,Yes,,,,,,,Yes,,,,168,Downtown Yonge East,75,Church-Yonge Corridor (75),D51,630952.5866,4835437.909
10319,80146150,3001047627,27/11/2013,2013,1120,JARVIS ST,GERRARD ST E,,Major Arterial,Toronto and East York,43.660418,-79.375896,At Intersection,Traffic Signal,Clear,Daylight,Dry,Non-Fatal Injury,Pedestrian Collisions,Pedestrian,30 to 34,Major,,North,,,,,Vehicle turns left while ped crosses with ROW at inter.,Crossing with right of way,Normal,,,,Yes,,Yes,,,,,,,Yes,,,,168,Downtown Yonge East,75,Church-Yonge Corridor (75),D51,630952.5866,4835437.909
10320,80198851,3001054757,28/11/2013,2013,1423,295 THE WEST MALL,,,Minor Arterial,Etobicoke York,43.6351,-79.561916,Non Intersection,No Control,Clear,Daylight,Dry,Non-Fatal Injury,SMV Other,Driver,80 to 84,Major,,North,"Automobile, Station Wagon",Going Ahead,Lost control,Unknown,,,,,,,,,Yes,,,,,,,,,,,12,Markland Wood,12,Markland Wood (12),D22,616002.2662,4832349.245
10321,80000014,131058335,29/11/2013,2013,558,1491 LAKE SHORE BLVD W,,,Major Arterial,Toronto and East York,43.637614,-79.447742,,No Control,Clear,"Dawn, artificial",Dry,Fatal,SMV Other,Driver,25 to 29,Fatal,58,East,"Automobile, Station Wagon",Going Ahead,Lost control,Unknown,,,,,,,,,Yes,,,,,,Yes,Yes,,,,85,South Parkdale,85,South Parkdale (85),D11,625206.9116,4832794.342
10322,80146400,3001061187,29/11/2013,2013,1545,WILLOWDALE AVE,PEMBERTON AVE,,Minor Arterial,North York,43.782489,-79.407451,At Intersection,No Control,Clear,Daylight,Dry,Non-Fatal Injury,Pedestrian Collisions,Driver,unknown,,,South,"Automobile, Station Wagon",Going Ahead,Driving Properly,Unknown,,,,,,,Yes,,Yes,,,,,,,,,,,50,Newtonbrook East,50,Newtonbrook East (50),D32,628147.7385,4848946.322
10323,80146401,3001061187,29/11/2013,2013,1545,WILLOWDALE AVE,PEMBERTON AVE,,Minor Arterial,North York,43.782489,-79.407451,At Intersection,No Control,Clear,Daylight,Dry,Non-Fatal Injury,Pedestrian Collisions,Pedestrian,10 to 14,Major,,West,,,,,Vehicle is going straight thru inter.while ped cross without ROW,"Crossing, no Traffic Control",Unknown,,,,Yes,,Yes,,,,,,,,,,,50,Newtonbrook East,50,Newtonbrook East (50),D32,628147.7385,4848946.322
10324,80622575,3001064601,30/11/2013,2013,509,295 DAVENPORT RD,,,Major Arterial,Toronto and East York,43.674319,-79.399799,Non Intersection,No Control,Clear,Dark,Dry,Non-Fatal Injury,SMV Other,Driver,45 to 49,Major,,South,"Automobile, Station Wagon",Going Ahead,Lost control,"Ability Impaired, Alcohol",,,,,,,,,Yes,,,,,,Yes,Yes,,Yes,,95,Annex,95,Annex (95),D53,628995.4717,4836944.352
10325,8000113,13999959,30/11/2013,2013,1556,BLOOR ST W,NEILSON DR,,Major Arterial,Etobicoke York,43.63444,-79.567218,,Traffic Signal,Other,Daylight,Other,Fatal,Turning Movement,Driver,35 to 39,None,,West,"Automobile, Station Wagon",Turning Left,Improper Turn,Unknown,,,,,,,,,Yes,,,,,,,,,,,12,Markland Wood,12,Markland Wood (12),D22,615575.8451,4832268.548
10326,80000015,13999959,30/11/2013,2013,1556,BLOOR ST W,NEILSON DR,,Major Arterial,Etobicoke York,43.63444,-79.567218,,Traffic Signal,Other,Daylight,Other,Fatal,Turning Movement,Driver,30 to 34,Fatal,59,West,"Automobile, Station Wagon",Going Ahead,Driving Properly,Unknown,,,,,,,,,Yes,,,,,,,,,,,12,Markland Wood,12,Markland Wood (12),D22,615575.8451,4832268.548
10327,80622701,3000108221,02/12/2013,2013,20,BLACK CREEK DR,TRETHEWEY DR,,Major Arterial,Etobicoke York,43.694541,-79.486064,At Intersection,Traffic Signal,Clear,"Dark, artificial",Dry,Non-Fatal Injury,Pedestrian Collisions,Driver,40 to 44,None,,West,"Automobile, Station Wagon",Turning Right,Failed to Yield Right of Way,Inattentive,,,,,,,Yes,,Yes,,,,,Yes,,Yes,,,,112,Beechborough-Greenbrook,112,Beechborough-Greenbrook (112),D12,622000.4125,4839059.741
10328,80622702,3000108221,02/12/2013,2013,20,BLACK CREEK DR,TRETHEWEY DR,,Major Arterial,Etobicoke York,43.694541,-79.486064,At Intersection,Traffic Signal,Clear,"Dark, artificial",Dry,Non-Fatal Injury,Pedestrian Collisions,Passenger,35 to 39,None,,,,,,,,,,,,,Yes,,Yes,,,,,Yes,,Yes,,,,112,Beechborough-Greenbrook,112,Beechborough-Greenbrook (112),D12,622000.4125,4839059.741
10329,80622703,3000108221,02/12/2013,2013,20,BLACK CREEK DR,TRETHEWEY DR,,Major Arterial,Etobicoke York,43.694541,-79.486064,At Intersection,Traffic Signal,Clear,"Dark, artificial",Dry,Non-Fatal Injury,Pedestrian Collisions,Pedestrian,10 to 14,Major,,East,,,,,Vehicle turns right while ped crosses with ROW at inter.,Crossing with right of way,Normal,,,,Yes,,Yes,,,,,Yes,,Yes,,,,112,Beechborough-Greenbrook,112,Beechborough-Greenbrook (112),D12,622000.4125,4839059.741
10330,80709507,3000777885,03/12/2013,2013,700,SCARLETT RD,LAWRENCE AVE W,234 m South ,Major Arterial,Etobicoke York,43.698107,-79.52325,At Intersection,Traffic Signal,Clear,Daylight,Dry,Non-Fatal Injury,Pedestrian Collisions,Driver,50 to 54,None,,North,"Automobile, Station Wagon",Going Ahead,Driving Properly,Normal,,,,,,,Yes,,Yes,,,,,,,,,,,8,Humber Heights-Westmount,8,Humber Heights-Westmount (8),D23,618996.7038,4839401.754
10331,80709508,3000777885,03/12/2013,2013,700,SCARLETT RD,LAWRENCE AVE W,234 m South ,Major Arterial,Etobicoke York,43.698107,-79.52325,At Intersection,Traffic Signal,Clear,Daylight,Dry,Non-Fatal Injury,Pedestrian Collisions,Pedestrian,10 to 14,Major,,West,,,,,Vehicle is going straight thru inter.while ped cross without ROW,Crossing without right of way,Inattentive,,,,Yes,,Yes,,,,,,,,,,,8,Humber Heights-Westmount,8,Humber Heights-Westmount (8),D23,618996.7038,4839401.754
10332,81153095,,03/12/2013,2013,700,SCARLETT RD,LAWRENCE AV W,,Major Arterial,Etobicoke York,43.698177,-79.523266,At Intersection,Traffic Signal,Clear,Daylight,Dry,Non-Fatal Injury,Pedestrian Collisions,Driver,50 to 54,None,,North,Pick Up Truck,Going Ahead,Driving Properly,Normal,,,,,,,Yes,,Yes,,,,,,,,,,,8,Humber Heights-Westmount,8,Humber Heights-Westmount (8),D23,618995.276,4839409.505
10333,81153096,,03/12/2013,2013,700,SCARLETT RD,LAWRENCE AV W,,Major Arterial,Etobicoke York,43.698177,-79.523266,At Intersection,Traffic Signal,Clear,Daylight,Dry,Non-Fatal Injury,Pedestrian Collisions,Pedestrian,10 to 14,Major,,,,,,,,,Inattentive,,,,Yes,,Yes,,,,,,,,,,,8,Humber Heights-Westmount,8,Humber Heights-Westmount (8),D23,618995.276,4839409.505
10334,80199141,3001085931,03/12/2013,2013,1815,ST CLAIR AVE E,HERRON AVE,,Major Arterial,Scarborough,43.71091,-79.286075,Intersection Related,Traffic Signal,Clear,"Dark, artificial",Dry,Non-Fatal Injury,Pedestrian Collisions,Driver,70 to 74,None,,South,"Automobile, Station Wagon",Turning Left,Failed to Yield Right of Way,Inattentive,,,,,,,Yes,,Yes,,,,,,Yes,Yes,,,,120,Clairlea-Birchmount,120,Clairlea-Birchmount (120),D41,638079.0981,4841191.444
10335,80199142,3001085931,03/12/2013,2013,1815,ST CLAIR AVE E,HERRON AVE,,Major Arterial,Scarborough,43.71091,-79.286075,Intersection Related,Traffic Signal,Clear,"Dark, artificial",Dry,Non-Fatal Injury,Pedestrian Collisions,Pedestrian,50 to 54,Major,,North,,,,,Vehicle turns left while ped crosses with ROW at inter.,Crossing with right of way,Unknown,,,,Yes,,Yes,,,,,,Yes,Yes,,,,120,Clairlea-Birchmount,120,Clairlea-Birchmount (120),D41,638079.0981,4841191.444
10336,80000016,131086760,03/12/2013,2013,2100,MARKLAND DR,BLOOR ST W,,Major Arterial,Etobicoke York,43.633544,-79.570766,,Traffic Signal,Clear,"Dark, artificial",Dry,Fatal,Pedestrian Collisions,Pedestrian,85 to 89,Fatal,60,East,,,,,Vehicle turns left while ped crosses with ROW at inter.,Crossing with right of way,Normal,,,,Yes,,Yes,,,,,,,Yes,,,,12,Markland Wood,12,Markland Wood (12),D22,615291.3555,4832164.103
10337,80000061,131086760,03/12/2013,2013,2100,MARKLAND DR,BLOOR ST W,,Major Arterial,Etobicoke York,43.633544,-79.570766,,Traffic Signal,Clear,"Dark, artificial",Dry,Fatal,Pedestrian Collisions,Pedestrian,80 to 84,Minor,,East,,,,,Vehicle turns left while ped crosses with ROW at inter.,Crossing with right of way,Unknown,,,,Yes,,Yes,,,,,,,Yes,,,,12,Markland Wood,12,Markland Wood (12),D22,615291.3555,4832164.103
10338,80000065,131086760,03/12/2013,2013,2100,MARKLAND DR,BLOOR ST W,,Major Arterial,Etobicoke York,43.633544,-79.570766,,Traffic Signal,Clear,"Dark, artificial",Dry,Fatal,Pedestrian Collisions,Driver,45 to 49,None,,West,"Automobile, Station Wagon",Turning Left,Failed to Yield Right of Way,Inattentive,,,,,,,Yes,,Yes,,,,,,,Yes,,,,12,Markland Wood,12,Markland Wood (12),D22,615291.3555,4832164.103
10339,80622765,3001089776,04/12/2013,2013,1143,BATHURST ST,WELLS ST,,Major Arterial,Toronto and East York,43.670024,-79.413135,At Intersection,Traffic Signal,Clear,Daylight,Dry,Non-Fatal Injury,Pedestrian Collisions,Driver,65 to 69,None,,North,"Automobile, Station Wagon",Going Ahead,Driving Properly,Normal,,,,,,,Yes,,Yes,,,,,,,,,,,95,Annex,95,Annex (95),D14,627929.544,4836446.682
10340,80622766,3001089776,04/12/2013,2013,1143,BATHURST ST,WELLS ST,,Major Arterial,Toronto and East York,43.670024,-79.413135,At Intersection,Traffic Signal,Clear,Daylight,Dry,Non-Fatal Injury,Pedestrian Collisions,Pedestrian,70 to 74,Major,,East,"Automobile, Station Wagon",,,,Vehicle is going straight thru inter.while ped cross without ROW,Crossing without right of way,Inattentive,,,,Yes,,Yes,,,,,,,,,,,95,Annex,95,Annex (95),D14,627929.544,4836446.682
10341,80199200,3001090818,04/12/2013,2013,1435,DENTON AVE,ROBINSON AVE,,Collector,Scarborough,43.694903,-79.279659,At Intersection,Stop Sign,Clear,Daylight,Dry,Non-Fatal Injury,Cyclist Collisions,Cyclist,25 to 29,Major,,North,Bicycle,Going Ahead,,,,,,"Cyclist without ROW rides into path of motorist at inter, lnwy, dwy-Cyclist not turn.",Failed to Yield Right of Way,Inattentive,,Yes,Yes,,,,,,,,,,,121,Oakridge,121,Oakridge (121),D41,638632.8892,4839424.346
10342,80199201,3001090818,04/12/2013,2013,1435,DENTON AVE,ROBINSON AVE,,Collector,Scarborough,43.694903,-79.279659,At Intersection,Stop Sign,Clear,Daylight,Dry,Non-Fatal Injury,Cyclist Collisions,Driver,55 to 59,None,,West,"Automobile, Station Wagon",Going Ahead,Driving Properly,Normal,,,,,,,,Yes,Yes,,,,,,,,,,,121,Oakridge,121,Oakridge (121),D41,638632.8892,4839424.346
10343,8000116,131092293,04/12/2013,2013,1847,DUMONT ST,OTONABEE AVE,,Local,North York,43.795355,-79.415706,,No Control,Clear,"Dark, artificial",Dry,Fatal,Pedestrian Collisions,Driver,25 to 29,None,,North,"Automobile, Station Wagon",Going Ahead,Driving Properly,Normal,,,,,,,Yes,,Yes,,,,,,,,,,,50,Newtonbrook East,50,Newtonbrook East (50),D32,627456.1271,4850362.546
10344,80000017,131092293,04/12/2013,2013,1847,DUMONT ST,OTONABEE AVE,,Local,North York,43.795355,-79.415706,,No Control,Clear,"Dark, artificial",Dry,Fatal,Pedestrian Collisions,Pedestrian,75 to 79,Fatal,61,East,,,,,Pedestrian hit at mid-block,"Crossing, no Traffic Control",Unknown,,,,Yes,,Yes,,,,,,,,,,,50,Newtonbrook East,50,Newtonbrook East (50),D32,627456.1271,4850362.546
10345,8000117,131098349,05/12/2013,2013,1741,DUNDAS ST W,CLAREMONT ST,,Major Arterial,Toronto and East York,43.651168,-79.411594,,No Control,Clear,"Dark, artificial",Dry,Fatal,Pedestrian Collisions,Driver,45 to 49,None,,West,"Automobile, Station Wagon",Going Ahead,Driving Properly,Normal,,,,,,,Yes,,Yes,,,,,,,,,,,81,Trinity-Bellwoods,81,Trinity-Bellwoods (81),D14,628093.8696,4834354.851
10346,80000018,131098349,05/12/2013,2013,1741,DUNDAS ST W,CLAREMONT ST,,Major Arterial,Toronto and East York,43.651168,-79.411594,,No Control,Clear,"Dark, artificial",Dry,Fatal,Pedestrian Collisions,Pedestrian,90 to 94,Fatal,62,North,,,,,Pedestrian hit at mid-block,"Crossing, no Traffic Control",Normal,,,,Yes,,Yes,,,,,,,,,,,81,Trinity-Bellwoods,81,Trinity-Bellwoods (81),D14,628093.8696,4834354.851
10347,80199278,3001098840,05/12/2013,2013,1905,LAKE SHORE BLVD W,BATHURST ST,,Major Arterial,Toronto and East York,43.636473,-79.399638,Intersection Related,Traffic Signal,Clear,"Dark, artificial",Dry,Non-Fatal Injury,Turning Movement,Driver,35 to 39,None,,West,"Automobile, Station Wagon",Turning Left,Improper Turn,Normal,,,,,,,,,Yes,Yes,,,,Yes,,,,,,165,Harbourfront-CityPlace,77,Waterfront Communities-The Island (77),D14,629089.5182,4832741.306
10348,80199279,3001098840,05/12/2013,2013,1905,LAKE SHORE BLVD W,BATHURST ST,,Major Arterial,Toronto and East York,43.636473,-79.399638,Intersection Related,Traffic Signal,Clear,"Dark, artificial",Dry,Non-Fatal Injury,Turning Movement,Motorcycle Driver,45 to 49,Major,,East,Motorcycle,Going Ahead,Driving Properly,Normal,,,,,,,,,Yes,Yes,,,,Yes,,,,,,165,Harbourfront-CityPlace,77,Waterfront Communities-The Island (77),D14,629089.5182,4832741.306
10349,80199280,3001098840,05/12/2013,2013,1905,LAKE SHORE BLVD W,BATHURST ST,,Major Arterial,Toronto and East York,43.636473,-79.399638,Intersection Related,Traffic Signal,Clear,"Dark, artificial",Dry,Non-Fatal Injury,Turning Movement,Motorcycle Passenger,25 to 29,Minimal,,,,,,,,,,,,,,,Yes,Yes,,,,Yes,,,,,,165,Harbourfront-CityPlace,77,Waterfront Communities-The Island (77),D14,629089.5182,4832741.306
10350,80622874,3001104210,06/12/2013,2013,1616,BELLAMY RD N,ROCHMAN BLVD,,Minor Arterial,Scarborough,43.759902,-79.236118,At Intersection,Stop Sign,Clear,Daylight,Dry,Non-Fatal Injury,Angle,Driver,30 to 34,None,,West,"Automobile, Station Wagon",Going Ahead,Disobeyed Traffic Control,Unknown,,,,,,,,,Yes,,,,,,,Yes,,,,142,Woburn North,137,Woburn (137),D43,641987.9946,4846717.175
10351,80622875,3001104210,06/12/2013,2013,1616,BELLAMY RD N,ROCHMAN BLVD,,Minor Arterial,Scarborough,43.759902,-79.236118,At Intersection,Stop Sign,Clear,Daylight,Dry,Non-Fatal Injury,Angle,Driver,45 to 49,Major,,North,"Automobile, Station Wagon",Going Ahead,Driving Properly,Normal,,,,,,,,,Yes,,,,,,,Yes,,,,142,Woburn North,137,Woburn (137),D43,641987.9946,4846717.175
10352,80622907,3001107258,07/12/2013,2013,304,35 FOUNTAINHEAD RD,,,Local,Etobicoke York,43.762107,-79.503124,Non Intersection,No Control,Clear,"Dark, artificial",Dry,Non-Fatal Injury,Pedestrian Collisions,Driver,unknown,None,,West,"Automobile, Station Wagon",Other,Failed to Yield Right of Way,Unknown,,,,,,,Yes,,Yes,,,,,,,Yes,,,,27,York University Heights,27,York University Heights (27),D31,620490.0743,4846538.947
10353,80622908,3001107258,07/12/2013,2013,304,35 FOUNTAINHEAD RD,,,Local,Etobicoke York,43.762107,-79.503124,Non Intersection,No Control,Clear,"Dark, artificial",Dry,Non-Fatal Injury,Pedestrian Collisions,Pedestrian,20 to 24,Major,,West,"Automobile, Station Wagon",,,,Pedestrian hit at mid-block,"Crossing, no Traffic Control",Had Been Drinking,,,,Yes,,Yes,,,,,,,Yes,,,,27,York University Heights,27,York University Heights (27),D31,620490.0743,4846538.947
10354,80623082,3001129731,11/12/2013,2013,135,UNIVERSITY AVE,ADELAIDE ST W,,Major Arterial,Toronto and East York,43.648795,-79.385516,At Intersection,Traffic Signal,Clear,"Dark, artificial",Dry,Non-Fatal Injury,Pedestrian Collisions,Driver,40 to 44,None,,North,"Automobile, Station Wagon",Going Ahead,Driving Properly,Normal,,,,,,,Yes,,Yes,,,,,,,,,,,170,Yonge-Bay Corridor,76,Bay Street Corridor (76),D52,630202.0279,4834131.883
10355,80623083,3001129731,11/12/2013,2013,135,UNIVERSITY AVE,ADELAIDE ST W,,Major Arterial,Toronto and East York,43.648795,-79.385516,At Intersection,Traffic Signal,Clear,"Dark, artificial",Dry,Non-Fatal Injury,Pedestrian Collisions,Pedestrian,unknown,Major,,East,"Automobile, Station Wagon",,,,Vehicle is going straight thru inter.while ped cross without ROW,Crossing without right of way,Had Been Drinking,,,,Yes,,Yes,,,,,,,,,,,170,Yonge-Bay Corridor,76,Bay Street Corridor (76),D52,630202.0279,4834131.883
10356,80682322,3001131937,11/12/2013,2013,1153,CLAREMORE AVE,KINGSTON RD,450 m West o,Minor Arterial,Scarborough,43.699797,-79.257335,Non Intersection,No Control,Clear,Daylight,Dry,Non-Fatal Injury,Sideswipe,Driver,15 to 19,Major,,West,"Automobile, Station Wagon",Changing Lanes,Other,Normal,,,,,,,,,Yes,,,,,Yes,Yes,Yes,,,,122,Birchcliffe-Cliffside,122,Birchcliffe-Cliffside (122),D41,640420.4557,4840005.463
10357,80682323,3001131937,11/12/2013,2013,1153,CLAREMORE AVE,KINGSTON RD,450 m West o,Minor Arterial,Scarborough,43.699797,-79.257335,Non Intersection,No Control,Clear,Daylight,Dry,Non-Fatal Injury,Sideswipe,Passenger,15 to 19,None,,,,,,,,,,,,,,,Yes,,,,,Yes,Yes,Yes,,,,122,Birchcliffe-Cliffside,122,Birchcliffe-Cliffside (122),D41,640420.4557,4840005.463
10358,80682324,3001131937,11/12/2013,2013,1153,CLAREMORE AVE,KINGSTON RD,450 m West o,Minor Arterial,Scarborough,43.699797,-79.257335,Non Intersection,No Control,Clear,Daylight,Dry,Non-Fatal Injury,Sideswipe,Passenger,15 to 19,Major,,,,,,,,,,,,,,,Yes,,,,,Yes,Yes,Yes,,,,122,Birchcliffe-Cliffside,122,Birchcliffe-Cliffside (122),D41,640420.4557,4840005.463
10359,80682325,3001131937,11/12/2013,2013,1153,CLAREMORE AVE,KINGSTON RD,450 m West o,Minor Arterial,Scarborough,43.699797,-79.257335,Non Intersection,No Control,Clear,Daylight,Dry,Non-Fatal Injury,Sideswipe,Passenger,15 to 19,Major,,,,,,,,,,,,,,,Yes,,,,,Yes,Yes,Yes,,,,122,Birchcliffe-Cliffside,122,Birchcliffe-Cliffside (122),D41,640420.4557,4840005.463
10360,80903557,3001133431,11/12/2013,2013,1605,SHEPPARD AVE W,DON RIVER BLVD,7 m West of,Major Arterial,North York,43.756991,-79.430812,At Intersection,No Control,Clear,Dusk,Dry,Non-Fatal Injury,Pedestrian Collisions,Pedestrian,15 to 19,Major,,South,,,,,Vehicle is going straight thru inter.while ped cross without ROW,Running onto Roadway,Inattentive,,,,Yes,,Yes,,,,,Yes,,,,,,38,Lansing-Westgate,38,Lansing-Westgate (38),D32,626321.5973,4846078.487
10361,80903558,3001133431,11/12/2013,2013,1605,SHEPPARD AVE W,DON RIVER BLVD,7 m West of,Major Arterial,North York,43.756991,-79.430812,At Intersection,No Control,Clear,Dusk,Dry,Non-Fatal Injury,Pedestrian Collisions,Passenger,85 to 89,None,,,,,,,,,,,,,Yes,,Yes,,,,,Yes,,,,,,38,Lansing-Westgate,38,Lansing-Westgate (38),D32,626321.5973,4846078.487
10362,80903559,3001133431,11/12/2013,2013,1605,SHEPPARD AVE W,DON RIVER BLVD,7 m West of,Major Arterial,North York,43.756991,-79.430812,At Intersection,No Control,Clear,Dusk,Dry,Non-Fatal Injury,Pedestrian Collisions,Driver,35 to 39,None,,East,"Automobile, Station Wagon",Going Ahead,Driving Properly,Normal,,,,,,,Yes,,Yes,,,,,Yes,,,,,,38,Lansing-Westgate,38,Lansing-Westgate (38),D32,626321.5973,4846078.487
10363,80890817,3001139681,12/12/2013,2013,1705,200 GATEWAY BLVD,,,Collector,North York,43.714598,-79.335178,At/Near Private Drive,No Control,Clear,"Dark, artificial",Dry,Non-Fatal Injury,Pedestrian Collisions,Pedestrian,35 to 39,Major,,East,,,,,Pedestrian hit at private driveway,"Crossing, no Traffic Control",Normal,,,,Yes,,Yes,,,,,,,Yes,,,,44,Flemingdon Park,44,Flemingdon Park (44),D55,634114.9377,4841520.425
10364,80890818,3001139681,12/12/2013,2013,1705,200 GATEWAY BLVD,,,Collector,North York,43.714598,-79.335178,At/Near Private Drive,No Control,Clear,"Dark, artificial",Dry,Non-Fatal Injury,Pedestrian Collisions,Driver,45 to 49,None,,West,Passenger Van,Turning Left,Failed to Yield Right of Way,Inattentive,,,,,,,Yes,,Yes,,,,,,,Yes,,,,44,Flemingdon Park,44,Flemingdon Park (44),D55,634114.9377,4841520.425
10365,80623384,3001161677,16/12/2013,2013,1237,DUFFERIN ST,OVERBROOK PL,,Major Arterial,North York,43.76097,-79.465167,At Intersection,Traffic Signal,Clear,Daylight,Wet,Non-Fatal Injury,Turning Movement,Driver,80 to 84,Major,,South,"Automobile, Station Wagon",Turning Left,Failed to Yield Right of Way,Normal,,,,,,,,,Yes,,,,,Yes,,Yes,,,,34,Bathurst Manor,34,Bathurst Manor (34),D32,623547.7637,4846468.59
10366,80623385,3001161677,16/12/2013,2013,1237,DUFFERIN ST,OVERBROOK PL,,Major Arterial,North York,43.76097,-79.465167,At Intersection,Traffic Signal,Clear,Daylight,Wet,Non-Fatal Injury,Turning Movement,Driver,15 to 19,Minor,,North,"Automobile, Station Wagon",Going Ahead,Driving Properly,Normal,,,,,,,,,Yes,,,,,Yes,,Yes,,,,34,Bathurst Manor,34,Bathurst Manor (34),D32,623547.7637,4846468.59
10367,80623386,3001161677,16/12/2013,2013,1237,DUFFERIN ST,OVERBROOK PL,,Major Arterial,North York,43.76097,-79.465167,At Intersection,Traffic Signal,Clear,Daylight,Wet,Non-Fatal Injury,Turning Movement,Passenger,15 to 19,Minor,,,,,,,,,,,,,,,Yes,,,,,Yes,,Yes,,,,34,Bathurst Manor,34,Bathurst Manor (34),D32,623547.7637,4846468.59
10368,80623387,3001161677,16/12/2013,2013,1237,DUFFERIN ST,OVERBROOK PL,,Major Arterial,North York,43.76097,-79.465167,At Intersection,Traffic Signal,Clear,Daylight,Wet,Non-Fatal Injury,Turning Movement,Passenger,20 to 24,Minor,,,,,,,,,,,,,,,Yes,,,,,Yes,,Yes,,,,34,Bathurst Manor,34,Bathurst Manor (34),D32,623547.7637,4846468.59
10369,80623595,3001181592,19/12/2013,2013,1558,WILSON AVE,HAYMARKET RD,314 m  of,Major Arterial,Etobicoke York,43.719237,-79.515971,At Intersection,No Control,Clear,Daylight,Dry,Non-Fatal Injury,Pedestrian Collisions,Driver,60 to 64,None,,North,"Automobile, Station Wagon",Turning Left,Failed to Yield Right of Way,Normal,,,,,,,Yes,,Yes,,,,,,,Yes,,,,154,Oakdale-Beverley Heights,26,Downsview-Roding-CFB (26),D31,619541.2403,4841759.005
10370,80623596,3001181592,19/12/2013,2013,1558,WILSON AVE,HAYMARKET RD,314 m  of,Major Arterial,Etobicoke York,43.719237,-79.515971,At Intersection,No Control,Clear,Daylight,Dry,Non-Fatal Injury,Pedestrian Collisions,Pedestrian,65 to 69,Major,,South,,,,,Vehicle turns left while ped crosses with ROW at inter.,"Crossing, no Traffic Control",Normal,,,,Yes,,Yes,,,,,,,Yes,,,,154,Oakdale-Beverley Heights,26,Downsview-Roding-CFB (26),D31,619541.2403,4841759.005
10371,80623599,3001182127,19/12/2013,2013,1728,JUTLAND RD,KIPLING AVE,,Collector,Etobicoke York,43.626677,-79.526668,Non Intersection,No Control,Clear,"Dark, artificial",Loose Sand or Gravel,Non-Fatal Injury,Pedestrian Collisions,Driver,80 to 84,None,,East,"Automobile, Station Wagon",Unknown,Driving Properly,Normal,,,,,,,Yes,,Yes,,,,,,,,,,,159,Etobicoke City Centre,14,Islington-City Centre West (14),D22,618862.1522,4831463.627
10372,80623600,3001182127,19/12/2013,2013,1728,JUTLAND RD,KIPLING AVE,,Collector,Etobicoke York,43.626677,-79.526668,Non Intersection,No Control,Clear,"Dark, artificial",Loose Sand or Gravel,Non-Fatal Injury,Pedestrian Collisions,Driver,50 to 54,Minimal,,North,Construction Equipment,Unknown,Driving Properly,Normal,,,,,,,Yes,,Yes,,,,,,,,,,,159,Etobicoke City Centre,14,Islington-City Centre West (14),D22,618862.1522,4831463.627
10373,80623601,3001182127,19/12/2013,2013,1728,JUTLAND RD,KIPLING AVE,,Collector,Etobicoke York,43.626677,-79.526668,Non Intersection,No Control,Clear,"Dark, artificial",Loose Sand or Gravel,Non-Fatal Injury,Pedestrian Collisions,Pedestrian,60 to 64,Major,,Unknown,Construction Equipment,,,,Pedestrian hit at mid-block,Walking on Roadway with Traffic,Normal,,,,Yes,,Yes,,,,,,,,,,,159,Etobicoke City Centre,14,Islington-City Centre West (14),D22,618862.1522,4831463.627