OBJECTID,INDEX,ACCNUM,DATE,ACCIDENT_YEAR,TIME,STREET1,STREET2,OFFSET,ROAD_CLASS,DISTRICT,LATITUDE,LONGITUDE,ACCLOC,TRAFFCTL,VISIBILITY,LIGHT,RDSFCOND,ACCLASS,IMPACTYPE,INVTYPE,INVAGE,INJURY,FATAL_NO,INITDIR,VEHTYPE,MANOEUVER,DRIVACT,DRIVCOND,PEDTYPE,PEDACT,PEDCOND,CYCLISTYPE,CYCACT,CYCCOND,PEDESTRIAN,CYCLIST,AUTOMOBILE,MOTORCYCLE,TRUCK,TRSN_CITY_VEH,EMERG_VEH,PASSENGER,SPEEDING,AG_DRIV,REDLIGHT,ALCOHOL,DISABILITY,HOOD_158,NEIGHBOURHOOD_158,HOOD_140,NEIGHBOURHOOD_140,DIVISION,x,y
10374,80623610,3001182464,19/12/2013,2013,1837,90 PARK LAWN RD,,,Major Arterial,Etobicoke York,43.623965,-79.483676,Non Intersection,No Control,Clear,"Dark, artificial",Dry,Non-Fatal Injury,Pedestrian Collisions,Driver,20 to 24,None,,South,"Automobile, Station Wagon",Going Ahead,Driving Properly,Normal,,,,,,,Yes,,Yes,,,,,,,,,,,161,Humber Bay Shores,17,Mimico (includes Humber Bay Shores) (17),D22,622336.0954,4831224.874
10375,80623611,3001182464,19/12/2013,2013,1837,90 PARK LAWN RD,,,Major Arterial,Etobicoke York,43.623965,-79.483676,Non Intersection,No Control,Clear,"Dark, artificial",Dry,Non-Fatal Injury,Pedestrian Collisions,Pedestrian,40 to 44,Major,,East,,,,,Pedestrian hit at mid-block,"Crossing, no Traffic Control",Normal,,,,Yes,,Yes,,,,,,,,,,,161,Humber Bay Shores,17,Mimico (includes Humber Bay Shores) (17),D22,622336.0954,4831224.874
10376,80623671,3001188681,20/12/2013,2013,1919,STEELES AVE E,LESLIE ST,192 m East o,Major Arterial,North York,43.808966,-79.370075,Non Intersection,No Control,Rain,"Dark, artificial",Slush,Non-Fatal Injury,Pedestrian Collisions,Driver,55 to 59,None,,East,"Automobile, Station Wagon",Going Ahead,Driving Properly,Normal,,,,,,,Yes,,Yes,,,,,,,,,,,48,Hillcrest Village,48,Hillcrest Village (48),D33,631097.391,4851945.546
10377,80623672,3001188681,20/12/2013,2013,1919,STEELES AVE E,LESLIE ST,192 m East o,Major Arterial,North York,43.808966,-79.370075,Non Intersection,No Control,Rain,"Dark, artificial",Slush,Non-Fatal Injury,Pedestrian Collisions,Driver,30 to 34,None,,East,"Automobile, Station Wagon",Going Ahead,Driving Properly,Normal,,,,,,,Yes,,Yes,,,,,,,,,,,48,Hillcrest Village,48,Hillcrest Village (48),D33,631097.391,4851945.546
10378,80623673,3001188681,20/12/2013,2013,1919,STEELES AVE E,LESLIE ST,192 m East o,Major Arterial,North York,43.808966,-79.370075,Non Intersection,No Control,Rain,"Dark, artificial",Slush,Non-Fatal Injury,Pedestrian Collisions,Pedestrian,25 to 29,Major,,South,,,,,Pedestrian hit at mid-block,"Crossing, no Traffic Control",Had Been Drinking,,,,Yes,,Yes,,,,,,,,,,,48,Hillcrest Village,48,Hillcrest Village (48),D33,631097.391,4851945.546
10379,8000118,131219717,24/12/2013,2013,1500,VICTORIA PARK AVE,O CONNOR DR,,Major Arterial,North York,43.722369,-79.301685,,Stop Sign,Clear,Daylight,Dry,Fatal,Pedestrian Collisions,Driver,65 to 69,None,,West,"Automobile, Station Wagon",Turning Left,Driving Properly,Normal,,,,,,,Yes,,Yes,,,,,,,,,,,120,Clairlea-Birchmount,120,Clairlea-Birchmount (120),D41,636795.4153,4842438.248
10380,80000055,131219717,24/12/2013,2013,1500,VICTORIA PARK AVE,O CONNOR DR,,Major Arterial,North York,43.722369,-79.301685,,Stop Sign,Clear,Daylight,Dry,Fatal,Pedestrian Collisions,Pedestrian,70 to 74,Fatal,63,East,,,,,Pedestrian hit at mid-block,"Crossing, no Traffic Control",Unknown,,,,Yes,,Yes,,,,,,,,,,,120,Clairlea-Birchmount,120,Clairlea-Birchmount (120),D41,636795.4153,4842438.248
10381,80146559,3001220302,24/12/2013,2013,1645,JAMESON AVE,KING ST W,,Minor Arterial,Toronto and East York,43.63634,-79.435703,Non Intersection,No Control,Clear,Daylight,Dry,Non-Fatal Injury,Pedestrian Collisions,Driver,75 to 79,None,,South,"Automobile, Station Wagon",Going Ahead,Driving Properly,Normal,,,,,,,Yes,,Yes,,,,,,,,,,,85,South Parkdale,85,South Parkdale (85),D14,626180.6672,4832671.079
10382,80146560,3001220302,24/12/2013,2013,1645,JAMESON AVE,KING ST W,,Minor Arterial,Toronto and East York,43.63634,-79.435703,Non Intersection,No Control,Clear,Daylight,Dry,Non-Fatal Injury,Pedestrian Collisions,Pedestrian,65 to 69,Major,,West,,,,,Pedestrian hit at mid-block,"Crossing, no Traffic Control",Normal,,,,Yes,,Yes,,,,,,,,,,,85,South Parkdale,85,South Parkdale (85),D14,626180.6672,4832671.079
10383,81113890,3001238664,28/12/2013,2013,942,ELLESMERE RD,DUNDALK DR,,Major Arterial,Scarborough,43.765097,-79.283801,At Intersection,Traffic Signal,Clear,Daylight,Wet,Non-Fatal Injury,Turning Movement,Driver,75 to 79,None,,East,"Automobile, Station Wagon",Turning Left,Failed to Yield Right of Way,Normal,,,,,,,,,Yes,,,,,Yes,,Yes,,,,126,Dorset Park,126,Dorset Park (126),D41,638137.6334,4847213.511
10384,81113891,3001238664,28/12/2013,2013,942,ELLESMERE RD,DUNDALK DR,,Major Arterial,Scarborough,43.765097,-79.283801,At Intersection,Traffic Signal,Clear,Daylight,Wet,Non-Fatal Injury,Turning Movement,Driver,60 to 64,Minor,,West,"Automobile, Station Wagon",Going Ahead,Driving Properly,Normal,,,,,,,,,Yes,,,,,Yes,,Yes,,,,126,Dorset Park,126,Dorset Park (126),D41,638137.6334,4847213.511
10385,81113892,3001238664,28/12/2013,2013,942,ELLESMERE RD,DUNDALK DR,,Major Arterial,Scarborough,43.765097,-79.283801,At Intersection,Traffic Signal,Clear,Daylight,Wet,Non-Fatal Injury,Turning Movement,Passenger,30 to 34,Major,,,,,,,,,,,,,,,Yes,,,,,Yes,,Yes,,,,126,Dorset Park,126,Dorset Park (126),D41,638137.6334,4847213.511
10386,80624216,3001256436,31/12/2013,2013,1303,JANE ST,ARDAGH ST,,Major Arterial,Toronto and East York,43.655669,-79.487071,At Intersection,Traffic Signal,Clear,Daylight,Dry,Non-Fatal Injury,Pedestrian Collisions,Driver,45 to 49,None,,West,"Automobile, Station Wagon",Turning Left,Failed to Yield Right of Way,Normal,,,,,,,Yes,,Yes,,,,,,,Yes,,,,89,Runnymede-Bloor West Village,89,Runnymede-Bloor West Village (89),D11,621998.0056,4834741.008
10387,80624217,3001256436,31/12/2013,2013,1303,JANE ST,ARDAGH ST,,Major Arterial,Toronto and East York,43.655669,-79.487071,At Intersection,Traffic Signal,Clear,Daylight,Dry,Non-Fatal Injury,Pedestrian Collisions,Pedestrian,35 to 39,Major,,Unknown,,,,,Vehicle turns left while ped crosses with ROW at inter.,Crossing with right of way,Normal,,,,Yes,,Yes,,,,,,,Yes,,,,89,Runnymede-Bloor West Village,89,Runnymede-Bloor West Village (89),D11,621998.0056,4834741.008
10388,80200381,4001311712,09/01/2014,2014,1545,MCCOWAN RD,EGLINTON AVE E,2 m North of,Major Arterial,Scarborough,43.738841,-79.238353,Intersection Related,No Control,Clear,Daylight,Wet,Non-Fatal Injury,Pedestrian Collisions,Driver,unknown,None,,Unknown,,Unknown,Other,Unknown,,,,,,,Yes,,Yes,,,,,,,,,,,138,Eglinton East,138,Eglinton East (138),D43,641857.8298,4844374.2
10389,80200382,4001311712,09/01/2014,2014,1545,MCCOWAN RD,EGLINTON AVE E,2 m North of,Major Arterial,Scarborough,43.738841,-79.238353,Intersection Related,No Control,Clear,Daylight,Wet,Non-Fatal Injury,Pedestrian Collisions,Pedestrian,40 to 44,Major,,Unknown,Passenger Van,,,,Unknown,Other,Unknown,,,,Yes,,Yes,,,,,,,,,,,138,Eglinton East,138,Eglinton East (138),D43,641857.8298,4844374.2
10390,80147779,4001313188,09/01/2014,2014,2025,ISLINGTON AVE,BRIMINGHAM ST,,Major Arterial,Etobicoke York,43.603228,-79.506282,Intersection Related,Traffic Signal,Clear,"Dark, artificial",Wet,Non-Fatal Injury,Pedestrian Collisions,Driver,30 to 34,None,,North,"Automobile, Station Wagon",Going Ahead,Driving Properly,Normal,,,,,,,Yes,,Yes,,,,,,,,,,,18,New Toronto,18,New Toronto (18),D22,620553.667,4828888.718
10391,80147780,4001313188,09/01/2014,2014,2025,ISLINGTON AVE,BRIMINGHAM ST,,Major Arterial,Etobicoke York,43.603228,-79.506282,Intersection Related,Traffic Signal,Clear,"Dark, artificial",Wet,Non-Fatal Injury,Pedestrian Collisions,Pedestrian,40 to 44,Major,,West,,,,,Pedestrian hit at mid-block,"Crossing, no Traffic Control",Normal,,,,Yes,,Yes,,,,,,,,,,,18,New Toronto,18,New Toronto (18),D22,620553.667,4828888.718
10392,80200593,4001338478,13/01/2014,2014,2125,THE QUEENSWAY,427 C S QUEENSWAY RAMP,,Major Arterial,Etobicoke York,43.615058,-79.552249,At Intersection,Traffic Signal,Clear,"Dark, artificial",Wet,Non-Fatal Injury,Turning Movement,Driver,30 to 34,None,,East,"Automobile, Station Wagon",Turning Left,Failed to Yield Right of Way,Normal,,,,,,,,,Yes,,,,,,,Yes,,,,159,Etobicoke City Centre,14,Islington-City Centre West (14),D22,616820.8689,4830136.89
10393,80200594,4001338478,13/01/2014,2014,2125,THE QUEENSWAY,427 C S QUEENSWAY RAMP,,Major Arterial,Etobicoke York,43.615058,-79.552249,At Intersection,Traffic Signal,Clear,"Dark, artificial",Wet,Non-Fatal Injury,Turning Movement,Driver,65 to 69,Major,,West,"Automobile, Station Wagon",Going Ahead,Driving Properly,Normal,,,,,,,,,Yes,,,,,,,Yes,,,,159,Etobicoke City Centre,14,Islington-City Centre West (14),D22,616820.8689,4830136.89
10394,80200599,4001339945,14/01/2014,2014,710,JUDSON ST,HAROLD ST,,Collector,Etobicoke York,43.61558,-79.500003,Non Intersection,No Control,Clear,"Dawn, artificial",Dry,Non-Fatal Injury,SMV Other,Driver,30 to 34,Major,,West,"Automobile, Station Wagon",Going Ahead,Speed too Fast For Condition,Inattentive,,,,,,,,,Yes,,,,,,Yes,Yes,,,,160,Mimico-Queensway,17,Mimico (includes Humber Bay Shores) (17),D22,621035.6542,4830269.69
10395,80148198,4001342712,14/01/2014,2014,1518,3 BELL ROYAL CRT,,,Local,Etobicoke York,43.672438,-79.521617,At/Near Private Drive,No Control,Clear,Daylight,Ice,Non-Fatal Injury,Pedestrian Collisions,Truck Driver,35 to 39,None,,East,Truck - Open,Going Ahead,Other,Normal,,,,,,,Yes,,,,Yes,,,,,,,,,9,Edenbridge-Humber Valley,9,Edenbridge-Humber Valley (9),D22,619179.1113,4836553.213
10396,80148199,4001342712,14/01/2014,2014,1518,3 BELL ROYAL CRT,,,Local,Etobicoke York,43.672438,-79.521617,At/Near Private Drive,No Control,Clear,Daylight,Ice,Non-Fatal Injury,Pedestrian Collisions,Pedestrian,20 to 24,Major,,East,,,,,Pedestrian hit at mid-block,Walking on Roadway with Traffic,Normal,,,,Yes,,,,Yes,,,,,,,,,9,Edenbridge-Humber Valley,9,Edenbridge-Humber Valley (9),D22,619179.1113,4836553.213
10397,80200656,4001344082,14/01/2014,2014,1929,WARDEN AVE,SHEPPARD AVE E,,Major Arterial,Scarborough,43.77872,-79.307895,Intersection Related,Traffic Signal,Clear,"Dark, artificial",Dry,Non-Fatal Injury,Turning Movement,Driver,20 to 24,Major,,South,"Automobile, Station Wagon",Turning Left,Failed to Yield Right of Way,Inattentive,,,,,,,,,Yes,,,,,,,Yes,,,,118,Tam O'Shanter-Sullivan,118,Tam O'Shanter-Sullivan (118),D42,636167.3541,4848686.645
10398,80200657,4001344082,14/01/2014,2014,1929,WARDEN AVE,SHEPPARD AVE E,,Major Arterial,Scarborough,43.77872,-79.307895,Intersection Related,Traffic Signal,Clear,"Dark, artificial",Dry,Non-Fatal Injury,Turning Movement,Driver,15 to 19,None,,North,Passenger Van,Going Ahead,Driving Properly,Normal,,,,,,,,,Yes,,,,,,,Yes,,,,118,Tam O'Shanter-Sullivan,118,Tam O'Shanter-Sullivan (118),D42,636167.3541,4848686.645
10399,80148474,4001361731,17/01/2014,2014,1528,JANE ST,PRITCHARD AVE,,Major Arterial,Etobicoke York,43.669467,-79.492801,At Intersection,Traffic Signal,Clear,Daylight,Dry,Non-Fatal Injury,Pedestrian Collisions,Driver,20 to 24,None,,South,"Automobile, Station Wagon",Turning Left,Driving Properly,Normal,,,,,,,Yes,,Yes,,,,,Yes,,Yes,Yes,,,111,Rockcliffe-Smythe,111,Rockcliffe-Smythe (111),D12,621508.1135,4836265.047
10400,80148475,4001361731,17/01/2014,2014,1528,JANE ST,PRITCHARD AVE,,Major Arterial,Etobicoke York,43.669467,-79.492801,At Intersection,Traffic Signal,Clear,Daylight,Dry,Non-Fatal Injury,Pedestrian Collisions,Driver,65 to 69,None,,North,"Automobile, Station Wagon",Going Ahead,Disobeyed Traffic Control,Normal,,,,,,,Yes,,Yes,,,,,Yes,,Yes,Yes,,,111,Rockcliffe-Smythe,111,Rockcliffe-Smythe (111),D12,621508.1135,4836265.047
10401,80148476,4001361731,17/01/2014,2014,1528,JANE ST,PRITCHARD AVE,,Major Arterial,Etobicoke York,43.669467,-79.492801,At Intersection,Traffic Signal,Clear,Daylight,Dry,Non-Fatal Injury,Pedestrian Collisions,Passenger,25 to 29,None,,,,,,,,,,,,,Yes,,Yes,,,,,Yes,,Yes,Yes,,,111,Rockcliffe-Smythe,111,Rockcliffe-Smythe (111),D12,621508.1135,4836265.047
10402,80148477,4001361731,17/01/2014,2014,1528,JANE ST,PRITCHARD AVE,,Major Arterial,Etobicoke York,43.669467,-79.492801,At Intersection,Traffic Signal,Clear,Daylight,Dry,Non-Fatal Injury,Pedestrian Collisions,Passenger,60 to 64,Minor,,,,,,,,,,,,,Yes,,Yes,,,,,Yes,,Yes,Yes,,,111,Rockcliffe-Smythe,111,Rockcliffe-Smythe (111),D12,621508.1135,4836265.047
10403,80148478,4001361731,17/01/2014,2014,1528,JANE ST,PRITCHARD AVE,,Major Arterial,Etobicoke York,43.669467,-79.492801,At Intersection,Traffic Signal,Clear,Daylight,Dry,Non-Fatal Injury,Pedestrian Collisions,Pedestrian,45 to 49,Major,,Unknown,,,,,Pedestrian hit on sidewalk or shoulder,On Sidewalk or Shoulder,Normal,,,,Yes,,Yes,,,,,Yes,,Yes,Yes,,,111,Rockcliffe-Smythe,111,Rockcliffe-Smythe (111),D12,621508.1135,4836265.047
10404,80200914,4001374034,19/01/2014,2014,1702,KINGSTON RD,GLEN EVEREST RD,,Major Arterial,Scarborough,43.697543,-79.256786,At Intersection,Traffic Signal,Snow,"Dark, artificial",Ice,Non-Fatal Injury,SMV Other,Driver,50 to 54,Minor,,East,"Automobile, Station Wagon",Going Ahead,Speed too Fast For Condition,Normal,,,,,,,,,Yes,,,,,Yes,Yes,Yes,,,,122,Birchcliffe-Cliffside,122,Birchcliffe-Cliffside (122),D41,640469.9572,4839756.054
10405,80200915,4001374034,19/01/2014,2014,1702,KINGSTON RD,GLEN EVEREST RD,,Major Arterial,Scarborough,43.697543,-79.256786,At Intersection,Traffic Signal,Snow,"Dark, artificial",Ice,Non-Fatal Injury,SMV Other,Passenger,60 to 64,Major,,,,,,,,,,,,,,,Yes,,,,,Yes,Yes,Yes,,,,122,Birchcliffe-Cliffside,122,Birchcliffe-Cliffside (122),D41,640469.9572,4839756.054
10406,8000000,141375171,19/01/2014,2014,2145,EGLINTON AVE W,NORTHCLIFFE BLVD,,Major Arterial,North York,43.69625,-79.447673,At Intersection,Traffic Signal,Clear,"Dark, artificial",Wet,Fatal,Pedestrian Collisions,Driver,15 to 19,None,,West,"Automobile, Station Wagon",Going Ahead,Driving Properly,Normal,,,,,,,Yes,,Yes,,,,,,,,,,,107,Oakwood Village,107,Oakwood Village (107),D13,625090.6223,4839306.751
10407,80000020,141375171,19/01/2014,2014,2145,EGLINTON AVE W,NORTHCLIFFE BLVD,,Major Arterial,North York,43.69625,-79.447673,At Intersection,Traffic Signal,Clear,"Dark, artificial",Wet,Fatal,Pedestrian Collisions,Pedestrian,35 to 39,Fatal,1,South,,,,,Vehicle is going straight thru inter.while ped cross without ROW,Crossing without right of way,Unknown,,,,Yes,,Yes,,,,,,,,,,,107,Oakwood Village,107,Oakwood Village (107),D13,625090.6223,4839306.751
10408,80201044,4001383742,21/01/2014,2014,1000,KINGSTON RD,TOLLGATE MEWS,100 m East o,Major Arterial,Scarborough,43.732688,-79.223819,Intersection Related,No Control,Clear,Daylight,Dry,Non-Fatal Injury,Rear End,Truck Driver,35 to 39,Minor,,West,Truck-Tractor,Going Ahead,Following too Close,Inattentive,,,,,,,,,Yes,,Yes,,,Yes,,Yes,,,,139,Scarborough Village,139,Scarborough Village (139),D43,643042.8552,4843715.807
10409,80201045,4001383742,21/01/2014,2014,1000,KINGSTON RD,TOLLGATE MEWS,100 m East o,Major Arterial,Scarborough,43.732688,-79.223819,Intersection Related,No Control,Clear,Daylight,Dry,Non-Fatal Injury,Rear End,Driver,50 to 54,Major,,West,Pick Up Truck,Stopped,Driving Properly,Normal,,,,,,,,,Yes,,Yes,,,Yes,,Yes,,,,139,Scarborough Village,139,Scarborough Village (139),D43,643042.8552,4843715.807
10410,80201046,4001383742,21/01/2014,2014,1000,KINGSTON RD,TOLLGATE MEWS,100 m East o,Major Arterial,Scarborough,43.732688,-79.223819,Intersection Related,No Control,Clear,Daylight,Dry,Non-Fatal Injury,Rear End,Driver,45 to 49,Minor,,West,"Automobile, Station Wagon",Stopped,Driving Properly,Normal,,,,,,,,,Yes,,Yes,,,Yes,,Yes,,,,139,Scarborough Village,139,Scarborough Village (139),D43,643042.8552,4843715.807
10411,80201047,4001383742,21/01/2014,2014,1000,KINGSTON RD,TOLLGATE MEWS,100 m East o,Major Arterial,Scarborough,43.732688,-79.223819,Intersection Related,No Control,Clear,Daylight,Dry,Non-Fatal Injury,Rear End,Driver,55 to 59,Minor,,West,"Automobile, Station Wagon",Stopped,Driving Properly,Normal,,,,,,,,,Yes,,Yes,,,Yes,,Yes,,,,139,Scarborough Village,139,Scarborough Village (139),D43,643042.8552,4843715.807
10412,80201048,4001383742,21/01/2014,2014,1000,KINGSTON RD,TOLLGATE MEWS,100 m East o,Major Arterial,Scarborough,43.732688,-79.223819,Intersection Related,No Control,Clear,Daylight,Dry,Non-Fatal Injury,Rear End,Driver,35 to 39,Minor,,West,"Automobile, Station Wagon",Stopped,Driving Properly,Normal,,,,,,,,,Yes,,Yes,,,Yes,,Yes,,,,139,Scarborough Village,139,Scarborough Village (139),D43,643042.8552,4843715.807
10413,80201049,4001383742,21/01/2014,2014,1000,KINGSTON RD,TOLLGATE MEWS,100 m East o,Major Arterial,Scarborough,43.732688,-79.223819,Intersection Related,No Control,Clear,Daylight,Dry,Non-Fatal Injury,Rear End,Driver,50 to 54,Minor,,West,"Automobile, Station Wagon",Stopped,Driving Properly,Normal,,,,,,,,,Yes,,Yes,,,Yes,,Yes,,,,139,Scarborough Village,139,Scarborough Village (139),D43,643042.8552,4843715.807
10414,80201050,4001383742,21/01/2014,2014,1000,KINGSTON RD,TOLLGATE MEWS,100 m East o,Major Arterial,Scarborough,43.732688,-79.223819,Intersection Related,No Control,Clear,Daylight,Dry,Non-Fatal Injury,Rear End,Driver,60 to 64,None,,West,"Automobile, Station Wagon",Stopped,Driving Properly,Normal,,,,,,,,,Yes,,Yes,,,Yes,,Yes,,,,139,Scarborough Village,139,Scarborough Village (139),D43,643042.8552,4843715.807
10415,80201051,4001383742,21/01/2014,2014,1000,KINGSTON RD,TOLLGATE MEWS,100 m East o,Major Arterial,Scarborough,43.732688,-79.223819,Intersection Related,No Control,Clear,Daylight,Dry,Non-Fatal Injury,Rear End,Driver,45 to 49,None,,West,"Automobile, Station Wagon",Stopped,Driving Properly,Normal,,,,,,,,,Yes,,Yes,,,Yes,,Yes,,,,139,Scarborough Village,139,Scarborough Village (139),D43,643042.8552,4843715.807
10416,80201052,4001383742,21/01/2014,2014,1000,KINGSTON RD,TOLLGATE MEWS,100 m East o,Major Arterial,Scarborough,43.732688,-79.223819,Intersection Related,No Control,Clear,Daylight,Dry,Non-Fatal Injury,Rear End,Truck Driver,40 to 44,None,,West,"Truck - Closed (Blazer, etc)",Stopped,Driving Properly,Normal,,,,,,,,,Yes,,Yes,,,Yes,,Yes,,,,139,Scarborough Village,139,Scarborough Village (139),D43,643042.8552,4843715.807
10417,80201053,4001383742,21/01/2014,2014,1000,KINGSTON RD,TOLLGATE MEWS,100 m East o,Major Arterial,Scarborough,43.732688,-79.223819,Intersection Related,No Control,Clear,Daylight,Dry,Non-Fatal Injury,Rear End,Passenger,20 to 24,Minor,,,,,,,,,,,,,,,Yes,,Yes,,,Yes,,Yes,,,,139,Scarborough Village,139,Scarborough Village (139),D43,643042.8552,4843715.807
10418,80201054,4001383742,21/01/2014,2014,1000,KINGSTON RD,TOLLGATE MEWS,100 m East o,Major Arterial,Scarborough,43.732688,-79.223819,Intersection Related,No Control,Clear,Daylight,Dry,Non-Fatal Injury,Rear End,Passenger,25 to 29,Minor,,,,,,,,,,,,,,,Yes,,Yes,,,Yes,,Yes,,,,139,Scarborough Village,139,Scarborough Village (139),D43,643042.8552,4843715.807
10419,80148865,4001384194,21/01/2014,2014,1222,FINCH AVE W,ALNESS ST,,Major Arterial,North York,43.767813,-79.471469,At Intersection,Traffic Signal,Clear,Daylight,Dry,Non-Fatal Injury,Pedestrian Collisions,Truck Driver,45 to 49,None,,South,Truck - Dump,Turning Left,Failed to Yield Right of Way,Normal,,,,,,,Yes,,,,Yes,,,,,Yes,,,,27,York University Heights,27,York University Heights (27),D32,623026.4465,4847219.225
10420,80148866,4001384194,21/01/2014,2014,1222,FINCH AVE W,ALNESS ST,,Major Arterial,North York,43.767813,-79.471469,At Intersection,Traffic Signal,Clear,Daylight,Dry,Non-Fatal Injury,Pedestrian Collisions,Pedestrian,55 to 59,Major,,North,,,,,Vehicle turns left while ped crosses with ROW at inter.,Crossing with right of way,Unknown,,,,Yes,,,,Yes,,,,,Yes,,,,27,York University Heights,27,York University Heights (27),D32,623026.4465,4847219.225
10421,80149020,4001392181,22/01/2014,2014,1846,KINGSTON RD,PAYZAC AVE,,Major Arterial,Scarborough,43.758952,-79.197589,At Intersection,Traffic Signal,Clear,Dark,Dry,Non-Fatal Injury,Pedestrian Collisions,Driver,35 to 39,None,,West,"Automobile, Station Wagon",Going Ahead,Driving Properly,Normal,,,,,,,Yes,,Yes,,,,,,,,,,,136,West Hill,136,West Hill (136),D43,645091.8158,4846678.445
10422,80149021,4001392181,22/01/2014,2014,1846,KINGSTON RD,PAYZAC AVE,,Major Arterial,Scarborough,43.758952,-79.197589,At Intersection,Traffic Signal,Clear,Dark,Dry,Non-Fatal Injury,Pedestrian Collisions,Pedestrian,30 to 34,Major,,North,,,,,Vehicle is going straight thru inter.while ped cross without ROW,Crossing without right of way,Normal,,,,Yes,,Yes,,,,,,,,,,,136,West Hill,136,West Hill (136),D43,645091.8158,4846678.445
10423,8000001,141413547,26/01/2014,2014,1310,SHEPPARD AVE E,CONSUMERS RD,,Major Arterial,North York,43.775088,-79.331226,,Traffic Signal,Snow,Daylight,Loose Snow,Fatal,Rear End,Driver,50 to 54,Minimal,,East,"Automobile, Station Wagon",Stopped,Driving Properly,Normal,,,,,,,,,Yes,,,,,Yes,,,,,,53,Henry Farm,53,Henry Farm (53),D33,634297.9694,4848245.145
10424,8000003,141413547,26/01/2014,2014,1310,SHEPPARD AVE E,CONSUMERS RD,,Major Arterial,North York,43.775088,-79.331226,,Traffic Signal,Snow,Daylight,Loose Snow,Fatal,Rear End,Passenger,50 to 54,Minimal,,,,,,,,,,,,,,,Yes,,,,,Yes,,,,,,53,Henry Farm,53,Henry Farm (53),D33,634297.9694,4848245.145
10425,8000004,141413547,26/01/2014,2014,1310,SHEPPARD AVE E,CONSUMERS RD,,Major Arterial,North York,43.775088,-79.331226,,Traffic Signal,Snow,Daylight,Loose Snow,Fatal,Rear End,Passenger,15 to 19,Minimal,,,,,,,,,,,,,,,Yes,,,,,Yes,,,,,,53,Henry Farm,53,Henry Farm (53),D33,634297.9694,4848245.145
10426,80000021,141413547,26/01/2014,2014,1310,SHEPPARD AVE E,CONSUMERS RD,,Major Arterial,North York,43.775088,-79.331226,,Traffic Signal,Snow,Daylight,Loose Snow,Fatal,Rear End,Driver,70 to 74,Fatal,2,East,Passenger Van,Going Ahead,Other,Unknown,,,,,,,,,Yes,,,,,Yes,,,,,,53,Henry Farm,53,Henry Farm (53),D33,634297.9694,4848245.145
10427,80201377,4001414099,26/01/2014,2014,1510,DUNDAS ST E,HAMILTON ST,,Major Arterial,Toronto and East York,43.662223,-79.352245,Intersection Related,Stop Sign,Snow,Daylight,Slush,Non-Fatal Injury,Angle,Driver,55 to 59,None,,South,"Automobile, Station Wagon",Going Ahead,Failed to Yield Right of Way,Normal,,,,,,,,,Yes,,,,,Yes,,Yes,,,,70,South Riverdale,70,South Riverdale (70),D55,632855.6219,4835675.98
10428,80201378,4001414099,26/01/2014,2014,1510,DUNDAS ST E,HAMILTON ST,,Major Arterial,Toronto and East York,43.662223,-79.352245,Intersection Related,Stop Sign,Snow,Daylight,Slush,Non-Fatal Injury,Angle,Driver,40 to 44,None,,East,"Automobile, Station Wagon",Going Ahead,Driving Properly,Normal,,,,,,,,,Yes,,,,,Yes,,Yes,,,,70,South Riverdale,70,South Riverdale (70),D55,632855.6219,4835675.98
10429,80201379,4001414099,26/01/2014,2014,1510,DUNDAS ST E,HAMILTON ST,,Major Arterial,Toronto and East York,43.662223,-79.352245,Intersection Related,Stop Sign,Snow,Daylight,Slush,Non-Fatal Injury,Angle,Passenger,unknown,Major,,,,,,,,,,,,,,,Yes,,,,,Yes,,Yes,,,,70,South Riverdale,70,South Riverdale (70),D55,632855.6219,4835675.98
10430,80201573,4001426631,28/01/2014,2014,1740,BRIMLEY RD,HIGHWAY 401 C  W,,Major Arterial,Scarborough,43.779536,-79.264842,Non Intersection,No Control,Clear,"Dark, artificial",Dry,Non-Fatal Injury,Approaching,Driver,65 to 69,None,,North,Pick Up Truck,Going Ahead,Lost control,Inattentive,,,,,,,,,Yes,,,,,Yes,,Yes,,,,128,Agincourt South-Malvern West,128,Agincourt South-Malvern West (128),D42,639630.0612,4848848.989
10431,80201574,4001426631,28/01/2014,2014,1740,BRIMLEY RD,HIGHWAY 401 C  W,,Major Arterial,Scarborough,43.779536,-79.264842,Non Intersection,No Control,Clear,"Dark, artificial",Dry,Non-Fatal Injury,Approaching,Driver,40 to 44,Minimal,,South,Passenger Van,Going Ahead,Driving Properly,Normal,,,,,,,,,Yes,,,,,Yes,,Yes,,,,128,Agincourt South-Malvern West,128,Agincourt South-Malvern West (128),D42,639630.0612,4848848.989
10432,80201575,4001426631,28/01/2014,2014,1740,BRIMLEY RD,HIGHWAY 401 C  W,,Major Arterial,Scarborough,43.779536,-79.264842,Non Intersection,No Control,Clear,"Dark, artificial",Dry,Non-Fatal Injury,Approaching,Passenger,60 to 64,Major,,,,,,,,,,,,,,,Yes,,,,,Yes,,Yes,,,,128,Agincourt South-Malvern West,128,Agincourt South-Malvern West (128),D42,639630.0612,4848848.989