OBJECTID,INDEX,ACCNUM,DATE,ACCIDENT_YEAR,TIME,STREET1,STREET2,OFFSET,ROAD_CLASS,DISTRICT,LATITUDE,LONGITUDE,ACCLOC,TRAFFCTL,VISIBILITY,LIGHT,RDSFCOND,ACCLASS,IMPACTYPE,INVTYPE,INVAGE,INJURY,FATAL_NO,INITDIR,VEHTYPE,MANOEUVER,DRIVACT,DRIVCOND,PEDTYPE,PEDACT,PEDCOND,CYCLISTYPE,CYCACT,CYCCOND,PEDESTRIAN,CYCLIST,AUTOMOBILE,MOTORCYCLE,TRUCK,TRSN_CITY_VEH,EMERG_VEH,PASSENGER,SPEEDING,AG_DRIV,REDLIGHT,ALCOHOL,DISABILITY,HOOD_158,NEIGHBOURHOOD_158,HOOD_140,NEIGHBOURHOOD_140,DIVISION,x,y
10433,80201576,4001426631,28/01/2014,2014,1740,BRIMLEY RD,HIGHWAY 401 C  W,,Major Arterial,Scarborough,43.779536,-79.264842,Non Intersection,No Control,Clear,"Dark, artificial",Dry,Non-Fatal Injury,Approaching,Passenger,5 to 9,None,,,,,,,,,,,,,,,Yes,,,,,Yes,,Yes,,,,128,Agincourt South-Malvern West,128,Agincourt South-Malvern West (128),D42,639630.0612,4848848.989
10434,80201577,4001426631,28/01/2014,2014,1740,BRIMLEY RD,HIGHWAY 401 C  W,,Major Arterial,Scarborough,43.779536,-79.264842,Non Intersection,No Control,Clear,"Dark, artificial",Dry,Non-Fatal Injury,Approaching,Passenger,5 to 9,None,,,,,,,,,,,,,,,Yes,,,,,Yes,,Yes,,,,128,Agincourt South-Malvern West,128,Agincourt South-Malvern West (128),D42,639630.0612,4848848.989
10435,80201700,4001435138,30/01/2014,2014,640,1970 ELLESMERE RD,,,Major Arterial,Scarborough,43.775023,-79.238376,Non Intersection,No Control,Clear,Daylight,Dry,Non-Fatal Injury,Approaching,Driver,25 to 29,Major,,East,"Automobile, Station Wagon",Going Ahead,Lost control,Inattentive,,,,,,,,,Yes,,,,,Yes,,,,,,142,Woburn North,137,Woburn (137),D43,641770.4997,4848392.729
10436,80201701,4001435138,30/01/2014,2014,640,1970 ELLESMERE RD,,,Major Arterial,Scarborough,43.775023,-79.238376,Non Intersection,No Control,Clear,Daylight,Dry,Non-Fatal Injury,Approaching,Driver,45 to 49,Major,,West,"Automobile, Station Wagon",Going Ahead,Driving Properly,Normal,,,,,,,,,Yes,,,,,Yes,,,,,,142,Woburn North,137,Woburn (137),D43,641770.4997,4848392.729
10437,80201702,4001435138,30/01/2014,2014,640,1970 ELLESMERE RD,,,Major Arterial,Scarborough,43.775023,-79.238376,Non Intersection,No Control,Clear,Daylight,Dry,Non-Fatal Injury,Approaching,Passenger,15 to 19,Major,,,,,,,,,,,,,,,Yes,,,,,Yes,,,,,,142,Woburn North,137,Woburn (137),D43,641770.4997,4848392.729
10438,80149890,4001436264,30/01/2014,2014,1027,HIGHWAY 27  S,CARRIER DR,,Major Arterial,Etobicoke York,43.739615,-79.605655,Non Intersection,No Control,Clear,Daylight,Dry,Non-Fatal Injury,Rear End,Driver,60 to 64,Major,,South,Passenger Van,Slowing or Stopping,Driving Properly,Normal,,,,,,,,,Yes,,,,,,Yes,Yes,,,Yes,1,West Humber-Clairville,1,West Humber-Clairville (1),D23,612278.9,4843896.828
10439,80149891,4001436264,30/01/2014,2014,1027,HIGHWAY 27  S,CARRIER DR,,Major Arterial,Etobicoke York,43.739615,-79.605655,Non Intersection,No Control,Clear,Daylight,Dry,Non-Fatal Injury,Rear End,Driver,20 to 24,None,,South,"Automobile, Station Wagon",Slowing or Stopping,Driving Properly,Normal,,,,,,,,,Yes,,,,,,Yes,Yes,,,Yes,1,West Humber-Clairville,1,West Humber-Clairville (1),D23,612278.9,4843896.828
10440,80149892,4001436264,30/01/2014,2014,1027,HIGHWAY 27  S,CARRIER DR,,Major Arterial,Etobicoke York,43.739615,-79.605655,Non Intersection,No Control,Clear,Daylight,Dry,Non-Fatal Injury,Rear End,Driver,20 to 24,None,,South,"Automobile, Station Wagon",Slowing or Stopping,Driving Properly,Normal,,,,,,,,,Yes,,,,,,Yes,Yes,,,Yes,1,West Humber-Clairville,1,West Humber-Clairville (1),D23,612278.9,4843896.828
10441,80149893,4001436264,30/01/2014,2014,1027,HIGHWAY 27  S,CARRIER DR,,Major Arterial,Etobicoke York,43.739615,-79.605655,Non Intersection,No Control,Clear,Daylight,Dry,Non-Fatal Injury,Rear End,Driver,70 to 74,Minor,,South,"Automobile, Station Wagon",Going Ahead,Exceeding Speed Limit,Medical or Physical Disability,,,,,,,,,Yes,,,,,,Yes,Yes,,,Yes,1,West Humber-Clairville,1,West Humber-Clairville (1),D23,612278.9,4843896.828
10442,80201751,4001438202,30/01/2014,2014,1540,THE POND RD,ATKINSON RD,7 m West of,Minor Arterial,Etobicoke York,43.770331,-79.500835,At/Near Private Drive,Stop Sign,Clear,Daylight,Wet,Non-Fatal Injury,SMV Other,Driver,40 to 44,Major,,North,"Automobile, Station Wagon",Turning Left,Lost control,Medical or Physical Disability,,,,,,,,,Yes,,,,,,,,,,Yes,27,York University Heights,27,York University Heights (27),D31,620657.7919,4847455.678
10443,80150374,4001460471,03/02/2014,2014,1043,OLD WESTON RD,ROGERS RD,,Minor Arterial,Etobicoke York,43.681517,-79.467433,Non Intersection,No Control,Clear,Daylight,Dry,Non-Fatal Injury,Cyclist Collisions,Driver,25 to 29,None,,South,"Automobile, Station Wagon",Going Ahead,Driving Properly,Normal,,,,,,,,Yes,Yes,,,,,,,,,,,110,Keelesdale-Eglinton West,110,Keelesdale-Eglinton West (110),D12,623528.5348,4837640.83
10444,80150375,4001460471,03/02/2014,2014,1043,OLD WESTON RD,ROGERS RD,,Minor Arterial,Etobicoke York,43.681517,-79.467433,Non Intersection,No Control,Clear,Daylight,Dry,Non-Fatal Injury,Cyclist Collisions,Cyclist,50 to 54,Major,,West,Bicycle,Other,,,,,,Cyclist rode off sidewalk into road at midblock.,Other,Inattentive,,Yes,Yes,,,,,,,,,,,110,Keelesdale-Eglinton West,110,Keelesdale-Eglinton West (110),D12,623528.5348,4837640.83
10445,80150468,4001467875,04/02/2014,2014,1255,KIPLING AVE,WESTHUMBER BLVD,,Major Arterial,Etobicoke York,43.728125,-79.574649,At Intersection,Traffic Signal,Clear,Daylight,Dry,Non-Fatal Injury,Pedestrian Collisions,Driver,35 to 39,None,,West,"Automobile, Station Wagon",Going Ahead,Driving Properly,Normal,,,,,,,Yes,,Yes,,,,,,,Yes,Yes,Yes,,4,Rexdale-Kipling,4,Rexdale-Kipling (4),D23,614797.6094,4842663.185
10446,80150469,4001467875,04/02/2014,2014,1255,KIPLING AVE,WESTHUMBER BLVD,,Major Arterial,Etobicoke York,43.728125,-79.574649,At Intersection,Traffic Signal,Clear,Daylight,Dry,Non-Fatal Injury,Pedestrian Collisions,Driver,60 to 64,None,,South,"Automobile, Station Wagon",Going Ahead,Disobeyed Traffic Control,"Ability Impaired, Alcohol Over .08",,,,,,,Yes,,Yes,,,,,,,Yes,Yes,Yes,,4,Rexdale-Kipling,4,Rexdale-Kipling (4),D23,614797.6094,4842663.185
10447,80150470,4001467875,04/02/2014,2014,1255,KIPLING AVE,WESTHUMBER BLVD,,Major Arterial,Etobicoke York,43.728125,-79.574649,At Intersection,Traffic Signal,Clear,Daylight,Dry,Non-Fatal Injury,Pedestrian Collisions,Pedestrian,25 to 29,Major,,East,,,,,Vehicle is going straight thru inter.while ped cross with ROW,Crossing with right of way,Normal,,,,Yes,,Yes,,,,,,,Yes,Yes,Yes,,4,Rexdale-Kipling,4,Rexdale-Kipling (4),D23,614797.6094,4842663.185
10448,80202305,4001484501,07/02/2014,2014,806,LAKE SHORE BLVD W,PRIMROSE AVE,,Major Arterial,Etobicoke York,43.614035,-79.489146,Non Intersection,No Control,Clear,Daylight,Wet,Non-Fatal Injury,Angle,Driver,55 to 59,Major,,North,"Automobile, Station Wagon",Going Ahead,Improper Turn,Unknown,,,,,,,,,Yes,,,,,Yes,Yes,Yes,,,,161,Humber Bay Shores,17,Mimico (includes Humber Bay Shores) (17),D22,621914.8419,4830113.98
10449,80202306,4001484501,07/02/2014,2014,806,LAKE SHORE BLVD W,PRIMROSE AVE,,Major Arterial,Etobicoke York,43.614035,-79.489146,Non Intersection,No Control,Clear,Daylight,Wet,Non-Fatal Injury,Angle,Driver,20 to 24,None,,East,Pick Up Truck,Going Ahead,Driving Properly,Normal,,,,,,,,,Yes,,,,,Yes,Yes,Yes,,,,161,Humber Bay Shores,17,Mimico (includes Humber Bay Shores) (17),D22,621914.8419,4830113.98
10450,80202307,4001484501,07/02/2014,2014,806,LAKE SHORE BLVD W,PRIMROSE AVE,,Major Arterial,Etobicoke York,43.614035,-79.489146,Non Intersection,No Control,Clear,Daylight,Wet,Non-Fatal Injury,Angle,Passenger,20 to 24,None,,,,,,,,,,,,,,,Yes,,,,,Yes,Yes,Yes,,,,161,Humber Bay Shores,17,Mimico (includes Humber Bay Shores) (17),D22,621914.8419,4830113.98
10451,80150884,4001490210,08/02/2014,2014,241,QUEEN ST W,LISGAR ST,,Major Arterial,Toronto and East York,43.643557,-79.421954,Non Intersection,No Control,Clear,"Dark, artificial",Slush,Non-Fatal Injury,Pedestrian Collisions,Driver,20 to 24,None,,West,"Automobile, Station Wagon",Going Ahead,Exceeding Speed Limit,Unknown,,,,,,,Yes,,Yes,,,,,Yes,Yes,Yes,,,,162,West Queen West,82,Niagara (82),D14,627274.4728,4833493.611
10452,80150885,4001490210,08/02/2014,2014,241,QUEEN ST W,LISGAR ST,,Major Arterial,Toronto and East York,43.643557,-79.421954,Non Intersection,No Control,Clear,"Dark, artificial",Slush,Non-Fatal Injury,Pedestrian Collisions,Driver,25 to 29,None,,West,"Automobile, Station Wagon",Overtaking,Failed to Yield Right of Way,Normal,,,,,,,Yes,,Yes,,,,,Yes,Yes,Yes,,,,162,West Queen West,82,Niagara (82),D14,627274.4728,4833493.611
10453,80150886,4001490210,08/02/2014,2014,241,QUEEN ST W,LISGAR ST,,Major Arterial,Toronto and East York,43.643557,-79.421954,Non Intersection,No Control,Clear,"Dark, artificial",Slush,Non-Fatal Injury,Pedestrian Collisions,Passenger,unknown,None,,,,,,,,,,,,,Yes,,Yes,,,,,Yes,Yes,Yes,,,,162,West Queen West,82,Niagara (82),D14,627274.4728,4833493.611
10454,80150887,4001490210,08/02/2014,2014,241,QUEEN ST W,LISGAR ST,,Major Arterial,Toronto and East York,43.643557,-79.421954,Non Intersection,No Control,Clear,"Dark, artificial",Slush,Non-Fatal Injury,Pedestrian Collisions,Passenger,unknown,Minimal,,,,,,,,,,,,,Yes,,Yes,,,,,Yes,Yes,Yes,,,,162,West Queen West,82,Niagara (82),D14,627274.4728,4833493.611
10455,80150888,4001490210,08/02/2014,2014,241,QUEEN ST W,LISGAR ST,,Major Arterial,Toronto and East York,43.643557,-79.421954,Non Intersection,No Control,Clear,"Dark, artificial",Slush,Non-Fatal Injury,Pedestrian Collisions,Pedestrian,30 to 34,Major,,Unknown,,,,,Pedestrian hit at mid-block,Person Getting on/off Vehicle,Normal,,,,Yes,,Yes,,,,,Yes,Yes,Yes,,,,162,West Queen West,82,Niagara (82),D14,627274.4728,4833493.611
10456,80150889,4001490210,08/02/2014,2014,241,QUEEN ST W,LISGAR ST,,Major Arterial,Toronto and East York,43.643557,-79.421954,Non Intersection,No Control,Clear,"Dark, artificial",Slush,Non-Fatal Injury,Pedestrian Collisions,Other,unknown,None,,,"Automobile, Station Wagon",Parked,,,,,,,,,Yes,,Yes,,,,,Yes,Yes,Yes,,,,162,West Queen West,82,Niagara (82),D14,627274.4728,4833493.611
10457,80150941,4001492410,08/02/2014,2014,1309,CARLAW AVE,GERRARD ST E,,Minor Arterial,Toronto and East York,43.668029,-79.342914,Non Intersection,No Control,Clear,Daylight,Wet,Non-Fatal Injury,Pedestrian Collisions,Driver,55 to 59,None,,North,"Automobile, Station Wagon",Going Ahead,Driving Properly,Normal,,,,,,,Yes,,Yes,,,,,Yes,,,,,,68,North Riverdale,68,North Riverdale (68),D55,633595.0925,4836335.799
10458,80150942,4001492410,08/02/2014,2014,1309,CARLAW AVE,GERRARD ST E,,Minor Arterial,Toronto and East York,43.668029,-79.342914,Non Intersection,No Control,Clear,Daylight,Wet,Non-Fatal Injury,Pedestrian Collisions,Passenger,50 to 54,None,,,,,,,,,,,,,Yes,,Yes,,,,,Yes,,,,,,68,North Riverdale,68,North Riverdale (68),D55,633595.0925,4836335.799
10459,80150943,4001492410,08/02/2014,2014,1309,CARLAW AVE,GERRARD ST E,,Minor Arterial,Toronto and East York,43.668029,-79.342914,Non Intersection,No Control,Clear,Daylight,Wet,Non-Fatal Injury,Pedestrian Collisions,Pedestrian,60 to 64,Major,,West,,Going Ahead,,,Pedestrian hit at mid-block,Running onto Roadway,Normal,,,,Yes,,Yes,,,,,Yes,,,,,,68,North Riverdale,68,North Riverdale (68),D55,633595.0925,4836335.799
10460,80202494,4001495277,08/02/2014,2014,2245,KIPLING AVE,RATHBURN RD,51 m South o,Major Arterial,Etobicoke York,43.659392,-79.543025,Non Intersection,No Control,Clear,"Dark, artificial",Wet,Non-Fatal Injury,Sideswipe,Driver,20 to 24,Major,,North,"Automobile, Station Wagon",Changing Lanes,Improper Lane Change,Inattentive,,,,,,,,,Yes,,Yes,,,,,,,,,10,Princess-Rosethorn,10,Princess-Rosethorn (10),D22,617478.7475,4835073.751
10461,80202495,4001495277,08/02/2014,2014,2245,KIPLING AVE,RATHBURN RD,51 m South o,Major Arterial,Etobicoke York,43.659392,-79.543025,Non Intersection,No Control,Clear,"Dark, artificial",Wet,Non-Fatal Injury,Sideswipe,Truck Driver,35 to 39,None,,North,Truck - Dump,Going Ahead,Driving Properly,Normal,,,,,,,,,Yes,,Yes,,,,,,,,,10,Princess-Rosethorn,10,Princess-Rosethorn (10),D22,617478.7475,4835073.751
10462,80202563,4001500296,09/02/2014,2014,2134,2087 ELLESMERE RD,,43 m West of,Major Arterial,Scarborough,43.776194,-79.232814,Non Intersection,No Control,Clear,"Dark, artificial",Slush,Non-Fatal Injury,Approaching,Driver,20 to 24,Major,,East,"Automobile, Station Wagon",Changing Lanes,Lost control,Unknown,,,,,,,,,Yes,,,Yes,,,,Yes,,,,142,Woburn North,137,Woburn (137),D43,642215.3429,4848532.327
10463,80202564,4001500296,09/02/2014,2014,2134,2087 ELLESMERE RD,,43 m West of,Major Arterial,Scarborough,43.776194,-79.232814,Non Intersection,No Control,Clear,"Dark, artificial",Slush,Non-Fatal Injury,Approaching,Driver,40 to 44,None,,West,Municipal Transit Bus (TTC),Going Ahead,Driving Properly,Normal,,,,,,,,,Yes,,,Yes,,,,Yes,,,,142,Woburn North,137,Woburn (137),D43,642215.3429,4848532.327
10464,80151168,4001503315,10/02/2014,2014,1142,KIPLING AVE,ALBION RD,,Major Arterial,Etobicoke York,43.738917,-79.579974,At/Near Private Drive,No Control,Clear,Daylight,Wet,Non-Fatal Injury,Pedestrian Collisions,Driver,25 to 29,None,,East,"Automobile, Station Wagon",Reversing,Other,Normal,,,,,,,Yes,,Yes,,,,,,,,,,,3,Thistletown-Beaumond Heights,3,Thistletown-Beaumond Heights (3),D23,614348.1912,4843854.427
10465,80151169,4001503315,10/02/2014,2014,1142,KIPLING AVE,ALBION RD,,Major Arterial,Etobicoke York,43.738917,-79.579974,At/Near Private Drive,No Control,Clear,Daylight,Wet,Non-Fatal Injury,Pedestrian Collisions,Pedestrian,80 to 84,Major,,North,,,,,Pedestrian hit at private driveway,On Sidewalk or Shoulder,Normal,,,,Yes,,Yes,,,,,,,,,,,3,Thistletown-Beaumond Heights,3,Thistletown-Beaumond Heights (3),D23,614348.1912,4843854.427
10466,80202637,4001505378,10/02/2014,2014,1728,WILLIAM R ALLEN RD,SHEPPARD AVE W,5 m North of,Major Arterial,North York,43.750235,-79.463382,At Intersection,Traffic Signal,Clear,"Dusk, artificial",Dry,Non-Fatal Injury,Turning Movement,Truck Driver,30 to 34,None,,South,"Truck - Closed (Blazer, etc)",Turning Left,Improper Turn,Normal,,,,,,,,,,,Yes,Yes,,,,,,,,155,Downsview,26,Downsview-Roding-CFB (26),D32,623713.5693,4845278.973
10467,80202638,4001505378,10/02/2014,2014,1728,WILLIAM R ALLEN RD,SHEPPARD AVE W,5 m North of,Major Arterial,North York,43.750235,-79.463382,At Intersection,Traffic Signal,Clear,"Dusk, artificial",Dry,Non-Fatal Injury,Turning Movement,Driver,50 to 54,Major,,North,Municipal Transit Bus (TTC),Going Ahead,Driving Properly,Normal,,,,,,,,,,,Yes,Yes,,,,,,,,155,Downsview,26,Downsview-Roding-CFB (26),D32,623713.5693,4845278.973
10468,8000002,141513588,12/02/2014,2014,127,DANFORTH RD,HIBBERTS DR,,Minor Arterial,Scarborough,43.708708,-79.267062,,No Control,Clear,"Dark, artificial",Dry,Fatal,Pedestrian Collisions,Driver,55 to 59,None,,West,"Automobile, Station Wagon",Going Ahead,Driving Properly,Normal,,,,,,,Yes,,Yes,,,,,,,,,,,120,Clairlea-Birchmount,120,Clairlea-Birchmount (120),D41,639615.9753,4840978.729
10469,80000022,141513588,12/02/2014,2014,127,DANFORTH RD,HIBBERTS DR,,Minor Arterial,Scarborough,43.708708,-79.267062,,No Control,Clear,"Dark, artificial",Dry,Fatal,Pedestrian Collisions,Pedestrian,50 to 54,Fatal,3,Unknown,,,,,Other / Undefined,Other,Had Been Drinking,,,,Yes,,Yes,,,,,,,,,,,120,Clairlea-Birchmount,120,Clairlea-Birchmount (120),D41,639615.9753,4840978.729
10470,8000005,141518658,12/02/2014,2014,2017,ST CLAIR AVE E,HERRON AVE,,Major Arterial,Scarborough,43.711142,-79.285129,,No Control,Clear,"Dark, artificial",Ice,Fatal,Pedestrian Collisions,Driver,40 to 44,None,,East,Pick Up Truck,Going Ahead,Driving Properly,Unknown,,,,,,,Yes,,Yes,,,,,,Yes,Yes,,,,120,Clairlea-Birchmount,120,Clairlea-Birchmount (120),D41,638154.7786,4841218.788
10471,80000023,141518658,12/02/2014,2014,2017,ST CLAIR AVE E,HERRON AVE,,Major Arterial,Scarborough,43.711142,-79.285129,,No Control,Clear,"Dark, artificial",Ice,Fatal,Pedestrian Collisions,Pedestrian,15 to 19,Fatal,4,South,,,,,Pedestrian hit at mid-block,"Crossing, no Traffic Control",Unknown,,,,Yes,,Yes,,,,,,Yes,Yes,,,,120,Clairlea-Birchmount,120,Clairlea-Birchmount (120),D41,638154.7786,4841218.788
10472,80151469,4001521629,13/02/2014,2014,1054,7 ISABELLA ST,,,Collector,Toronto and East York,43.667632,-79.385303,Non Intersection,No Control,Clear,Daylight,Wet,Non-Fatal Injury,Pedestrian Collisions,Driver,25 to 29,None,,East,"Automobile, Station Wagon",Going Ahead,Lost control,Unknown,,,,,,,Yes,,Yes,,,,,,,,,,,167,Church-Wellesley,75,Church-Yonge Corridor (75),D51,630178.4922,4836224.316
10473,80151470,4001521629,13/02/2014,2014,1054,7 ISABELLA ST,,,Collector,Toronto and East York,43.667632,-79.385303,Non Intersection,No Control,Clear,Daylight,Wet,Non-Fatal Injury,Pedestrian Collisions,Pedestrian,45 to 49,Major,,Unknown,,,,,Pedestrian hit at mid-block,Pushing/Working on Vehicle,Normal,,,,Yes,,Yes,,,,,,,,,,,167,Church-Wellesley,75,Church-Yonge Corridor (75),D51,630178.4922,4836224.316
10474,80202983,4001533324,15/02/2014,2014,643,VICTORIA PARK AVE,PARMA CRT,8 m North of,Major Arterial,Toronto and East York,43.716658,-79.299274,Non Intersection,Traffic Signal,Clear,Dawn,Dry,Non-Fatal Injury,Approaching,Driver,20 to 24,Minor,,North,"Automobile, Station Wagon",Going Ahead,Lost control,Fatigue,,,,,,,,,Yes,,,,,Yes,,,,,,120,Clairlea-Birchmount,120,Clairlea-Birchmount (120),D41,637002.6344,4841807.94
10475,80202984,4001533324,15/02/2014,2014,643,VICTORIA PARK AVE,PARMA CRT,8 m North of,Major Arterial,Toronto and East York,43.716658,-79.299274,Non Intersection,Traffic Signal,Clear,Dawn,Dry,Non-Fatal Injury,Approaching,Driver,40 to 44,Major,,South,"Automobile, Station Wagon",Going Ahead,Driving Properly,Normal,,,,,,,,,Yes,,,,,Yes,,,,,,120,Clairlea-Birchmount,120,Clairlea-Birchmount (120),D41,637002.6344,4841807.94
10476,80202985,4001533324,15/02/2014,2014,643,VICTORIA PARK AVE,PARMA CRT,8 m North of,Major Arterial,Toronto and East York,43.716658,-79.299274,Non Intersection,Traffic Signal,Clear,Dawn,Dry,Non-Fatal Injury,Approaching,Passenger,15 to 19,Minimal,,,,,,,,,,,,,,,Yes,,,,,Yes,,,,,,120,Clairlea-Birchmount,120,Clairlea-Birchmount (120),D41,637002.6344,4841807.94
10477,80202986,4001533324,15/02/2014,2014,643,VICTORIA PARK AVE,PARMA CRT,8 m North of,Major Arterial,Toronto and East York,43.716658,-79.299274,Non Intersection,Traffic Signal,Clear,Dawn,Dry,Non-Fatal Injury,Approaching,Passenger,15 to 19,Minimal,,,,,,,,,,,,,,,Yes,,,,,Yes,,,,,,120,Clairlea-Birchmount,120,Clairlea-Birchmount (120),D41,637002.6344,4841807.94
10478,80631961,4008007694,15/02/2014,2014,1245,HUNTINGWOOD DR,KENNEDY RD,,Minor Arterial,Scarborough,43.795111,-79.292514,At/Near Private Drive,No Control,Clear,Daylight,Dry,Non-Fatal Injury,Turning Movement,Driver,40 to 44,None,,East,"Automobile, Station Wagon",Overtaking,Improper Passing,Normal,,,,,,,,,Yes,,,,,,,Yes,,,,118,Tam O'Shanter-Sullivan,118,Tam O'Shanter-Sullivan (118),D42,637367.5571,4850532.538
10479,80631962,4008007694,15/02/2014,2014,1245,HUNTINGWOOD DR,KENNEDY RD,,Minor Arterial,Scarborough,43.795111,-79.292514,At/Near Private Drive,No Control,Clear,Daylight,Dry,Non-Fatal Injury,Turning Movement,Driver,20 to 24,Major,,West,"Automobile, Station Wagon",Turning Left,Driving Properly,Normal,,,,,,,,,Yes,,,,,,,Yes,,,,118,Tam O'Shanter-Sullivan,118,Tam O'Shanter-Sullivan (118),D42,637367.5571,4850532.538
10480,80626610,4001540834,16/02/2014,2014,1321,BAY ST,HARBOUR ST,,Major Arterial,Toronto and East York,43.642073,-79.377429,At Intersection,Traffic Signal,Clear,Daylight,Dry,Non-Fatal Injury,Pedestrian Collisions,Driver,70 to 74,None,,East,"Automobile, Station Wagon",Turning Left,Improper Turn,Normal,,,,,,,Yes,,Yes,,,,,Yes,,Yes,,,,166,St Lawrence-East Bayfront-The Islands,77,Waterfront Communities-The Island (77),D52,630868.8169,4833398.038
10481,80626611,4001540834,16/02/2014,2014,1321,BAY ST,HARBOUR ST,,Major Arterial,Toronto and East York,43.642073,-79.377429,At Intersection,Traffic Signal,Clear,Daylight,Dry,Non-Fatal Injury,Pedestrian Collisions,Driver,15 to 19,None,,East,"Automobile, Station Wagon",Going Ahead,Driving Properly,Normal,,,,,,,Yes,,Yes,,,,,Yes,,Yes,,,,166,St Lawrence-East Bayfront-The Islands,77,Waterfront Communities-The Island (77),D52,630868.8169,4833398.038
10482,80626612,4001540834,16/02/2014,2014,1321,BAY ST,HARBOUR ST,,Major Arterial,Toronto and East York,43.642073,-79.377429,At Intersection,Traffic Signal,Clear,Daylight,Dry,Non-Fatal Injury,Pedestrian Collisions,Pedestrian,35 to 39,Major,,Unknown,,,,,Pedestrian hit on sidewalk or shoulder,On Sidewalk or Shoulder,Normal,,,,Yes,,Yes,,,,,Yes,,Yes,,,,166,St Lawrence-East Bayfront-The Islands,77,Waterfront Communities-The Island (77),D52,630868.8169,4833398.038
10483,80626613,4001540834,16/02/2014,2014,1321,BAY ST,HARBOUR ST,,Major Arterial,Toronto and East York,43.642073,-79.377429,At Intersection,Traffic Signal,Clear,Daylight,Dry,Non-Fatal Injury,Pedestrian Collisions,Passenger,70 to 74,Minor,,,,,,,,,,,,,Yes,,Yes,,,,,Yes,,Yes,,,,166,St Lawrence-East Bayfront-The Islands,77,Waterfront Communities-The Island (77),D52,630868.8169,4833398.038
10484,80151882,4001551952,18/02/2014,2014,1237,MORNINGSIDE AVE,KINGSTON RD,,Major Arterial,Scarborough,43.770602,-79.186862,At Intersection,Traffic Signal,Clear,Daylight,Wet,Non-Fatal Injury,Pedestrian Collisions,Driver,20 to 24,None,,North,"Automobile, Station Wagon",Going Ahead,Driving Properly,Normal,,,,,,,Yes,,Yes,,,,,Yes,,Yes,,,,136,West Hill,136,West Hill (136),D43,645927.0049,4847991.21
10485,80151883,4001551952,18/02/2014,2014,1237,MORNINGSIDE AVE,KINGSTON RD,,Major Arterial,Scarborough,43.770602,-79.186862,At Intersection,Traffic Signal,Clear,Daylight,Wet,Non-Fatal Injury,Pedestrian Collisions,Driver,25 to 29,None,,South,"Automobile, Station Wagon",Turning Left,Failed to Yield Right of Way,Inattentive,,,,,,,Yes,,Yes,,,,,Yes,,Yes,,,,136,West Hill,136,West Hill (136),D43,645927.0049,4847991.21
10486,80151884,4001551952,18/02/2014,2014,1237,MORNINGSIDE AVE,KINGSTON RD,,Major Arterial,Scarborough,43.770602,-79.186862,At Intersection,Traffic Signal,Clear,Daylight,Wet,Non-Fatal Injury,Pedestrian Collisions,Passenger,20 to 24,None,,,,,,,,,,,,,Yes,,Yes,,,,,Yes,,Yes,,,,136,West Hill,136,West Hill (136),D43,645927.0049,4847991.21
10487,80151885,4001551952,18/02/2014,2014,1237,MORNINGSIDE AVE,KINGSTON RD,,Major Arterial,Scarborough,43.770602,-79.186862,At Intersection,Traffic Signal,Clear,Daylight,Wet,Non-Fatal Injury,Pedestrian Collisions,Pedestrian,55 to 59,Major,,Unknown,,,,,Pedestrian hit on sidewalk or shoulder,On Sidewalk or Shoulder,Normal,,,,Yes,,Yes,,,,,Yes,,Yes,,,,136,West Hill,136,West Hill (136),D43,645927.0049,4847991.21
10488,80151974,4001557370,19/02/2014,2014,956,DAVENPORT RD,LAUGHTON AVE,,Minor Arterial,Toronto and East York,43.670325,-79.455783,At Intersection,Traffic Signal,Clear,Daylight,Wet,Non-Fatal Injury,Pedestrian Collisions,Driver,40 to 44,None,,South,Pick Up Truck,Turning Left,Failed to Yield Right of Way,Normal,,,,,,,Yes,,Yes,,,,,,,Yes,,,,91,Weston-Pelham Park,91,Weston-Pellam Park (91),D11,624490.702,4836415.226
10489,80151975,4001557370,19/02/2014,2014,956,DAVENPORT RD,LAUGHTON AVE,,Minor Arterial,Toronto and East York,43.670325,-79.455783,At Intersection,Traffic Signal,Clear,Daylight,Wet,Non-Fatal Injury,Pedestrian Collisions,Pedestrian,65 to 69,Major,,North,,,,,Vehicle turns left while ped crosses with ROW at inter.,Crossing with right of way,Normal,,,,Yes,,Yes,,,,,,,Yes,,,,91,Weston-Pelham Park,91,Weston-Pellam Park (91),D11,624490.702,4836415.226
10490,80203227,4001558896,19/02/2014,2014,1410,VICTORIA PARK AVE,ST BEDES RD,,Major Arterial,Toronto and East York,43.703456,-79.293659,Intersection Related,Stop Sign,Rain,Daylight,Wet,Non-Fatal Injury,Turning Movement,Driver,80 to 84,Major,,West,"Automobile, Station Wagon",Turning Left,Failed to Yield Right of Way,Inattentive,,,,,,,,,Yes,,,,,,,Yes,,,,120,Clairlea-Birchmount,120,Clairlea-Birchmount (120),D41,637485.1416,4840350.965