OBJECTID,INDEX,ACCNUM,DATE,ACCIDENT_YEAR,TIME,STREET1,STREET2,OFFSET,ROAD_CLASS,DISTRICT,LATITUDE,LONGITUDE,ACCLOC,TRAFFCTL,VISIBILITY,LIGHT,RDSFCOND,ACCLASS,IMPACTYPE,INVTYPE,INVAGE,INJURY,FATAL_NO,INITDIR,VEHTYPE,MANOEUVER,DRIVACT,DRIVCOND,PEDTYPE,PEDACT,PEDCOND,CYCLISTYPE,CYCACT,CYCCOND,PEDESTRIAN,CYCLIST,AUTOMOBILE,MOTORCYCLE,TRUCK,TRSN_CITY_VEH,EMERG_VEH,PASSENGER,SPEEDING,AG_DRIV,REDLIGHT,ALCOHOL,DISABILITY,HOOD_158,NEIGHBOURHOOD_158,HOOD_140,NEIGHBOURHOOD_140,DIVISION,x,y
10607,80206766,4001879766,12/04/2014,2014,2030,GREENWOOD AVE,OAKVALE AVE,,Minor Arterial,Toronto and East York,43.67966,-79.331622,Intersection Related,Stop Sign,Clear,"Dark, artificial",Dry,Non-Fatal Injury,Turning Movement,Driver,25 to 29,None,,East,Passenger Van,Turning Left,Driving Properly,Normal,,,,,,,,,Yes,Yes,,,,,Yes,Yes,,,,65,Greenwood-Coxwell,65,Greenwood-Coxwell (65),D55,634479.4869,4837645.828
10608,80206767,4001879766,12/04/2014,2014,2030,GREENWOOD AVE,OAKVALE AVE,,Minor Arterial,Toronto and East York,43.67966,-79.331622,Intersection Related,Stop Sign,Clear,"Dark, artificial",Dry,Non-Fatal Injury,Turning Movement,Driver,20 to 24,None,,Unknown,"Automobile, Station Wagon",Parked,Driving Properly,Unknown,,,,,,,,,Yes,Yes,,,,,Yes,Yes,,,,65,Greenwood-Coxwell,65,Greenwood-Coxwell (65),D55,634479.4869,4837645.828
10609,80157476,4001887812,14/04/2014,2014,934,BLOOR ST W,RUNNYMEDE RD,,Major Arterial,Toronto and East York,43.651122,-79.476299,Intersection Related,Traffic Signal,Clear,Daylight,Dry,Non-Fatal Injury,Sideswipe,Driver,50 to 54,Minimal,,West,"Automobile, Station Wagon",Stopped,Driving Properly,Normal,,,,,,,,,Yes,,,,,Yes,,,,,Yes,87,High Park-Swansea,87,High Park-Swansea (87),D11,622875.9074,4834251.898
10610,80157477,4001887812,14/04/2014,2014,934,BLOOR ST W,RUNNYMEDE RD,,Major Arterial,Toronto and East York,43.651122,-79.476299,Intersection Related,Traffic Signal,Clear,Daylight,Dry,Non-Fatal Injury,Sideswipe,Driver,35 to 39,None,,West,"Automobile, Station Wagon",Stopped,Driving Properly,Normal,,,,,,,,,Yes,,,,,Yes,,,,,Yes,87,High Park-Swansea,87,High Park-Swansea (87),D11,622875.9074,4834251.898
10611,80157478,4001887812,14/04/2014,2014,934,BLOOR ST W,RUNNYMEDE RD,,Major Arterial,Toronto and East York,43.651122,-79.476299,Intersection Related,Traffic Signal,Clear,Daylight,Dry,Non-Fatal Injury,Sideswipe,Driver,75 to 79,Major,,West,"Automobile, Station Wagon",Going Ahead,Lost control,Medical or Physical Disability,,,,,,,,,Yes,,,,,Yes,,,,,Yes,87,High Park-Swansea,87,High Park-Swansea (87),D11,622875.9074,4834251.898
10612,80157479,4001887812,14/04/2014,2014,934,BLOOR ST W,RUNNYMEDE RD,,Major Arterial,Toronto and East York,43.651122,-79.476299,Intersection Related,Traffic Signal,Clear,Daylight,Dry,Non-Fatal Injury,Sideswipe,Passenger,75 to 79,Minimal,,,,,,,,,,,,,,,Yes,,,,,Yes,,,,,Yes,87,High Park-Swansea,87,High Park-Swansea (87),D11,622875.9074,4834251.898
10613,80157480,4001887812,14/04/2014,2014,934,BLOOR ST W,RUNNYMEDE RD,,Major Arterial,Toronto and East York,43.651122,-79.476299,Intersection Related,Traffic Signal,Clear,Daylight,Dry,Non-Fatal Injury,Sideswipe,Passenger,30 to 34,None,,,,,,,,,,,,,,,Yes,,,,,Yes,,,,,Yes,87,High Park-Swansea,87,High Park-Swansea (87),D11,622875.9074,4834251.898
10614,80157491,4001888181,14/04/2014,2014,1030,REXDALE BLVD,HUMBERWOOD BLVD,,Major Arterial,Etobicoke York,43.72042,-79.609165,Non Intersection,No Control,Clear,Daylight,Dry,Non-Fatal Injury,Cyclist Collisions,Driver,unknown,None,,West,"Automobile, Station Wagon",Going Ahead,Improper Passing,Unknown,,,,,,,,Yes,Yes,,,,,,,Yes,,,,1,West Humber-Clairville,1,West Humber-Clairville (1),D23,612032.0374,4841760.203
10615,80157492,4001888181,14/04/2014,2014,1030,REXDALE BLVD,HUMBERWOOD BLVD,,Major Arterial,Etobicoke York,43.72042,-79.609165,Non Intersection,No Control,Clear,Daylight,Dry,Non-Fatal Injury,Cyclist Collisions,Cyclist,55 to 59,Major,,West,Bicycle,Going Ahead,,,,,,Cyclist and Driver travelling in same direction. One vehicle sideswipes the other.,Driving Properly,Normal,,Yes,Yes,,,,,,,Yes,,,,1,West Humber-Clairville,1,West Humber-Clairville (1),D23,612032.0374,4841760.203
10616,80206861,4001889890,14/04/2014,2014,1440,CUMMER AVE,CONACHER DR,,Minor Arterial,North York,43.791484,-79.397022,At Intersection,Pedestrian Crossover,Clear,Daylight,Dry,Non-Fatal Injury,SMV Other,Driver,20 to 24,Major,,East,"Automobile, Station Wagon",Going Ahead,Lost control,Unknown,,,,,,,,,Yes,,,,,,Yes,Yes,,,,50,Newtonbrook East,50,Newtonbrook East (50),D32,628967.5911,4849961.553
10617,80157602,4001900462,16/04/2014,2014,718,TORRESDALE AVE,STEELES AVE W,,Major Arterial,North York,43.790801,-79.453021,At Intersection,Traffic Signal,Clear,Daylight,Dry,Non-Fatal Injury,Turning Movement,Driver,50 to 54,Major,,North,"Automobile, Station Wagon",Turning Left,Driving Properly,Normal,,,,,,,,,Yes,,,,,,,Yes,Yes,,,35,Westminster-Branson,35,Westminster-Branson (35),D32,624463.5711,4849799.967
10618,80157603,4001900462,16/04/2014,2014,718,TORRESDALE AVE,STEELES AVE W,,Major Arterial,North York,43.790801,-79.453021,At Intersection,Traffic Signal,Clear,Daylight,Dry,Non-Fatal Injury,Turning Movement,Driver,40 to 44,Minimal,,East,"Automobile, Station Wagon",Going Ahead,Disobeyed Traffic Control,Normal,,,,,,,,,Yes,,,,,,,Yes,Yes,,,35,Westminster-Branson,35,Westminster-Branson (35),D32,624463.5711,4849799.967
10619,80485405,4001902313,16/04/2014,2014,1453,STEELES AVE W,GIHON SPRING DR,60 m East of,Major Arterial,Etobicoke York,43.759448,-79.596225,Non Intersection,No Control,Clear,Daylight,Dry,Non-Fatal Injury,Approaching,Driver,15 to 19,None,,West,Passenger Van,Going Ahead,Lost control,Normal,,,,,,,,,Yes,,,,,Yes,Yes,Yes,,,,2,Mount Olive-Silverstone-Jamestown,2,Mount Olive-Silverstone-Jamestown (2),D23,613000.9238,4846112.39
10620,80485406,4001902313,16/04/2014,2014,1453,STEELES AVE W,GIHON SPRING DR,60 m East of,Major Arterial,Etobicoke York,43.759448,-79.596225,Non Intersection,No Control,Clear,Daylight,Dry,Non-Fatal Injury,Approaching,Driver,40 to 44,Major,,East,"Automobile, Station Wagon",Going Ahead,Driving Properly,Normal,,,,,,,,,Yes,,,,,Yes,Yes,Yes,,,,2,Mount Olive-Silverstone-Jamestown,2,Mount Olive-Silverstone-Jamestown (2),D23,613000.9238,4846112.39
10621,80485407,4001902313,16/04/2014,2014,1453,STEELES AVE W,GIHON SPRING DR,60 m East of,Major Arterial,Etobicoke York,43.759448,-79.596225,Non Intersection,No Control,Clear,Daylight,Dry,Non-Fatal Injury,Approaching,Passenger,15 to 19,Minor,,,,,,,,,,,,,,,Yes,,,,,Yes,Yes,Yes,,,,2,Mount Olive-Silverstone-Jamestown,2,Mount Olive-Silverstone-Jamestown (2),D23,613000.9238,4846112.39
10622,80485408,4001902313,16/04/2014,2014,1453,STEELES AVE W,GIHON SPRING DR,60 m East of,Major Arterial,Etobicoke York,43.759448,-79.596225,Non Intersection,No Control,Clear,Daylight,Dry,Non-Fatal Injury,Approaching,Passenger,15 to 19,Minor,,,,,,,,,,,,,,,Yes,,,,,Yes,Yes,Yes,,,,2,Mount Olive-Silverstone-Jamestown,2,Mount Olive-Silverstone-Jamestown (2),D23,613000.9238,4846112.39
10623,80485409,4001902313,16/04/2014,2014,1453,STEELES AVE W,GIHON SPRING DR,60 m East of,Major Arterial,Etobicoke York,43.759448,-79.596225,Non Intersection,No Control,Clear,Daylight,Dry,Non-Fatal Injury,Approaching,Passenger,15 to 19,None,,,,,,,,,,,,,,,Yes,,,,,Yes,Yes,Yes,,,,2,Mount Olive-Silverstone-Jamestown,2,Mount Olive-Silverstone-Jamestown (2),D23,613000.9238,4846112.39
10624,80485410,4001902313,16/04/2014,2014,1453,STEELES AVE W,GIHON SPRING DR,60 m East of,Major Arterial,Etobicoke York,43.759448,-79.596225,Non Intersection,No Control,Clear,Daylight,Dry,Non-Fatal Injury,Approaching,Passenger,15 to 19,None,,,,,,,,,,,,,,,Yes,,,,,Yes,Yes,Yes,,,,2,Mount Olive-Silverstone-Jamestown,2,Mount Olive-Silverstone-Jamestown (2),D23,613000.9238,4846112.39
10625,80485411,4001902313,16/04/2014,2014,1453,STEELES AVE W,GIHON SPRING DR,60 m East of,Major Arterial,Etobicoke York,43.759448,-79.596225,Non Intersection,No Control,Clear,Daylight,Dry,Non-Fatal Injury,Approaching,Passenger,45 to 49,Minor,,,,,,,,,,,,,,,Yes,,,,,Yes,Yes,Yes,,,,2,Mount Olive-Silverstone-Jamestown,2,Mount Olive-Silverstone-Jamestown (2),D23,613000.9238,4846112.39
10626,80207060,4001911454,17/04/2014,2014,2030,THE QUEENSWAY,SOUTH KINGSWAY,,Major Arterial,Toronto and East York,43.635459,-79.473483,Underpass or Tunnel,No Control,Clear,"Dark, artificial",Dry,Non-Fatal Injury,Sideswipe,Driver,35 to 39,Major,,East,"Automobile, Station Wagon",Overtaking,Exceeding Speed Limit,Normal,,,,,,,,,Yes,,,,,Yes,Yes,Yes,,,,87,High Park-Swansea,87,High Park-Swansea (87),D11,623134.9951,4832516.496
10627,80207061,4001911454,17/04/2014,2014,2030,THE QUEENSWAY,SOUTH KINGSWAY,,Major Arterial,Toronto and East York,43.635459,-79.473483,Underpass or Tunnel,No Control,Clear,"Dark, artificial",Dry,Non-Fatal Injury,Sideswipe,Driver,60 to 64,None,,East,"Automobile, Station Wagon",Going Ahead,Driving Properly,Normal,,,,,,,,,Yes,,,,,Yes,Yes,Yes,,,,87,High Park-Swansea,87,High Park-Swansea (87),D11,623134.9951,4832516.496
10628,80207062,4001911454,17/04/2014,2014,2030,THE QUEENSWAY,SOUTH KINGSWAY,,Major Arterial,Toronto and East York,43.635459,-79.473483,Underpass or Tunnel,No Control,Clear,"Dark, artificial",Dry,Non-Fatal Injury,Sideswipe,Passenger,40 to 44,None,,,,,,,,,,,,,,,Yes,,,,,Yes,Yes,Yes,,,,87,High Park-Swansea,87,High Park-Swansea (87),D11,623134.9951,4832516.496
10629,80207074,4001912926,18/04/2014,2014,232,DAWES RD,CRESCENT TOWN RD,,Minor Arterial,Toronto and East York,43.696513,-79.297305,Non Intersection,Traffic Signal,Clear,"Dark, artificial",Dry,Non-Fatal Injury,SMV Other,Driver,40 to 44,Major,,South,"Automobile, Station Wagon",Going Ahead,Speed too Fast For Condition,"Ability Impaired, Alcohol",,,,,,,,,Yes,,,,,,Yes,Yes,,Yes,,61,Taylor-Massey,61,Taylor-Massey (61),D55,637207.2056,4839573.806
10630,80158037,4001931404,21/04/2014,2014,1433,MORNINGSIDE AVE,GARDENTREE ST,,Minor Arterial,Scarborough,43.760081,-79.182796,Non Intersection,No Control,Clear,Daylight,Dry,Non-Fatal Injury,Cyclist Collisions,Driver,30 to 34,None,,North,"Automobile, Station Wagon",Turning Left,Improper Turn,Normal,,,,,,,,Yes,Yes,,,,,,,,,,,136,West Hill,136,West Hill (136),D43,646279.8975,4846829.862
10631,80158038,4001931404,21/04/2014,2014,1433,MORNINGSIDE AVE,GARDENTREE ST,,Minor Arterial,Scarborough,43.760081,-79.182796,Non Intersection,No Control,Clear,Daylight,Dry,Non-Fatal Injury,Cyclist Collisions,Cyclist,55 to 59,Major,,South,Bicycle,Going Ahead,,,,,,Motorist turned left across cyclists path.,Driving Properly,Normal,,Yes,Yes,,,,,,,,,,,136,West Hill,136,West Hill (136),D43,646279.8975,4846829.862
10632,80158065,4001933544,21/04/2014,2014,2201,VICTORIA PARK AVE,LAWRENCE AVE E,,Major Arterial,North York,43.742125,-79.309787,Intersection Related,Traffic Signal,Clear,"Dark, artificial",Dry,Non-Fatal Injury,Pedestrian Collisions,Driver,40 to 44,None,,West,"Automobile, Station Wagon",Turning Left,Failed to Yield Right of Way,Inattentive,,,,,,,Yes,,Yes,,,,,Yes,,Yes,,,,43,Victoria Village,43,Victoria Village (43),D33,636098.0514,4844619.101
10633,80158066,4001933544,21/04/2014,2014,2201,VICTORIA PARK AVE,LAWRENCE AVE E,,Major Arterial,North York,43.742125,-79.309787,Intersection Related,Traffic Signal,Clear,"Dark, artificial",Dry,Non-Fatal Injury,Pedestrian Collisions,Passenger,15 to 19,None,,,,,,,,,,,,,Yes,,Yes,,,,,Yes,,Yes,,,,43,Victoria Village,43,Victoria Village (43),D33,636098.0514,4844619.101
10634,80158067,4001933544,21/04/2014,2014,2201,VICTORIA PARK AVE,LAWRENCE AVE E,,Major Arterial,North York,43.742125,-79.309787,Intersection Related,Traffic Signal,Clear,"Dark, artificial",Dry,Non-Fatal Injury,Pedestrian Collisions,Pedestrian,55 to 59,Major,,West,,,,,Vehicle turns left while ped crosses with ROW at inter.,Crossing with right of way,Normal,,,,Yes,,Yes,,,,,Yes,,Yes,,,,43,Victoria Village,43,Victoria Village (43),D33,636098.0514,4844619.101
10635,80628216,4001938263,22/04/2014,2014,1700,MARKET ST,THE ESPLANADE,44 m North o,Local,Toronto and East York,43.648532,-79.371936,Non Intersection,No Control,Clear,Daylight,Dry,Non-Fatal Injury,Pedestrian Collisions,Driver,25 to 29,None,,South,"Automobile, Station Wagon",Reversing,Other,Normal,,,,,,,Yes,,Yes,,,,,,,,,,,166,St Lawrence-East Bayfront-The Islands,77,Waterfront Communities-The Island (77),D51,631297.7883,4834124.07
10636,80628217,4001938263,22/04/2014,2014,1700,MARKET ST,THE ESPLANADE,44 m North o,Local,Toronto and East York,43.648532,-79.371936,Non Intersection,No Control,Clear,Daylight,Dry,Non-Fatal Injury,Pedestrian Collisions,Pedestrian,40 to 44,Major,,North,,,,,Vehicle is reversing and hits pedestrian,Walking on Roadway Against Traffic,Normal,,,,Yes,,Yes,,,,,,,,,,,166,St Lawrence-East Bayfront-The Islands,77,Waterfront Communities-The Island (77),D51,631297.7883,4834124.07
10637,8000009,141945030,23/04/2014,2014,1755,DUNDAS ST W,KENSINGTON AVE,,Major Arterial,Toronto and East York,43.652541,-79.39986,,No Control,Clear,"Daylight, artificial",Dry,Fatal,Pedestrian Collisions,Driver,50 to 54,None,,West,"Automobile, Station Wagon",Going Ahead,Driving Properly,Normal,,,,,,,Yes,,Yes,,,,,,,,,,,78,Kensington-Chinatown,78,Kensington-Chinatown (78),D14,629037.2042,4834525.52
10638,80000026,141945030,23/04/2014,2014,1755,DUNDAS ST W,KENSINGTON AVE,,Major Arterial,Toronto and East York,43.652541,-79.39986,,No Control,Clear,"Daylight, artificial",Dry,Fatal,Pedestrian Collisions,Pedestrian,25 to 29,Fatal,7,South,,,,,Vehicle is going straight thru inter.while ped cross without ROW,"Crossing, no Traffic Control",Inattentive,,,,Yes,,Yes,,,,,,,,,,,78,Kensington-Chinatown,78,Kensington-Chinatown (78),D14,629037.2042,4834525.52
10639,80158371,4001952133,24/04/2014,2014,1956,MAVETY ST,DUNDAS ST W,,Major Arterial,Toronto and East York,43.665415,-79.465877,At Intersection,No Control,Clear,"Dusk, artificial",Dry,Non-Fatal Injury,Cyclist Collisions,Driver,65 to 69,None,,East,"Automobile, Station Wagon",Parked,Other,Inattentive,,,,,,,,Yes,Yes,,,,,,,,,,,90,Junction Area,90,Junction Area (90),D11,623687.0271,4835854.807
10640,80158372,4001952133,24/04/2014,2014,1956,MAVETY ST,DUNDAS ST W,,Major Arterial,Toronto and East York,43.665415,-79.465877,At Intersection,No Control,Clear,"Dusk, artificial",Dry,Non-Fatal Injury,Cyclist Collisions,Cyclist,35 to 39,Major,,East,Bicycle,Going Ahead,,,,,,Cyclist struck opened vehicle door,Driving Properly,Normal,,Yes,Yes,,,,,,,,,,,90,Junction Area,90,Junction Area (90),D11,623687.0271,4835854.807
10641,80158381,4001953344,25/04/2014,2014,5,DUNDAS ST W,GLADSTONE AVE,,Minor Arterial,Toronto and East York,43.649573,-79.429813,Non Intersection,No Control,Clear,"Dark, artificial",Dry,Non-Fatal Injury,Cyclist Collisions,Driver,40 to 44,Minimal,,East,"Automobile, Station Wagon",Making U Turn,Improper Turn,Inattentive,,,,,,,,Yes,Yes,,,,,,,,,,,84,Little Portugal,84,Little Portugal (84),D14,626627.9716,4834149.744
10642,80158382,4001953344,25/04/2014,2014,5,DUNDAS ST W,GLADSTONE AVE,,Minor Arterial,Toronto and East York,43.649573,-79.429813,Non Intersection,No Control,Clear,"Dark, artificial",Dry,Non-Fatal Injury,Cyclist Collisions,Cyclist,35 to 39,Major,,West,Bicycle,Going Ahead,,,,,,Motorist makes u-turn in-front of cyclist.,Driving Properly,Normal,,Yes,Yes,,,,,,,,,,,84,Little Portugal,84,Little Portugal (84),D14,626627.9716,4834149.744
10643,80158568,4001968230,27/04/2014,2014,1053,FINCH AVE W,DRIFTWOOD AVE,,Major Arterial,Etobicoke York,43.758048,-79.513431,At Intersection,Traffic Signal,Clear,Daylight,Dry,Non-Fatal Injury,Pedestrian Collisions,Driver,30 to 34,None,,East,Municipal Transit Bus (TTC),Going Ahead,Driving Properly,Normal,,,,,,,Yes,,,,,Yes,,,,,,,,25,Glenfield-Jane Heights,25,Glenfield-Jane Heights (25),D31,619668.5043,4846073.192
10644,80158569,4001968230,27/04/2014,2014,1053,FINCH AVE W,DRIFTWOOD AVE,,Major Arterial,Etobicoke York,43.758048,-79.513431,At Intersection,Traffic Signal,Clear,Daylight,Dry,Non-Fatal Injury,Pedestrian Collisions,Pedestrian,10 to 14,Major,,North,,,,,Pedestrian involved in a collision with transit vehicle anywhere along roadway,Crossing without right of way,Inattentive,,,,Yes,,,,,Yes,,,,,,,,25,Glenfield-Jane Heights,25,Glenfield-Jane Heights (25),D31,619668.5043,4846073.192
10645,80628459,4001981966,29/04/2014,2014,1447,SPADINA AVE,BALDWIN ST,,Major Arterial,Toronto and East York,43.655112,-79.398898,At Intersection,No Control,Rain,Daylight,Wet,Non-Fatal Injury,Pedestrian Collisions,Driver,60 to 64,None,,North,Street Car,Going Ahead,Driving Properly,Unknown,,,,,,,Yes,,,,,Yes,,,,,,,,78,Kensington-Chinatown,78,Kensington-Chinatown (78),D52,629109.2722,4834812.56
10646,80628460,4001981966,29/04/2014,2014,1447,SPADINA AVE,BALDWIN ST,,Major Arterial,Toronto and East York,43.655112,-79.398898,At Intersection,No Control,Rain,Daylight,Wet,Non-Fatal Injury,Pedestrian Collisions,Pedestrian,25 to 29,Major,,East,,,,,Pedestrian involved in a collision with transit vehicle anywhere along roadway,Crossing without right of way,Inattentive,,,,Yes,,,,,Yes,,,,,,,,78,Kensington-Chinatown,78,Kensington-Chinatown (78),D52,629109.2722,4834812.56
10647,80207796,4001988525,30/04/2014,2014,1555,BLOOR ST W,MILL RD,,Major Arterial,Etobicoke York,43.632022,-79.575145,Intersection Related,Traffic Signal,Clear,Daylight,Dry,Non-Fatal Injury,Turning Movement,Driver,20 to 24,None,,West,"Automobile, Station Wagon",Turning Left,Failed to Yield Right of Way,Normal,,,,,,,,,Yes,,,,,,,Yes,,,,12,Markland Wood,12,Markland Wood (12),D22,614941.0154,4831988.994
10648,80207797,4001988525,30/04/2014,2014,1555,BLOOR ST W,MILL RD,,Major Arterial,Etobicoke York,43.632022,-79.575145,Intersection Related,Traffic Signal,Clear,Daylight,Dry,Non-Fatal Injury,Turning Movement,Driver,50 to 54,Major,,East,"Automobile, Station Wagon",Going Ahead,Driving Properly,Normal,,,,,,,,,Yes,,,,,,,Yes,,,,12,Markland Wood,12,Markland Wood (12),D22,614941.0154,4831988.994
10649,80628495,4001989403,30/04/2014,2014,1822,STEELES AVE W,HILDA AVE,,Major Arterial,North York,43.795935,-79.429225,At Intersection,Traffic Signal,Rain,Daylight,Wet,Non-Fatal Injury,Other,Driver,35 to 39,None,,West,Municipal Transit Bus (TTC),Pulling Away from Shoulder or Curb,Driving Properly,Normal,,,,,,,,,,,,Yes,,Yes,,,,,,36,Newtonbrook West,36,Newtonbrook West (36),D32,626367.2944,4850406.234
10650,80628496,4001989403,30/04/2014,2014,1822,STEELES AVE W,HILDA AVE,,Major Arterial,North York,43.795935,-79.429225,At Intersection,Traffic Signal,Rain,Daylight,Wet,Non-Fatal Injury,Other,Passenger,85 to 89,Major,,,,,,,,,,,,,,,,,,Yes,,Yes,,,,,,36,Newtonbrook West,36,Newtonbrook West (36),D32,626367.2944,4850406.234
10651,80158991,4001994857,01/05/2014,2014,1520,ELLESMERE RD,PHARMACY AVE,,Major Arterial,Scarborough,43.759013,-79.310191,At Intersection,Traffic Signal,Clear,Daylight,Dry,Non-Fatal Injury,Other,Driver,60 to 64,None,,West,Municipal Transit Bus (TTC),Pulling Away from Shoulder or Curb,Driving Properly,Normal,,,,,,,,,,,,Yes,,Yes,,,,,,119,Wexford/Maryvale,119,Wexford/Maryvale (119),D41,636027.2554,4846494.105
10652,80158992,4001994857,01/05/2014,2014,1520,ELLESMERE RD,PHARMACY AVE,,Major Arterial,Scarborough,43.759013,-79.310191,At Intersection,Traffic Signal,Clear,Daylight,Dry,Non-Fatal Injury,Other,Passenger,80 to 84,Major,,,,,,,,,,,,,,,,,,Yes,,Yes,,,,,,119,Wexford/Maryvale,119,Wexford/Maryvale (119),D41,636027.2554,4846494.105
10653,80628548,4001997279,01/05/2014,2014,2244,WESTON RD,MAINSHEP RD,,Major Arterial,Etobicoke York,43.731497,-79.537448,Non Intersection,No Control,Clear,"Dark, artificial",Dry,Non-Fatal Injury,Rear End,Driver,20 to 24,Minor,,South,"Automobile, Station Wagon",Going Ahead,Exceeding Speed Limit,"Ability Impaired, Alcohol Over .08",,,,,,,,,Yes,,,,,Yes,Yes,Yes,,Yes,,23,Pelmo Park-Humberlea,23,Pelmo Park-Humberlea (23),D31,617787.1857,4843089.899
10654,80628549,4001997279,01/05/2014,2014,2244,WESTON RD,MAINSHEP RD,,Major Arterial,Etobicoke York,43.731497,-79.537448,Non Intersection,No Control,Clear,"Dark, artificial",Dry,Non-Fatal Injury,Rear End,Driver,30 to 34,Minor,,South,"Automobile, Station Wagon",Going Ahead,Driving Properly,Normal,,,,,,,,,Yes,,,,,Yes,Yes,Yes,,Yes,,23,Pelmo Park-Humberlea,23,Pelmo Park-Humberlea (23),D31,617787.1857,4843089.899
10655,80628550,4001997279,01/05/2014,2014,2244,WESTON RD,MAINSHEP RD,,Major Arterial,Etobicoke York,43.731497,-79.537448,Non Intersection,No Control,Clear,"Dark, artificial",Dry,Non-Fatal Injury,Rear End,Passenger,30 to 34,Major,,,,,,,,,,,,,,,Yes,,,,,Yes,Yes,Yes,,Yes,,23,Pelmo Park-Humberlea,23,Pelmo Park-Humberlea (23),D31,617787.1857,4843089.899
10656,80628551,4001997279,01/05/2014,2014,2244,WESTON RD,MAINSHEP RD,,Major Arterial,Etobicoke York,43.731497,-79.537448,Non Intersection,No Control,Clear,"Dark, artificial",Dry,Non-Fatal Injury,Rear End,Passenger,30 to 34,Minor,,,,,,,,,,,,,,,Yes,,,,,Yes,Yes,Yes,,Yes,,23,Pelmo Park-Humberlea,23,Pelmo Park-Humberlea (23),D31,617787.1857,4843089.899
10657,80628552,4001997279,01/05/2014,2014,2244,WESTON RD,MAINSHEP RD,,Major Arterial,Etobicoke York,43.731497,-79.537448,Non Intersection,No Control,Clear,"Dark, artificial",Dry,Non-Fatal Injury,Rear End,Passenger,25 to 29,Minor,,,,,,,,,,,,,,,Yes,,,,,Yes,Yes,Yes,,Yes,,23,Pelmo Park-Humberlea,23,Pelmo Park-Humberlea (23),D31,617787.1857,4843089.899
10658,80628553,4001997279,01/05/2014,2014,2244,WESTON RD,MAINSHEP RD,,Major Arterial,Etobicoke York,43.731497,-79.537448,Non Intersection,No Control,Clear,"Dark, artificial",Dry,Non-Fatal Injury,Rear End,Passenger,55 to 59,Minor,,,,,,,,,,,,,,,Yes,,,,,Yes,Yes,Yes,,Yes,,23,Pelmo Park-Humberlea,23,Pelmo Park-Humberlea (23),D31,617787.1857,4843089.899
10659,80159333,4002017268,05/05/2014,2014,644,WOODBINE AVE,MERRILL AVE E,,Major Arterial,Toronto and East York,43.683406,-79.311847,Intersection Related,Stop Sign,Clear,Daylight,Dry,Non-Fatal Injury,Cyclist Collisions,Driver,25 to 29,None,,East,"Automobile, Station Wagon",Turning Left,Failed to Yield Right of Way,Normal,,,,,,,,Yes,Yes,,,,,Yes,,Yes,,,,64,Woodbine Corridor,64,Woodbine Corridor (64),D55,636064.999,4838094.128
10660,80159334,4002017268,05/05/2014,2014,644,WOODBINE AVE,MERRILL AVE E,,Major Arterial,Toronto and East York,43.683406,-79.311847,Intersection Related,Stop Sign,Clear,Daylight,Dry,Non-Fatal Injury,Cyclist Collisions,Passenger,25 to 29,None,,,,,,,,,,,,,,Yes,Yes,,,,,Yes,,Yes,,,,64,Woodbine Corridor,64,Woodbine Corridor (64),D55,636064.999,4838094.128
10661,80159335,4002017268,05/05/2014,2014,644,WOODBINE AVE,MERRILL AVE E,,Major Arterial,Toronto and East York,43.683406,-79.311847,Intersection Related,Stop Sign,Clear,Daylight,Dry,Non-Fatal Injury,Cyclist Collisions,Passenger,unknown,None,,,,,,,,,,,,,,Yes,Yes,,,,,Yes,,Yes,,,,64,Woodbine Corridor,64,Woodbine Corridor (64),D55,636064.999,4838094.128
10662,80159336,4002017268,05/05/2014,2014,644,WOODBINE AVE,MERRILL AVE E,,Major Arterial,Toronto and East York,43.683406,-79.311847,Intersection Related,Stop Sign,Clear,Daylight,Dry,Non-Fatal Injury,Cyclist Collisions,Passenger,unknown,None,,,,,,,,,,,,,,Yes,Yes,,,,,Yes,,Yes,,,,64,Woodbine Corridor,64,Woodbine Corridor (64),D55,636064.999,4838094.128
10663,80159337,4002017268,05/05/2014,2014,644,WOODBINE AVE,MERRILL AVE E,,Major Arterial,Toronto and East York,43.683406,-79.311847,Intersection Related,Stop Sign,Clear,Daylight,Dry,Non-Fatal Injury,Cyclist Collisions,Cyclist,55 to 59,Major,,South,Bicycle,Going Ahead,,,,,,Motorist turned left across cyclists path.,Driving Properly,Normal,,Yes,Yes,,,,,Yes,,Yes,,,,64,Woodbine Corridor,64,Woodbine Corridor (64),D55,636064.999,4838094.128
10664,80159363,4002018320,05/05/2014,2014,1009,WOODBINE AVE,KINGSTON RD,,Major Arterial,Toronto and East York,43.673918,-79.307918,At Intersection,Traffic Signal,Clear,Daylight,Dry,Non-Fatal Injury,Cyclist Collisions,Cyclist,50 to 54,Major,,North,Bicycle,Going Ahead,,,,,,Motorist turned left across cyclists path.,Driving Properly,Normal,,Yes,Yes,,,,,Yes,,Yes,,,,63,The Beaches,63,The Beaches (63),D55,636403.1782,4837046.808