OBJECTID,INDEX,ACCNUM,DATE,ACCIDENT_YEAR,TIME,STREET1,STREET2,OFFSET,ROAD_CLASS,DISTRICT,LATITUDE,LONGITUDE,ACCLOC,TRAFFCTL,VISIBILITY,LIGHT,RDSFCOND,ACCLASS,IMPACTYPE,INVTYPE,INVAGE,INJURY,FATAL_NO,INITDIR,VEHTYPE,MANOEUVER,DRIVACT,DRIVCOND,PEDTYPE,PEDACT,PEDCOND,CYCLISTYPE,CYCACT,CYCCOND,PEDESTRIAN,CYCLIST,AUTOMOBILE,MOTORCYCLE,TRUCK,TRSN_CITY_VEH,EMERG_VEH,PASSENGER,SPEEDING,AG_DRIV,REDLIGHT,ALCOHOL,DISABILITY,HOOD_158,NEIGHBOURHOOD_158,HOOD_140,NEIGHBOURHOOD_140,DIVISION,x,y
10665,80159364,4002018320,05/05/2014,2014,1009,WOODBINE AVE,KINGSTON RD,,Major Arterial,Toronto and East York,43.673918,-79.307918,At Intersection,Traffic Signal,Clear,Daylight,Dry,Non-Fatal Injury,Cyclist Collisions,Driver,45 to 49,None,,South,"Automobile, Station Wagon",Turning Left,Failed to Yield Right of Way,Normal,,,,,,,,Yes,Yes,,,,,Yes,,Yes,,,,63,The Beaches,63,The Beaches (63),D55,636403.1782,4837046.808
10666,80159365,4002018320,05/05/2014,2014,1009,WOODBINE AVE,KINGSTON RD,,Major Arterial,Toronto and East York,43.673918,-79.307918,At Intersection,Traffic Signal,Clear,Daylight,Dry,Non-Fatal Injury,Cyclist Collisions,Passenger,20 to 24,None,,,,,,,,,,,,,,Yes,Yes,,,,,Yes,,Yes,,,,63,The Beaches,63,The Beaches (63),D55,636403.1782,4837046.808
10667,8000011,142041479,08/05/2014,2014,2108,RENFORTH DR,ERINGATE DR,,Minor Arterial,Etobicoke York,43.660464,-79.583576,,No Control,Clear,"Dusk, artificial",Dry,Fatal,Turning Movement,Driver,25 to 29,None,,South,"Automobile, Station Wagon",Turning Left,Improper Turn,Normal,,,,,,,,,Yes,Yes,,,,,Yes,Yes,,,,11,Eringate-Centennial-West Deane,11,Eringate-Centennial-West Deane (11),D22,614206.9843,4835136.196
10668,80000027,142041479,08/05/2014,2014,2108,RENFORTH DR,ERINGATE DR,,Minor Arterial,Etobicoke York,43.660464,-79.583576,,No Control,Clear,"Dusk, artificial",Dry,Fatal,Turning Movement,Motorcycle Driver,20 to 24,Fatal,8,North,Motorcycle,Going Ahead,Exceeding Speed Limit,Unknown,,,,,,,,,Yes,Yes,,,,,Yes,Yes,,,,11,Eringate-Centennial-West Deane,11,Eringate-Centennial-West Deane (11),D22,614206.9843,4835136.196
10669,80208371,4002043758,09/05/2014,2014,954,EGLINTON AVE E,BRIMLEY RD,,Major Arterial,Scarborough,43.736685,-79.248081,Intersection Related,Traffic Signal,Clear,Daylight,Dry,Non-Fatal Injury,Angle,Driver,75 to 79,Major,,West,"Automobile, Station Wagon",Going Ahead,Disobeyed Traffic Control,Medical or Physical Disability,,,,,,,,,Yes,,,,,,,Yes,Yes,,Yes,124,Kennedy Park,124,Kennedy Park (124),D41,641079.53,4844118.133
10670,80208372,4002043758,09/05/2014,2014,954,EGLINTON AVE E,BRIMLEY RD,,Major Arterial,Scarborough,43.736685,-79.248081,Intersection Related,Traffic Signal,Clear,Daylight,Dry,Non-Fatal Injury,Angle,Driver,60 to 64,Minor,,South,"Automobile, Station Wagon",Going Ahead,Driving Properly,Normal,,,,,,,,,Yes,,,,,,,Yes,Yes,,Yes,124,Kennedy Park,124,Kennedy Park (124),D41,641079.53,4844118.133
10671,8000012,142049204,10/05/2014,2014,233,DUNDAS ST W,AUGUSTA AVE,,Major Arterial,Toronto and East York,43.652262,-79.401134,,No Control,Clear,"Dark, artificial",Dry,Fatal,Pedestrian Collisions,Pedestrian,25 to 29,Fatal,9,Unknown,,,,,Other / Undefined,Other,Had Been Drinking,,,,Yes,,Yes,,,,,Yes,,,,,,78,Kensington-Chinatown,78,Kensington-Chinatown (78),D14,628935.0633,4834492.554
10672,8000013,142049204,10/05/2014,2014,233,DUNDAS ST W,AUGUSTA AVE,,Major Arterial,Toronto and East York,43.652262,-79.401134,,No Control,Clear,"Dark, artificial",Dry,Fatal,Pedestrian Collisions,Driver,30 to 34,None,,West,"Automobile, Station Wagon",Changing Lanes,Improper Lane Change,Unknown,,,,,,,Yes,,Yes,,,,,Yes,,,,,,78,Kensington-Chinatown,78,Kensington-Chinatown (78),D14,628935.0633,4834492.554
10673,8000014,142049204,10/05/2014,2014,233,DUNDAS ST W,AUGUSTA AVE,,Major Arterial,Toronto and East York,43.652262,-79.401134,,No Control,Clear,"Dark, artificial",Dry,Fatal,Pedestrian Collisions,Driver,60 to 64,None,,West,"Automobile, Station Wagon",Stopped,Driving Properly,Normal,,,,,,,Yes,,Yes,,,,,Yes,,,,,,78,Kensington-Chinatown,78,Kensington-Chinatown (78),D14,628935.0633,4834492.554
10674,80000028,142049204,10/05/2014,2014,233,DUNDAS ST W,AUGUSTA AVE,,Major Arterial,Toronto and East York,43.652262,-79.401134,,No Control,Clear,"Dark, artificial",Dry,Fatal,Pedestrian Collisions,Passenger,20 to 24,None,,,,,,,,,,,,,Yes,,Yes,,,,,Yes,,,,,,78,Kensington-Chinatown,78,Kensington-Chinatown (78),D14,628935.0633,4834492.554
10675,80208507,4002053519,10/05/2014,2014,1910,LAKE SHORE BLVD W,BROOKERS LANE,132 m West o,Major Arterial,Etobicoke York,43.626296,-79.479442,Non Intersection,No Control,Clear,Daylight,Dry,Non-Fatal Injury,Sideswipe,Motorcycle Driver,50 to 54,Major,,East,Motorcycle,Changing Lanes,Improper Lane Change,Inattentive,,,,,,,,,Yes,Yes,,,,,,,,,,161,Humber Bay Shores,17,Mimico (includes Humber Bay Shores) (17),D22,622672.9537,4831490.008
10676,80208508,4002053519,10/05/2014,2014,1910,LAKE SHORE BLVD W,BROOKERS LANE,132 m West o,Major Arterial,Etobicoke York,43.626296,-79.479442,Non Intersection,No Control,Clear,Daylight,Dry,Non-Fatal Injury,Sideswipe,Driver,30 to 34,Minimal,,East,"Automobile, Station Wagon",Going Ahead,Driving Properly,Normal,,,,,,,,,Yes,Yes,,,,,,,,,,161,Humber Bay Shores,17,Mimico (includes Humber Bay Shores) (17),D22,622672.9537,4831490.008
10677,80628844,4002056901,11/05/2014,2014,1033,DUFFERIN ST,BRIDGELAND AVE,,Major Arterial,North York,43.726924,-79.457614,Intersection Related,Traffic Signal,Clear,Daylight,Dry,Non-Fatal Injury,Pedestrian Collisions,Driver,35 to 39,None,,West,"Automobile, Station Wagon",Turning Left,Failed to Yield Right of Way,Unknown,,,,,,,Yes,,Yes,,,,,,,Yes,,,,31,Yorkdale-Glen Park,31,Yorkdale-Glen Park (31),D32,624226.1538,4842698.579
10678,80628845,4002056901,11/05/2014,2014,1033,DUFFERIN ST,BRIDGELAND AVE,,Major Arterial,North York,43.726924,-79.457614,Intersection Related,Traffic Signal,Clear,Daylight,Dry,Non-Fatal Injury,Pedestrian Collisions,Pedestrian,30 to 34,Major,,West,"Automobile, Station Wagon",,,,Vehicle turns left while ped crosses with ROW at inter.,Crossing with right of way,Inattentive,,,,Yes,,Yes,,,,,,,Yes,,,,31,Yorkdale-Glen Park,31,Yorkdale-Glen Park (31),D32,624226.1538,4842698.579
10679,80160036,4002062071,12/05/2014,2014,740,DUNDAS ST E,LESLIE ST,,Minor Arterial,Toronto and East York,43.666724,-79.331714,At Intersection,Traffic Signal,Clear,Daylight,Dry,Non-Fatal Injury,Cyclist Collisions,Driver,35 to 39,None,,West,"Automobile, Station Wagon",Turning Right,Failed to Yield Right of Way,Normal,,,,,,,,Yes,Yes,,,,,Yes,,Yes,,,,70,South Riverdale,70,South Riverdale (70),D55,634500.9669,4836208.959
10680,80160037,4002062071,12/05/2014,2014,740,DUNDAS ST E,LESLIE ST,,Minor Arterial,Toronto and East York,43.666724,-79.331714,At Intersection,Traffic Signal,Clear,Daylight,Dry,Non-Fatal Injury,Cyclist Collisions,Passenger,30 to 34,None,,,,,,,,,,,,,,Yes,Yes,,,,,Yes,,Yes,,,,70,South Riverdale,70,South Riverdale (70),D55,634500.9669,4836208.959
10681,80160038,4002062071,12/05/2014,2014,740,DUNDAS ST E,LESLIE ST,,Minor Arterial,Toronto and East York,43.666724,-79.331714,At Intersection,Traffic Signal,Clear,Daylight,Dry,Non-Fatal Injury,Cyclist Collisions,Passenger,5 to 9,None,,,,,,,,,,,,,,Yes,Yes,,,,,Yes,,Yes,,,,70,South Riverdale,70,South Riverdale (70),D55,634500.9669,4836208.959
10682,80160039,4002062071,12/05/2014,2014,740,DUNDAS ST E,LESLIE ST,,Minor Arterial,Toronto and East York,43.666724,-79.331714,At Intersection,Traffic Signal,Clear,Daylight,Dry,Non-Fatal Injury,Cyclist Collisions,Passenger,0 to 4,None,,,,,,,,,,,,,,Yes,Yes,,,,,Yes,,Yes,,,,70,South Riverdale,70,South Riverdale (70),D55,634500.9669,4836208.959
10683,80160040,4002062071,12/05/2014,2014,740,DUNDAS ST E,LESLIE ST,,Minor Arterial,Toronto and East York,43.666724,-79.331714,At Intersection,Traffic Signal,Clear,Daylight,Dry,Non-Fatal Injury,Cyclist Collisions,Cyclist,40 to 44,Major,,West,Bicycle,Going Ahead,,,,,,Motorist turning right on green or amber at signalized intersection strikes cyclist.,Driving Properly,Normal,,Yes,Yes,,,,,Yes,,Yes,,,,70,South Riverdale,70,South Riverdale (70),D55,634500.9669,4836208.959
10684,80160118,4002067851,12/05/2014,2014,2330,KEELER BLVD,TWEEDROCK CRES,,Collector,Scarborough,43.792792,-79.206989,At Intersection,No Control,Rain,Dark,Wet,Non-Fatal Injury,Pedestrian Collisions,Driver,unknown,,,East,,Turning Left,Improper Turn,Unknown,,,,,,,Yes,,,,,,,,,,,,,135,Morningside,135,Morningside (135),D43,644253.7193,4850420.486
10685,80160119,4002067851,12/05/2014,2014,2330,KEELER BLVD,TWEEDROCK CRES,,Collector,Scarborough,43.792792,-79.206989,At Intersection,No Control,Rain,Dark,Wet,Non-Fatal Injury,Pedestrian Collisions,Pedestrian,40 to 44,Major,,East,,,,,Vehicle turns left while ped crosses with ROW at inter.,Crossing with right of way,Normal,,,,Yes,,,,,,,,,,,,,135,Morningside,135,Morningside (135),D43,644253.7193,4850420.486
10686,80160347,4002084310,14/05/2014,2014,1908,BLOOR ST W,DUNDAS ST W,,Major Arterial,Toronto and East York,43.65631,-79.452441,At Intersection,Traffic Signal,Rain,Dusk,Wet,Non-Fatal Injury,Pedestrian Collisions,Driver,30 to 34,None,,North,"Automobile, Station Wagon",Turning Left,Failed to Yield Right of Way,Normal,,,,,,,Yes,,Yes,,,,,,,Yes,,,,86,Roncesvalles,86,Roncesvalles (86),D11,624789.1617,4834863.696
10687,80160348,4002084310,14/05/2014,2014,1908,BLOOR ST W,DUNDAS ST W,,Major Arterial,Toronto and East York,43.65631,-79.452441,At Intersection,Traffic Signal,Rain,Dusk,Wet,Non-Fatal Injury,Pedestrian Collisions,Pedestrian,40 to 44,Major,,South,,,,,Vehicle turns left while ped crosses with ROW at inter.,Crossing with right of way,Unknown,,,,Yes,,Yes,,,,,,,Yes,,,,86,Roncesvalles,86,Roncesvalles (86),D11,624789.1617,4834863.696
10688,80629000,4002082136,15/05/2014,2014,737,FINCH AVE W,WILMINGTON AVE,,Major Arterial,North York,43.770182,-79.460681,At Intersection,Traffic Signal,Clear,Daylight,Dry,Non-Fatal Injury,Turning Movement,Driver,60 to 64,None,,West,"Automobile, Station Wagon",Turning Left,Failed to Yield Right of Way,Inattentive,,,,,,,,,Yes,,,,,Yes,,Yes,,,,34,Bathurst Manor,34,Bathurst Manor (34),D32,623889.8533,4847498.422
10689,80629001,4002082136,15/05/2014,2014,737,FINCH AVE W,WILMINGTON AVE,,Major Arterial,North York,43.770182,-79.460681,At Intersection,Traffic Signal,Clear,Daylight,Dry,Non-Fatal Injury,Turning Movement,Driver,20 to 24,Minimal,,West,"Automobile, Station Wagon",Stopped,Driving Properly,Normal,,,,,,,,,Yes,,,,,Yes,,Yes,,,,34,Bathurst Manor,34,Bathurst Manor (34),D32,623889.8533,4847498.422
10690,80629002,4002082136,15/05/2014,2014,737,FINCH AVE W,WILMINGTON AVE,,Major Arterial,North York,43.770182,-79.460681,At Intersection,Traffic Signal,Clear,Daylight,Dry,Non-Fatal Injury,Turning Movement,Driver,60 to 64,None,,West,"Automobile, Station Wagon",Stopped,Driving Properly,Normal,,,,,,,,,Yes,,,,,Yes,,Yes,,,,34,Bathurst Manor,34,Bathurst Manor (34),D32,623889.8533,4847498.422
10691,80629003,4002082136,15/05/2014,2014,737,FINCH AVE W,WILMINGTON AVE,,Major Arterial,North York,43.770182,-79.460681,At Intersection,Traffic Signal,Clear,Daylight,Dry,Non-Fatal Injury,Turning Movement,Passenger,20 to 24,Major,,,,,,,,,,,,,,,Yes,,,,,Yes,,Yes,,,,34,Bathurst Manor,34,Bathurst Manor (34),D32,623889.8533,4847498.422
10692,80629004,4002082136,15/05/2014,2014,737,FINCH AVE W,WILMINGTON AVE,,Major Arterial,North York,43.770182,-79.460681,At Intersection,Traffic Signal,Clear,Daylight,Dry,Non-Fatal Injury,Turning Movement,Passenger,40 to 44,None,,,,,,,,,,,,,,,Yes,,,,,Yes,,Yes,,,,34,Bathurst Manor,34,Bathurst Manor (34),D32,623889.8533,4847498.422
10693,80160612,4002098742,17/05/2014,2014,1729,YONGE ST,QUEEN ST,,Major Arterial,Toronto and East York,43.653201,-79.379573,Non Intersection,No Control,Clear,Daylight,Dry,Non-Fatal Injury,Pedestrian Collisions,Driver,20 to 24,None,,South,"Automobile, Station Wagon",Going Ahead,Driving Properly,Had Been Drinking,,,,,,,Yes,,Yes,,,,,Yes,,,,,,168,Downtown Yonge East,75,Church-Yonge Corridor (75),D51,630671.758,4834630.569
10694,80160613,4002098742,17/05/2014,2014,1729,YONGE ST,QUEEN ST,,Major Arterial,Toronto and East York,43.653201,-79.379573,Non Intersection,No Control,Clear,Daylight,Dry,Non-Fatal Injury,Pedestrian Collisions,Passenger,60 to 64,None,,,,,,,,,,,,,Yes,,Yes,,,,,Yes,,,,,,168,Downtown Yonge East,75,Church-Yonge Corridor (75),D51,630671.758,4834630.569
10695,80160614,4002098742,17/05/2014,2014,1729,YONGE ST,QUEEN ST,,Major Arterial,Toronto and East York,43.653201,-79.379573,Non Intersection,No Control,Clear,Daylight,Dry,Non-Fatal Injury,Pedestrian Collisions,Pedestrian,45 to 49,Major,,East,,,,,Pedestrian hit at mid-block,Running onto Roadway,Normal,,,,Yes,,Yes,,,,,Yes,,,,,,168,Downtown Yonge East,75,Church-Yonge Corridor (75),D51,630671.758,4834630.569
10696,8000015,142120007,21/05/2014,2014,610,HIGHWAY 27  S,BELFIELD RD,,Major Arterial,Etobicoke York,43.699229,-79.587123,,Traffic Signal,Clear,Daylight,Dry,Fatal,Rear End,Driver,60 to 64,Minor,,South,"Automobile, Station Wagon",Going Ahead,Other,Normal,,,,,,,,,Yes,,,,,,,,,,,1,West Humber-Clairville,1,West Humber-Clairville (1),D23,613847.6487,4839436.682
10697,8000016,142120007,21/05/2014,2014,610,HIGHWAY 27  S,BELFIELD RD,,Major Arterial,Etobicoke York,43.699229,-79.587123,,Traffic Signal,Clear,Daylight,Dry,Fatal,Rear End,Driver,35 to 39,Minor,,South,"Automobile, Station Wagon",Stopped,Driving Properly,Normal,,,,,,,,,Yes,,,,,,,,,,,1,West Humber-Clairville,1,West Humber-Clairville (1),D23,613847.6487,4839436.682
10698,8000017,142120007,21/05/2014,2014,610,HIGHWAY 27  S,BELFIELD RD,,Major Arterial,Etobicoke York,43.699229,-79.587123,,Traffic Signal,Clear,Daylight,Dry,Fatal,Rear End,Driver,30 to 34,Minor,,South,"Automobile, Station Wagon",Stopped,Driving Properly,Normal,,,,,,,,,Yes,,,,,,,,,,,1,West Humber-Clairville,1,West Humber-Clairville (1),D23,613847.6487,4839436.682
10699,8000018,142120007,21/05/2014,2014,610,HIGHWAY 27  S,BELFIELD RD,,Major Arterial,Etobicoke York,43.699229,-79.587123,,Traffic Signal,Clear,Daylight,Dry,Fatal,Rear End,Driver,30 to 34,None,,South,"Automobile, Station Wagon",Stopped,Driving Properly,Normal,,,,,,,,,Yes,,,,,,,,,,,1,West Humber-Clairville,1,West Humber-Clairville (1),D23,613847.6487,4839436.682
10700,8000019,142120007,21/05/2014,2014,610,HIGHWAY 27  S,BELFIELD RD,,Major Arterial,Etobicoke York,43.699229,-79.587123,,Traffic Signal,Clear,Daylight,Dry,Fatal,Rear End,Driver,50 to 54,None,,South,"Automobile, Station Wagon",Stopped,Driving Properly,Normal,,,,,,,,,Yes,,,,,,,,,,,1,West Humber-Clairville,1,West Humber-Clairville (1),D23,613847.6487,4839436.682
10701,80000029,142120007,21/05/2014,2014,610,HIGHWAY 27  S,BELFIELD RD,,Major Arterial,Etobicoke York,43.699229,-79.587123,,Traffic Signal,Clear,Daylight,Dry,Fatal,Rear End,Driver,40 to 44,Fatal,10,South,"Automobile, Station Wagon",Stopped,Driving Properly,Normal,,,,,,,,,Yes,,,,,,,,,,,1,West Humber-Clairville,1,West Humber-Clairville (1),D23,613847.6487,4839436.682
10702,80209225,4002131801,22/05/2014,2014,2020,LESLIE ST,ESTHER SHINER BLVD,,Major Arterial,North York,43.769412,-79.364269,At Intersection,Traffic Signal,Clear,"Dark, artificial",Dry,Non-Fatal Injury,Turning Movement,Driver,25 to 29,None,,South,"Automobile, Station Wagon",Going Ahead,Disobeyed Traffic Control,"Ability Impaired, Alcohol",,,,,,,,,Yes,,,,,Yes,,Yes,Yes,Yes,,52,Bayview Village,52,Bayview Village (52),D33,631651.1946,4847561.671
10703,80209226,4002131801,22/05/2014,2014,2020,LESLIE ST,ESTHER SHINER BLVD,,Major Arterial,North York,43.769412,-79.364269,At Intersection,Traffic Signal,Clear,"Dark, artificial",Dry,Non-Fatal Injury,Turning Movement,Driver,60 to 64,Major,,East,"Automobile, Station Wagon",Turning Left,Driving Properly,Normal,,,,,,,,,Yes,,,,,Yes,,Yes,Yes,Yes,,52,Bayview Village,52,Bayview Village (52),D33,631651.1946,4847561.671
10704,80209227,4002131801,22/05/2014,2014,2020,LESLIE ST,ESTHER SHINER BLVD,,Major Arterial,North York,43.769412,-79.364269,At Intersection,Traffic Signal,Clear,"Dark, artificial",Dry,Non-Fatal Injury,Turning Movement,Passenger,60 to 64,Minor,,,,,,,,,,,,,,,Yes,,,,,Yes,,Yes,Yes,Yes,,52,Bayview Village,52,Bayview Village (52),D33,631651.1946,4847561.671
10705,80161159,4002138456,23/05/2014,2014,2011,MEADOWVALE RD,SHEPPARD AVE E,,Major Arterial,Scarborough,43.808364,-79.170802,At Intersection,Traffic Signal,Clear,Dark,Dry,Non-Fatal Injury,Turning Movement,Motorcycle Driver,45 to 49,Major,,South,Motorcycle,Going Ahead,Driving Properly,Normal,,,,,,,,,Yes,Yes,,,,,,Yes,,,,143,West Rouge,131,Rouge (131),D42,647126.89,4852213.721
10706,80161160,4002138456,23/05/2014,2014,2011,MEADOWVALE RD,SHEPPARD AVE E,,Major Arterial,Scarborough,43.808364,-79.170802,At Intersection,Traffic Signal,Clear,Dark,Dry,Non-Fatal Injury,Turning Movement,Driver,15 to 19,None,,North,"Automobile, Station Wagon",Turning Left,Failed to Yield Right of Way,Normal,,,,,,,,,Yes,Yes,,,,,,Yes,,,,143,West Rouge,131,Rouge (131),D42,647126.89,4852213.721
10707,80629256,4002140437,24/05/2014,2014,319,BRIMORTON DR,ALBACORE CRES,48 m East of,Collector,Scarborough,43.769133,-79.237544,Non Intersection,No Control,Clear,"Dark, artificial",Dry,Non-Fatal Injury,SMV Other,Driver,30 to 34,Minor,,East,"Automobile, Station Wagon",Going Ahead,Lost control,Had Been Drinking,,,,,,,,,Yes,,,,,Yes,Yes,Yes,,,,142,Woburn North,137,Woburn (137),D43,641851.3827,4847739.977
10708,80629257,4002140437,24/05/2014,2014,319,BRIMORTON DR,ALBACORE CRES,48 m East of,Collector,Scarborough,43.769133,-79.237544,Non Intersection,No Control,Clear,"Dark, artificial",Dry,Non-Fatal Injury,SMV Other,Passenger,40 to 44,Major,,,,,,,,,,,,,,,Yes,,,,,Yes,Yes,Yes,,,,142,Woburn North,137,Woburn (137),D43,641851.3827,4847739.977
10709,80209374,4002144979,24/05/2014,2014,1954,1484 DANFORTH RD,,30 m South o,Major Arterial,Scarborough,43.74924,-79.244464,Non Intersection,No Control,Clear,Daylight,Dry,Non-Fatal Injury,Angle,Driver,35 to 39,None,,East,"Automobile, Station Wagon",Reversing,Other,Inattentive,,,,,,,,,Yes,Yes,,,,,Yes,Yes,,,,157,Bendale South,127,Bendale (127),D43,641341.2551,4845518.721
10710,80209375,4002144979,24/05/2014,2014,1954,1484 DANFORTH RD,,30 m South o,Major Arterial,Scarborough,43.74924,-79.244464,Non Intersection,No Control,Clear,Daylight,Dry,Non-Fatal Injury,Angle,Motorcycle Driver,20 to 24,Major,,South,Motorcycle,Going Ahead,Other,Unknown,,,,,,,,,Yes,Yes,,,,,Yes,Yes,,,,157,Bendale South,127,Bendale (127),D43,641341.2551,4845518.721
10711,80161523,4002159560,26/05/2014,2014,2322,1999 LESLIE ST,,,Major Arterial,North York,43.760329,-79.361652,Non Intersection,No Control,Clear,"Dark, artificial",Dry,Non-Fatal Injury,Cyclist Collisions,Cyclist,50 to 54,Major,,North,Bicycle,Going Ahead,,,,,,Cyclist and Driver travelling in same direction. One vehicle rear-ended the other.,Driving Properly,Normal,,Yes,,,,,,,,Yes,,,,40,St.Andrew-Windfields,40,St.Andrew-Windfields (40),D33,631881.7834,4846557.03
10712,80161524,4002159560,26/05/2014,2014,2322,1999 LESLIE ST,,,Major Arterial,North York,43.760329,-79.361652,Non Intersection,No Control,Clear,"Dark, artificial",Dry,Non-Fatal Injury,Cyclist Collisions,Driver,unknown,None,,North,,Going Ahead,Following too Close,Unknown,,,,,,,,Yes,,,,,,,,Yes,,,,40,St.Andrew-Windfields,40,St.Andrew-Windfields (40),D33,631881.7834,4846557.03
10713,80161544,4002160939,27/05/2014,2014,755,STEELES AVE W,PETER KAISER GT,,Major Arterial,Etobicoke York,43.7741,-79.527782,Non Intersection,No Control,Clear,Daylight,Dry,Non-Fatal Injury,Cyclist Collisions,Driver,50 to 54,None,,East,"Automobile, Station Wagon",Changing Lanes,Improper Lane Change,Normal,,,,,,,,Yes,Yes,,,,,,,,,,,24,Black Creek,24,Black Creek (24),D31,618481.549,4847835.37
10714,80161545,4002160939,27/05/2014,2014,755,STEELES AVE W,PETER KAISER GT,,Major Arterial,Etobicoke York,43.7741,-79.527782,Non Intersection,No Control,Clear,Daylight,Dry,Non-Fatal Injury,Cyclist Collisions,Cyclist,45 to 49,Major,,East,Bicycle,Going Ahead,,,,,,Cyclist and Driver travelling in same direction. One vehicle sideswipes the other.,Driving Properly,Normal,,Yes,Yes,,,,,,,,,,,24,Black Creek,24,Black Creek (24),D31,618481.549,4847835.37
10715,80209618,4002164733,27/05/2014,2014,1729,STEELES AVE E,PICKERING TOWN LINE,,Minor Arterial,Scarborough,43.855445,-79.170284,At Intersection,Traffic Signal,Clear,Daylight,Dry,Non-Fatal Injury,Turning Movement,Driver,35 to 39,Minimal,,South,Pick Up Truck,Turning Left,Failed to Yield Right of Way,Normal,,,,,,,,,Yes,,,,,,,Yes,,,,NSA,NSA,NSA,NSA,D42,647052.8669,4857443.783
10716,80209619,4002164733,27/05/2014,2014,1729,STEELES AVE E,PICKERING TOWN LINE,,Minor Arterial,Scarborough,43.855445,-79.170284,At Intersection,Traffic Signal,Clear,Daylight,Dry,Non-Fatal Injury,Turning Movement,Driver,40 to 44,Major,,North,"Automobile, Station Wagon",Going Ahead,Driving Properly,Normal,,,,,,,,,Yes,,,,,,,Yes,,,,NSA,NSA,NSA,NSA,D42,647052.8669,4857443.783
10717,80161684,4002166140,27/05/2014,2014,2125,NEILSON RD.,ELLESMERE RD,,Minor Arterial,Scarborough,43.783312,-79.205303,At/Near Private Drive,No Control,Clear,"Dark, artificial",Dry,Non-Fatal Injury,Pedestrian Collisions,Driver,50 to 54,None,,South,"Automobile, Station Wagon",Going Ahead,Driving Properly,Normal,,,,,,,Yes,,Yes,,,,,,,,,,,135,Morningside,135,Morningside (135),D43,644412.195,4849370.52
10718,80161685,4002166140,27/05/2014,2014,2125,NEILSON RD.,ELLESMERE RD,,Minor Arterial,Scarborough,43.783312,-79.205303,At/Near Private Drive,No Control,Clear,"Dark, artificial",Dry,Non-Fatal Injury,Pedestrian Collisions,Pedestrian,40 to 44,Major,,East,,,,,Pedestrian hit at mid-block,"Crossing, no Traffic Control",Normal,,,,Yes,,Yes,,,,,,,,,,,135,Morningside,135,Morningside (135),D43,644412.195,4849370.52
10719,80161719,4002168339,28/05/2014,2014,837,BREMNER BLVD,GRAND TRUNK CRES,,Minor Arterial,Toronto and East York,43.642623,-79.382777,Non Intersection,No Control,Clear,Daylight,Dry,Non-Fatal Injury,Cyclist Collisions,Driver,65 to 69,Major,,East,"Automobile, Station Wagon",Going Ahead,Improper Passing,Normal,,,,,,,,Yes,Yes,,,,,,,Yes,,,,165,Harbourfront-CityPlace,77,Waterfront Communities-The Island (77),D52,630436.2779,4833450.703
10720,80161720,4002168339,28/05/2014,2014,837,BREMNER BLVD,GRAND TRUNK CRES,,Minor Arterial,Toronto and East York,43.642623,-79.382777,Non Intersection,No Control,Clear,Daylight,Dry,Non-Fatal Injury,Cyclist Collisions,Cyclist,50 to 54,Major,,East,Bicycle,Going Ahead,,,,,,Cyclist and Driver travelling in same direction. One vehicle rear-ended the other.,Driving Properly,Normal,,Yes,Yes,,,,,,,Yes,,,,165,Harbourfront-CityPlace,77,Waterfront Communities-The Island (77),D52,630436.2779,4833450.703
10721,80209766,4002174888,29/05/2014,2014,814,FRED GARDINER EXPR,KIPLING AVENUE,500 m East o,,Etobicoke York,43.618888,-79.520129,Non Intersection,No Control,Clear,Daylight,Dry,Non-Fatal Injury,Rear End,Driver,45 to 49,Major,,East,Delivery Van,Slowing or Stopping,Speed too Fast For Condition,Unknown,,,,,,,,,Yes,,Yes,,,,Yes,Yes,,,,160,Mimico-Queensway,17,Mimico (includes Humber Bay Shores) (17),D22,619405.1136,4830607.945
10722,80209767,4002174888,29/05/2014,2014,814,FRED GARDINER EXPR,KIPLING AVENUE,500 m East o,,Etobicoke York,43.618888,-79.520129,Non Intersection,No Control,Clear,Daylight,Dry,Non-Fatal Injury,Rear End,Truck Driver,65 to 69,None,,East,Truck-Tractor,Stopped,Driving Properly,Normal,,,,,,,,,Yes,,Yes,,,,Yes,Yes,,,,160,Mimico-Queensway,17,Mimico (includes Humber Bay Shores) (17),D22,619405.1136,4830607.945
10723,80161916,4002177658,29/05/2014,2014,1450,45 BAY ST,,,Major Arterial,Toronto and East York,43.643874,-79.378192,At/Near Private Drive,No Control,Clear,Daylight,Dry,Non-Fatal Injury,Pedestrian Collisions,Driver,35 to 39,None,,West,"Automobile, Station Wagon",Turning Left,Failed to Yield Right of Way,Inattentive,,,,,,,Yes,,Yes,,,,,,,Yes,,,,166,St Lawrence-East Bayfront-The Islands,77,Waterfront Communities-The Island (77),D52,630803.3676,4833596.859