OBJECTID,INDEX,ACCNUM,DATE,ACCIDENT_YEAR,TIME,STREET1,STREET2,OFFSET,ROAD_CLASS,DISTRICT,LATITUDE,LONGITUDE,ACCLOC,TRAFFCTL,VISIBILITY,LIGHT,RDSFCOND,ACCLASS,IMPACTYPE,INVTYPE,INVAGE,INJURY,FATAL_NO,INITDIR,VEHTYPE,MANOEUVER,DRIVACT,DRIVCOND,PEDTYPE,PEDACT,PEDCOND,CYCLISTYPE,CYCACT,CYCCOND,PEDESTRIAN,CYCLIST,AUTOMOBILE,MOTORCYCLE,TRUCK,TRSN_CITY_VEH,EMERG_VEH,PASSENGER,SPEEDING,AG_DRIV,REDLIGHT,ALCOHOL,DISABILITY,HOOD_158,NEIGHBOURHOOD_158,HOOD_140,NEIGHBOURHOOD_140,DIVISION,x,y
10724,80161917,4002177658,29/05/2014,2014,1450,45 BAY ST,,,Major Arterial,Toronto and East York,43.643874,-79.378192,At/Near Private Drive,No Control,Clear,Daylight,Dry,Non-Fatal Injury,Pedestrian Collisions,Pedestrian,25 to 29,Major,,Unknown,,,,,Pedestrian hit at mid-block,"Crossing, no Traffic Control",Inattentive,,,,Yes,,Yes,,,,,,,Yes,,,,166,St Lawrence-East Bayfront-The Islands,77,Waterfront Communities-The Island (77),D52,630803.3676,4833596.859
10725,80629484,4002187226,30/05/2014,2014,2205,LAKE SHORE BLVD W,KIPLING AVE,1 m North of,Major Arterial,Etobicoke York,43.598124,-79.51691,At Intersection,Traffic Signal,Clear,"Dark, artificial",Dry,Non-Fatal Injury,Rear End,Driver,20 to 24,None,,East,"Automobile, Station Wagon",Going Ahead,Following too Close,"Ability Impaired, Alcohol Over .08",,,,,,,,,Yes,Yes,,,,,,Yes,,Yes,,18,New Toronto,18,New Toronto (18),D22,619706.0255,4828306.488
10726,80629485,4002187226,30/05/2014,2014,2205,LAKE SHORE BLVD W,KIPLING AVE,1 m North of,Major Arterial,Etobicoke York,43.598124,-79.51691,At Intersection,Traffic Signal,Clear,"Dark, artificial",Dry,Non-Fatal Injury,Rear End,Motorcycle Driver,35 to 39,Major,,East,Motorcycle,Stopped,Driving Properly,Normal,,,,,,,,,Yes,Yes,,,,,,Yes,,Yes,,18,New Toronto,18,New Toronto (18),D22,619706.0255,4828306.488
10727,80629511,4002194232,31/05/2014,2014,2217,F G GARDINER XY  W,SPADINA AVE,,Major Arterial,Toronto and East York,43.638892,-79.390979,Non Intersection,No Control,Clear,"Dark, artificial",Dry,Non-Fatal Injury,Sideswipe,Driver,45 to 49,None,,West,"Automobile, Station Wagon",Changing Lanes,Improper Lane Change,Unknown,,,,,,,,,Yes,,,,,Yes,,,,,,165,Harbourfront-CityPlace,77,Waterfront Communities-The Island (77),D52,629782.7759,4833023.47
10728,80629512,4002194232,31/05/2014,2014,2217,F G GARDINER XY  W,SPADINA AVE,,Major Arterial,Toronto and East York,43.638892,-79.390979,Non Intersection,No Control,Clear,"Dark, artificial",Dry,Non-Fatal Injury,Sideswipe,Driver,15 to 19,Major,,West,"Automobile, Station Wagon",Going Ahead,Driving Properly,Normal,,,,,,,,,Yes,,,,,Yes,,,,,,165,Harbourfront-CityPlace,77,Waterfront Communities-The Island (77),D52,629782.7759,4833023.47
10729,80629513,4002194232,31/05/2014,2014,2217,F G GARDINER XY  W,SPADINA AVE,,Major Arterial,Toronto and East York,43.638892,-79.390979,Non Intersection,No Control,Clear,"Dark, artificial",Dry,Non-Fatal Injury,Sideswipe,Passenger,15 to 19,None,,,,,,,,,,,,,,,Yes,,,,,Yes,,,,,,165,Harbourfront-CityPlace,77,Waterfront Communities-The Island (77),D52,629782.7759,4833023.47
10730,80629514,4002194232,31/05/2014,2014,2217,F G GARDINER XY  W,SPADINA AVE,,Major Arterial,Toronto and East York,43.638892,-79.390979,Non Intersection,No Control,Clear,"Dark, artificial",Dry,Non-Fatal Injury,Sideswipe,Passenger,45 to 49,None,,,,,,,,,,,,,,,Yes,,,,,Yes,,,,,,165,Harbourfront-CityPlace,77,Waterfront Communities-The Island (77),D52,629782.7759,4833023.47
10731,80629515,4002194232,31/05/2014,2014,2217,F G GARDINER XY  W,SPADINA AVE,,Major Arterial,Toronto and East York,43.638892,-79.390979,Non Intersection,No Control,Clear,"Dark, artificial",Dry,Non-Fatal Injury,Sideswipe,Passenger,45 to 49,None,,,,,,,,,,,,,,,Yes,,,,,Yes,,,,,,165,Harbourfront-CityPlace,77,Waterfront Communities-The Island (77),D52,629782.7759,4833023.47
10732,80629516,4002194232,31/05/2014,2014,2217,F G GARDINER XY  W,SPADINA AVE,,Major Arterial,Toronto and East York,43.638892,-79.390979,Non Intersection,No Control,Clear,"Dark, artificial",Dry,Non-Fatal Injury,Sideswipe,Passenger,45 to 49,None,,,,,,,,,,,,,,,Yes,,,,,Yes,,,,,,165,Harbourfront-CityPlace,77,Waterfront Communities-The Island (77),D52,629782.7759,4833023.47
10733,80629517,4002194232,31/05/2014,2014,2217,F G GARDINER XY  W,SPADINA AVE,,Major Arterial,Toronto and East York,43.638892,-79.390979,Non Intersection,No Control,Clear,"Dark, artificial",Dry,Non-Fatal Injury,Sideswipe,Passenger,15 to 19,None,,,,,,,,,,,,,,,Yes,,,,,Yes,,,,,,165,Harbourfront-CityPlace,77,Waterfront Communities-The Island (77),D52,629782.7759,4833023.47
10734,80503091,4002194958,01/06/2014,2014,40,BIRCHMOUNT RD,STEELES AVE E,,Major Arterial,Scarborough,43.821383,-79.316913,At Intersection,Traffic Signal,Clear,"Dark, artificial",Dry,Non-Fatal Injury,Turning Movement,Driver,35 to 39,Major,,South,"Automobile, Station Wagon",Turning Left,Improper Turn,Normal,,,,,,,,,Yes,,,,,,,,,,,116,Steeles,116,Steeles (116),D42,635345.2794,4853410.259
10735,80503092,4002194958,01/06/2014,2014,40,BIRCHMOUNT RD,STEELES AVE E,,Major Arterial,Scarborough,43.821383,-79.316913,At Intersection,Traffic Signal,Clear,"Dark, artificial",Dry,Non-Fatal Injury,Turning Movement,Driver,25 to 29,Minimal,,East,"Automobile, Station Wagon",Going Ahead,Driving Properly,Normal,,,,,,,,,Yes,,,,,,,,,,,116,Steeles,116,Steeles (116),D42,635345.2794,4853410.259
10736,80210115,4002199465,01/06/2014,2014,1747,LAWRENCE AVE E,MCCOWAN RD,,Major Arterial,Scarborough,43.755477,-79.245387,At Intersection,Traffic Signal,Clear,Daylight,Dry,Non-Fatal Injury,Rear End,Driver,30 to 34,None,,West,"Automobile, Station Wagon",Going Ahead,Following too Close,Had Been Drinking,,,,,,,,,Yes,,,,,Yes,,Yes,,,,157,Bendale South,127,Bendale (127),D43,641252.2672,4846209.861
10737,80210116,4002199465,01/06/2014,2014,1747,LAWRENCE AVE E,MCCOWAN RD,,Major Arterial,Scarborough,43.755477,-79.245387,At Intersection,Traffic Signal,Clear,Daylight,Dry,Non-Fatal Injury,Rear End,Driver,65 to 69,None,,West,"Automobile, Station Wagon",Stopped,Driving Properly,Normal,,,,,,,,,Yes,,,,,Yes,,Yes,,,,157,Bendale South,127,Bendale (127),D43,641252.2672,4846209.861
10738,80210117,4002199465,01/06/2014,2014,1747,LAWRENCE AVE E,MCCOWAN RD,,Major Arterial,Scarborough,43.755477,-79.245387,At Intersection,Traffic Signal,Clear,Daylight,Dry,Non-Fatal Injury,Rear End,Driver,50 to 54,None,,West,"Automobile, Station Wagon",Stopped,Driving Properly,Normal,,,,,,,,,Yes,,,,,Yes,,Yes,,,,157,Bendale South,127,Bendale (127),D43,641252.2672,4846209.861
10739,80210118,4002199465,01/06/2014,2014,1747,LAWRENCE AVE E,MCCOWAN RD,,Major Arterial,Scarborough,43.755477,-79.245387,At Intersection,Traffic Signal,Clear,Daylight,Dry,Non-Fatal Injury,Rear End,Passenger,70 to 74,Major,,,,,,,,,,,,,,,Yes,,,,,Yes,,Yes,,,,157,Bendale South,127,Bendale (127),D43,641252.2672,4846209.861
10740,80162397,4002199584,01/06/2014,2014,1822,DUNDAS ST W,PACIFIC AVE,,Major Arterial,Toronto and East York,43.665461,-79.469447,Non Intersection,No Control,Clear,Daylight,Dry,Non-Fatal Injury,Cyclist Collisions,Driver,60 to 64,None,,West,"Automobile, Station Wagon",Going Ahead,Driving Properly,Normal,,,,,,,,Yes,Yes,,,,,,,,,,,90,Junction Area,90,Junction Area (90),D11,623399.1029,4835854.6
10741,80162398,4002199584,01/06/2014,2014,1822,DUNDAS ST W,PACIFIC AVE,,Major Arterial,Toronto and East York,43.665461,-79.469447,Non Intersection,No Control,Clear,Daylight,Dry,Non-Fatal Injury,Cyclist Collisions,Other,unknown,,,,,,,,,,,,,,,Yes,Yes,,,,,,,,,,,90,Junction Area,90,Junction Area (90),D11,623399.1029,4835854.6
10742,80162399,4002199584,01/06/2014,2014,1822,DUNDAS ST W,PACIFIC AVE,,Major Arterial,Toronto and East York,43.665461,-79.469447,Non Intersection,No Control,Clear,Daylight,Dry,Non-Fatal Injury,Cyclist Collisions,Cyclist,45 to 49,Major,,West,Bicycle,Going Ahead,,,,,,Cyclist and Driver travelling in same direction. One vehicle rear-ended the other.,Lost control,Normal,,Yes,Yes,,,,,,,,,,,90,Junction Area,90,Junction Area (90),D11,623399.1029,4835854.6
10743,80162407,4002199854,01/06/2014,2014,1913,EGLINTON AVE E,MIDLAND AVE,,Major Arterial,Scarborough,43.734919,-79.256099,At/Near Private Drive,No Control,Clear,Daylight,Dry,Non-Fatal Injury,Pedestrian Collisions,Driver,15 to 19,None,,South,"Automobile, Station Wagon",Turning Left,Improper Turn,Normal,,,,,,,Yes,,Yes,,,,,,,,,,,124,Kennedy Park,124,Kennedy Park (124),D41,640437.9727,4843908.37
10744,80162408,4002199854,01/06/2014,2014,1913,EGLINTON AVE E,MIDLAND AVE,,Major Arterial,Scarborough,43.734919,-79.256099,At/Near Private Drive,No Control,Clear,Daylight,Dry,Non-Fatal Injury,Pedestrian Collisions,Pedestrian,85 to 89,Major,,Unknown,,,,,Pedestrian hit at mid-block,"Crossing, no Traffic Control",Normal,,,,Yes,,Yes,,,,,,,,,,,124,Kennedy Park,124,Kennedy Park (124),D41,640437.9727,4843908.37
10745,80162481,4002204042,02/06/2014,2014,1204,QUEEN ST E,JONES AVE,,Minor Arterial,Toronto and East York,43.662654,-79.332813,At Intersection,Traffic Signal,Clear,Daylight,Dry,Non-Fatal Injury,Pedestrian Collisions,Truck Driver,65 to 69,None,,West,Truck - Open,Turning Right,Failed to Yield Right of Way,Normal,,,,,,,Yes,,,,Yes,,,,,Yes,,,,70,South Riverdale,70,South Riverdale (70),D55,634421.446,4835755.15
10746,80162482,4002204042,02/06/2014,2014,1204,QUEEN ST E,JONES AVE,,Minor Arterial,Toronto and East York,43.662654,-79.332813,At Intersection,Traffic Signal,Clear,Daylight,Dry,Non-Fatal Injury,Pedestrian Collisions,Pedestrian,70 to 74,Major,,West,,,,,Vehicle turns right while ped crosses with ROW at inter.,Crossing with right of way,Normal,,,,Yes,,,,Yes,,,,,Yes,,,,70,South Riverdale,70,South Riverdale (70),D55,634421.446,4835755.15
10747,8000021,142211983,03/06/2014,2014,1250,53 CRAIGMORE CRES,,,Local,North York,43.763236,-79.397456,,No Control,Clear,Daylight,Dry,Fatal,Pedestrian Collisions,Driver,75 to 79,None,,North,"Automobile, Station Wagon",Reversing,Other,Unknown,,,,,,,Yes,,Yes,,,,,,,,,,,153,Avondale,51,Willowdale East (51),D32,628993.4006,4846823.503
10748,80000030,142211983,03/06/2014,2014,1250,53 CRAIGMORE CRES,,,Local,North York,43.763236,-79.397456,,No Control,Clear,Daylight,Dry,Fatal,Pedestrian Collisions,Pedestrian,85 to 89,Fatal,11,West,,,,,Vehicle is reversing and hits pedestrian,Other,Normal,,,,Yes,,Yes,,,,,,,,,,,153,Avondale,51,Willowdale East (51),D32,628993.4006,4846823.503
10749,80210272,4002215759,03/06/2014,2014,2220,KENNEDY RD,HIGHVIEW AV,58 m North o,Collector,Scarborough,43.702975,-79.255931,Non Intersection,No Control,Clear,Dark,Dry,Non-Fatal Injury,Sideswipe,Motorcycle Driver,45 to 49,Major,,North,Motorcycle,Slowing or Stopping,Improper Passing,Inattentive,,,,,,,,,Yes,Yes,,,,Yes,,Yes,,,,122,Birchcliffe-Cliffside,122,Birchcliffe-Cliffside (122),D41,640526.1633,4840360.805
10750,80210273,4002215759,03/06/2014,2014,2220,KENNEDY RD,HIGHVIEW AV,58 m North o,Collector,Scarborough,43.702975,-79.255931,Non Intersection,No Control,Clear,Dark,Dry,Non-Fatal Injury,Sideswipe,Driver,15 to 19,None,,North,Pick Up Truck,Overtaking,Driving Properly,Normal,,,,,,,,,Yes,Yes,,,,Yes,,Yes,,,,122,Birchcliffe-Cliffside,122,Birchcliffe-Cliffside (122),D41,640526.1633,4840360.805
10751,80210274,4002215759,03/06/2014,2014,2220,KENNEDY RD,HIGHVIEW AV,58 m North o,Collector,Scarborough,43.702975,-79.255931,Non Intersection,No Control,Clear,Dark,Dry,Non-Fatal Injury,Sideswipe,Passenger,15 to 19,None,,,,,,,,,,,,,,,Yes,Yes,,,,Yes,,Yes,,,,122,Birchcliffe-Cliffside,122,Birchcliffe-Cliffside (122),D41,640526.1633,4840360.805
10752,80162903,4002231179,06/06/2014,2014,555,F G GARDINER XY  E,GRAND AVE,,,Etobicoke York,43.623709,-79.496753,Non Intersection,No Control,Clear,Daylight,Dry,Non-Fatal Injury,SMV Other,Motorcycle Driver,20 to 24,Major,,East,Motorcycle,Going Ahead,Speed too Fast For Condition,Unknown,,,,,,,,,,Yes,,,,,Yes,Yes,,,,160,Mimico-Queensway,17,Mimico (includes Humber Bay Shores) (17),D22,621281.5563,4831177.257
10753,80210509,4002237751,07/06/2014,2014,110,BATHURST ST,ARDMORE RD,,Major Arterial,Toronto and East York,43.693701,-79.422572,At Intersection,No Control,Clear,"Dark, artificial",Dry,Non-Fatal Injury,Rear End,Driver,25 to 29,None,,North,Pick Up Truck,Slowing or Stopping,Following too Close,Normal,,,,,,,,,Yes,,,,,Yes,,Yes,,,,101,Forest Hill South,101,Forest Hill South (101),D13,627118.7321,4839061.824
10754,80210510,4002237751,07/06/2014,2014,110,BATHURST ST,ARDMORE RD,,Major Arterial,Toronto and East York,43.693701,-79.422572,At Intersection,No Control,Clear,"Dark, artificial",Dry,Non-Fatal Injury,Rear End,Driver,50 to 54,None,,North,"Automobile, Station Wagon",Stopped,Driving Properly,Normal,,,,,,,,,Yes,,,,,Yes,,Yes,,,,101,Forest Hill South,101,Forest Hill South (101),D13,627118.7321,4839061.824
10755,80210511,4002237751,07/06/2014,2014,110,BATHURST ST,ARDMORE RD,,Major Arterial,Toronto and East York,43.693701,-79.422572,At Intersection,No Control,Clear,"Dark, artificial",Dry,Non-Fatal Injury,Rear End,Driver,35 to 39,Minimal,,North,Delivery Van,Stopped,Driving Properly,Normal,,,,,,,,,Yes,,,,,Yes,,Yes,,,,101,Forest Hill South,101,Forest Hill South (101),D13,627118.7321,4839061.824
10756,80210512,4002237751,07/06/2014,2014,110,BATHURST ST,ARDMORE RD,,Major Arterial,Toronto and East York,43.693701,-79.422572,At Intersection,No Control,Clear,"Dark, artificial",Dry,Non-Fatal Injury,Rear End,Passenger,45 to 49,Major,,,,,,,,,,,,,,,Yes,,,,,Yes,,Yes,,,,101,Forest Hill South,101,Forest Hill South (101),D13,627118.7321,4839061.824
10757,80210664,4002253625,09/06/2014,2014,1252,THIRTY FIFTH ST,DOMINION RD,,Local,Etobicoke York,43.592047,-79.534717,Intersection Related,Stop Sign,Clear,Daylight,Dry,Non-Fatal Injury,Angle,Driver,35 to 39,None,,West,"Automobile, Station Wagon",Going Ahead,Failed to Yield Right of Way,Inattentive,,,,,,,,,Yes,,,,,Yes,,Yes,,,,19,Long Branch,19,Long Branch (19),D22,618280.6449,4827606.058
10758,80210665,4002253625,09/06/2014,2014,1252,THIRTY FIFTH ST,DOMINION RD,,Local,Etobicoke York,43.592047,-79.534717,Intersection Related,Stop Sign,Clear,Daylight,Dry,Non-Fatal Injury,Angle,Driver,35 to 39,Major,,North,Pick Up Truck,Going Ahead,Driving Properly,Normal,,,,,,,,,Yes,,,,,Yes,,Yes,,,,19,Long Branch,19,Long Branch (19),D22,618280.6449,4827606.058
10759,80210666,4002253625,09/06/2014,2014,1252,THIRTY FIFTH ST,DOMINION RD,,Local,Etobicoke York,43.592047,-79.534717,Intersection Related,Stop Sign,Clear,Daylight,Dry,Non-Fatal Injury,Angle,Passenger,5 to 9,None,,,,,,,,,,,,,,,Yes,,,,,Yes,,Yes,,,,19,Long Branch,19,Long Branch (19),D22,618280.6449,4827606.058
10760,80210667,4002253625,09/06/2014,2014,1252,THIRTY FIFTH ST,DOMINION RD,,Local,Etobicoke York,43.592047,-79.534717,Intersection Related,Stop Sign,Clear,Daylight,Dry,Non-Fatal Injury,Angle,Passenger,0 to 4,None,,,,,,,,,,,,,,,Yes,,,,,Yes,,Yes,,,,19,Long Branch,19,Long Branch (19),D22,618280.6449,4827606.058
10761,80163310,4002255654,09/06/2014,2014,1750,QUEEN ST E,KINGSTON RD,,Major Arterial,Toronto and East York,43.667227,-79.312595,At Intersection,Traffic Signal,Clear,Daylight,Dry,Non-Fatal Injury,Pedestrian Collisions,Driver,50 to 54,None,,East,"Automobile, Station Wagon",Going Ahead,Driving Properly,Normal,,,,,,,Yes,,Yes,,,,,,,,,,,63,The Beaches,63,The Beaches (63),D55,636041.2652,4836296
10762,80163311,4002255654,09/06/2014,2014,1750,QUEEN ST E,KINGSTON RD,,Major Arterial,Toronto and East York,43.667227,-79.312595,At Intersection,Traffic Signal,Clear,Daylight,Dry,Non-Fatal Injury,Pedestrian Collisions,Pedestrian,30 to 34,Major,,North,"Automobile, Station Wagon",Going Ahead,,,Vehicle is going straight thru inter.while ped cross without ROW,Crossing without right of way,Inattentive,,,,Yes,,Yes,,,,,,,,,,,63,The Beaches,63,The Beaches (63),D55,636041.2652,4836296
10763,80163514,4002267356,11/06/2014,2014,1100,DON VALLEY PARKWAY  S,GERRARD ST E,,Minor Arterial,Toronto and East York,43.664591,-79.355953,Overpass or Bridge,No Control,Clear,Daylight,Dry,Non-Fatal Injury,Pedestrian Collisions,Driver,35 to 39,None,,South,"Automobile, Station Wagon",Going Ahead,Driving Properly,Normal,,,,,,,Yes,,Yes,,,,,,,,,,,70,South Riverdale,70,South Riverdale (70),D55,632551.4373,4835933.047
10764,80163515,4002267356,11/06/2014,2014,1100,DON VALLEY PARKWAY  S,GERRARD ST E,,Minor Arterial,Toronto and East York,43.664591,-79.355953,Overpass or Bridge,No Control,Clear,Daylight,Dry,Non-Fatal Injury,Pedestrian Collisions,Pedestrian,40 to 44,Major,,Unknown,,,,,Other / Undefined,Other,Unknown,,,,Yes,,Yes,,,,,,,,,,,70,South Riverdale,70,South Riverdale (70),D55,632551.4373,4835933.047
10765,80485421,4002270913,11/06/2014,2014,1940,DON VALLEY PARKWAY  S,DON MILLS RD,500 m North ,,Toronto and East York,43.702536,-79.33308,Non Intersection,No Control,Clear,Daylight,Dry,Non-Fatal Injury,Sideswipe,Driver,35 to 39,None,,South,"Automobile, Station Wagon",Going Ahead,Lost control,Unknown,,,,,,,,,Yes,,,,,Yes,Yes,Yes,,,,58,Old East York,58,Old East York (58),D55,634310.8894,4840184.164
10766,80485422,4002270913,11/06/2014,2014,1940,DON VALLEY PARKWAY  S,DON MILLS RD,500 m North ,,Toronto and East York,43.702536,-79.33308,Non Intersection,No Control,Clear,Daylight,Dry,Non-Fatal Injury,Sideswipe,Driver,45 to 49,Minor,,South,Delivery Van,Going Ahead,Driving Properly,Normal,,,,,,,,,Yes,,,,,Yes,Yes,Yes,,,,58,Old East York,58,Old East York (58),D55,634310.8894,4840184.164
10767,80485423,4002270913,11/06/2014,2014,1940,DON VALLEY PARKWAY  S,DON MILLS RD,500 m North ,,Toronto and East York,43.702536,-79.33308,Non Intersection,No Control,Clear,Daylight,Dry,Non-Fatal Injury,Sideswipe,Passenger,45 to 49,Major,,,,,,,,,,,,,,,Yes,,,,,Yes,Yes,Yes,,,,58,Old East York,58,Old East York (58),D55,634310.8894,4840184.164
10768,80210915,4002274575,12/06/2014,2014,1119,BAYVIEW AVE,401 C W BAYVIEW RAMP,,Major Arterial,North York,43.764506,-79.387477,At Intersection,Traffic Signal,Clear,Daylight,Dry,Non-Fatal Injury,Turning Movement,Driver,50 to 54,None,,North,Delivery Van,Going Ahead,Disobeyed Traffic Control,Normal,,,,,,,,,Yes,,,,,Yes,,Yes,Yes,,,52,Bayview Village,52,Bayview Village (52),D33,629793.9001,4846980.148
10769,80210916,4002274575,12/06/2014,2014,1119,BAYVIEW AVE,401 C W BAYVIEW RAMP,,Major Arterial,North York,43.764506,-79.387477,At Intersection,Traffic Signal,Clear,Daylight,Dry,Non-Fatal Injury,Turning Movement,Driver,50 to 54,Major,,West,"Automobile, Station Wagon",Turning Left,Driving Properly,Normal,,,,,,,,,Yes,,,,,Yes,,Yes,Yes,,,52,Bayview Village,52,Bayview Village (52),D33,629793.9001,4846980.148
10770,80210917,4002274575,12/06/2014,2014,1119,BAYVIEW AVE,401 C W BAYVIEW RAMP,,Major Arterial,North York,43.764506,-79.387477,At Intersection,Traffic Signal,Clear,Daylight,Dry,Non-Fatal Injury,Turning Movement,Passenger,85 to 89,Major,,,,,,,,,,,,,,,Yes,,,,,Yes,,Yes,Yes,,,52,Bayview Village,52,Bayview Village (52),D33,629793.9001,4846980.148
10771,80210959,4002279383,12/06/2014,2014,2014,JOHN GARLAND BLVD,FOUR LEAF DR,12 m West of,Collector,Etobicoke York,43.731764,-79.591045,At Intersection,No Control,Clear,"Dusk, artificial",Dry,Non-Fatal Injury,SMV Other,Driver,15 to 19,None,,West,"Automobile, Station Wagon",Turning Left,Lost control,Unknown,,,,,,,,,Yes,,,,,Yes,,,,,,1,West Humber-Clairville,1,West Humber-Clairville (1),D23,613470.197,4843044.765
10772,80210960,4002279383,12/06/2014,2014,2014,JOHN GARLAND BLVD,FOUR LEAF DR,12 m West of,Collector,Etobicoke York,43.731764,-79.591045,At Intersection,No Control,Clear,"Dusk, artificial",Dry,Non-Fatal Injury,SMV Other,Passenger,15 to 19,Major,,,,,,,,,,,,,,,Yes,,,,,Yes,,,,,,1,West Humber-Clairville,1,West Humber-Clairville (1),D23,613470.197,4843044.765
10773,80210955,4002278513,12/06/2014,2014,2138,KINGSTON RD,VALHALLA BLVD,,Major Arterial,Scarborough,43.689433,-79.268268,At Intersection,Stop Sign,Clear,Dark,Dry,Non-Fatal Injury,Turning Movement,Driver,60 to 64,None,,North,"Automobile, Station Wagon",Turning Left,Failed to Yield Right of Way,Inattentive,,,,,,,,,Yes,Yes,,,,,,Yes,,,,122,Birchcliffe-Cliffside,122,Birchcliffe-Cliffside (122),D41,639563.5268,4838835.934
10774,80210956,4002278513,12/06/2014,2014,2138,KINGSTON RD,VALHALLA BLVD,,Major Arterial,Scarborough,43.689433,-79.268268,At Intersection,Stop Sign,Clear,Dark,Dry,Non-Fatal Injury,Turning Movement,Motorcycle Driver,40 to 44,Major,,East,Motorcycle,Going Ahead,Driving Properly,Normal,,,,,,,,,Yes,Yes,,,,,,Yes,,,,122,Birchcliffe-Cliffside,122,Birchcliffe-Cliffside (122),D41,639563.5268,4838835.934
10775,80163864,4002285719,13/06/2014,2014,2158,WESTON RD,AVON CRES,,Major Arterial,Etobicoke York,43.681292,-79.476436,Non Intersection,No Control,Clear,"Dark, artificial",Dry,Non-Fatal Injury,Pedestrian Collisions,Driver,65 to 69,None,,East,"Automobile, Station Wagon",Going Ahead,Driving Properly,Inattentive,,,,,,,Yes,,Yes,,,,,,,,,,,111,Rockcliffe-Smythe,111,Rockcliffe-Smythe (111),D12,622803.3243,4837602.471
10776,80163865,4002285719,13/06/2014,2014,2158,WESTON RD,AVON CRES,,Major Arterial,Etobicoke York,43.681292,-79.476436,Non Intersection,No Control,Clear,"Dark, artificial",Dry,Non-Fatal Injury,Pedestrian Collisions,Pedestrian,55 to 59,Major,,North,,,,,Pedestrian hit at mid-block,"Crossing, no Traffic Control","Ability Impaired, Alcohol",,,,Yes,,Yes,,,,,,,,,,,111,Rockcliffe-Smythe,111,Rockcliffe-Smythe (111),D12,622803.3243,4837602.471
10777,80163970,4002291464,14/06/2014,2014,1930,92 DUNCANWOODS DR,,,Collector,Etobicoke York,43.75064,-79.562839,At/Near Private Drive,No Control,Clear,Daylight,Dry,Non-Fatal Injury,Cyclist Collisions,Driver,75 to 79,None,,North,"Automobile, Station Wagon",Going Ahead,Failed to Yield Right of Way,Inattentive,,,,,,,,Yes,Yes,,,,,,,Yes,,,,21,Humber Summit,21,Humber Summit (21),D31,615705.4174,4845180.225
10778,80163971,4002291464,14/06/2014,2014,1930,92 DUNCANWOODS DR,,,Collector,Etobicoke York,43.75064,-79.562839,At/Near Private Drive,No Control,Clear,Daylight,Dry,Non-Fatal Injury,Cyclist Collisions,Cyclist,5 to 9,Major,,West,Bicycle,Going Ahead,,,,,,"Motorist without ROW drives into path of cyclist at inter, lnwy, dwy-Driver not turn.",Driving Properly,Normal,,Yes,Yes,,,,,,,Yes,,,,21,Humber Summit,21,Humber Summit (21),D31,615705.4174,4845180.225
10779,80211055,4002286061,14/06/2014,2014,2308,STEELES AVE E,DON MILLS RD,,Major Arterial,North York,43.811175,-79.360767,At Intersection,Traffic Signal,Clear,Dark,Dry,Non-Fatal Injury,Turning Movement,Driver,25 to 29,None,,East,"Automobile, Station Wagon",Going Ahead,Disobeyed Traffic Control,Inattentive,,,,,,,,,Yes,,,,,Yes,Yes,Yes,Yes,,,48,Hillcrest Village,48,Hillcrest Village (48),D33,631841.1943,4852205.681
10780,80211056,4002286061,14/06/2014,2014,2308,STEELES AVE E,DON MILLS RD,,Major Arterial,North York,43.811175,-79.360767,At Intersection,Traffic Signal,Clear,Dark,Dry,Non-Fatal Injury,Turning Movement,Driver,20 to 24,Minimal,,West,"Automobile, Station Wagon",Turning Left,Improper Turn,Inattentive,,,,,,,,,Yes,,,,,Yes,Yes,Yes,Yes,,,48,Hillcrest Village,48,Hillcrest Village (48),D33,631841.1943,4852205.681
10781,80211057,4002286061,14/06/2014,2014,2308,STEELES AVE E,DON MILLS RD,,Major Arterial,North York,43.811175,-79.360767,At Intersection,Traffic Signal,Clear,Dark,Dry,Non-Fatal Injury,Turning Movement,Passenger,35 to 39,Minimal,,,,,,,,,,,,,,,Yes,,,,,Yes,Yes,Yes,Yes,,,48,Hillcrest Village,48,Hillcrest Village (48),D33,631841.1943,4852205.681
10782,80211058,4002286061,14/06/2014,2014,2308,STEELES AVE E,DON MILLS RD,,Major Arterial,North York,43.811175,-79.360767,At Intersection,Traffic Signal,Clear,Dark,Dry,Non-Fatal Injury,Turning Movement,Passenger,55 to 59,Major,,,,,,,,,,,,,,,Yes,,,,,Yes,Yes,Yes,Yes,,,48,Hillcrest Village,48,Hillcrest Village (48),D33,631841.1943,4852205.681
10783,80211059,4002286061,14/06/2014,2014,2308,STEELES AVE E,DON MILLS RD,,Major Arterial,North York,43.811175,-79.360767,At Intersection,Traffic Signal,Clear,Dark,Dry,Non-Fatal Injury,Turning Movement,Passenger,20 to 24,Minimal,,,,,,,,,,,,,,,Yes,,,,,Yes,Yes,Yes,Yes,,,48,Hillcrest Village,48,Hillcrest Village (48),D33,631841.1943,4852205.681
10784,80000031,142300273,16/06/2014,2014,827,BROADVIEW AVE,FAIRVIEW BLVD,,Minor Arterial,Toronto and East York,43.675116,-79.357845,,No Control,Rain,Daylight,Wet,Fatal,SMV Other,Motorcycle Driver,45 to 49,Fatal,12,North,Motorcycle,Going Ahead,Driving Properly,Unknown,,,,,,,,,,Yes,,,,,,,,,,68,North Riverdale,68,North Riverdale (68),D55,632375.7527,4837098.97