OBJECTID,INDEX,ACCNUM,DATE,ACCIDENT_YEAR,TIME,STREET1,STREET2,OFFSET,ROAD_CLASS,DISTRICT,LATITUDE,LONGITUDE,ACCLOC,TRAFFCTL,VISIBILITY,LIGHT,RDSFCOND,ACCLASS,IMPACTYPE,INVTYPE,INVAGE,INJURY,FATAL_NO,INITDIR,VEHTYPE,MANOEUVER,DRIVACT,DRIVCOND,PEDTYPE,PEDACT,PEDCOND,CYCLISTYPE,CYCACT,CYCCOND,PEDESTRIAN,CYCLIST,AUTOMOBILE,MOTORCYCLE,TRUCK,TRSN_CITY_VEH,EMERG_VEH,PASSENGER,SPEEDING,AG_DRIV,REDLIGHT,ALCOHOL,DISABILITY,HOOD_158,NEIGHBOURHOOD_158,HOOD_140,NEIGHBOURHOOD_140,DIVISION,x,y
10785,80211243,4002306340,17/06/2014,2014,311,KING ST W,BRANT ST,,Major Arterial,Toronto and East York,43.644942,-79.397632,Non Intersection,Pedestrian Crossover,Clear,"Dark, artificial",Dry,Non-Fatal Injury,Sideswipe,Motorcycle Driver,25 to 29,Major,,East,Motorcycle,Other,Improper Lane Change,Had Been Drinking,,,,,,,,,,Yes,,,,,,,,,,164,Wellington Place,77,Waterfront Communities-The Island (77),D14,629233.1705,4833685.019
10786,80211244,4002306340,17/06/2014,2014,311,KING ST W,BRANT ST,,Major Arterial,Toronto and East York,43.644942,-79.397632,Non Intersection,Pedestrian Crossover,Clear,"Dark, artificial",Dry,Non-Fatal Injury,Sideswipe,Motorcycle Driver,30 to 34,Major,,East,Motorcycle,Going Ahead,Driving Properly,Had Been Drinking,,,,,,,,,,Yes,,,,,,,,,,164,Wellington Place,77,Waterfront Communities-The Island (77),D14,629233.1705,4833685.019
10787,80164240,4000008445,17/06/2014,2014,1050,5450 LAWRENCE AVE E,,,Minor Arterial,Scarborough,43.778929,-79.139507,At/Near Private Drive,No Control,Clear,Daylight,Dry,Non-Fatal Injury,Cyclist Collisions,Driver,70 to 74,None,,South,"Automobile, Station Wagon",Going Ahead,Failed to Yield Right of Way,Normal,,,,,,,,Yes,Yes,,,,,,,Yes,,,,133,Centennial Scarborough,133,Centennial Scarborough (133),D43,649717.5502,4849000.61
10788,80164241,4000008445,17/06/2014,2014,1050,5450 LAWRENCE AVE E,,,Minor Arterial,Scarborough,43.778929,-79.139507,At/Near Private Drive,No Control,Clear,Daylight,Dry,Non-Fatal Injury,Cyclist Collisions,Cyclist,15 to 19,Major,,East,Bicycle,Going Ahead,,,,,,"Motorist without ROW drives into path of cyclist at inter, lnwy, dwy-Driver not turn.",Driving Properly,Normal,,Yes,Yes,,,,,,,Yes,,,,133,Centennial Scarborough,133,Centennial Scarborough (133),D43,649717.5502,4849000.61
10789,80164629,4008024139,19/06/2014,2014,1600,STEELES AVE W,SHALE GT,,Major Arterial,North York,43.783209,-79.487293,At Intersection,Traffic Signal,Clear,Daylight,Dry,Non-Fatal Injury,Cyclist Collisions,Driver,40 to 44,None,,East,"Automobile, Station Wagon",Turning Right,Failed to Yield Right of Way,Inattentive,,,,,,,,Yes,Yes,,,,,,,Yes,,,,27,York University Heights,27,York University Heights (27),D31,621721.5737,4848905.796
10790,80164630,4008024139,19/06/2014,2014,1600,STEELES AVE W,SHALE GT,,Major Arterial,North York,43.783209,-79.487293,At Intersection,Traffic Signal,Clear,Daylight,Dry,Non-Fatal Injury,Cyclist Collisions,Cyclist,55 to 59,Major,,North,Bicycle,Going Ahead,,,,,,Motorist turning right on red at signalized intersection strikes cyclist.,Driving Properly,Normal,,Yes,Yes,,,,,,,Yes,,,,27,York University Heights,27,York University Heights (27),D31,621721.5737,4848905.796
10791,80164617,4002366263,19/06/2014,2014,1930,DUNDAS ST W,DOVERCOURT RD,,Minor Arterial,Toronto and East York,43.649428,-79.424739,Non Intersection,No Control,Clear,Daylight,Dry,Non-Fatal Injury,Cyclist Collisions,Passenger,25 to 29,None,,,,,,,,,,,,,,Yes,Yes,,,,,Yes,,Yes,,,,81,Trinity-Bellwoods,81,Trinity-Bellwoods (81),D14,627037.4748,4834141.395
10792,80164618,4002366263,19/06/2014,2014,1930,DUNDAS ST W,DOVERCOURT RD,,Minor Arterial,Toronto and East York,43.649428,-79.424739,Non Intersection,No Control,Clear,Daylight,Dry,Non-Fatal Injury,Cyclist Collisions,Driver,20 to 24,None,,West,"Automobile, Station Wagon",Turning Left,Failed to Yield Right of Way,Normal,,,,,,,,Yes,Yes,,,,,Yes,,Yes,,,,81,Trinity-Bellwoods,81,Trinity-Bellwoods (81),D14,627037.4748,4834141.395
10793,80164619,4002366263,19/06/2014,2014,1930,DUNDAS ST W,DOVERCOURT RD,,Minor Arterial,Toronto and East York,43.649428,-79.424739,Non Intersection,No Control,Clear,Daylight,Dry,Non-Fatal Injury,Cyclist Collisions,Cyclist,25 to 29,Major,,East,Bicycle,Going Ahead,,,,,,Motorist turned left across cyclists path.,Driving Properly,Normal,,Yes,Yes,,,,,Yes,,Yes,,,,81,Trinity-Bellwoods,81,Trinity-Bellwoods (81),D14,627037.4748,4834141.395
10794,80630127,4002326649,19/06/2014,2014,2134,BATHURST ST,BEDFORD PARK AVE,,Major Arterial,North York,43.721472,-79.430255,Non Intersection,No Control,Clear,"Dark, artificial",Dry,Non-Fatal Injury,Other,Driver,30 to 34,None,,South,Municipal Transit Bus (TTC),Pulling Away from Shoulder or Curb,Driving Properly,Normal,,,,,,,,,,,,Yes,,Yes,,,,,,39,Bedford Park-Nortown,39,Bedford Park-Nortown (39),D32,626441.1792,4842134.433
10795,80630128,4002326649,19/06/2014,2014,2134,BATHURST ST,BEDFORD PARK AVE,,Major Arterial,North York,43.721472,-79.430255,Non Intersection,No Control,Clear,"Dark, artificial",Dry,Non-Fatal Injury,Other,Passenger,85 to 89,Major,,,,,,,,,,,,,,,,,,Yes,,Yes,,,,,,39,Bedford Park-Nortown,39,Bedford Park-Nortown (39),D32,626441.1792,4842134.433
10796,80211668,4002339341,21/06/2014,2014,1836,ROYAL YORK RD,ALLANHURST DR,,Minor Arterial,Etobicoke York,43.679274,-79.525287,At Intersection,Traffic Signal,Clear,Daylight,Dry,Non-Fatal Injury,Turning Movement,Driver,50 to 54,None,,North,"Automobile, Station Wagon",Turning Left,Failed to Yield Right of Way,Inattentive,,,,,,,,,Yes,,,,,Yes,,Yes,,,,9,Edenbridge-Humber Valley,9,Edenbridge-Humber Valley (9),D22,618869.7559,4837307.175
10797,80211669,4002339341,21/06/2014,2014,1836,ROYAL YORK RD,ALLANHURST DR,,Minor Arterial,Etobicoke York,43.679274,-79.525287,At Intersection,Traffic Signal,Clear,Daylight,Dry,Non-Fatal Injury,Turning Movement,Driver,65 to 69,Major,,South,"Automobile, Station Wagon",Going Ahead,Driving Properly,Normal,,,,,,,,,Yes,,,,,Yes,,Yes,,,,9,Edenbridge-Humber Valley,9,Edenbridge-Humber Valley (9),D22,618869.7559,4837307.175
10798,80211670,4002339341,21/06/2014,2014,1836,ROYAL YORK RD,ALLANHURST DR,,Minor Arterial,Etobicoke York,43.679274,-79.525287,At Intersection,Traffic Signal,Clear,Daylight,Dry,Non-Fatal Injury,Turning Movement,Passenger,65 to 69,Minor,,,,,,,,,,,,,,,Yes,,,,,Yes,,Yes,,,,9,Edenbridge-Humber Valley,9,Edenbridge-Humber Valley (9),D22,618869.7559,4837307.175
10799,80165082,4002352031,23/06/2014,2014,1720,KING ST W,UNIVERSITY AVE,,Major Arterial,Toronto and East York,43.64765,-79.384799,Intersection Related,Traffic Signal,Clear,Daylight,Dry,Non-Fatal Injury,Cyclist Collisions,Truck Driver,60 to 64,None,,East,Truck - Open,Going Ahead,Following too Close,Inattentive,,,,,,,,Yes,,,Yes,,,,,Yes,,,,170,Yonge-Bay Corridor,76,Bay Street Corridor (76),D52,630262.3269,4834005.841
10800,80165083,4002352031,23/06/2014,2014,1720,KING ST W,UNIVERSITY AVE,,Major Arterial,Toronto and East York,43.64765,-79.384799,Intersection Related,Traffic Signal,Clear,Daylight,Dry,Non-Fatal Injury,Cyclist Collisions,Cyclist,15 to 19,Major,,East,,Going Ahead,,,,,,Cyclist and Driver travelling in same direction. One vehicle rear-ended the other.,Driving Properly,Unknown,,Yes,,,Yes,,,,,Yes,,,,170,Yonge-Bay Corridor,76,Bay Street Corridor (76),D52,630262.3269,4834005.841
10801,80165283,4002360451,24/06/2014,2014,2024,BEECROFT RD,PARK HOME AVE,,Minor Arterial,North York,43.767054,-79.415736,Non Intersection,No Control,Rain,"Dark, artificial",Wet,Non-Fatal Injury,Pedestrian Collisions,Driver,20 to 24,None,,South,"Automobile, Station Wagon",Going Ahead,Failed to Yield Right of Way,Normal,,,,,,,Yes,,Yes,,,,,,,Yes,,,,38,Lansing-Westgate,38,Lansing-Westgate (38),D32,627513.8647,4847219.238
10802,80165284,4002360451,24/06/2014,2014,2024,BEECROFT RD,PARK HOME AVE,,Minor Arterial,North York,43.767054,-79.415736,Non Intersection,No Control,Rain,"Dark, artificial",Wet,Non-Fatal Injury,Pedestrian Collisions,Pedestrian,65 to 69,Major,,Unknown,,,,,Pedestrian hit a PXO/ped. Mid-block signal,"Crossing, Pedestrian Crossover",Normal,,,,Yes,,Yes,,,,,,,Yes,,,,38,Lansing-Westgate,38,Lansing-Westgate (38),D32,627513.8647,4847219.238
10803,80212187,4002384040,28/06/2014,2014,227,FRED GARDINER EXP[EASTBOUND],WICKMAN RD 222,80 m West of,,Etobicoke York,43.616686,-79.531215,Non Intersection,No Control,Clear,"Dark, artificial",Dry,Non-Fatal Injury,Approaching,Driver,25 to 29,Major,,West,"Automobile, Station Wagon",Going Ahead,Wrong Way on One Way Road,"Ability Impaired, Alcohol",,,,,,,,,Yes,,,,,Yes,,,,Yes,,20,Alderwood,20,Alderwood (20),D22,618514.9451,4830347.504
10804,80212188,4002384040,28/06/2014,2014,227,FRED GARDINER EXP[EASTBOUND],WICKMAN RD 222,80 m West of,,Etobicoke York,43.616686,-79.531215,Non Intersection,No Control,Clear,"Dark, artificial",Dry,Non-Fatal Injury,Approaching,Driver,30 to 34,None,,East,Passenger Van,Going Ahead,Driving Properly,Normal,,,,,,,,,Yes,,,,,Yes,,,,Yes,,20,Alderwood,20,Alderwood (20),D22,618514.9451,4830347.504
10805,80212189,4002384040,28/06/2014,2014,227,FRED GARDINER EXP[EASTBOUND],WICKMAN RD 222,80 m West of,,Etobicoke York,43.616686,-79.531215,Non Intersection,No Control,Clear,"Dark, artificial",Dry,Non-Fatal Injury,Approaching,Passenger,25 to 29,Minor,,,,,,,,,,,,,,,Yes,,,,,Yes,,,,Yes,,20,Alderwood,20,Alderwood (20),D22,618514.9451,4830347.504
10806,80212316,4002395351,29/06/2014,2014,1748,NEILSON RD,BERNER TRL,97 m South o,Minor Arterial,Scarborough,43.801406,-79.218105,Non Intersection,No Control,Clear,Daylight,Dry,Non-Fatal Injury,SMV Other,Driver,20 to 24,Major,,South,"Automobile, Station Wagon",Going Ahead,Lost control,Unknown,,,,,,,,,Yes,,,,,Yes,,,,,,146,Malvern East,132,Malvern (132),D42,643338.7896,4851357.895
10807,80212317,4002395351,29/06/2014,2014,1748,NEILSON RD,BERNER TRL,97 m South o,Minor Arterial,Scarborough,43.801406,-79.218105,Non Intersection,No Control,Clear,Daylight,Dry,Non-Fatal Injury,SMV Other,Passenger,15 to 19,Major,,,,,,,,,,,,,,,Yes,,,,,Yes,,,,,,146,Malvern East,132,Malvern (132),D42,643338.7896,4851357.895
10808,80212318,4002395351,29/06/2014,2014,1748,NEILSON RD,BERNER TRL,97 m South o,Minor Arterial,Scarborough,43.801406,-79.218105,Non Intersection,No Control,Clear,Daylight,Dry,Non-Fatal Injury,SMV Other,Passenger,15 to 19,Major,,,,,,,,,,,,,,,Yes,,,,,Yes,,,,,,146,Malvern East,132,Malvern (132),D42,643338.7896,4851357.895
10809,80212319,4002395351,29/06/2014,2014,1748,NEILSON RD,BERNER TRL,97 m South o,Minor Arterial,Scarborough,43.801406,-79.218105,Non Intersection,No Control,Clear,Daylight,Dry,Non-Fatal Injury,SMV Other,Passenger,20 to 24,Major,,,,,,,,,,,,,,,Yes,,,,,Yes,,,,,,146,Malvern East,132,Malvern (132),D42,643338.7896,4851357.895
10810,80212320,4002395351,29/06/2014,2014,1748,NEILSON RD,BERNER TRL,97 m South o,Minor Arterial,Scarborough,43.801406,-79.218105,Non Intersection,No Control,Clear,Daylight,Dry,Non-Fatal Injury,SMV Other,Passenger,15 to 19,Major,,,,,,,,,,,,,,,Yes,,,,,Yes,,,,,,146,Malvern East,132,Malvern (132),D42,643338.7896,4851357.895
10811,80630470,4002396674,29/06/2014,2014,2125,HOLLYWOOD AVE,WILLOWDALE AVE,,Minor Arterial,North York,43.767928,-79.401332,At Intersection,No Control,Clear,"Dusk, artificial",Dry,Non-Fatal Injury,Pedestrian Collisions,Driver,60 to 64,None,,North,"Automobile, Station Wagon",Turning Left,Driving Properly,Normal,,,,,,,Yes,,Yes,,,,,,,,,,,152,East Willowdale,51,Willowdale East (51),D32,628671.347,4847338.59
10812,80630471,4002396674,29/06/2014,2014,2125,HOLLYWOOD AVE,WILLOWDALE AVE,,Minor Arterial,North York,43.767928,-79.401332,At Intersection,No Control,Clear,"Dusk, artificial",Dry,Non-Fatal Injury,Pedestrian Collisions,Other,unknown,None,,,,,,,,,,,,,Yes,,Yes,,,,,,,,,,,152,East Willowdale,51,Willowdale East (51),D32,628671.347,4847338.59
10813,80630472,4002396674,29/06/2014,2014,2125,HOLLYWOOD AVE,WILLOWDALE AVE,,Minor Arterial,North York,43.767928,-79.401332,At Intersection,No Control,Clear,"Dusk, artificial",Dry,Non-Fatal Injury,Pedestrian Collisions,Pedestrian,50 to 54,Major,,North,,,,,Vehicle turns left while ped crosses with ROW at inter.,"Crossing, no Traffic Control",Normal,,,,Yes,,Yes,,,,,,,,,,,152,East Willowdale,51,Willowdale East (51),D32,628671.347,4847338.59
10814,80630473,4002396674,29/06/2014,2014,2125,HOLLYWOOD AVE,WILLOWDALE AVE,,Minor Arterial,North York,43.767928,-79.401332,At Intersection,No Control,Clear,"Dusk, artificial",Dry,Non-Fatal Injury,Pedestrian Collisions,Pedestrian,25 to 29,Major,,North,,,,,Vehicle turns left while ped crosses without ROW at inter.,"Crossing, no Traffic Control",Normal,,,,Yes,,Yes,,,,,,,,,,,152,East Willowdale,51,Willowdale East (51),D32,628671.347,4847338.59
10815,80630546,4002412292,02/07/2014,2014,650,COXWELL AVE,GERRARD ST E,1 m North of,Minor Arterial,Toronto and East York,43.675261,-79.32027,At Intersection,Traffic Signal,Clear,Daylight,Dry,Non-Fatal Injury,SMV Other,Driver,65 to 69,Major,,North,"Automobile, Station Wagon",Turning Right,Lost control,Normal,,,,,,,,,Yes,,,,,,Yes,Yes,,,,64,Woodbine Corridor,64,Woodbine Corridor (64),D55,635404.4189,4837175.728
10816,80212823,4002443760,06/07/2014,2014,1819,DON VALLEY PARKWAY  S,BAYVIEW BLOOR DVP S RAMP,100 m South ,,Toronto and East York,43.681025,-79.362567,Non Intersection,No Control,Clear,Daylight,Dry,Non-Fatal Injury,SMV Other,Motorcycle Driver,35 to 39,Major,,South,Motorcycle,Going Ahead,Lost control,Normal,,,,,,,,,,Yes,,,,,,Yes,,,,57,Broadview North,57,Broadview North (57),D55,631982.1473,4837747.72
10817,80166680,4002453551,08/07/2014,2014,725,WARDEN AVE N,LAWRENCE AVE E,,Major Arterial,Scarborough,43.74536,-79.294727,Intersection Related,Traffic Signal,Clear,Daylight,Dry,Non-Fatal Injury,Pedestrian Collisions,Driver,70 to 74,None,,North,"Automobile, Station Wagon",Going Ahead,Driving Properly,Normal,,,,,,,Yes,,Yes,,,,,,,,,,,119,Wexford/Maryvale,119,Wexford/Maryvale (119),D41,637303.3187,4845003.248
10818,80166681,4002453551,08/07/2014,2014,725,WARDEN AVE N,LAWRENCE AVE E,,Major Arterial,Scarborough,43.74536,-79.294727,Intersection Related,Traffic Signal,Clear,Daylight,Dry,Non-Fatal Injury,Pedestrian Collisions,Pedestrian,60 to 64,Major,,East,,,,,Vehicle is going straight thru inter.while ped cross without ROW,Crossing without right of way,Inattentive,,,,Yes,,Yes,,,,,,,,,,,119,Wexford/Maryvale,119,Wexford/Maryvale (119),D41,637303.3187,4845003.248
10819,7895785,142454660,08/07/2014,2014,1024,MCNICOLL AVE,PHARMACY AVE,,Minor Arterial,Scarborough,43.804114,-79.330722,At Intersection,Traffic Signal,Clear,Daylight,Dry,Fatal,Angle,Driver,80 to 84,Minor,,South,"Automobile, Station Wagon",Going Ahead,Driving Properly,Normal,,,,,,,,,Yes,,,,,Yes,,Yes,Yes,,,116,Steeles,116,Steeles (116),D42,634273.5158,4851469.757
10820,7895786,142454660,08/07/2014,2014,1024,MCNICOLL AVE,PHARMACY AVE,,Minor Arterial,Scarborough,43.804114,-79.330722,At Intersection,Traffic Signal,Clear,Daylight,Dry,Fatal,Angle,Driver,30 to 34,None,,West,Delivery Van,Going Ahead,Disobeyed Traffic Control,Inattentive,,,,,,,,,Yes,,,,,Yes,,Yes,Yes,,,116,Steeles,116,Steeles (116),D42,634273.5158,4851469.757
10821,8000024,142454660,08/07/2014,2014,1024,MCNICOLL AVE,PHARMACY AVE,,Minor Arterial,Scarborough,43.804114,-79.330722,At Intersection,Traffic Signal,Clear,Daylight,Dry,Fatal,Angle,Passenger,90 to 94,Major,,,,,,,,,,,,,,,Yes,,,,,Yes,,Yes,Yes,,,116,Steeles,116,Steeles (116),D42,634273.5158,4851469.757
10822,80000034,142454660,08/07/2014,2014,1024,MCNICOLL AVE,PHARMACY AVE,,Minor Arterial,Scarborough,43.804114,-79.330722,At Intersection,Traffic Signal,Clear,Daylight,Dry,Fatal,Angle,Passenger,85 to 89,Fatal,15,,,,,,,,,,,,,,Yes,,,,,Yes,,Yes,Yes,,,116,Steeles,116,Steeles (116),D42,634273.5158,4851469.757
10823,80212976,4002458189,08/07/2014,2014,2028,DON MILLS RD,OVERLEA BLVD,17 m West of,Major Arterial,North York,43.709986,-79.334384,Non Intersection,Traffic Signal,Clear,Daylight,Dry,Non-Fatal Injury,Angle,Driver,45 to 49,None,,South,"Automobile, Station Wagon",Going Ahead,Disobeyed Traffic Control,Normal,,,,,,,,,Yes,,,,,Yes,,Yes,Yes,,,44,Flemingdon Park,44,Flemingdon Park (44),D55,634189.1945,4841009.481
10824,80212977,4002458189,08/07/2014,2014,2028,DON MILLS RD,OVERLEA BLVD,17 m West of,Major Arterial,North York,43.709986,-79.334384,Non Intersection,Traffic Signal,Clear,Daylight,Dry,Non-Fatal Injury,Angle,Driver,80 to 84,Minimal,,East,"Automobile, Station Wagon",Going Ahead,Driving Properly,Normal,,,,,,,,,Yes,,,,,Yes,,Yes,Yes,,,44,Flemingdon Park,44,Flemingdon Park (44),D55,634189.1945,4841009.481
10825,80212978,4002458189,08/07/2014,2014,2028,DON MILLS RD,OVERLEA BLVD,17 m West of,Major Arterial,North York,43.709986,-79.334384,Non Intersection,Traffic Signal,Clear,Daylight,Dry,Non-Fatal Injury,Angle,Passenger,75 to 79,Minimal,,,,,,,,,,,,,,,Yes,,,,,Yes,,Yes,Yes,,,44,Flemingdon Park,44,Flemingdon Park (44),D55,634189.1945,4841009.481
10826,80212979,4002458189,08/07/2014,2014,2028,DON MILLS RD,OVERLEA BLVD,17 m West of,Major Arterial,North York,43.709986,-79.334384,Non Intersection,Traffic Signal,Clear,Daylight,Dry,Non-Fatal Injury,Angle,Passenger,75 to 79,Major,,,,,,,,,,,,,,,Yes,,,,,Yes,,Yes,Yes,,,44,Flemingdon Park,44,Flemingdon Park (44),D55,634189.1945,4841009.481
10827,80213080,4002467400,10/07/2014,2014,759,1140 LESLIE ST,,,Major Arterial,North York,43.726092,-79.349811,Non Intersection,No Control,Clear,Daylight,Dry,Non-Fatal Injury,Rear End,Driver,35 to 39,Minor,,South,"Automobile, Station Wagon",Going Ahead,Failed to Yield Right of Way,Normal,,,,,,,,,Yes,,,,,,,Yes,,,,42,Banbury-Don Mills,42,Banbury-Don Mills (42),D33,632910.7,4842773.426
10828,80213081,4002467400,10/07/2014,2014,759,1140 LESLIE ST,,,Major Arterial,North York,43.726092,-79.349811,Non Intersection,No Control,Clear,Daylight,Dry,Non-Fatal Injury,Rear End,Driver,25 to 29,Major,,South,"Automobile, Station Wagon",Slowing or Stopping,Driving Properly,Normal,,,,,,,,,Yes,,,,,,,Yes,,,,42,Banbury-Don Mills,42,Banbury-Don Mills (42),D33,632910.7,4842773.426
10829,80213101,4002469048,10/07/2014,2014,1235,HIGHWAY 27  N,ROYALCREST RD,,Major Arterial,Etobicoke York,43.749705,-79.610454,At Intersection,Traffic Signal,Clear,Daylight,Dry,Non-Fatal Injury,SMV Other,Driver,60 to 64,Major,,South,"Automobile, Station Wagon",Going Ahead,Lost control,Unknown,,,,,,,,,Yes,,,,,,,,,,,1,West Humber-Clairville,1,West Humber-Clairville (1),D23,611873.6649,4845010.974
10830,8000022,142471584,10/07/2014,2014,1909,BLOOR ST W,DUNDAS ST W,,Minor Arterial,Toronto and East York,43.656863,-79.452602,,No Control,Clear,Daylight,Dry,Fatal,Pedestrian Collisions,Driver,50 to 54,None,,North,"Automobile, Station Wagon",Reversing,Other,Normal,,,,,,,Yes,,Yes,,,,,,,,,,,88,High Park North,88,High Park North (88),D11,624775.0338,4834924.872
10831,80000032,142471584,10/07/2014,2014,1909,BLOOR ST W,DUNDAS ST W,,Minor Arterial,Toronto and East York,43.656863,-79.452602,,No Control,Clear,Daylight,Dry,Fatal,Pedestrian Collisions,Pedestrian,65 to 69,Fatal,13,East,,,,,Vehicle is reversing and hits pedestrian,Other,Unknown,,,,Yes,,Yes,,,,,,,,,,,88,High Park North,88,High Park North (88),D11,624775.0338,4834924.872
10832,80167138,4002478309,11/07/2014,2014,1918,VICTORIA PARK AVE,GLENCREST BLVD,,Major Arterial,Toronto and East York,43.708121,-79.29568,At Intersection,No Control,Clear,Daylight,Dry,Non-Fatal Injury,Cyclist Collisions,Driver,50 to 54,None,,South,"Automobile, Station Wagon",Going Ahead,Driving Properly,Normal,,,,,,,,Yes,Yes,,,,,,,,,,,120,Clairlea-Birchmount,120,Clairlea-Birchmount (120),D41,637311.6495,4840865.73
10833,80167139,4002478309,11/07/2014,2014,1918,VICTORIA PARK AVE,GLENCREST BLVD,,Major Arterial,Toronto and East York,43.708121,-79.29568,At Intersection,No Control,Clear,Daylight,Dry,Non-Fatal Injury,Cyclist Collisions,Cyclist,60 to 64,Major,,South,Bicycle,Turning Left,,,,,,Cyclist turned left across motorists path.,Improper Turn,Inattentive,,Yes,Yes,,,,,,,,,,,120,Clairlea-Birchmount,120,Clairlea-Birchmount (120),D41,637311.6495,4840865.73
10834,80630884,4002482864,12/07/2014,2014,1409,WARDEN AVE,TOWER DR,,Major Arterial,Scarborough,43.754336,-79.298351,At Intersection,Traffic Signal,Clear,Daylight,Dry,Non-Fatal Injury,Pedestrian Collisions,Driver,50 to 54,None,,North,"Automobile, Station Wagon",Going Ahead,Disobeyed Traffic Control,Inattentive,,,,,,,Yes,,Yes,,,,,,,Yes,Yes,,,119,Wexford/Maryvale,119,Wexford/Maryvale (119),D41,636991.0419,4845994.168
10835,80630885,4002482864,12/07/2014,2014,1409,WARDEN AVE,TOWER DR,,Major Arterial,Scarborough,43.754336,-79.298351,At Intersection,Traffic Signal,Clear,Daylight,Dry,Non-Fatal Injury,Pedestrian Collisions,Pedestrian,25 to 29,Major,,Unknown,,,,,Vehicle is going straight thru inter.while ped cross with ROW,Crossing with right of way,Normal,,,,Yes,,Yes,,,,,,,Yes,Yes,,,119,Wexford/Maryvale,119,Wexford/Maryvale (119),D41,636991.0419,4845994.168
10836,80213442,4002492921,14/07/2014,2014,450,DIXON RD,CELESTINE DR,,Major Arterial,Etobicoke York,43.693392,-79.562503,At Intersection,Traffic Signal,Clear,"Dark, artificial",Dry,Non-Fatal Injury,SMV Other,Driver,20 to 24,Major,,East,"Automobile, Station Wagon",Going Ahead,Lost control,Fatigue,,,,,,,,,Yes,,,,,,,,,,,7,Willowridge-Martingrove-Richview,7,Willowridge-Martingrove-Richview (7),D23,615842.7465,4838822.504
10837,80213484,4002496005,14/07/2014,2014,1453,KEELE ST,WHITBURN CRES,,Major Arterial,North York,43.736933,-79.484546,Intersection Related,Traffic Signal,Clear,Daylight,Dry,Non-Fatal Injury,Rear End,Driver,20 to 24,Major,,North,"Automobile, Station Wagon",Going Ahead,Following too Close,Normal,,,,,,,,,Yes,,,,,,,Yes,,,,155,Downsview,26,Downsview-Roding-CFB (26),D31,622036.6603,4843770.202
10838,80213485,4002496005,14/07/2014,2014,1453,KEELE ST,WHITBURN CRES,,Major Arterial,North York,43.736933,-79.484546,Intersection Related,Traffic Signal,Clear,Daylight,Dry,Non-Fatal Injury,Rear End,Driver,60 to 64,None,,North,"Automobile, Station Wagon",Stopped,Driving Properly,Normal,,,,,,,,,Yes,,,,,,,Yes,,,,155,Downsview,26,Downsview-Roding-CFB (26),D31,622036.6603,4843770.202
10839,80213502,4002496866,14/07/2014,2014,1716,YONGE ST,ELLERSLIE AVE,,Major Arterial,North York,43.771983,-79.413562,At Intersection,No Control,Clear,Daylight,Dry,Non-Fatal Injury,Turning Movement,Driver,35 to 39,None,,North,"Automobile, Station Wagon",Turning Left,Failed to Yield Right of Way,Normal,,,,,,,,Yes,Yes,,,,,Yes,,Yes,,,,151,Yonge-Doris,51,Willowdale East (51),D32,627678.3584,4847770.029
10840,80213503,4002496866,14/07/2014,2014,1716,YONGE ST,ELLERSLIE AVE,,Major Arterial,North York,43.771983,-79.413562,At Intersection,No Control,Clear,Daylight,Dry,Non-Fatal Injury,Turning Movement,Moped Driver,40 to 44,Major,,South,Moped,Going Ahead,Driving Properly,Normal,,,,,,,,Yes,Yes,,,,,Yes,,Yes,,,,151,Yonge-Doris,51,Willowdale East (51),D32,627678.3584,4847770.029
10841,80213504,4002496866,14/07/2014,2014,1716,YONGE ST,ELLERSLIE AVE,,Major Arterial,North York,43.771983,-79.413562,At Intersection,No Control,Clear,Daylight,Dry,Non-Fatal Injury,Turning Movement,Passenger,5 to 9,None,,,,,,,,,,,,,,Yes,Yes,,,,,Yes,,Yes,,,,151,Yonge-Doris,51,Willowdale East (51),D32,627678.3584,4847770.029
10842,80213505,4002496866,14/07/2014,2014,1716,YONGE ST,ELLERSLIE AVE,,Major Arterial,North York,43.771983,-79.413562,At Intersection,No Control,Clear,Daylight,Dry,Non-Fatal Injury,Turning Movement,Passenger,5 to 9,None,,,,,,,,,,,,,,Yes,Yes,,,,,Yes,,Yes,,,,151,Yonge-Doris,51,Willowdale East (51),D32,627678.3584,4847770.029
10843,8000023,142510103,16/07/2014,2014,1615,MCRAE DR,MILLWOOD RD,,Collector,North York,43.704775,-79.368121,At Intersection,Traffic Signal,Clear,Daylight,Dry,Fatal,Pedestrian Collisions,Driver,50 to 54,None,,South,Passenger Van,Turning Right,Failed to Yield Right of Way,Had Been Drinking,,,,,,,Yes,,Yes,,,,,,,Yes,,,,56,Leaside-Bennington,56,Leaside-Bennington (56),D53,631482.5611,4840376.664