OBJECTID,INDEX,ACCNUM,DATE,ACCIDENT_YEAR,TIME,STREET1,STREET2,OFFSET,ROAD_CLASS,DISTRICT,LATITUDE,LONGITUDE,ACCLOC,TRAFFCTL,VISIBILITY,LIGHT,RDSFCOND,ACCLASS,IMPACTYPE,INVTYPE,INVAGE,INJURY,FATAL_NO,INITDIR,VEHTYPE,MANOEUVER,DRIVACT,DRIVCOND,PEDTYPE,PEDACT,PEDCOND,CYCLISTYPE,CYCACT,CYCCOND,PEDESTRIAN,CYCLIST,AUTOMOBILE,MOTORCYCLE,TRUCK,TRSN_CITY_VEH,EMERG_VEH,PASSENGER,SPEEDING,AG_DRIV,REDLIGHT,ALCOHOL,DISABILITY,HOOD_158,NEIGHBOURHOOD_158,HOOD_140,NEIGHBOURHOOD_140,DIVISION,x,y
10902,8000105,142657110,07/08/2014,2014,2214,ST CLAIR AVE W,LANSDOWNE AVE,,Major Arterial,Toronto and East York,43.675994,-79.45193,,No Control,Clear,"Dark, artificial",Dry,Fatal,Pedestrian Collisions,Pedestrian,65 to 69,Minor,,Unknown,,,,,Pedestrian involved in a collision with transit vehicle anywhere along roadway,Coming From Behind Parked Vehicle,Unknown,,,,Yes,,,,,Yes,,,,,,,,92,Corso Italia-Davenport,92,Corso Italia-Davenport (92),D13,624789.5734,4837050.633
10903,80000039,142657110,07/08/2014,2014,2214,ST CLAIR AVE W,LANSDOWNE AVE,,Major Arterial,Toronto and East York,43.675994,-79.45193,,No Control,Clear,"Dark, artificial",Dry,Fatal,Pedestrian Collisions,Pedestrian,65 to 69,Fatal,20,Unknown,,,,,Pedestrian involved in a collision with transit vehicle anywhere along roadway,Coming From Behind Parked Vehicle,Unknown,,,,Yes,,,,,Yes,,,,,,,,92,Corso Italia-Davenport,92,Corso Italia-Davenport (92),D13,624789.5734,4837050.633
10904,80170331,4002664969,09/08/2014,2014,214,LAWRENCE AVE E,GREENBRAE CRCT,,Major Arterial,Scarborough,43.758174,-79.233073,Non Intersection,No Control,Clear,"Dark, artificial",Dry,Non-Fatal Injury,Pedestrian Collisions,Driver,65 to 69,None,,West,"Automobile, Station Wagon",Going Ahead,Driving Properly,Normal,,,,,,,Yes,,Yes,,,,,,,,,,,141,Golfdale-Cedarbrae-Woburn,137,Woburn (137),D43,642237.207,4846530.48
10905,80170332,4002664969,09/08/2014,2014,214,LAWRENCE AVE E,GREENBRAE CRCT,,Major Arterial,Scarborough,43.758174,-79.233073,Non Intersection,No Control,Clear,"Dark, artificial",Dry,Non-Fatal Injury,Pedestrian Collisions,Pedestrian,15 to 19,Major,,North,,,,,Pedestrian hit at mid-block,"Crossing, no Traffic Control",Had Been Drinking,,,,Yes,,Yes,,,,,,,,,,,141,Golfdale-Cedarbrae-Woburn,137,Woburn (137),D43,642237.207,4846530.48
10906,80215907,4002688656,12/08/2014,2014,1614,WOODBINE AVE,HEYWORTH CRES,,Major Arterial,Toronto and East York,43.675315,-79.30849,Non Intersection,No Control,Clear,Daylight,Dry,Non-Fatal Injury,Turning Movement,Driver,40 to 44,None,,South,"Automobile, Station Wagon",Turning Left,Failed to Yield Right of Way,Inattentive,,,,,,,,,Yes,Yes,,,,Yes,,Yes,,,,62,East End-Danforth,62,East End-Danforth (62),D55,636353.9032,4837201.023
10907,80215908,4002688656,12/08/2014,2014,1614,WOODBINE AVE,HEYWORTH CRES,,Major Arterial,Toronto and East York,43.675315,-79.30849,Non Intersection,No Control,Clear,Daylight,Dry,Non-Fatal Injury,Turning Movement,Motorcycle Driver,35 to 39,Major,,North,Motorcycle,Going Ahead,Driving Properly,Normal,,,,,,,,,Yes,Yes,,,,Yes,,Yes,,,,62,East End-Danforth,62,East End-Danforth (62),D55,636353.9032,4837201.023
10908,80215909,4002688656,12/08/2014,2014,1614,WOODBINE AVE,HEYWORTH CRES,,Major Arterial,Toronto and East York,43.675315,-79.30849,Non Intersection,No Control,Clear,Daylight,Dry,Non-Fatal Injury,Turning Movement,Passenger,10 to 14,None,,,,,,,,,,,,,,,Yes,Yes,,,,Yes,,Yes,,,,62,East End-Danforth,62,East End-Danforth (62),D55,636353.9032,4837201.023
10909,80485508,4002712534,16/08/2014,2014,515,KENNEDY RD,BONIS AVE,4 m North of,Major Arterial,Scarborough,43.78575,-79.289455,Intersection Related,Traffic Signal,Clear,"Dark, artificial",Dry,Fatal,Pedestrian Collisions,Driver,45 to 49,None,,East,"Automobile, Station Wagon",Turning Left,Failed to Yield Right of Way,Unknown,,,,,,,Yes,,Yes,,,,,,,Yes,,,,128,Agincourt South-Malvern West,128,Agincourt South-Malvern West (128),D42,637635.1433,4849497.932
10910,80485509,4002712534,16/08/2014,2014,515,KENNEDY RD,BONIS AVE,4 m North of,Major Arterial,Scarborough,43.78575,-79.289455,Intersection Related,Traffic Signal,Clear,"Dark, artificial",Dry,Fatal,Pedestrian Collisions,Pedestrian,85 to 89,Fatal,24,West,,,,,Vehicle turns left while ped crosses with ROW at inter.,Crossing with right of way,Normal,,,,Yes,,Yes,,,,,,,Yes,,,,128,Agincourt South-Malvern West,128,Agincourt South-Malvern West (128),D42,637635.1433,4849497.932
10911,80216160,4002711350,16/08/2014,2014,2320,LANSDOWNE AVE,DUPONT ST,,Major Arterial,Toronto and East York,43.666716,-79.446452,At Intersection,Traffic Signal,Clear,"Dark, artificial",Dry,Non-Fatal Injury,Turning Movement,Driver,35 to 39,None,,South,"Automobile, Station Wagon",Turning Left,Failed to Yield Right of Way,Inattentive,,,,,,,,,Yes,Yes,,,,,,Yes,,,,171,Junction-Wallace Emerson,93,Dovercourt-Wallace Emerson-Junction (93),D11,625250.4558,4836028.444
10912,80216161,4002711350,16/08/2014,2014,2320,LANSDOWNE AVE,DUPONT ST,,Major Arterial,Toronto and East York,43.666716,-79.446452,At Intersection,Traffic Signal,Clear,"Dark, artificial",Dry,Non-Fatal Injury,Turning Movement,Motorcycle Driver,35 to 39,Major,,North,Motorcycle,Going Ahead,Driving Properly,Normal,,,,,,,,,Yes,Yes,,,,,,Yes,,,,171,Junction-Wallace Emerson,93,Dovercourt-Wallace Emerson-Junction (93),D11,625250.4558,4836028.444
10913,80216232,4002717713,17/08/2014,2014,51,FINCH AVENUE WEST,ISLINGTON AVENUE,,Major Arterial,Etobicoke York,43.746237,-79.568614,Intersection Related,Traffic Signal,Clear,"Dark, artificial",Dry,Non-Fatal Injury,Angle,Driver,45 to 49,Major,,North,"Automobile, Station Wagon",Going Ahead,Disobeyed Traffic Control,Inattentive,,,,,,,,,Yes,,,Yes,,Yes,,Yes,Yes,,,3,Thistletown-Beaumond Heights,3,Thistletown-Beaumond Heights (3),D23,615248.9203,4844683.158
10914,80216233,4002717713,17/08/2014,2014,51,FINCH AVENUE WEST,ISLINGTON AVENUE,,Major Arterial,Etobicoke York,43.746237,-79.568614,Intersection Related,Traffic Signal,Clear,"Dark, artificial",Dry,Non-Fatal Injury,Angle,Driver,35 to 39,None,,East,"Bus (Other) (Go Bus, Gray Coa",Going Ahead,Driving Properly,Normal,,,,,,,,,Yes,,,Yes,,Yes,,Yes,Yes,,,3,Thistletown-Beaumond Heights,3,Thistletown-Beaumond Heights (3),D23,615248.9203,4844683.158
10915,80216234,4002717713,17/08/2014,2014,51,FINCH AVENUE WEST,ISLINGTON AVENUE,,Major Arterial,Etobicoke York,43.746237,-79.568614,Intersection Related,Traffic Signal,Clear,"Dark, artificial",Dry,Non-Fatal Injury,Angle,Passenger,25 to 29,Minimal,,,,,,,,,,,,,,,Yes,,,Yes,,Yes,,Yes,Yes,,,3,Thistletown-Beaumond Heights,3,Thistletown-Beaumond Heights (3),D23,615248.9203,4844683.158
10916,80216235,4002717713,17/08/2014,2014,51,FINCH AVENUE WEST,ISLINGTON AVENUE,,Major Arterial,Etobicoke York,43.746237,-79.568614,Intersection Related,Traffic Signal,Clear,"Dark, artificial",Dry,Non-Fatal Injury,Angle,Passenger,20 to 24,None,,,,,,,,,,,,,,,Yes,,,Yes,,Yes,,Yes,Yes,,,3,Thistletown-Beaumond Heights,3,Thistletown-Beaumond Heights (3),D23,615248.9203,4844683.158
10917,80216236,4002717713,17/08/2014,2014,51,FINCH AVENUE WEST,ISLINGTON AVENUE,,Major Arterial,Etobicoke York,43.746237,-79.568614,Intersection Related,Traffic Signal,Clear,"Dark, artificial",Dry,Non-Fatal Injury,Angle,Passenger,25 to 29,None,,,,,,,,,,,,,,,Yes,,,Yes,,Yes,,Yes,Yes,,,3,Thistletown-Beaumond Heights,3,Thistletown-Beaumond Heights (3),D23,615248.9203,4844683.158
10918,80216237,4002717713,17/08/2014,2014,51,FINCH AVENUE WEST,ISLINGTON AVENUE,,Major Arterial,Etobicoke York,43.746237,-79.568614,Intersection Related,Traffic Signal,Clear,"Dark, artificial",Dry,Non-Fatal Injury,Angle,Passenger,25 to 29,None,,,,,,,,,,,,,,,Yes,,,Yes,,Yes,,Yes,Yes,,,3,Thistletown-Beaumond Heights,3,Thistletown-Beaumond Heights (3),D23,615248.9203,4844683.158
10919,80216238,4002717713,17/08/2014,2014,51,FINCH AVENUE WEST,ISLINGTON AVENUE,,Major Arterial,Etobicoke York,43.746237,-79.568614,Intersection Related,Traffic Signal,Clear,"Dark, artificial",Dry,Non-Fatal Injury,Angle,Passenger,20 to 24,None,,,,,,,,,,,,,,,Yes,,,Yes,,Yes,,Yes,Yes,,,3,Thistletown-Beaumond Heights,3,Thistletown-Beaumond Heights (3),D23,615248.9203,4844683.158
10920,80216239,4002717713,17/08/2014,2014,51,FINCH AVENUE WEST,ISLINGTON AVENUE,,Major Arterial,Etobicoke York,43.746237,-79.568614,Intersection Related,Traffic Signal,Clear,"Dark, artificial",Dry,Non-Fatal Injury,Angle,Passenger,25 to 29,None,,,,,,,,,,,,,,,Yes,,,Yes,,Yes,,Yes,Yes,,,3,Thistletown-Beaumond Heights,3,Thistletown-Beaumond Heights (3),D23,615248.9203,4844683.158
10921,80216240,4002717713,17/08/2014,2014,51,FINCH AVENUE WEST,ISLINGTON AVENUE,,Major Arterial,Etobicoke York,43.746237,-79.568614,Intersection Related,Traffic Signal,Clear,"Dark, artificial",Dry,Non-Fatal Injury,Angle,Passenger,25 to 29,None,,,,,,,,,,,,,,,Yes,,,Yes,,Yes,,Yes,Yes,,,3,Thistletown-Beaumond Heights,3,Thistletown-Beaumond Heights (3),D23,615248.9203,4844683.158
10922,80216241,4002717713,17/08/2014,2014,51,FINCH AVENUE WEST,ISLINGTON AVENUE,,Major Arterial,Etobicoke York,43.746237,-79.568614,Intersection Related,Traffic Signal,Clear,"Dark, artificial",Dry,Non-Fatal Injury,Angle,Passenger,20 to 24,None,,,,,,,,,,,,,,,Yes,,,Yes,,Yes,,Yes,Yes,,,3,Thistletown-Beaumond Heights,3,Thistletown-Beaumond Heights (3),D23,615248.9203,4844683.158
10923,80216242,4002717713,17/08/2014,2014,51,FINCH AVENUE WEST,ISLINGTON AVENUE,,Major Arterial,Etobicoke York,43.746237,-79.568614,Intersection Related,Traffic Signal,Clear,"Dark, artificial",Dry,Non-Fatal Injury,Angle,Passenger,30 to 34,None,,,,,,,,,,,,,,,Yes,,,Yes,,Yes,,Yes,Yes,,,3,Thistletown-Beaumond Heights,3,Thistletown-Beaumond Heights (3),D23,615248.9203,4844683.158
10924,80216243,4002717713,17/08/2014,2014,51,FINCH AVENUE WEST,ISLINGTON AVENUE,,Major Arterial,Etobicoke York,43.746237,-79.568614,Intersection Related,Traffic Signal,Clear,"Dark, artificial",Dry,Non-Fatal Injury,Angle,Passenger,20 to 24,None,,,,,,,,,,,,,,,Yes,,,Yes,,Yes,,Yes,Yes,,,3,Thistletown-Beaumond Heights,3,Thistletown-Beaumond Heights (3),D23,615248.9203,4844683.158
10925,80216244,4002717713,17/08/2014,2014,51,FINCH AVENUE WEST,ISLINGTON AVENUE,,Major Arterial,Etobicoke York,43.746237,-79.568614,Intersection Related,Traffic Signal,Clear,"Dark, artificial",Dry,Non-Fatal Injury,Angle,Passenger,25 to 29,None,,,,,,,,,,,,,,,Yes,,,Yes,,Yes,,Yes,Yes,,,3,Thistletown-Beaumond Heights,3,Thistletown-Beaumond Heights (3),D23,615248.9203,4844683.158
10926,80216245,4002717713,17/08/2014,2014,51,FINCH AVENUE WEST,ISLINGTON AVENUE,,Major Arterial,Etobicoke York,43.746237,-79.568614,Intersection Related,Traffic Signal,Clear,"Dark, artificial",Dry,Non-Fatal Injury,Angle,Passenger,25 to 29,None,,,,,,,,,,,,,,,Yes,,,Yes,,Yes,,Yes,Yes,,,3,Thistletown-Beaumond Heights,3,Thistletown-Beaumond Heights (3),D23,615248.9203,4844683.158
10927,80216246,4002717713,17/08/2014,2014,51,FINCH AVENUE WEST,ISLINGTON AVENUE,,Major Arterial,Etobicoke York,43.746237,-79.568614,Intersection Related,Traffic Signal,Clear,"Dark, artificial",Dry,Non-Fatal Injury,Angle,Passenger,20 to 24,None,,,,,,,,,,,,,,,Yes,,,Yes,,Yes,,Yes,Yes,,,3,Thistletown-Beaumond Heights,3,Thistletown-Beaumond Heights (3),D23,615248.9203,4844683.158
10928,80216247,4002717713,17/08/2014,2014,51,FINCH AVENUE WEST,ISLINGTON AVENUE,,Major Arterial,Etobicoke York,43.746237,-79.568614,Intersection Related,Traffic Signal,Clear,"Dark, artificial",Dry,Non-Fatal Injury,Angle,Passenger,20 to 24,None,,,,,,,,,,,,,,,Yes,,,Yes,,Yes,,Yes,Yes,,,3,Thistletown-Beaumond Heights,3,Thistletown-Beaumond Heights (3),D23,615248.9203,4844683.158
10929,80216248,4002717713,17/08/2014,2014,51,FINCH AVENUE WEST,ISLINGTON AVENUE,,Major Arterial,Etobicoke York,43.746237,-79.568614,Intersection Related,Traffic Signal,Clear,"Dark, artificial",Dry,Non-Fatal Injury,Angle,Passenger,25 to 29,None,,,,,,,,,,,,,,,Yes,,,Yes,,Yes,,Yes,Yes,,,3,Thistletown-Beaumond Heights,3,Thistletown-Beaumond Heights (3),D23,615248.9203,4844683.158
10930,80216249,4002717713,17/08/2014,2014,51,FINCH AVENUE WEST,ISLINGTON AVENUE,,Major Arterial,Etobicoke York,43.746237,-79.568614,Intersection Related,Traffic Signal,Clear,"Dark, artificial",Dry,Non-Fatal Injury,Angle,Passenger,55 to 59,None,,,,,,,,,,,,,,,Yes,,,Yes,,Yes,,Yes,Yes,,,3,Thistletown-Beaumond Heights,3,Thistletown-Beaumond Heights (3),D23,615248.9203,4844683.158
10931,80631866,4002721774,17/08/2014,2014,1645,OSSINGTON AVE,DEWSON ST,,Minor Arterial,Toronto and East York,43.657092,-79.423747,At Intersection,No Control,Clear,Daylight,Dry,Non-Fatal Injury,Turning Movement,Driver,40 to 44,None,,South,Passenger Van,Turning Left,Improper Turn,Inattentive,,,,,,,,,Yes,Yes,,,,Yes,,,,,,80,Palmerston-Little Italy,80,Palmerston-Little Italy (80),D14,627101.3072,4834994.101
10932,80631867,4002721774,17/08/2014,2014,1645,OSSINGTON AVE,DEWSON ST,,Minor Arterial,Toronto and East York,43.657092,-79.423747,At Intersection,No Control,Clear,Daylight,Dry,Non-Fatal Injury,Turning Movement,Motorcycle Driver,30 to 34,Major,,North,Motorcycle,Going Ahead,Driving Properly,Unknown,,,,,,,,,Yes,Yes,,,,Yes,,,,,,80,Palmerston-Little Italy,80,Palmerston-Little Italy (80),D14,627101.3072,4834994.101
10933,80631868,4002721774,17/08/2014,2014,1645,OSSINGTON AVE,DEWSON ST,,Minor Arterial,Toronto and East York,43.657092,-79.423747,At Intersection,No Control,Clear,Daylight,Dry,Non-Fatal Injury,Turning Movement,Passenger,50 to 54,None,,,,,,,,,,,,,,,Yes,Yes,,,,Yes,,,,,,80,Palmerston-Little Italy,80,Palmerston-Little Italy (80),D14,627101.3072,4834994.101
10934,80631869,4002721774,17/08/2014,2014,1645,OSSINGTON AVE,DEWSON ST,,Minor Arterial,Toronto and East York,43.657092,-79.423747,At Intersection,No Control,Clear,Daylight,Dry,Non-Fatal Injury,Turning Movement,Passenger,45 to 49,Minimal,,,,,,,,,,,,,,,Yes,Yes,,,,Yes,,,,,,80,Palmerston-Little Italy,80,Palmerston-Little Italy (80),D14,627101.3072,4834994.101
10935,80631870,4002721774,17/08/2014,2014,1645,OSSINGTON AVE,DEWSON ST,,Minor Arterial,Toronto and East York,43.657092,-79.423747,At Intersection,No Control,Clear,Daylight,Dry,Non-Fatal Injury,Turning Movement,Passenger,5 to 9,Minimal,,,,,,,,,,,,,,,Yes,Yes,,,,Yes,,,,,,80,Palmerston-Little Italy,80,Palmerston-Little Italy (80),D14,627101.3072,4834994.101
10936,80631871,4002721774,17/08/2014,2014,1645,OSSINGTON AVE,DEWSON ST,,Minor Arterial,Toronto and East York,43.657092,-79.423747,At Intersection,No Control,Clear,Daylight,Dry,Non-Fatal Injury,Turning Movement,Passenger,35 to 39,Minimal,,,,,,,,,,,,,,,Yes,Yes,,,,Yes,,,,,,80,Palmerston-Little Italy,80,Palmerston-Little Italy (80),D14,627101.3072,4834994.101
10937,80631872,4002722723,17/08/2014,2014,2100,2169 YONGE ST,,,Major Arterial,Toronto and East York,43.705058,-79.397983,At/Near Private Drive,No Control,Clear,Daylight,Dry,Non-Fatal Injury,Turning Movement,Driver,40 to 44,None,,South,"Automobile, Station Wagon",Turning Left,Failed to Yield Right of Way,Inattentive,,,,,,,,,Yes,Yes,,,,Yes,,Yes,,,,174,South Eglinton-Davisville,104,Mount Pleasant West (104),D53,629075.9105,4840361.167
10938,80631873,4002722723,17/08/2014,2014,2100,2169 YONGE ST,,,Major Arterial,Toronto and East York,43.705058,-79.397983,At/Near Private Drive,No Control,Clear,Daylight,Dry,Non-Fatal Injury,Turning Movement,Motorcycle Driver,40 to 44,Major,,North,Motorcycle,Going Ahead,Driving Properly,Normal,,,,,,,,,Yes,Yes,,,,Yes,,Yes,,,,174,South Eglinton-Davisville,104,Mount Pleasant West (104),D53,629075.9105,4840361.167
10939,80631874,4002722723,17/08/2014,2014,2100,2169 YONGE ST,,,Major Arterial,Toronto and East York,43.705058,-79.397983,At/Near Private Drive,No Control,Clear,Daylight,Dry,Non-Fatal Injury,Turning Movement,Passenger,unknown,None,,,,,,,,,,,,,,,Yes,Yes,,,,Yes,,Yes,,,,174,South Eglinton-Davisville,104,Mount Pleasant West (104),D53,629075.9105,4840361.167
10940,80631875,4002722723,17/08/2014,2014,2100,2169 YONGE ST,,,Major Arterial,Toronto and East York,43.705058,-79.397983,At/Near Private Drive,No Control,Clear,Daylight,Dry,Non-Fatal Injury,Turning Movement,Passenger,20 to 24,None,,,,,,,,,,,,,,,Yes,Yes,,,,Yes,,Yes,,,,174,South Eglinton-Davisville,104,Mount Pleasant West (104),D53,629075.9105,4840361.167
10941,80631963,4000009508,17/08/2014,2014,2159,KINGSTON RD,PICKERING ST,10 m East of,Major Arterial,Toronto and East York,43.680213,-79.289912,At Intersection,No Control,Clear,"Dark, artificial",Dry,Non-Fatal Injury,Cyclist Collisions,Cyclist,15 to 19,Major,,West,Bicycle,Changing Lanes,,,,,,Cyclist and Driver travelling in same direction. One vehicle sideswipes the other.,Improper Lane Change,Inattentive,,Yes,Yes,,,,,,,,,,,63,The Beaches,63,The Beaches (63),D55,637840.2915,4837775.723
10942,80631964,4000009508,17/08/2014,2014,2159,KINGSTON RD,PICKERING ST,10 m East of,Major Arterial,Toronto and East York,43.680213,-79.289912,At Intersection,No Control,Clear,"Dark, artificial",Dry,Non-Fatal Injury,Cyclist Collisions,Driver,50 to 54,None,,West,"Automobile, Station Wagon",Going Ahead,Driving Properly,Normal,,,,,,,,Yes,Yes,,,,,,,,,,,63,The Beaches,63,The Beaches (63),D55,637840.2915,4837775.723
10943,81132096,4002723007,17/08/2014,2014,2159,KINGSTON RD,PICKERING ST,,Major Arterial,Toronto and East York,43.680282,-79.289921,Non Intersection,No Control,Clear,"Dark, artificial",Dry,Non-Fatal Injury,Cyclist Collisions,Cyclist,15 to 19,Major,,West,Bicycle,Changing Lanes,,,,,,,Improper Lane Change,Inattentive,,Yes,Yes,,,,,,,,,,,63,The Beaches,62,East End-Danforth (62),D55,637839.408,4837783.371
10944,81132097,4002723007,17/08/2014,2014,2159,KINGSTON RD,PICKERING ST,,Major Arterial,Toronto and East York,43.680282,-79.289921,Non Intersection,No Control,Clear,"Dark, artificial",Dry,Non-Fatal Injury,Cyclist Collisions,Driver,50 to 54,None,,West,"Automobile, Station Wagon",Going Ahead,Driving Properly,Normal,,,,,,,,Yes,Yes,,,,,,,,,,,63,The Beaches,62,East End-Danforth (62),D55,637839.408,4837783.371
10945,8000151,142723300,17/08/2014,2014,2306,DAWES RD,GOWER ST,,Minor Arterial,Toronto and East York,43.702246,-79.296924,At Intersection,Traffic Signal,Clear,"Dark, artificial",Dry,Fatal,Pedestrian Collisions,Driver,40 to 44,None,,East,"Automobile, Station Wagon",Turning Left,Failed to Yield Right of Way,Inattentive,,,,,,,Yes,,Yes,,,,,Yes,,Yes,,,,61,Taylor-Massey,61,Taylor-Massey (61),D55,637224.8282,4840211.168
10946,8000152,142723300,17/08/2014,2014,2306,DAWES RD,GOWER ST,,Minor Arterial,Toronto and East York,43.702246,-79.296924,At Intersection,Traffic Signal,Clear,"Dark, artificial",Dry,Fatal,Pedestrian Collisions,Passenger,10 to 14,None,,,,,,,,,,,,,Yes,,Yes,,,,,Yes,,Yes,,,,61,Taylor-Massey,61,Taylor-Massey (61),D55,637224.8282,4840211.168
10947,80000041,142723300,17/08/2014,2014,2306,DAWES RD,GOWER ST,,Minor Arterial,Toronto and East York,43.702246,-79.296924,At Intersection,Traffic Signal,Clear,"Dark, artificial",Dry,Fatal,Pedestrian Collisions,Pedestrian,60 to 64,Fatal,22,West,,,,,Vehicle turns left while ped crosses with ROW at inter.,Crossing with right of way,Unknown,,,,Yes,,Yes,,,,,Yes,,Yes,,,,61,Taylor-Massey,61,Taylor-Massey (61),D55,637224.8282,4840211.168
10948,8000125,142723818,18/08/2014,2014,125,QUEEN ST E,TRACY ST,,Major Arterial,Toronto and East York,43.656085,-79.362254,,No Control,Clear,"Dark, artificial",Dry,Fatal,Pedestrian Collisions,Driver,25 to 29,None,,West,Passenger Van,Going Ahead,Lost control,Inattentive,,,,,,,Yes,,Yes,,,,,,,,,,,73,Moss Park,73,Moss Park (73),D51,632062.0609,4834978.294
10949,8000150,142723818,18/08/2014,2014,125,QUEEN ST E,TRACY ST,,Major Arterial,Toronto and East York,43.656085,-79.362254,,No Control,Clear,"Dark, artificial",Dry,Fatal,Pedestrian Collisions,Pedestrian,45 to 49,Minimal,,Unknown,,,,,Pedestrian hit on sidewalk or shoulder,On Sidewalk or Shoulder,Normal,,,,Yes,,Yes,,,,,,,,,,,73,Moss Park,73,Moss Park (73),D51,632062.0609,4834978.294
10950,80000040,142723818,18/08/2014,2014,125,QUEEN ST E,TRACY ST,,Major Arterial,Toronto and East York,43.656085,-79.362254,,No Control,Clear,"Dark, artificial",Dry,Fatal,Pedestrian Collisions,Pedestrian,60 to 64,Fatal,21,Unknown,,,,,Pedestrian hit on sidewalk or shoulder,On Sidewalk or Shoulder,Unknown,,,,Yes,,Yes,,,,,,,,,,,73,Moss Park,73,Moss Park (73),D51,632062.0609,4834978.294
10951,80171462,4002735710,19/08/2014,2014,2105,MIDLAND AVE,KILCULLEN CASTLE GT,,Major Arterial,Scarborough,43.809722,-79.290012,At Intersection,No Control,Clear,"Dark, artificial",Dry,Non-Fatal Injury,Pedestrian Collisions,Driver,40 to 44,None,,North,"Automobile, Station Wagon",Turning Left,Failed to Yield Right of Way,Unknown,,,,,,,Yes,,Yes,,,,,,,Yes,,,,130,Milliken,130,Milliken (130),D42,637535.3124,4852159.48
10952,80171463,4002735710,19/08/2014,2014,2105,MIDLAND AVE,KILCULLEN CASTLE GT,,Major Arterial,Scarborough,43.809722,-79.290012,At Intersection,No Control,Clear,"Dark, artificial",Dry,Non-Fatal Injury,Pedestrian Collisions,Pedestrian,40 to 44,Major,,South,,,,,Vehicle turns left while ped crosses with ROW at inter.,Crossing with right of way,Unknown,,,,Yes,,Yes,,,,,,,Yes,,,,130,Milliken,130,Milliken (130),D42,637535.3124,4852159.48
10953,80171466,4002735786,19/08/2014,2014,2120,COLLEGE ST,RUSHOLME PARK CRT,,Major Arterial,Toronto and East York,43.652896,-79.429668,At Intersection,Stop Sign,Clear,"Dark, artificial",Dry,Non-Fatal Injury,Cyclist Collisions,Driver,25 to 29,None,,East,Delivery Van,Turning Right,Improper Turn,Inattentive,,,,,,,,Yes,Yes,,,,,,,,,,,84,Little Portugal,84,Little Portugal (84),D14,626632.6814,4834519.028
10954,80171467,4002735786,19/08/2014,2014,2120,COLLEGE ST,RUSHOLME PARK CRT,,Major Arterial,Toronto and East York,43.652896,-79.429668,At Intersection,Stop Sign,Clear,"Dark, artificial",Dry,Non-Fatal Injury,Cyclist Collisions,Cyclist,40 to 44,Major,,North,Bicycle,Going Ahead,,,,,,"Motorist turns right at non-signal Inter.(stop, yield, no cont.,and dwy) and strikes cyclist.",Driving Properly,Normal,,Yes,Yes,,,,,,,,,,,84,Little Portugal,84,Little Portugal (84),D14,626632.6814,4834519.028
10955,8000153,142740894,20/08/2014,2014,1639,VICTORIA PARK AVE,O CONNOR DR,,Major Arterial,North York,43.723372,-79.302089,At Intersection,Traffic Signal,Clear,Daylight,Dry,Fatal,Pedestrian Collisions,Pedestrian,75 to 79,Major,,East,,,,,Vehicle turns left while ped crosses with ROW at inter.,Crossing with right of way,Unknown,,,,Yes,,Yes,,,,,,,Yes,,,,120,Clairlea-Birchmount,120,Clairlea-Birchmount (120),D41,636760.5913,4842548.979
10956,8000154,142740894,20/08/2014,2014,1639,VICTORIA PARK AVE,O CONNOR DR,,Major Arterial,North York,43.723372,-79.302089,At Intersection,Traffic Signal,Clear,Daylight,Dry,Fatal,Pedestrian Collisions,Driver,55 to 59,None,,West,Delivery Van,Turning Left,Failed to Yield Right of Way,Inattentive,,,,,,,Yes,,Yes,,,,,,,Yes,,,,120,Clairlea-Birchmount,120,Clairlea-Birchmount (120),D41,636760.5913,4842548.979
10957,80000042,142740894,20/08/2014,2014,1639,VICTORIA PARK AVE,O CONNOR DR,,Major Arterial,North York,43.723372,-79.302089,At Intersection,Traffic Signal,Clear,Daylight,Dry,Fatal,Pedestrian Collisions,Pedestrian,75 to 79,Fatal,23,East,,,,,Vehicle turns left while ped crosses with ROW at inter.,Crossing with right of way,Normal,,,,Yes,,Yes,,,,,,,Yes,,,,120,Clairlea-Birchmount,120,Clairlea-Birchmount (120),D41,636760.5913,4842548.979
10958,80171679,4002750756,22/08/2014,2014,122,BLOOR ST E,PARLIAMENT ST,,Major Arterial,Toronto and East York,43.671954,-79.370693,At Intersection,Traffic Signal,Clear,Dark,Dry,Non-Fatal Injury,Cyclist Collisions,Cyclist,25 to 29,Major,,East,Bicycle,Going Ahead,,,,,,Motorist turned left across cyclists path.,Driving Properly,Normal,,Yes,Yes,,,,,,,Yes,,,,71,Cabbagetown-South St.James Town,71,Cabbagetown-South St.James Town (71),D51,631346.9496,4836727.362
10959,80171680,4002750756,22/08/2014,2014,122,BLOOR ST E,PARLIAMENT ST,,Major Arterial,Toronto and East York,43.671954,-79.370693,At Intersection,Traffic Signal,Clear,Dark,Dry,Non-Fatal Injury,Cyclist Collisions,Driver,40 to 44,None,,West,"Automobile, Station Wagon",Turning Left,Failed to Yield Right of Way,Inattentive,,,,,,,,Yes,Yes,,,,,,,Yes,,,,71,Cabbagetown-South St.James Town,71,Cabbagetown-South St.James Town (71),D51,631346.9496,4836727.362