OBJECTID,INDEX,ACCNUM,DATE,ACCIDENT_YEAR,TIME,STREET1,STREET2,OFFSET,ROAD_CLASS,DISTRICT,LATITUDE,LONGITUDE,ACCLOC,TRAFFCTL,VISIBILITY,LIGHT,RDSFCOND,ACCLASS,IMPACTYPE,INVTYPE,INVAGE,INJURY,FATAL_NO,INITDIR,VEHTYPE,MANOEUVER,DRIVACT,DRIVCOND,PEDTYPE,PEDACT,PEDCOND,CYCLISTYPE,CYCACT,CYCCOND,PEDESTRIAN,CYCLIST,AUTOMOBILE,MOTORCYCLE,TRUCK,TRSN_CITY_VEH,EMERG_VEH,PASSENGER,SPEEDING,AG_DRIV,REDLIGHT,ALCOHOL,DISABILITY,HOOD_158,NEIGHBOURHOOD_158,HOOD_140,NEIGHBOURHOOD_140,DIVISION,x,y
10960,80171781,4002755635,22/08/2014,2014,1805,ROYAL YORK RD,ASHLEY RD,,Minor Arterial,Etobicoke York,43.663146,-79.51839,At Intersection,No Control,Clear,Daylight,Dry,Non-Fatal Injury,Cyclist Collisions,Driver,30 to 34,None,,South,"Automobile, Station Wagon",Turning Right,Failed to Yield Right of Way,Inattentive,,,,,,,,Yes,Yes,,,,,,,Yes,,,,9,Edenbridge-Humber Valley,9,Edenbridge-Humber Valley (9),D22,619457.6869,4835525.856
10961,80171782,4002755635,22/08/2014,2014,1805,ROYAL YORK RD,ASHLEY RD,,Minor Arterial,Etobicoke York,43.663146,-79.51839,At Intersection,No Control,Clear,Daylight,Dry,Non-Fatal Injury,Cyclist Collisions,Cyclist,30 to 34,Major,,South,Bicycle,Going Ahead,,,,,,"Motorist turns right at non-signal Inter.(stop, yield, no cont.,and dwy) and strikes cyclist.",Driving Properly,Normal,,Yes,Yes,,,,,,,Yes,,,,9,Edenbridge-Humber Valley,9,Edenbridge-Humber Valley (9),D22,619457.6869,4835525.856
10962,80172238,4002781365,26/08/2014,2014,1720,ROGERS RD,SILVERTHORN AVE,,Minor Arterial,Etobicoke York,43.682765,-79.463306,Intersection Related,Traffic Signal,Clear,Daylight,Dry,Non-Fatal Injury,Cyclist Collisions,Driver,30 to 34,None,,West,"Automobile, Station Wagon",Turning Right,Improper Turn,Normal,,,,,,,,Yes,Yes,,,,,,,,,,,110,Keelesdale-Eglinton West,110,Keelesdale-Eglinton West (110),D12,623858.6157,4837785.592
10963,80172239,4002781365,26/08/2014,2014,1720,ROGERS RD,SILVERTHORN AVE,,Minor Arterial,Etobicoke York,43.682765,-79.463306,Intersection Related,Traffic Signal,Clear,Daylight,Dry,Non-Fatal Injury,Cyclist Collisions,Cyclist,30 to 34,Major,,West,Bicycle,Turning Right,,,,,,Motorist turning right on green or amber at signalized intersection strikes cyclist.,Driving Properly,Normal,,Yes,Yes,,,,,,,,,,,110,Keelesdale-Eglinton West,110,Keelesdale-Eglinton West (110),D12,623858.6157,4837785.592
10964,80217083,4002786358,27/08/2014,2014,1205,SHEPPARD AVE W,BATHURST ST,25 m West of,Major Arterial,North York,43.75545,-79.438464,Intersection Related,Traffic Signal,Clear,Daylight,Dry,Non-Fatal Injury,Other,Driver,50 to 54,None,,East,Municipal Transit Bus (TTC),Slowing or Stopping,Other,Normal,,,,,,,,,,,,Yes,,Yes,,,,,,38,Lansing-Westgate,38,Lansing-Westgate (38),D32,625708.823,4845895.693
10965,80217084,4002786358,27/08/2014,2014,1205,SHEPPARD AVE W,BATHURST ST,25 m West of,Major Arterial,North York,43.75545,-79.438464,Intersection Related,Traffic Signal,Clear,Daylight,Dry,Non-Fatal Injury,Other,Passenger,60 to 64,Major,,,,,,,,,,,,,,,,,,Yes,,Yes,,,,,,38,Lansing-Westgate,38,Lansing-Westgate (38),D32,625708.823,4845895.693
10966,80217102,4002788366,27/08/2014,2014,1719,YONGE ST,HOMEWOOD AVE,,Major Arterial,North York,43.791163,-79.418346,Non Intersection,No Control,Clear,Daylight,Dry,Non-Fatal Injury,Rear End,Driver,20 to 24,None,,South,"Automobile, Station Wagon",Going Ahead,Following too Close,Normal,,,,,,,,,Yes,,,,,,,Yes,,,,50,Newtonbrook East,50,Newtonbrook East (50),D32,627252.6348,4849892.897
10967,80217103,4002788366,27/08/2014,2014,1719,YONGE ST,HOMEWOOD AVE,,Major Arterial,North York,43.791163,-79.418346,Non Intersection,No Control,Clear,Daylight,Dry,Non-Fatal Injury,Rear End,Driver,35 to 39,Major,,South,"Automobile, Station Wagon",Slowing or Stopping,Driving Properly,Normal,,,,,,,,,Yes,,,,,,,Yes,,,,50,Newtonbrook East,50,Newtonbrook East (50),D32,627252.6348,4849892.897
10968,80217104,4002788366,27/08/2014,2014,1719,YONGE ST,HOMEWOOD AVE,,Major Arterial,North York,43.791163,-79.418346,Non Intersection,No Control,Clear,Daylight,Dry,Non-Fatal Injury,Rear End,Driver,45 to 49,Minimal,,South,"Automobile, Station Wagon",Going Ahead,Driving Properly,Unknown,,,,,,,,,Yes,,,,,,,Yes,,,,50,Newtonbrook East,50,Newtonbrook East (50),D32,627252.6348,4849892.897
10969,80217225,4002797820,29/08/2014,2014,610,KINGSTON  RD,WOODBINE AVE,,Major Arterial,Toronto and East York,43.673918,-79.307918,At Intersection,Traffic Signal,Clear,Dawn,Dry,Non-Fatal Injury,Turning Movement,Driver,50 to 54,None,,East,"Automobile, Station Wagon",Turning Left,Improper Turn,Normal,,,,,,,,,Yes,Yes,,,,,,,,,,63,The Beaches,63,The Beaches (63),D55,636403.1782,4837046.808
10970,80217226,4002797820,29/08/2014,2014,610,KINGSTON  RD,WOODBINE AVE,,Major Arterial,Toronto and East York,43.673918,-79.307918,At Intersection,Traffic Signal,Clear,Dawn,Dry,Non-Fatal Injury,Turning Movement,Motorcycle Driver,60 to 64,Major,,West,Motorcycle,Going Ahead,Driving Properly,Normal,,,,,,,,,Yes,Yes,,,,,,,,,,63,The Beaches,63,The Beaches (63),D55,636403.1782,4837046.808
10971,80631880,4002824583,29/08/2014,2014,1200,WELLESLEY ST E,BLEECKER ST,18 m East of,Minor Arterial,Toronto and East York,43.667224,-79.373737,Intersection Related,No Control,Clear,Daylight,Dry,Non-Fatal Injury,Cyclist Collisions,Driver,unknown,None,,North,"Automobile, Station Wagon",Going Ahead,Failed to Yield Right of Way,Unknown,,,,,,,,Yes,Yes,,,,,,,Yes,,,,71,Cabbagetown-South St.James Town,71,Cabbagetown-South St.James Town (71),D51,631111.8529,4836197.217
10972,80631881,4002824583,29/08/2014,2014,1200,WELLESLEY ST E,BLEECKER ST,18 m East of,Minor Arterial,Toronto and East York,43.667224,-79.373737,Intersection Related,No Control,Clear,Daylight,Dry,Non-Fatal Injury,Cyclist Collisions,Cyclist,50 to 54,Major,,West,Bicycle,Going Ahead,,,,,,"Motorist without ROW drives into path of cyclist at inter, lnwy, dwy-Driver not turn.",Driving Properly,Normal,,Yes,Yes,,,,,,,Yes,,,,71,Cabbagetown-South St.James Town,71,Cabbagetown-South St.James Town (71),D51,631111.8529,4836197.217
10973,80631876,4002799906,29/08/2014,2014,1322,BAYVIEW AVE,CUMMER AVE,,Major Arterial,North York,43.792227,-79.393558,At Intersection,Traffic Signal,Clear,Daylight,Dry,Non-Fatal Injury,Turning Movement,Driver,70 to 74,None,,South,"Automobile, Station Wagon",Turning Left,Failed to Yield Right of Way,Normal,,,,,,,,,Yes,,,,,,,Yes,,,,49,Bayview Woods-Steeles,49,Bayview Woods-Steeles (49),D33,629244.6881,4850049.478
10974,80631877,4002799906,29/08/2014,2014,1322,BAYVIEW AVE,CUMMER AVE,,Major Arterial,North York,43.792227,-79.393558,At Intersection,Traffic Signal,Clear,Daylight,Dry,Non-Fatal Injury,Turning Movement,Driver,20 to 24,Major,,North,"Automobile, Station Wagon",Going Ahead,Driving Properly,Normal,,,,,,,,,Yes,,,,,,,Yes,,,,49,Bayview Woods-Steeles,49,Bayview Woods-Steeles (49),D33,629244.6881,4850049.478
10975,80217285,4002803822,30/08/2014,2014,108,BATHURST ST,ST CLAIR AVE W,41 m South o,Major Arterial,Toronto and East York,43.682711,-79.418117,Non Intersection,No Control,Clear,"Dark, artificial",Dry,Non-Fatal Injury,Pedestrian Collisions,Driver,20 to 24,None,,South,"Automobile, Station Wagon",Going Ahead,Driving Properly,Normal,,,,,,,Yes,,Yes,,,,,Yes,,,,,,96,Casa Loma,96,Casa Loma (96),D13,627501.0297,4837848.073
10976,80217286,4002803822,30/08/2014,2014,108,BATHURST ST,ST CLAIR AVE W,41 m South o,Major Arterial,Toronto and East York,43.682711,-79.418117,Non Intersection,No Control,Clear,"Dark, artificial",Dry,Non-Fatal Injury,Pedestrian Collisions,Passenger,60 to 64,None,,,,,,,,,,,,,Yes,,Yes,,,,,Yes,,,,,,96,Casa Loma,96,Casa Loma (96),D13,627501.0297,4837848.073
10977,80217287,4002803822,30/08/2014,2014,108,BATHURST ST,ST CLAIR AVE W,41 m South o,Major Arterial,Toronto and East York,43.682711,-79.418117,Non Intersection,No Control,Clear,"Dark, artificial",Dry,Non-Fatal Injury,Pedestrian Collisions,Passenger,60 to 64,None,,,,,,,,,,,,,Yes,,Yes,,,,,Yes,,,,,,96,Casa Loma,96,Casa Loma (96),D13,627501.0297,4837848.073
10978,80217288,4002803822,30/08/2014,2014,108,BATHURST ST,ST CLAIR AVE W,41 m South o,Major Arterial,Toronto and East York,43.682711,-79.418117,Non Intersection,No Control,Clear,"Dark, artificial",Dry,Non-Fatal Injury,Pedestrian Collisions,Pedestrian,15 to 19,Major,,West,,,,,Pedestrian hit at mid-block,Running onto Roadway,Unknown,,,,Yes,,Yes,,,,,Yes,,,,,,96,Casa Loma,96,Casa Loma (96),D13,627501.0297,4837848.073
10979,80631878,4002803863,30/08/2014,2014,115,QUEEN ST W,DUFFERIN ST,50 m East of,Major Arterial,Toronto and East York,43.642298,-79.427852,Non Intersection,No Control,Clear,"Dark, artificial",Dry,Non-Fatal Injury,Cyclist Collisions,Cyclist,25 to 29,Major,,East,,Going Ahead,,,,,,Insufficient information (to determine cyclist crash type).,Other,Had Been Drinking,,Yes,,,,Yes,,,,,,,,84,Little Portugal,84,Little Portugal (84),D14,626801.4241,4833344.755
10980,80631879,4002803863,30/08/2014,2014,115,QUEEN ST W,DUFFERIN ST,50 m East of,Major Arterial,Toronto and East York,43.642298,-79.427852,Non Intersection,No Control,Clear,"Dark, artificial",Dry,Non-Fatal Injury,Cyclist Collisions,Driver,35 to 39,None,,West,Street Car,Going Ahead,Driving Properly,Normal,,,,,,,,Yes,,,,Yes,,,,,,,,84,Little Portugal,84,Little Portugal (84),D14,626801.4241,4833344.755
10981,80217303,4002804562,30/08/2014,2014,459,ST CLAIR AVE W,SYMES RD,39 m East of,Major Arterial,Etobicoke York,43.670558,-79.476505,Non Intersection,No Control,Clear,"Dark, artificial",Dry,Fatal,Pedestrian Collisions,Driver,unknown,None,,West,Passenger Van,Going Ahead,Other,Unknown,,,,,,,Yes,,Yes,,,,,,,,,,,90,Junction Area,90,Junction Area (90),D11,622819.6588,4836410.215
10982,80485256,4002804562,30/08/2014,2014,459,ST CLAIR AVE W,SYMES RD,39 m East of,Major Arterial,Etobicoke York,43.670558,-79.476505,Non Intersection,No Control,Clear,"Dark, artificial",Dry,Fatal,Pedestrian Collisions,Pedestrian,30 to 34,Fatal,25,East,,,,,Pedestrian hit at mid-block,Walking on Roadway Against Traffic,Other,,,,Yes,,Yes,,,,,,,,,,,90,Junction Area,90,Junction Area (90),D11,622819.6588,4836410.215
10983,80508321,4002809837,30/08/2014,2014,2240,741 RUNNYMEDE RD,,10 m South o,Minor Arterial,Etobicoke York,43.668566,-79.483371,Non Intersection,No Control,Clear,"Dark, artificial",Dry,Non-Fatal Injury,Pedestrian Collisions,Driver,25 to 29,None,,North,"Automobile, Station Wagon",Turning Right,Improper Turn,Had Been Drinking,,,,,,,Yes,,Yes,Yes,,,,,,,,,,90,Junction Area,90,Junction Area (90),D11,622270.1819,4836178.835
10984,80508322,4002809837,30/08/2014,2014,2240,741 RUNNYMEDE RD,,10 m South o,Minor Arterial,Etobicoke York,43.668566,-79.483371,Non Intersection,No Control,Clear,"Dark, artificial",Dry,Non-Fatal Injury,Pedestrian Collisions,Motorcycle Driver,20 to 24,Major,,North,Motorcycle,Going Ahead,Driving Properly,Normal,,,,,,,Yes,,Yes,Yes,,,,,,,,,,90,Junction Area,90,Junction Area (90),D11,622270.1819,4836178.835
10985,80508323,4002809837,30/08/2014,2014,2240,741 RUNNYMEDE RD,,10 m South o,Minor Arterial,Etobicoke York,43.668566,-79.483371,Non Intersection,No Control,Clear,"Dark, artificial",Dry,Non-Fatal Injury,Pedestrian Collisions,Pedestrian,25 to 29,Minimal,,Unknown,,,,,Pedestrian hit on sidewalk or shoulder,On Sidewalk or Shoulder,Normal,,,,Yes,,Yes,Yes,,,,,,,,,,90,Junction Area,90,Junction Area (90),D11,622270.1819,4836178.835
10986,80508324,4002809837,30/08/2014,2014,2240,741 RUNNYMEDE RD,,10 m South o,Minor Arterial,Etobicoke York,43.668566,-79.483371,Non Intersection,No Control,Clear,"Dark, artificial",Dry,Non-Fatal Injury,Pedestrian Collisions,Pedestrian,25 to 29,Major,,Unknown,,,,,Pedestrian hit on sidewalk or shoulder,On Sidewalk or Shoulder,Normal,,,,Yes,,Yes,Yes,,,,,,,,,,90,Junction Area,90,Junction Area (90),D11,622270.1819,4836178.835
10987,80172811,4002811941,31/08/2014,2014,855,BROADVIEW AVE,QUEEN ST E,,Major Arterial,Toronto and East York,43.658866,-79.349849,At Intersection,Traffic Signal,Clear,Daylight,Dry,Non-Fatal Injury,Pedestrian Collisions,Driver,55 to 59,None,,East,"Automobile, Station Wagon",Turning Left,Failed to Yield Right of Way,Inattentive,,,,,,,Yes,,Yes,,,,,,,Yes,,,,70,South Riverdale,70,South Riverdale (70),D55,633056.2248,4835306.98
10988,80172812,4002811941,31/08/2014,2014,855,BROADVIEW AVE,QUEEN ST E,,Major Arterial,Toronto and East York,43.658866,-79.349849,At Intersection,Traffic Signal,Clear,Daylight,Dry,Non-Fatal Injury,Pedestrian Collisions,Pedestrian,65 to 69,Major,,Unknown,,,,,Vehicle turns left while ped crosses with ROW at inter.,Crossing with right of way,Normal,,,,Yes,,Yes,,,,,,,Yes,,,,70,South Riverdale,70,South Riverdale (70),D55,633056.2248,4835306.98
10989,80217472,4002817424,01/09/2014,2014,147,EGLINTON AVE E,MARKHAM RD,76 m West of,Major Arterial,Scarborough,43.742972,-79.219852,Non Intersection,No Control,Clear,"Dark, artificial",Dry,Fatal,Pedestrian Collisions,Driver,30 to 34,None,,East,Municipal Transit Bus (TTC),Going Ahead,Driving Properly,Normal,,,,,,,Yes,,,,,Yes,,,,,,,,139,Scarborough Village,139,Scarborough Village (139),D43,643337.795,4844864.857
10990,80217473,4002817424,01/09/2014,2014,147,EGLINTON AVE E,MARKHAM RD,76 m West of,Major Arterial,Scarborough,43.742972,-79.219852,Non Intersection,No Control,Clear,"Dark, artificial",Dry,Fatal,Pedestrian Collisions,Pedestrian,30 to 34,Fatal,26,,,,,,,,,,,,Yes,,,,,Yes,,,,,,,,139,Scarborough Village,139,Scarborough Village (139),D43,643337.795,4844864.857
10991,80173182,4002835706,03/09/2014,2014,1736,JANE ST,EGLINTON AVE W,,Major Arterial,Etobicoke York,43.684466,-79.498821,Intersection Related,No Control,Clear,Daylight,Dry,Non-Fatal Injury,Pedestrian Collisions,Driver,45 to 49,None,,South,Pick Up Truck,Going Ahead,Driving Properly,Normal,,,,,,,Yes,,Yes,,,,,,,,,,,111,Rockcliffe-Smythe,111,Rockcliffe-Smythe (111),D12,620992.6377,4837922.086
10992,80173183,4002835706,03/09/2014,2014,1736,JANE ST,EGLINTON AVE W,,Major Arterial,Etobicoke York,43.684466,-79.498821,Intersection Related,No Control,Clear,Daylight,Dry,Non-Fatal Injury,Pedestrian Collisions,Pedestrian,50 to 54,Major,,East,,,,,Pedestrian hit at mid-block,Running onto Roadway,"Ability Impaired, Drugs",,,,Yes,,Yes,,,,,,,,,,,111,Rockcliffe-Smythe,111,Rockcliffe-Smythe (111),D12,620992.6377,4837922.086
10993,80485549,4002843049,04/09/2014,2014,1729,SHEPPARD AVE E,PHARMACY AVE,50 m West of,Major Arterial,Scarborough,43.776309,-79.318561,Non Intersection,No Control,Clear,Daylight,Dry,Non-Fatal Injury,Turning Movement,Driver,45 to 49,None,,North,"Automobile, Station Wagon",Turning Left,Improper Turn,Normal,,,,,,,,,Yes,,,,,,,,,,,118,Tam O'Shanter-Sullivan,118,Tam O'Shanter-Sullivan (118),D42,635314.4675,4848401.378
10994,80485550,4002843049,04/09/2014,2014,1729,SHEPPARD AVE E,PHARMACY AVE,50 m West of,Major Arterial,Scarborough,43.776309,-79.318561,Non Intersection,No Control,Clear,Daylight,Dry,Non-Fatal Injury,Turning Movement,Driver,40 to 44,Major,,East,"Automobile, Station Wagon",Going Ahead,Driving Properly,Normal,,,,,,,,,Yes,,,,,,,,,,,118,Tam O'Shanter-Sullivan,118,Tam O'Shanter-Sullivan (118),D42,635314.4675,4848401.378
10995,80173513,4002856687,06/09/2014,2014,1610,PELHAM AVE,UXBRIDGE AVE,,Local,Toronto and East York,43.667918,-79.456767,Non Intersection,No Control,Clear,Daylight,Dry,Non-Fatal Injury,Cyclist Collisions,Driver,40 to 44,None,,West,"Automobile, Station Wagon",Slowing or Stopping,Driving Properly,Normal,,,,,,,,Yes,Yes,,,,,,,,,,,91,Weston-Pelham Park,91,Weston-Pellam Park (91),D11,624416.3468,4836146.42
10996,80173514,4002856687,06/09/2014,2014,1610,PELHAM AVE,UXBRIDGE AVE,,Local,Toronto and East York,43.667918,-79.456767,Non Intersection,No Control,Clear,Daylight,Dry,Non-Fatal Injury,Cyclist Collisions,Cyclist,50 to 54,Major,,South,Bicycle,Going Ahead,,,,,,"Cyclist without ROW rides into path of motorist at inter, lnwy, dwy-Cyclist not turn.",Failed to Yield Right of Way,Had Been Drinking,,Yes,Yes,,,,,,,,,,,91,Weston-Pelham Park,91,Weston-Pellam Park (91),D11,624416.3468,4836146.42
10997,80217930,4002857204,06/09/2014,2014,1744,BURNHAMTHORPE RD,SHAVER AVE N,,Major Arterial,Etobicoke York,43.648165,-79.551685,Intersection Related,Stop Sign,Clear,Daylight,Dry,Non-Fatal Injury,Turning Movement,Driver,20 to 24,Minor,,West,"Automobile, Station Wagon",Going Ahead,Exceeding Speed Limit,Unknown,,,,,,,,,Yes,,,,,Yes,Yes,Yes,,,,158,Islington,14,Islington-City Centre West (14),D22,616802.2315,4833814.625
10998,80217931,4002857204,06/09/2014,2014,1744,BURNHAMTHORPE RD,SHAVER AVE N,,Major Arterial,Etobicoke York,43.648165,-79.551685,Intersection Related,Stop Sign,Clear,Daylight,Dry,Non-Fatal Injury,Turning Movement,Driver,45 to 49,Major,,South,"Automobile, Station Wagon",Turning Left,Failed to Yield Right of Way,Unknown,,,,,,,,,Yes,,,,,Yes,Yes,Yes,,,,158,Islington,14,Islington-City Centre West (14),D22,616802.2315,4833814.625
10999,80217932,4002857204,06/09/2014,2014,1744,BURNHAMTHORPE RD,SHAVER AVE N,,Major Arterial,Etobicoke York,43.648165,-79.551685,Intersection Related,Stop Sign,Clear,Daylight,Dry,Non-Fatal Injury,Turning Movement,Passenger,45 to 49,Major,,,,,,,,,,,,,,,Yes,,,,,Yes,Yes,Yes,,,,158,Islington,14,Islington-City Centre West (14),D22,616802.2315,4833814.625
11000,80217933,4002857204,06/09/2014,2014,1744,BURNHAMTHORPE RD,SHAVER AVE N,,Major Arterial,Etobicoke York,43.648165,-79.551685,Intersection Related,Stop Sign,Clear,Daylight,Dry,Non-Fatal Injury,Turning Movement,Passenger,10 to 14,Minor,,,,,,,,,,,,,,,Yes,,,,,Yes,Yes,Yes,,,,158,Islington,14,Islington-City Centre West (14),D22,616802.2315,4833814.625
11001,80173527,4002857314,06/09/2014,2014,1758,DANFORTH AVE,WOODINGTON AVE,,Major Arterial,Toronto and East York,43.683928,-79.320888,At Intersection,Traffic Signal,Clear,Daylight,Dry,Non-Fatal Injury,Pedestrian Collisions,Driver,35 to 39,None,,South,Delivery Van,Turning Left,Failed to Yield Right of Way,Inattentive,,,,,,,Yes,,Yes,,,,,,,Yes,,,,64,Woodbine Corridor,64,Woodbine Corridor (64),D55,635335.113,4838137.309
11002,80173528,4002857314,06/09/2014,2014,1758,DANFORTH AVE,WOODINGTON AVE,,Major Arterial,Toronto and East York,43.683928,-79.320888,At Intersection,Traffic Signal,Clear,Daylight,Dry,Non-Fatal Injury,Pedestrian Collisions,Pedestrian,60 to 64,Major,,North,,,,,Vehicle turns left while ped crosses with ROW at inter.,Crossing with right of way,Normal,,,,Yes,,Yes,,,,,,,Yes,,,,64,Woodbine Corridor,64,Woodbine Corridor (64),D55,635335.113,4838137.309
11003,80173620,4002864815,07/09/2014,2014,2130,YONGE ST,FINCH AVE W,,Major Arterial,North York,43.779761,-79.415561,At Intersection,Traffic Signal,Clear,"Dark, artificial",Dry,Non-Fatal Injury,Pedestrian Collisions,Driver,25 to 29,None,,North,"Automobile, Station Wagon",Going Ahead,Driving Properly,Normal,,,,,,,Yes,,Yes,,,,,,,,,,,151,Yonge-Doris,51,Willowdale East (51),D32,627500.9435,4848630.814
11004,80173621,4002864815,07/09/2014,2014,2130,YONGE ST,FINCH AVE W,,Major Arterial,North York,43.779761,-79.415561,At Intersection,Traffic Signal,Clear,"Dark, artificial",Dry,Non-Fatal Injury,Pedestrian Collisions,Pedestrian,20 to 24,Major,,West,,,,,Vehicle is going straight thru inter.while ped cross without ROW,Running onto Roadway,Inattentive,,,,Yes,,Yes,,,,,,,,,,,151,Yonge-Doris,51,Willowdale East (51),D32,627500.9435,4848630.814
11005,80217944,4002858983,07/09/2014,2014,2313,2324 SHEPPARD AVE W,,,Major Arterial,Etobicoke York,43.734236,-79.5358,Private Driveway,No Control,Clear,"Dark, artificial",Dry,Non-Fatal Injury,SMV Other,Driver,40 to 44,Major,,East,"Automobile, Station Wagon",Turning Left,Lost control,"Ability Impaired, Alcohol Over .08",,,,,,,,,Yes,,,,,Yes,,Yes,,Yes,,23,Pelmo Park-Humberlea,23,Pelmo Park-Humberlea (23),D31,617914.5337,4843396.448
11006,80217945,4002858983,07/09/2014,2014,2313,2324 SHEPPARD AVE W,,,Major Arterial,Etobicoke York,43.734236,-79.5358,Private Driveway,No Control,Clear,"Dark, artificial",Dry,Non-Fatal Injury,SMV Other,Other,unknown,None,,Unknown,,Unknown,,,,,,,,,,,Yes,,,,,Yes,,Yes,,Yes,,23,Pelmo Park-Humberlea,23,Pelmo Park-Humberlea (23),D31,617914.5337,4843396.448
11007,80217946,4002858983,07/09/2014,2014,2313,2324 SHEPPARD AVE W,,,Major Arterial,Etobicoke York,43.734236,-79.5358,Private Driveway,No Control,Clear,"Dark, artificial",Dry,Non-Fatal Injury,SMV Other,Passenger,30 to 34,None,,,,,,,,,,,,,,,Yes,,,,,Yes,,Yes,,Yes,,23,Pelmo Park-Humberlea,23,Pelmo Park-Humberlea (23),D31,617914.5337,4843396.448
11008,80631882,4002867975,08/09/2014,2014,1145,OLD WESTON RD,ALGARVE CRES,1 m North of,Minor Arterial,Toronto and East York,43.679778,-79.46564,At Intersection,No Control,Clear,Daylight,Dry,Non-Fatal Injury,SMV Unattended Vehicle,Driver,60 to 64,Major,,North,"Automobile, Station Wagon",Unknown,Lost control,Unknown,,,,,,,,,Yes,,,,,,,,,,,91,Weston-Pelham Park,91,Weston-Pellam Park (91),D12,623676.6291,4837450.363
11009,80218098,4002874669,09/09/2014,2014,1115,ANNETTE ST,PACIFIC AVE,,Minor Arterial,Toronto and East York,43.663241,-79.467639,At Intersection,Traffic Signal,Clear,Daylight,Dry,Non-Fatal Injury,Pedestrian Collisions,Driver,55 to 59,None,,South,Delivery Van,Turning Left,Failed to Yield Right of Way,Normal,,,,,,,Yes,,Yes,,,,,,,Yes,,,,90,Junction Area,90,Junction Area (90),D11,623549.426,4835610.73
11010,80218099,4002874669,09/09/2014,2014,1115,ANNETTE ST,PACIFIC AVE,,Minor Arterial,Toronto and East York,43.663241,-79.467639,At Intersection,Traffic Signal,Clear,Daylight,Dry,Non-Fatal Injury,Pedestrian Collisions,Pedestrian,80 to 84,Major,,North,,,,,Vehicle turns left while ped crosses with ROW at inter.,Crossing with right of way,Normal,,,,Yes,,Yes,,,,,,,Yes,,,,90,Junction Area,90,Junction Area (90),D11,623549.426,4835610.73
11011,8000156,142879736,10/09/2014,2014,620,OKEEFE LANE,DUNDAS SQ,,Laneway,Toronto and East York,43.655387,-79.379863,,No Control,Clear,"Dark, artificial",Dry,Fatal,Pedestrian Collisions,Truck Driver,30 to 34,None,,South,Truck - Dump,Reversing,Other,Inattentive,,,,,,,Yes,,,,Yes,,,,,,,,,168,Downtown Yonge East,75,Church-Yonge Corridor (75),D51,630643.6317,4834872.896
11012,80000046,142879736,10/09/2014,2014,620,OKEEFE LANE,DUNDAS SQ,,Laneway,Toronto and East York,43.655387,-79.379863,,No Control,Clear,"Dark, artificial",Dry,Fatal,Pedestrian Collisions,Pedestrian,25 to 29,Fatal,27,Unknown,,,,,Vehicle is reversing and hits pedestrian,Other,Had Been Drinking,,,,Yes,,,,Yes,,,,,,,,,168,Downtown Yonge East,75,Church-Yonge Corridor (75),D51,630643.6317,4834872.896
11013,80218171,4002881159,10/09/2014,2014,1030,ST CLAIR AVE E,KENNEDY RD,,Major Arterial,Scarborough,43.716452,-79.261302,Intersection Related,No Control,Clear,Daylight,Dry,Non-Fatal Injury,SMV Other,Driver - Not Hit,unknown,None,,,"Automobile, Station Wagon",,,,,,,,,,,,Yes,Yes,,,,,,Yes,,,,120,Clairlea-Birchmount,120,Clairlea-Birchmount (120),D41,640061.9996,4841848.53
11014,80218172,4002881159,10/09/2014,2014,1030,ST CLAIR AVE E,KENNEDY RD,,Major Arterial,Scarborough,43.716452,-79.261302,Intersection Related,No Control,Clear,Daylight,Dry,Non-Fatal Injury,SMV Other,Motorcycle Driver,20 to 24,Major,,West,Motorcycle,Going Ahead,Driving Properly,Normal,,,,,,,,,Yes,Yes,,,,,,Yes,,,,120,Clairlea-Birchmount,120,Clairlea-Birchmount (120),D41,640061.9996,4841848.53
11015,80173915,4002884654,10/09/2014,2014,2012,LAWRENCE AVE E,WARDEN AVE,,Major Arterial,Scarborough,43.74536,-79.294727,At Intersection,Traffic Signal,Rain,"Dark, artificial",Wet,Non-Fatal Injury,Pedestrian Collisions,Driver,55 to 59,None,,West,"Automobile, Station Wagon",Turning Left,Failed to Yield Right of Way,Inattentive,,,,,,,Yes,,Yes,,,,,,,Yes,,,,119,Wexford/Maryvale,119,Wexford/Maryvale (119),D41,637303.3187,4845003.248
11016,80173916,4002884654,10/09/2014,2014,2012,LAWRENCE AVE E,WARDEN AVE,,Major Arterial,Scarborough,43.74536,-79.294727,At Intersection,Traffic Signal,Rain,"Dark, artificial",Wet,Non-Fatal Injury,Pedestrian Collisions,Pedestrian,45 to 49,Major,,West,,,,,Vehicle turns left while ped crosses with ROW at inter.,Crossing with right of way,Normal,,,,Yes,,Yes,,,,,,,Yes,,,,119,Wexford/Maryvale,119,Wexford/Maryvale (119),D41,637303.3187,4845003.248