OBJECTID,INDEX,ACCNUM,DATE,ACCIDENT_YEAR,TIME,STREET1,STREET2,OFFSET,ROAD_CLASS,DISTRICT,LATITUDE,LONGITUDE,ACCLOC,TRAFFCTL,VISIBILITY,LIGHT,RDSFCOND,ACCLASS,IMPACTYPE,INVTYPE,INVAGE,INJURY,FATAL_NO,INITDIR,VEHTYPE,MANOEUVER,DRIVACT,DRIVCOND,PEDTYPE,PEDACT,PEDCOND,CYCLISTYPE,CYCACT,CYCCOND,PEDESTRIAN,CYCLIST,AUTOMOBILE,MOTORCYCLE,TRUCK,TRSN_CITY_VEH,EMERG_VEH,PASSENGER,SPEEDING,AG_DRIV,REDLIGHT,ALCOHOL,DISABILITY,HOOD_158,NEIGHBOURHOOD_158,HOOD_140,NEIGHBOURHOOD_140,DIVISION,x,y
11017,80485564,4002886498,11/09/2014,2014,625,STEELES AVE W,CONLEY ST,,Major Arterial,North York,43.788638,-79.463176,At Intersection,Traffic Signal,Clear,"Dark, artificial",Wet,Non-Fatal Injury,Turning Movement,Driver,60 to 64,None,,East,Pick Up Truck,Turning Left,Improper Turn,Normal,,,,,,,,,Yes,Yes,,,,,,,,,,35,Westminster-Branson,35,Westminster-Branson (35),D32,623650.9952,4849544.513
11018,80485565,4002886498,11/09/2014,2014,625,STEELES AVE W,CONLEY ST,,Major Arterial,North York,43.788638,-79.463176,At Intersection,Traffic Signal,Clear,"Dark, artificial",Wet,Non-Fatal Injury,Turning Movement,Motorcycle Driver,40 to 44,Major,,West,Motorcycle,Going Ahead,Other,Normal,,,,,,,,,Yes,Yes,,,,,,,,,,35,Westminster-Branson,35,Westminster-Branson (35),D32,623650.9952,4849544.513
11019,80218396,4002906646,9/14/2014,2014,643,WALSH AVE,WESTON N WALSH RAMP,,Major Arterial,Etobicoke York,43.717013,-79.537273,At Intersection,Traffic Signal,Clear,Daylight,Dry,Non-Fatal Injury,Turning Movement,Driver,60 to 64,Minor,,North,"Automobile, Station Wagon",Turning Left,Disobeyed Traffic Control,Normal,,,,,,,,,Yes,,,,,,,Yes,Yes,,,23,Pelmo Park-Humberlea,23,Pelmo Park-Humberlea (23),D31,617829.6713,4841481.496
11020,80218397,4002906646,9/14/2014,2014,643,WALSH AVE,WESTON N WALSH RAMP,,Major Arterial,Etobicoke York,43.717013,-79.537273,At Intersection,Traffic Signal,Clear,Daylight,Dry,Non-Fatal Injury,Turning Movement,Driver,65 to 69,Major,,East,"Automobile, Station Wagon",Going Ahead,Driving Properly,Normal,,,,,,,,,Yes,,,,,,,Yes,Yes,,,23,Pelmo Park-Humberlea,23,Pelmo Park-Humberlea (23),D31,617829.6713,4841481.496
11021,80218467,4002915951,9/15/2014,2014,1655,HUMBERWOOD BLVD,HULLRICK DR,15 m East of,Collector,Etobicoke York,43.723643,-79.619922,Non Intersection,No Control,Rain,Daylight,Wet,Non-Fatal Injury,Approaching,Driver,25 to 29,Major,,West,"Automobile, Station Wagon",Overtaking,Speed too Fast For Condition,Normal,,,,,,,,,Yes,,,,,,Yes,Yes,,,,1,West Humber-Clairville,1,West Humber-Clairville (1),D23,611159.593,4842103.678
11022,80218468,4002915951,9/15/2014,2014,1655,HUMBERWOOD BLVD,HULLRICK DR,15 m East of,Collector,Etobicoke York,43.723643,-79.619922,Non Intersection,No Control,Rain,Daylight,Wet,Non-Fatal Injury,Approaching,Driver,30 to 34,Minor,,East,"Automobile, Station Wagon",Going Ahead,Driving Properly,Normal,,,,,,,,,Yes,,,,,,Yes,Yes,,,,1,West Humber-Clairville,1,West Humber-Clairville (1),D23,611159.593,4842103.678
11023,80218496,4002916967,9/15/2014,2014,2010,EGLINTON AVE E,EGLINTON SQ,,Major Arterial,Scarborough,43.724959,-79.300533,At Intersection,Traffic Signal,Rain,"Dark, artificial",Wet,Non-Fatal Injury,Angle,Driver,20 to 24,None,,South,"Automobile, Station Wagon",Going Ahead,Disobeyed Traffic Control,Normal,,,,,,,,,Yes,,,,,Yes,,Yes,Yes,,,120,Clairlea-Birchmount,120,Clairlea-Birchmount (120),D41,636882.3083,4842727.807
11024,80218497,4002916967,9/15/2014,2014,2010,EGLINTON AVE E,EGLINTON SQ,,Major Arterial,Scarborough,43.724959,-79.300533,At Intersection,Traffic Signal,Rain,"Dark, artificial",Wet,Non-Fatal Injury,Angle,Driver,40 to 44,Minimal,,East,"Automobile, Station Wagon",Going Ahead,Driving Properly,Normal,,,,,,,,,Yes,,,,,Yes,,Yes,Yes,,,120,Clairlea-Birchmount,120,Clairlea-Birchmount (120),D41,636882.3083,4842727.807
11025,80218498,4002916967,9/15/2014,2014,2010,EGLINTON AVE E,EGLINTON SQ,,Major Arterial,Scarborough,43.724959,-79.300533,At Intersection,Traffic Signal,Rain,"Dark, artificial",Wet,Non-Fatal Injury,Angle,Driver,45 to 49,Minimal,,East,Passenger Van,Going Ahead,Driving Properly,Normal,,,,,,,,,Yes,,,,,Yes,,Yes,Yes,,,120,Clairlea-Birchmount,120,Clairlea-Birchmount (120),D41,636882.3083,4842727.807
11026,80218499,4002916967,9/15/2014,2014,2010,EGLINTON AVE E,EGLINTON SQ,,Major Arterial,Scarborough,43.724959,-79.300533,At Intersection,Traffic Signal,Rain,"Dark, artificial",Wet,Non-Fatal Injury,Angle,Passenger,15 to 19,None,,,,,,,,,,,,,,,Yes,,,,,Yes,,Yes,Yes,,,120,Clairlea-Birchmount,120,Clairlea-Birchmount (120),D41,636882.3083,4842727.807
11027,80218500,4002916967,9/15/2014,2014,2010,EGLINTON AVE E,EGLINTON SQ,,Major Arterial,Scarborough,43.724959,-79.300533,At Intersection,Traffic Signal,Rain,"Dark, artificial",Wet,Non-Fatal Injury,Angle,Passenger,40 to 44,Major,,,,,,,,,,,,,,,Yes,,,,,Yes,,Yes,Yes,,,120,Clairlea-Birchmount,120,Clairlea-Birchmount (120),D41,636882.3083,4842727.807
11028,80218501,4002916967,9/15/2014,2014,2010,EGLINTON AVE E,EGLINTON SQ,,Major Arterial,Scarborough,43.724959,-79.300533,At Intersection,Traffic Signal,Rain,"Dark, artificial",Wet,Non-Fatal Injury,Angle,Passenger,15 to 19,Minimal,,,,,,,,,,,,,,,Yes,,,,,Yes,,Yes,Yes,,,120,Clairlea-Birchmount,120,Clairlea-Birchmount (120),D41,636882.3083,4842727.807
11029,80218502,4002916967,9/15/2014,2014,2010,EGLINTON AVE E,EGLINTON SQ,,Major Arterial,Scarborough,43.724959,-79.300533,At Intersection,Traffic Signal,Rain,"Dark, artificial",Wet,Non-Fatal Injury,Angle,Passenger,15 to 19,Minimal,,,,,,,,,,,,,,,Yes,,,,,Yes,,Yes,Yes,,,120,Clairlea-Birchmount,120,Clairlea-Birchmount (120),D41,636882.3083,4842727.807
11030,80218503,4002916967,9/15/2014,2014,2010,EGLINTON AVE E,EGLINTON SQ,,Major Arterial,Scarborough,43.724959,-79.300533,At Intersection,Traffic Signal,Rain,"Dark, artificial",Wet,Non-Fatal Injury,Angle,Passenger,10 to 14,Minimal,,,,,,,,,,,,,,,Yes,,,,,Yes,,Yes,Yes,,,120,Clairlea-Birchmount,120,Clairlea-Birchmount (120),D41,636882.3083,4842727.807
11031,80218504,4002916967,9/15/2014,2014,2010,EGLINTON AVE E,EGLINTON SQ,,Major Arterial,Scarborough,43.724959,-79.300533,At Intersection,Traffic Signal,Rain,"Dark, artificial",Wet,Non-Fatal Injury,Angle,Passenger,10 to 14,Minimal,,,,,,,,,,,,,,,Yes,,,,,Yes,,Yes,Yes,,,120,Clairlea-Birchmount,120,Clairlea-Birchmount (120),D41,636882.3083,4842727.807
11032,80218522,4002919707,9/16/2014,2014,932,DVP S DON MILLS S RAMP RD,DON MILLS RD,10 m South o,Major Arterial,Toronto and East York,43.700286,-79.337711,Overpass or Bridge,No Control,Clear,Daylight,Dry,Non-Fatal Injury,SMV Other,Truck Driver,50 to 54,Major,,South,Truck (other),Going Ahead,Speed too Fast For Condition,Normal,,,,,,,,,,,Yes,,,,Yes,Yes,,,,58,Old East York,58,Old East York (58),D55,633942.7563,4839926.778
11033,80174497,4002929082,9/17/2014,2014,1620,FINCH AVE E,LINUS RD,,Major Arterial,North York,43.791945,-79.358073,Intersection Related,Traffic Signal,Clear,Daylight,Dry,Non-Fatal Injury,Pedestrian Collisions,Driver,50 to 54,None,,East,Pick Up Truck,Going Ahead,Driving Properly,Normal,,,,,,,Yes,,Yes,,,,,,,,,,,47,Don Valley Village,47,Don Valley Village (47),D33,632100.2468,4850074.18
11034,80174498,4002929082,9/17/2014,2014,1620,FINCH AVE E,LINUS RD,,Major Arterial,North York,43.791945,-79.358073,Intersection Related,Traffic Signal,Clear,Daylight,Dry,Non-Fatal Injury,Pedestrian Collisions,Pedestrian,45 to 49,Major,,West,,,,,Vehicle is going straight thru inter.while ped cross without ROW,Running onto Roadway,Medical or Physical Disability,,,,Yes,,Yes,,,,,,,,,,,47,Don Valley Village,47,Don Valley Village (47),D33,632100.2468,4850074.18
11035,8000157,142937129,9/18/2014,2014,2001,ST CLAIR AVE W,DEER PARK CRES,,Major Arterial,Toronto and East York,43.687525,-79.396793,,No Control,Clear,"Dark, artificial",Dry,Fatal,Pedestrian Collisions,Driver,60 to 64,None,,East,Street Car,Going Ahead,Driving Properly,Normal,,,,,,,Yes,,,,,Yes,,,,,,,,97,Yonge-St.Clair,97,Yonge-St.Clair (97),D53,629209.4424,4838415.737
11036,80000047,142937129,9/18/2014,2014,2001,ST CLAIR AVE W,DEER PARK CRES,,Major Arterial,Toronto and East York,43.687525,-79.396793,,No Control,Clear,"Dark, artificial",Dry,Fatal,Pedestrian Collisions,Pedestrian,75 to 79,Fatal,28,South,,,,,Pedestrian involved in a collision with transit vehicle anywhere along roadway,"Crossing, no Traffic Control",Unknown,,,,Yes,,,,,Yes,,,,,,,,97,Yonge-St.Clair,97,Yonge-St.Clair (97),D53,629209.4424,4838415.737
11037,80631885,4002949644,9/20/2014,2014,2003,SKYWAY AVE,MERIDIAN RD,220 m South ,Minor Arterial,Etobicoke York,43.680937,-79.581149,Non Intersection,No Control,Clear,"Dark, artificial",Dry,Non-Fatal Injury,SMV Other,Motorcycle Driver,35 to 39,Major,,West,Motorcycle,Going Ahead,Lost control,Normal,,,,,,,,,,Yes,,,,,,Yes,,,,1,West Humber-Clairville,1,West Humber-Clairville (1),D23,614363.787,4837413.332
11038,80174909,4002952213,9/21/2014,2014,700,STEELES AVE W,BATHURST ST,,Major Arterial,North York,43.792399,-79.445743,At Intersection,Traffic Signal,Rain,Daylight,Wet,Non-Fatal Injury,Pedestrian Collisions,Pedestrian,40 to 44,Major,,East,,,,,Vehicle is going straight thru inter.while ped cross with ROW,Crossing with right of way,Normal,,,,Yes,,Yes,,,,,,,Yes,Yes,,,36,Newtonbrook West,36,Newtonbrook West (36),D32,625045.8013,4849988.419
11039,80174910,4002952213,9/21/2014,2014,700,STEELES AVE W,BATHURST ST,,Major Arterial,North York,43.792399,-79.445743,At Intersection,Traffic Signal,Rain,Daylight,Wet,Non-Fatal Injury,Pedestrian Collisions,Driver,unknown,None,,South,"Automobile, Station Wagon",Going Ahead,Disobeyed Traffic Control,Unknown,,,,,,,Yes,,Yes,,,,,,,Yes,Yes,,,36,Newtonbrook West,36,Newtonbrook West (36),D32,625045.8013,4849988.419
11040,80631886,4002954632,9/21/2014,2014,1542,2715 LAWRENCE AVE E,,50 m West of,Major Arterial,Scarborough,43.752669,-79.259059,At/Near Private Drive,No Control,Clear,Daylight,Dry,Non-Fatal Injury,Turning Movement,Motorcycle Driver,35 to 39,Major,,South,Motorcycle,Going Ahead,Exceeding Speed Limit,Normal,,,,,,,,,Yes,Yes,,,,,Yes,Yes,,,,157,Bendale South,127,Bendale (127),D41,640158.1676,4845874.762
11041,80631887,4002954632,9/21/2014,2014,1542,2715 LAWRENCE AVE E,,50 m West of,Major Arterial,Scarborough,43.752669,-79.259059,At/Near Private Drive,No Control,Clear,Daylight,Dry,Non-Fatal Injury,Turning Movement,Driver,60 to 64,None,,West,"Automobile, Station Wagon",Turning Left,Driving Properly,Normal,,,,,,,,,Yes,Yes,,,,,Yes,Yes,,,,157,Bendale South,127,Bendale (127),D41,640158.1676,4845874.762
11042,8000158,142962876,9/22/2014,2014,2059,KING ST W,CLOSE AVE,,Major Arterial,Toronto and East York,43.63745,-79.434711,,Pedestrian Crossover,Clear,"Dark, artificial",Dry,Fatal,Pedestrian Collisions,Driver,25 to 29,None,,East,"Automobile, Station Wagon",Going Ahead,Failed to Yield Right of Way,Inattentive,,,,,,,Yes,,Yes,,,,,,,Yes,,,,85,South Parkdale,85,South Parkdale (85),D14,626258.3608,4832795.867
11043,80000048,142962876,9/22/2014,2014,2059,KING ST W,CLOSE AVE,,Major Arterial,Toronto and East York,43.63745,-79.434711,,Pedestrian Crossover,Clear,"Dark, artificial",Dry,Fatal,Pedestrian Collisions,Pedestrian,35 to 39,Fatal,29,Unknown,,,,,Pedestrian hit a PXO/ped. Mid-block signal,"Crossing, Pedestrian Crossover",Unknown,,,,Yes,,Yes,,,,,,,Yes,,,,85,South Parkdale,85,South Parkdale (85),D14,626258.3608,4832795.867
11044,80219096,4002973094,9/24/2014,2014,1130,BANBURY RD,LAWRENCE AVE E,10 m North o,Collector,North York,43.735106,-79.357433,Non Intersection,No Control,Clear,Daylight,Dry,Non-Fatal Injury,SMV Other,Driver,65 to 69,Major,,South,"Automobile, Station Wagon",Going Ahead,Lost control,Medical or Physical Disability,,,,,,,,,Yes,,,,,,Yes,Yes,,,Yes,42,Banbury-Don Mills,42,Banbury-Don Mills (42),D33,632276.9517,4843762.366
11045,80219107,4002973211,9/24/2014,2014,1151,551 THE WEST MALL,,,Minor Arterial,Etobicoke York,43.651831,-79.570003,Non Intersection,No Control,Clear,Daylight,Dry,Non-Fatal Injury,SMV Other,Driver,75 to 79,Major,,North,"Automobile, Station Wagon",Going Ahead,Lost control,Unknown,,,,,,,,,Yes,,,,,,Yes,Yes,,,,13,Etobicoke West Mall,13,Etobicoke West Mall (13),D22,615317.9132,4834196.163
11046,80175296,4002979452,9/25/2014,2014,940,LOWER JARVIS ST,THE ESPLANADE,,Major Arterial,Toronto and East York,43.648215,-79.370921,At Intersection,Traffic Signal,Clear,Daylight,Dry,Non-Fatal Injury,Pedestrian Collisions,Driver,15 to 19,None,,South,"Automobile, Station Wagon",Turning Left,Failed to Yield Right of Way,Unknown,,,,,,,Yes,,Yes,,,,,,,Yes,,,,166,St Lawrence-East Bayfront-The Islands,77,Waterfront Communities-The Island (77),D51,631380.3366,4834090.469
11047,80175297,4002979452,9/25/2014,2014,940,LOWER JARVIS ST,THE ESPLANADE,,Major Arterial,Toronto and East York,43.648215,-79.370921,At Intersection,Traffic Signal,Clear,Daylight,Dry,Non-Fatal Injury,Pedestrian Collisions,Pedestrian,20 to 24,Major,,South,,,,,Vehicle turns left while ped crosses with ROW at inter.,Crossing with right of way,Unknown,,,,Yes,,Yes,,,,,,,Yes,,,,166,St Lawrence-East Bayfront-The Islands,77,Waterfront Communities-The Island (77),D51,631380.3366,4834090.469
11048,80175408,4002986275,9/26/2014,2014,918,REDPATH AVE,BROADWAY AVE,,Collector,North York,43.710574,-79.393894,At Intersection,Stop Sign,Clear,Daylight,Dry,Non-Fatal Injury,Pedestrian Collisions,Driver,55 to 59,None,,South,Police Vehicle,Turning Left,Failed to Yield Right of Way,Normal,,,,,,,Yes,,,,,,Yes,,,Yes,,,,173,North Toronto,104,Mount Pleasant West (104),D53,629393.4986,4840980.171
11049,80175409,4002986275,9/26/2014,2014,918,REDPATH AVE,BROADWAY AVE,,Collector,North York,43.710574,-79.393894,At Intersection,Stop Sign,Clear,Daylight,Dry,Non-Fatal Injury,Pedestrian Collisions,Pedestrian,25 to 29,Major,,North,,,,,Vehicle turns left while ped crosses with ROW at inter.,Crossing with right of way,Normal,,,,Yes,,,,,,Yes,,,Yes,,,,173,North Toronto,104,Mount Pleasant West (104),D53,629393.4986,4840980.171
11050,80631888,4002987190,9/26/2014,2014,1153,WILSON AVE,BILLY BISHOP WAY,4 m South of,Major Arterial,North York,43.733313,-79.452823,At Intersection,Traffic Signal,Clear,Daylight,Dry,Non-Fatal Injury,Cyclist Collisions,Driver,50 to 54,None,,North,"Automobile, Station Wagon",Turning Right,Driving Properly,Normal,,,,,,,,Yes,Yes,,,,,,,,,,,33,Clanton Park,33,Clanton Park (33),D32,624598.783,4843415.363
11051,80631889,4002987190,9/26/2014,2014,1153,WILSON AVE,BILLY BISHOP WAY,4 m South of,Major Arterial,North York,43.733313,-79.452823,At Intersection,Traffic Signal,Clear,Daylight,Dry,Non-Fatal Injury,Cyclist Collisions,Cyclist,20 to 24,Major,,East,Bicycle,Going Ahead,,,,,,"Cyclist without ROW rides into path of motorist at inter, lnwy, dwy-Cyclist not turn.",Failed to Yield Right of Way,Normal,,Yes,Yes,,,,,,,,,,,33,Clanton Park,33,Clanton Park (33),D32,624598.783,4843415.363
11052,80631890,4003003255,9/28/2014,2014,1820,WILLIAM R ALLEN RD N,RANEE AVE,100 m North ,,North York,43.724257,-79.447131,Non Intersection,No Control,Clear,Daylight,Dry,Non-Fatal Injury,SMV Other,Motorcycle Driver,45 to 49,Major,,North,Motorcycle,Unknown,Lost control,Unknown,,,,,,,,,,Yes,,,,,,,,,,32,Englemount-Lawrence,32,Englemount-Lawrence (32),D32,625076.0286,4842418.139
11053,80175681,4003007939,9/29/2014,2014,1325,COLLEGE ST,SHAW ST,,Major Arterial,Toronto and East York,43.654898,-79.420261,Non Intersection,Pedestrian Crossover,Clear,Daylight,Dry,Non-Fatal Injury,Cyclist Collisions,Driver,35 to 39,None,,South,"Automobile, Station Wagon",Going Ahead,Failed to Yield Right of Way,Normal,,,,,,,,Yes,Yes,,,,,Yes,,Yes,,,,81,Trinity-Bellwoods,81,Trinity-Bellwoods (81),D14,627387.043,4834755.774
11054,80175682,4003007939,9/29/2014,2014,1325,COLLEGE ST,SHAW ST,,Major Arterial,Toronto and East York,43.654898,-79.420261,Non Intersection,Pedestrian Crossover,Clear,Daylight,Dry,Non-Fatal Injury,Cyclist Collisions,Cyclist,25 to 29,Major,,East,Bicycle,Going Ahead,,,,,,"Motorist without ROW drives into path of cyclist at inter, lnwy, dwy-Driver not turn.",Failed to Yield Right of Way,Fatigue,,Yes,Yes,,,,,Yes,,Yes,,,,81,Trinity-Bellwoods,81,Trinity-Bellwoods (81),D14,627387.043,4834755.774
11055,80175683,4003007939,9/29/2014,2014,1325,COLLEGE ST,SHAW ST,,Major Arterial,Toronto and East York,43.654898,-79.420261,Non Intersection,Pedestrian Crossover,Clear,Daylight,Dry,Non-Fatal Injury,Cyclist Collisions,Passenger,20 to 24,Minimal,,,,,,,,,,,,,,Yes,Yes,,,,,Yes,,Yes,,,,81,Trinity-Bellwoods,81,Trinity-Bellwoods (81),D14,627387.043,4834755.774
11056,80175762,4003015546,9/30/2014,2014,1538,DUNDAS ST E,MUTUAL ST,,Major Arterial,Toronto and East York,43.656806,-79.375659,At Intersection,No Control,Clear,Daylight,Dry,Non-Fatal Injury,Pedestrian Collisions,Motorcycle Driver,35 to 39,Minor,,West,Motorcycle,Going Ahead,Driving Properly,Fatigue,,,,,,,Yes,,,Yes,,,,,,,,,,168,Downtown Yonge East,75,Church-Yonge Corridor (75),D51,630979.5498,4835037.123
11057,80175763,4003015546,9/30/2014,2014,1538,DUNDAS ST E,MUTUAL ST,,Major Arterial,Toronto and East York,43.656806,-79.375659,At Intersection,No Control,Clear,Daylight,Dry,Non-Fatal Injury,Pedestrian Collisions,Pedestrian,45 to 49,Major,,South,,,,,Vehicle is going straight thru inter.while ped cross without ROW,Crossing without right of way,Medical or Physical Disability,,,,Yes,,,Yes,,,,,,,,,,168,Downtown Yonge East,75,Church-Yonge Corridor (75),D51,630979.5498,4835037.123
11058,8000159,143015764,9/30/2014,2014,1608,ST CLAIR AVE W,KEELE ST,,Major Arterial,Etobicoke York,43.672331,-79.468509,,No Control,Clear,Daylight,Dry,Fatal,Pedestrian Collisions,Driver,45 to 49,None,,East,Street Car,Slowing or Stopping,Driving Properly,Normal,,,,,,,Yes,,,,,Yes,,,,,,,,90,Junction Area,90,Junction Area (90),D11,623460.643,4836619
11059,80000049,143015764,9/30/2014,2014,1608,ST CLAIR AVE W,KEELE ST,,Major Arterial,Etobicoke York,43.672331,-79.468509,,No Control,Clear,Daylight,Dry,Fatal,Pedestrian Collisions,Pedestrian,70 to 74,Fatal,30,North,,,,,Pedestrian involved in a collision with transit vehicle anywhere along roadway,"Crossing, no Traffic Control",Unknown,,,,Yes,,,,,Yes,,,,,,,,90,Junction Area,90,Junction Area (90),D11,623460.643,4836619
11060,80000050,143022510,01/10/2014,2014,1620,35 IRWIN RD,,,Local,Etobicoke York,43.725997,-79.55511,,No Control,Clear,Daylight,Wet,Fatal,SMV Other,Motorcycle Driver,20 to 24,Fatal,31,East,Motorcycle,Going Ahead,Lost control,Unknown,,,,,,,,,,Yes,,,,,Yes,Yes,,,,5,Elms-Old Rexdale,5,Elms-Old Rexdale (5),D23,616375.4101,4842454.093
11061,80175900,4003025669,02/10/2014,2014,740,581 TRETHEWEY DR,,,Minor Arterial,Etobicoke York,43.696761,-79.491908,Non Intersection,No Control,Clear,Daylight,Dry,Non-Fatal Injury,Sideswipe,Driver,30 to 34,None,,West,"Automobile, Station Wagon",Going Ahead,Driving Properly,Normal,,,,,,,,,Yes,,,,,Yes,,Yes,,,,30,Brookhaven-Amesbury,30,Brookhaven-Amesbury (30),D12,621524.9859,4839297.721
11062,80175901,4003025669,02/10/2014,2014,740,581 TRETHEWEY DR,,,Minor Arterial,Etobicoke York,43.696761,-79.491908,Non Intersection,No Control,Clear,Daylight,Dry,Non-Fatal Injury,Sideswipe,Driver,30 to 34,None,,East,"Automobile, Station Wagon",Going Ahead,Driving Properly,Normal,,,,,,,,,Yes,,,,,Yes,,Yes,,,,30,Brookhaven-Amesbury,30,Brookhaven-Amesbury (30),D12,621524.9859,4839297.721
11063,80175902,4003025669,02/10/2014,2014,740,581 TRETHEWEY DR,,,Minor Arterial,Etobicoke York,43.696761,-79.491908,Non Intersection,No Control,Clear,Daylight,Dry,Non-Fatal Injury,Sideswipe,Driver,55 to 59,Major,,West,"Automobile, Station Wagon",Overtaking,Lost control,Had Been Drinking,,,,,,,,,Yes,,,,,Yes,,Yes,,,,30,Brookhaven-Amesbury,30,Brookhaven-Amesbury (30),D12,621524.9859,4839297.721
11064,80175903,4003025669,02/10/2014,2014,740,581 TRETHEWEY DR,,,Minor Arterial,Etobicoke York,43.696761,-79.491908,Non Intersection,No Control,Clear,Daylight,Dry,Non-Fatal Injury,Sideswipe,Passenger,55 to 59,None,,,,,,,,,,,,,,,Yes,,,,,Yes,,Yes,,,,30,Brookhaven-Amesbury,30,Brookhaven-Amesbury (30),D12,621524.9859,4839297.721
11065,80175904,4003025669,02/10/2014,2014,740,581 TRETHEWEY DR,,,Minor Arterial,Etobicoke York,43.696761,-79.491908,Non Intersection,No Control,Clear,Daylight,Dry,Non-Fatal Injury,Sideswipe,Passenger,15 to 19,None,,,,,,,,,,,,,,,Yes,,,,,Yes,,Yes,,,,30,Brookhaven-Amesbury,30,Brookhaven-Amesbury (30),D12,621524.9859,4839297.721
11066,80175905,4003025669,02/10/2014,2014,740,581 TRETHEWEY DR,,,Minor Arterial,Etobicoke York,43.696761,-79.491908,Non Intersection,No Control,Clear,Daylight,Dry,Non-Fatal Injury,Sideswipe,Passenger,10 to 14,None,,,,,,,,,,,,,,,Yes,,,,,Yes,,Yes,,,,30,Brookhaven-Amesbury,30,Brookhaven-Amesbury (30),D12,621524.9859,4839297.721
11067,80175906,4003025669,02/10/2014,2014,740,581 TRETHEWEY DR,,,Minor Arterial,Etobicoke York,43.696761,-79.491908,Non Intersection,No Control,Clear,Daylight,Dry,Non-Fatal Injury,Sideswipe,Passenger,35 to 39,None,,,,,,,,,,,,,,,Yes,,,,,Yes,,Yes,,,,30,Brookhaven-Amesbury,30,Brookhaven-Amesbury (30),D12,621524.9859,4839297.721
11068,80219803,4003042543,04/10/2014,2014,1730,PHARMACY AVE,PRINCEWAY DR,55 m North o,Minor Arterial,Scarborough,43.753657,-79.308833,Non Intersection,No Control,Clear,Daylight,Dry,Non-Fatal Injury,Turning Movement,Driver,55 to 59,None,,North,"Automobile, Station Wagon",Turning Left,Failed to Yield Right of Way,Inattentive,,,,,,,,,Yes,Yes,,,,Yes,,Yes,,,,119,Wexford/Maryvale,119,Wexford/Maryvale (119),D41,636148.7204,4845901.471
11069,80219804,4003042543,04/10/2014,2014,1730,PHARMACY AVE,PRINCEWAY DR,55 m North o,Minor Arterial,Scarborough,43.753657,-79.308833,Non Intersection,No Control,Clear,Daylight,Dry,Non-Fatal Injury,Turning Movement,Motorcycle Driver,25 to 29,Major,,South,Motorcycle,Going Ahead,Lost control,Normal,,,,,,,,,Yes,Yes,,,,Yes,,Yes,,,,119,Wexford/Maryvale,119,Wexford/Maryvale (119),D41,636148.7204,4845901.471
11070,80219805,4003042543,04/10/2014,2014,1730,PHARMACY AVE,PRINCEWAY DR,55 m North o,Minor Arterial,Scarborough,43.753657,-79.308833,Non Intersection,No Control,Clear,Daylight,Dry,Non-Fatal Injury,Turning Movement,Passenger,60 to 64,None,,,,,,,,,,,,,,,Yes,Yes,,,,Yes,,Yes,,,,119,Wexford/Maryvale,119,Wexford/Maryvale (119),D41,636148.7204,4845901.471
11071,80219806,4003042543,04/10/2014,2014,1730,PHARMACY AVE,PRINCEWAY DR,55 m North o,Minor Arterial,Scarborough,43.753657,-79.308833,Non Intersection,No Control,Clear,Daylight,Dry,Non-Fatal Injury,Turning Movement,Passenger,80 to 84,None,,,,,,,,,,,,,,,Yes,Yes,,,,Yes,,Yes,,,,119,Wexford/Maryvale,119,Wexford/Maryvale (119),D41,636148.7204,4845901.471
11072,80219807,4003042543,04/10/2014,2014,1730,PHARMACY AVE,PRINCEWAY DR,55 m North o,Minor Arterial,Scarborough,43.753657,-79.308833,Non Intersection,No Control,Clear,Daylight,Dry,Non-Fatal Injury,Turning Movement,Passenger,80 to 84,None,,,,,,,,,,,,,,,Yes,Yes,,,,Yes,,Yes,,,,119,Wexford/Maryvale,119,Wexford/Maryvale (119),D41,636148.7204,4845901.471
11073,80219808,4003042543,04/10/2014,2014,1730,PHARMACY AVE,PRINCEWAY DR,55 m North o,Minor Arterial,Scarborough,43.753657,-79.308833,Non Intersection,No Control,Clear,Daylight,Dry,Non-Fatal Injury,Turning Movement,Passenger,50 to 54,None,,,,,,,,,,,,,,,Yes,Yes,,,,Yes,,Yes,,,,119,Wexford/Maryvale,119,Wexford/Maryvale (119),D41,636148.7204,4845901.471
11074,80631891,4003056806,07/10/2014,2014,9,UNIVERSITY AVE,QUEEN ST W,,Major Arterial,Toronto and East York,43.650778,-79.386592,At Intersection,Traffic Signal,Rain,"Dark, artificial",Wet,Non-Fatal Injury,Pedestrian Collisions,Driver,45 to 49,None,,South,"Automobile, Station Wagon",Going Ahead,Driving Properly,Normal,,,,,,,Yes,,Yes,,,,,,,,,,,170,Yonge-Bay Corridor,76,Bay Street Corridor (76),D52,630110.9697,4834350.434
11075,80631892,4003056806,07/10/2014,2014,9,UNIVERSITY AVE,QUEEN ST W,,Major Arterial,Toronto and East York,43.650778,-79.386592,At Intersection,Traffic Signal,Rain,"Dark, artificial",Wet,Non-Fatal Injury,Pedestrian Collisions,Pedestrian,25 to 29,Major,,West,,,,,Vehicle is going straight thru inter.while ped cross without ROW,Running onto Roadway,Other,,,,Yes,,Yes,,,,,,,,,,,170,Yonge-Bay Corridor,76,Bay Street Corridor (76),D52,630110.9697,4834350.434