OBJECTID,INDEX,ACCNUM,DATE,ACCIDENT_YEAR,TIME,STREET1,STREET2,OFFSET,ROAD_CLASS,DISTRICT,LATITUDE,LONGITUDE,ACCLOC,TRAFFCTL,VISIBILITY,LIGHT,RDSFCOND,ACCLASS,IMPACTYPE,INVTYPE,INVAGE,INJURY,FATAL_NO,INITDIR,VEHTYPE,MANOEUVER,DRIVACT,DRIVCOND,PEDTYPE,PEDACT,PEDCOND,CYCLISTYPE,CYCACT,CYCCOND,PEDESTRIAN,CYCLIST,AUTOMOBILE,MOTORCYCLE,TRUCK,TRSN_CITY_VEH,EMERG_VEH,PASSENGER,SPEEDING,AG_DRIV,REDLIGHT,ALCOHOL,DISABILITY,HOOD_158,NEIGHBOURHOOD_158,HOOD_140,NEIGHBOURHOOD_140,DIVISION,x,y
11076,80220030,4003063238,08/10/2014,2014,2348,2835 ISLINGTON AVE,,25 m South o,Major Arterial,Etobicoke York,43.749804,-79.567989,At/Near Private Drive,No Control,Clear,"Dark, artificial",Wet,Non-Fatal Injury,SMV Other,Driver,50 to 54,Major,,North,"Automobile, Station Wagon",Going Ahead,Speed too Fast For Condition,"Ability Impaired, Alcohol Over .08",,,,,,,,,Yes,,,,,,Yes,Yes,,Yes,,21,Humber Summit,21,Humber Summit (21),D31,615292.3947,4845080.195
11077,80176725,4003072697,09/10/2014,2014,1240,DON MILLS RD,DUNCAN MILL RD,,Major Arterial,North York,43.761679,-79.347186,At Intersection,Traffic Signal,Clear,Daylight,Dry,Non-Fatal Injury,Pedestrian Collisions,Truck Driver,30 to 34,None,,West,Truck - Open,Turning Left,Failed to Yield Right of Way,Inattentive,,,,,,,Yes,,,,Yes,,,,,Yes,,,,149,Parkwoods-O'Connor Hills,45,Parkwoods-Donalda (45),D33,633043.2695,4846730.106
11078,80176726,4003072697,09/10/2014,2014,1240,DON MILLS RD,DUNCAN MILL RD,,Major Arterial,North York,43.761679,-79.347186,At Intersection,Traffic Signal,Clear,Daylight,Dry,Non-Fatal Injury,Pedestrian Collisions,Pedestrian,50 to 54,Major,,East,,,,,Vehicle turns left while ped crosses with ROW at inter.,Crossing with right of way,Normal,,,,Yes,,,,Yes,,,,,Yes,,,,149,Parkwoods-O'Connor Hills,45,Parkwoods-Donalda (45),D33,633043.2695,4846730.106
11079,80485685,4003073382,09/10/2014,2014,1410,WARDEN AVE,MARBLE ARCH CRES,,Major Arterial,Scarborough,43.735335,-79.290637,Non Intersection,Traffic Signal,Clear,Daylight,Dry,Fatal,Cyclist Collisions,Driver,45 to 49,None,,North,"Automobile, Station Wagon",Going Ahead,Disobeyed Traffic Control,Inattentive,,,,,,,,Yes,Yes,,,,,,,Yes,Yes,,,119,Wexford/Maryvale,119,Wexford/Maryvale (119),D41,637655.61,4843896.609
11080,80485686,4003073382,09/10/2014,2014,1410,WARDEN AVE,MARBLE ARCH CRES,,Major Arterial,Scarborough,43.735335,-79.290637,Non Intersection,Traffic Signal,Clear,Daylight,Dry,Fatal,Cyclist Collisions,Cyclist,60 to 64,Fatal,32,East,Bicycle,Going Ahead,,,,,,"Motorist without ROW drives into path of cyclist at inter, lnwy, dwy-Driver not turn.",Driving Properly,Normal,,Yes,Yes,,,,,,,Yes,Yes,,,119,Wexford/Maryvale,119,Wexford/Maryvale (119),D41,637655.61,4843896.609
11081,80485687,4003074555,09/10/2014,2014,1745,KING ST W,JAMESON AVE,14 m West of,Major Arterial,Toronto and East York,43.637053,-79.436572,Intersection Related,No Control,Clear,Dusk,Dry,Fatal,Pedestrian Collisions,Truck Driver,40 to 44,None,,East,Truck - Dump,Going Ahead,Driving Properly,Normal,,,,,,,Yes,,,,Yes,,,,,,,,,85,South Parkdale,85,South Parkdale (85),D14,626109.079,4832748.946
11082,80485688,4003074555,09/10/2014,2014,1745,KING ST W,JAMESON AVE,14 m West of,Major Arterial,Toronto and East York,43.637053,-79.436572,Intersection Related,No Control,Clear,Dusk,Dry,Fatal,Pedestrian Collisions,Pedestrian,80 to 84,Fatal,33,North,,,,,Pedestrian hit at mid-block,"Crossing, no Traffic Control",Inattentive,,,,Yes,,,,Yes,,,,,,,,,85,South Parkdale,85,South Parkdale (85),D14,626109.079,4832748.946
11083,80176785,4003078638,10/10/2014,2014,1138,F G GARDINER XY  W,PARKSIDE DR,,,Toronto and East York,43.637911,-79.446948,Non Intersection,No Control,Clear,Daylight,Dry,Non-Fatal Injury,Pedestrian Collisions,Pedestrian,35 to 39,Major,,Unknown,,,,,Pedestrian hit at mid-block,Other,Other,,,,Yes,,Yes,,,,,,,,,,,85,South Parkdale,85,South Parkdale (85),D11,625270.34,4832828.526
11084,80176786,4003078638,10/10/2014,2014,1138,F G GARDINER XY  W,PARKSIDE DR,,,Toronto and East York,43.637911,-79.446948,Non Intersection,No Control,Clear,Daylight,Dry,Non-Fatal Injury,Pedestrian Collisions,Driver,35 to 39,None,,West,"Automobile, Station Wagon",Going Ahead,Driving Properly,Normal,,,,,,,Yes,,Yes,,,,,,,,,,,85,South Parkdale,85,South Parkdale (85),D11,625270.34,4832828.526
11085,8000164,143084786,11/10/2014,2014,1024,LAWRENCE AVE W,ALLEN X N LAWRENCE RAMP,,Major Arterial,North York,43.716307,-79.443202,At Intersection,Traffic Signal,Clear,Daylight,Dry,Fatal,Pedestrian Collisions,Driver,30 to 34,None,,North,Municipal Transit Bus (TTC),Turning Left,Improper Turn,Normal,,,,,,,Yes,,,,,Yes,,,,,,,,32,Englemount-Lawrence,32,Englemount-Lawrence (32),D13,625409.0785,4841541.115
11086,80000053,143084786,11/10/2014,2014,1024,LAWRENCE AVE W,ALLEN X N LAWRENCE RAMP,,Major Arterial,North York,43.716307,-79.443202,At Intersection,Traffic Signal,Clear,Daylight,Dry,Fatal,Pedestrian Collisions,Pedestrian,65 to 69,Fatal,34,South,,,,,Pedestrian involved in a collision with transit vehicle anywhere along roadway,Crossing with right of way,Normal,,,,Yes,,,,,Yes,,,,,,,,32,Englemount-Lawrence,32,Englemount-Lawrence (32),D13,625409.0785,4841541.115
11087,80220380,4003092212,12/10/2014,2014,1640,MARTIN GROVE RD,RATHBURN  RD,,Minor Arterial,Etobicoke York,43.657023,-79.555232,At Intersection,Traffic Signal,Clear,Daylight,Dry,Non-Fatal Injury,Angle,Driver,45 to 49,None,,North,Fire Vehicle,Stopped,Disobeyed Traffic Control,Normal,,,,,,,,,Yes,,,,Yes,Yes,,Yes,Yes,,,158,Islington,14,Islington-City Centre West (14),D22,616499.0467,4834793.432
11088,80220381,4003092212,12/10/2014,2014,1640,MARTIN GROVE RD,RATHBURN  RD,,Minor Arterial,Etobicoke York,43.657023,-79.555232,At Intersection,Traffic Signal,Clear,Daylight,Dry,Non-Fatal Injury,Angle,Driver,90 to 94,Minimal,,West,"Automobile, Station Wagon",Going Ahead,Failed to Yield Right of Way,Inattentive,,,,,,,,,Yes,,,,Yes,Yes,,Yes,Yes,,,158,Islington,14,Islington-City Centre West (14),D22,616499.0467,4834793.432
11089,80220382,4003092212,12/10/2014,2014,1640,MARTIN GROVE RD,RATHBURN  RD,,Minor Arterial,Etobicoke York,43.657023,-79.555232,At Intersection,Traffic Signal,Clear,Daylight,Dry,Non-Fatal Injury,Angle,Passenger,45 to 49,None,,,,,,,,,,,,,,,Yes,,,,Yes,Yes,,Yes,Yes,,,158,Islington,14,Islington-City Centre West (14),D22,616499.0467,4834793.432
11090,80220383,4003092212,12/10/2014,2014,1640,MARTIN GROVE RD,RATHBURN  RD,,Minor Arterial,Etobicoke York,43.657023,-79.555232,At Intersection,Traffic Signal,Clear,Daylight,Dry,Non-Fatal Injury,Angle,Passenger,30 to 34,None,,,,,,,,,,,,,,,Yes,,,,Yes,Yes,,Yes,Yes,,,158,Islington,14,Islington-City Centre West (14),D22,616499.0467,4834793.432
11091,80220384,4003092212,12/10/2014,2014,1640,MARTIN GROVE RD,RATHBURN  RD,,Minor Arterial,Etobicoke York,43.657023,-79.555232,At Intersection,Traffic Signal,Clear,Daylight,Dry,Non-Fatal Injury,Angle,Passenger,35 to 39,None,,,,,,,,,,,,,,,Yes,,,,Yes,Yes,,Yes,Yes,,,158,Islington,14,Islington-City Centre West (14),D22,616499.0467,4834793.432
11092,80220385,4003092212,12/10/2014,2014,1640,MARTIN GROVE RD,RATHBURN  RD,,Minor Arterial,Etobicoke York,43.657023,-79.555232,At Intersection,Traffic Signal,Clear,Daylight,Dry,Non-Fatal Injury,Angle,Passenger,85 to 89,Major,,,,,,,,,,,,,,,Yes,,,,Yes,Yes,,Yes,Yes,,,158,Islington,14,Islington-City Centre West (14),D22,616499.0467,4834793.432
11093,80220494,4003101857,14/10/2014,2014,1255,KENNEDY RD,GLAMORGAN AVE,,Major Arterial,Scarborough,43.769412,-79.282245,At Intersection,Traffic Signal,Clear,Daylight,Wet,Non-Fatal Injury,Turning Movement,Driver,45 to 49,None,,North,"Automobile, Station Wagon",Turning Left,Failed to Yield Right of Way,Inattentive,,,,,,,,,Yes,Yes,,,,,,Yes,,,,126,Dorset Park,126,Dorset Park (126),D41,638252.9362,4847695.355
11094,80220495,4003101857,14/10/2014,2014,1255,KENNEDY RD,GLAMORGAN AVE,,Major Arterial,Scarborough,43.769412,-79.282245,At Intersection,Traffic Signal,Clear,Daylight,Wet,Non-Fatal Injury,Turning Movement,Motorcycle Driver,50 to 54,Major,,South,Motorcycle,Going Ahead,Driving Properly,Normal,,,,,,,,,Yes,Yes,,,,,,Yes,,,,126,Dorset Park,126,Dorset Park (126),D41,638252.9362,4847695.355
11095,80220508,4003102605,14/10/2014,2014,1448,BRIDLETOWNE CRCL,FINCH AVE E,,Major Arterial,Scarborough,43.79584,-79.319309,At Intersection,Traffic Signal,Clear,Daylight,Dry,Non-Fatal Injury,Turning Movement,Driver,50 to 54,None,,North,"Automobile, Station Wagon",Turning Left,Failed to Yield Right of Way,Normal,,,,,,,,,Yes,Yes,,,,,,Yes,,,,147,L'Amoreaux West,117,L'Amoreaux (117),D42,635210.2279,4850569.38
11096,80220509,4003102605,14/10/2014,2014,1448,BRIDLETOWNE CRCL,FINCH AVE E,,Major Arterial,Scarborough,43.79584,-79.319309,At Intersection,Traffic Signal,Clear,Daylight,Dry,Non-Fatal Injury,Turning Movement,Motorcycle Driver,20 to 24,Major,,South,Motorcycle,Going Ahead,Improper Passing,Normal,,,,,,,,,Yes,Yes,,,,,,Yes,,,,147,L'Amoreaux West,117,L'Amoreaux (117),D42,635210.2279,4850569.38
11097,80177277,4003112757,16/10/2014,2014,644,BERTRAND AVE,BIRCHMOUNT RD,,Major Arterial,Scarborough,43.735224,-79.279865,At Intersection,Traffic Signal,Clear,"Dark, artificial",Dry,Non-Fatal Injury,Pedestrian Collisions,Driver,65 to 69,None,,East,"Automobile, Station Wagon",Turning Left,Failed to Yield Right of Way,Normal,,,,,,,Yes,,Yes,,,,,,,Yes,,,,119,Wexford/Maryvale,119,Wexford/Maryvale (119),D41,638523.3489,4843902.235
11098,80177278,4003112757,16/10/2014,2014,644,BERTRAND AVE,BIRCHMOUNT RD,,Major Arterial,Scarborough,43.735224,-79.279865,At Intersection,Traffic Signal,Clear,"Dark, artificial",Dry,Non-Fatal Injury,Pedestrian Collisions,Pedestrian,55 to 59,Major,,West,,,,,Vehicle turns left while ped crosses with ROW at inter.,Crossing with right of way,Normal,,,,Yes,,Yes,,,,,,,Yes,,,,119,Wexford/Maryvale,119,Wexford/Maryvale (119),D41,638523.3489,4843902.235
11099,8000165,143117140,16/10/2014,2014,1927,VICTORIA PARK AVE,EGLINTON AVE E,,Major Arterial,North York,43.725833,-79.303104,,No Control,Rain,"Dark, artificial",Wet,Fatal,Pedestrian Collisions,Driver,50 to 54,None,,South,"Automobile, Station Wagon",Going Ahead,Driving Properly,Normal,,,,,,,Yes,,Yes,,,,,,,,,,,119,Wexford/Maryvale,119,Wexford/Maryvale (119),D41,636673.239,4842820.634
11100,80000054,143117140,16/10/2014,2014,1927,VICTORIA PARK AVE,EGLINTON AVE E,,Major Arterial,North York,43.725833,-79.303104,,No Control,Rain,"Dark, artificial",Wet,Fatal,Pedestrian Collisions,Pedestrian,55 to 59,Fatal,35,West,,,,,Pedestrian hit at mid-block,"Crossing, no Traffic Control",Unknown,,,,Yes,,Yes,,,,,,,,,,,119,Wexford/Maryvale,119,Wexford/Maryvale (119),D41,636673.239,4842820.634
11101,80177786,4003142204,20/10/2014,2014,1803,BAY ST,QUEEN ST W,,Major Arterial,Toronto and East York,43.651881,-79.381709,At Intersection,Traffic Signal,Rain,Dusk,Wet,Non-Fatal Injury,Cyclist Collisions,Driver,20 to 24,None,,North,"Automobile, Station Wagon",Turning Left,Failed to Yield Right of Way,Normal,,,,,,,,Yes,Yes,,,,,,,Yes,,,,170,Yonge-Bay Corridor,76,Bay Street Corridor (76),D52,630502.3675,4834480.604
11102,80177787,4003142204,20/10/2014,2014,1803,BAY ST,QUEEN ST W,,Major Arterial,Toronto and East York,43.651881,-79.381709,At Intersection,Traffic Signal,Rain,Dusk,Wet,Non-Fatal Injury,Cyclist Collisions,Vehicle Owner,unknown,,,,"Automobile, Station Wagon",,,,,,,,,,,Yes,Yes,,,,,,,Yes,,,,170,Yonge-Bay Corridor,76,Bay Street Corridor (76),D52,630502.3675,4834480.604
11103,80177788,4003142204,20/10/2014,2014,1803,BAY ST,QUEEN ST W,,Major Arterial,Toronto and East York,43.651881,-79.381709,At Intersection,Traffic Signal,Rain,Dusk,Wet,Non-Fatal Injury,Cyclist Collisions,Cyclist,25 to 29,Major,,North,Bicycle,Going Ahead,,,,,,Motorist turned left across cyclists path.,Driving Properly,Normal,,Yes,Yes,,,,,,,Yes,,,,170,Yonge-Bay Corridor,76,Bay Street Corridor (76),D52,630502.3675,4834480.604
11104,80220994,4003143526,20/10/2014,2014,2229,YORK ST,RICHMOND ST W,,Major Arterial,Toronto and East York,43.650431,-79.384639,At Intersection,Traffic Signal,Rain,"Dark, artificial",Wet,Non-Fatal Injury,Angle,Driver,25 to 29,None,,North,"Automobile, Station Wagon",Going Ahead,Disobeyed Traffic Control,Inattentive,,,,,,,,,Yes,Yes,,,,,,Yes,Yes,,,170,Yonge-Bay Corridor,76,Bay Street Corridor (76),D52,630269.2185,4834314.959
11105,80220995,4003143526,20/10/2014,2014,2229,YORK ST,RICHMOND ST W,,Major Arterial,Toronto and East York,43.650431,-79.384639,At Intersection,Traffic Signal,Rain,"Dark, artificial",Wet,Non-Fatal Injury,Angle,Motorcycle Driver,35 to 39,Major,,West,Motorcycle,Going Ahead,Driving Properly,Normal,,,,,,,,,Yes,Yes,,,,,,Yes,Yes,,,170,Yonge-Bay Corridor,76,Bay Street Corridor (76),D52,630269.2185,4834314.959
11106,80177889,4003148755,21/10/2014,2014,1909,BLOOR ST W,PACIFIC AVE,,Major Arterial,Toronto and East York,43.653887,-79.463695,At Intersection,No Control,Rain,"Dark, artificial",Wet,Non-Fatal Injury,Pedestrian Collisions,Driver,35 to 39,None,,East,"Automobile, Station Wagon",Going Ahead,Driving Properly,Normal,,,,,,,Yes,,Yes,,,,,,,,,,,87,High Park-Swansea,87,High Park-Swansea (87),D11,623886.6566,4834577.727
11107,80177890,4003148755,21/10/2014,2014,1909,BLOOR ST W,PACIFIC AVE,,Major Arterial,Toronto and East York,43.653887,-79.463695,At Intersection,No Control,Rain,"Dark, artificial",Wet,Non-Fatal Injury,Pedestrian Collisions,Pedestrian,35 to 39,Major,,South,,,,,Vehicle is going straight thru inter.while ped cross without ROW,"Crossing, no Traffic Control",Inattentive,,,,Yes,,Yes,,,,,,,,,,,87,High Park-Swansea,87,High Park-Swansea (87),D11,623886.6566,4834577.727
11108,80221040,4003149103,21/10/2014,2014,2015,WILSON AVE,ALLARD AVE,,Major Arterial,North York,43.737872,-79.429408,Intersection Related,Stop Sign,Rain,"Dark, artificial",Wet,Non-Fatal Injury,Turning Movement,Driver,60 to 64,Minimal,,North,"Automobile, Station Wagon",Turning Left,Failed to Yield Right of Way,Normal,,,,,,,,,Yes,,,,,Yes,,Yes,,,,39,Bedford Park-Nortown,39,Bedford Park-Nortown (39),D32,626474.8818,4843957.182
11109,80221041,4003149103,21/10/2014,2014,2015,WILSON AVE,ALLARD AVE,,Major Arterial,North York,43.737872,-79.429408,Intersection Related,Stop Sign,Rain,"Dark, artificial",Wet,Non-Fatal Injury,Turning Movement,Driver,55 to 59,Major,,East,Pick Up Truck,Going Ahead,Driving Properly,Normal,,,,,,,,,Yes,,,,,Yes,,Yes,,,,39,Bedford Park-Nortown,39,Bedford Park-Nortown (39),D32,626474.8818,4843957.182
11110,80221042,4003149103,21/10/2014,2014,2015,WILSON AVE,ALLARD AVE,,Major Arterial,North York,43.737872,-79.429408,Intersection Related,Stop Sign,Rain,"Dark, artificial",Wet,Non-Fatal Injury,Turning Movement,Passenger,50 to 54,Minimal,,,,,,,,,,,,,,,Yes,,,,,Yes,,Yes,,,,39,Bedford Park-Nortown,39,Bedford Park-Nortown (39),D32,626474.8818,4843957.182
11111,80221056,4003152521,22/10/2014,2014,1145,DON VALLEY PARKWAY  S,WYNFORD DR,200 m North ,,North York,43.728484,-79.330394,Non Intersection,No Control,Clear,Daylight,Dry,Non-Fatal Injury,Rear End,Motorcycle Driver,15 to 19,Major,,South,Motorcycle,Going Ahead,Speed too Fast For Condition,Inattentive,,,,,,,,,Yes,Yes,,,,,Yes,Yes,,,,42,Banbury-Don Mills,42,Banbury-Don Mills (42),D33,634469.2619,4843070.419
11112,80221057,4003152521,22/10/2014,2014,1145,DON VALLEY PARKWAY  S,WYNFORD DR,200 m North ,,North York,43.728484,-79.330394,Non Intersection,No Control,Clear,Daylight,Dry,Non-Fatal Injury,Rear End,Driver,55 to 59,None,,South,"Automobile, Station Wagon",Stopped,Driving Properly,Normal,,,,,,,,,Yes,Yes,,,,,Yes,Yes,,,,42,Banbury-Don Mills,42,Banbury-Don Mills (42),D33,634469.2619,4843070.419
11113,80177976,4003154882,22/10/2014,2014,1803,PARKINGTON CRES,ELLESMERE RD,,Major Arterial,Scarborough,43.773245,-79.246219,At Intersection,Traffic Signal,Clear,Dusk,Dry,Non-Fatal Injury,Pedestrian Collisions,Truck Driver,65 to 69,None,,South,Truck - Open,Turning Left,Driving Properly,Normal,,,,,,,Yes,,Yes,,Yes,,,,,Yes,Yes,,,142,Woburn North,137,Woburn (137),D43,641143.4929,4848181.854
11114,80177977,4003154882,22/10/2014,2014,1803,PARKINGTON CRES,ELLESMERE RD,,Major Arterial,Scarborough,43.773245,-79.246219,At Intersection,Traffic Signal,Clear,Dusk,Dry,Non-Fatal Injury,Pedestrian Collisions,Driver,25 to 29,None,,West,"Automobile, Station Wagon",Going Ahead,Disobeyed Traffic Control,Inattentive,,,,,,,Yes,,Yes,,Yes,,,,,Yes,Yes,,,142,Woburn North,137,Woburn (137),D43,641143.4929,4848181.854
11115,80177978,4003154882,22/10/2014,2014,1803,PARKINGTON CRES,ELLESMERE RD,,Major Arterial,Scarborough,43.773245,-79.246219,At Intersection,Traffic Signal,Clear,Dusk,Dry,Non-Fatal Injury,Pedestrian Collisions,Pedestrian,25 to 29,Major,,South,,,,,Vehicle turns left while ped crosses with ROW at inter.,Crossing with right of way,Normal,,,,Yes,,Yes,,Yes,,,,,Yes,Yes,,,142,Woburn North,137,Woburn (137),D43,641143.4929,4848181.854
11116,80221110,4003158007,23/10/2014,2014,1229,4709 JANE ST,,,Major Arterial,Etobicoke York,43.770903,-79.520862,At Intersection,Traffic Signal,Clear,Daylight,Dry,Non-Fatal Injury,Sideswipe,Truck Driver,30 to 34,None,,North,Truck-Tractor,Going Ahead,Driving Properly,Normal,,,,,,,,,,,Yes,,,Yes,,,,,,24,Black Creek,24,Black Creek (24),D31,619044.8055,4847490.22
11117,80221111,4003158007,23/10/2014,2014,1229,4709 JANE ST,,,Major Arterial,Etobicoke York,43.770903,-79.520862,At Intersection,Traffic Signal,Clear,Daylight,Dry,Non-Fatal Injury,Sideswipe,Passenger,40 to 44,Major,,,,,,,,,,,,,,,,,Yes,,,Yes,,,,,,24,Black Creek,24,Black Creek (24),D31,619044.8055,4847490.22
11118,80631895,4003167923,24/10/2014,2014,1727,220 WOOLNER AVE,,65 m East of,Collector,Etobicoke York,43.671721,-79.492557,At/Near Private Drive,No Control,Clear,Dusk,Dry,Non-Fatal Injury,Pedestrian Collisions,Driver,65 to 69,None,,West,"Automobile, Station Wagon",Going Ahead,Driving Properly,Inattentive,,,,,,,Yes,,Yes,,,,,,,,,,,111,Rockcliffe-Smythe,111,Rockcliffe-Smythe (111),D12,621523.2356,4836515.741
11119,80631896,4003167923,24/10/2014,2014,1727,220 WOOLNER AVE,,65 m East of,Collector,Etobicoke York,43.671721,-79.492557,At/Near Private Drive,No Control,Clear,Dusk,Dry,Non-Fatal Injury,Pedestrian Collisions,Pedestrian,80 to 84,Major,,Unknown,,,,,Pedestrian hit at mid-block,"Crossing, no Traffic Control",Inattentive,,,,Yes,,Yes,,,,,,,,,,,111,Rockcliffe-Smythe,111,Rockcliffe-Smythe (111),D12,621523.2356,4836515.741
11120,80221190,4003162994,24/10/2014,2014,2315,YONGE ST,HILLCREST AVE,,Major Arterial,North York,43.767462,-79.412438,Non Intersection,No Control,Clear,"Dark, artificial",Dry,Non-Fatal Injury,Sideswipe,Driver,25 to 29,Minimal,,South,"Automobile, Station Wagon",Changing Lanes,Improper Lane Change,Inattentive,,,,,,,,,Yes,,,Yes,,Yes,,,,,,151,Yonge-Doris,51,Willowdale East (51),D32,627778.447,4847269.637
11121,80221191,4003162994,24/10/2014,2014,2315,YONGE ST,HILLCREST AVE,,Major Arterial,North York,43.767462,-79.412438,Non Intersection,No Control,Clear,"Dark, artificial",Dry,Non-Fatal Injury,Sideswipe,Driver,20 to 24,Minimal,,South,"Automobile, Station Wagon",Going Ahead,Driving Properly,Normal,,,,,,,,,Yes,,,Yes,,Yes,,,,,,151,Yonge-Doris,51,Willowdale East (51),D32,627778.447,4847269.637
11122,80221192,4003162994,24/10/2014,2014,2315,YONGE ST,HILLCREST AVE,,Major Arterial,North York,43.767462,-79.412438,Non Intersection,No Control,Clear,"Dark, artificial",Dry,Non-Fatal Injury,Sideswipe,Driver,35 to 39,None,,North,Intercity Bus,Going Ahead,Driving Properly,Normal,,,,,,,,,Yes,,,Yes,,Yes,,,,,,151,Yonge-Doris,51,Willowdale East (51),D32,627778.447,4847269.637
11123,80221193,4003162994,24/10/2014,2014,2315,YONGE ST,HILLCREST AVE,,Major Arterial,North York,43.767462,-79.412438,Non Intersection,No Control,Clear,"Dark, artificial",Dry,Non-Fatal Injury,Sideswipe,Passenger,20 to 24,Minor,,,,,,,,,,,,,,,Yes,,,Yes,,Yes,,,,,,151,Yonge-Doris,51,Willowdale East (51),D32,627778.447,4847269.637
11124,80221194,4003162994,24/10/2014,2014,2315,YONGE ST,HILLCREST AVE,,Major Arterial,North York,43.767462,-79.412438,Non Intersection,No Control,Clear,"Dark, artificial",Dry,Non-Fatal Injury,Sideswipe,Passenger,20 to 24,Minor,,,,,,,,,,,,,,,Yes,,,Yes,,Yes,,,,,,151,Yonge-Doris,51,Willowdale East (51),D32,627778.447,4847269.637
11125,80221195,4003162994,24/10/2014,2014,2315,YONGE ST,HILLCREST AVE,,Major Arterial,North York,43.767462,-79.412438,Non Intersection,No Control,Clear,"Dark, artificial",Dry,Non-Fatal Injury,Sideswipe,Passenger,20 to 24,Major,,,,,,,,,,,,,,,Yes,,,Yes,,Yes,,,,,,151,Yonge-Doris,51,Willowdale East (51),D32,627778.447,4847269.637
11126,80221196,4003162994,24/10/2014,2014,2315,YONGE ST,HILLCREST AVE,,Major Arterial,North York,43.767462,-79.412438,Non Intersection,No Control,Clear,"Dark, artificial",Dry,Non-Fatal Injury,Sideswipe,Passenger,20 to 24,Minor,,,,,,,,,,,,,,,Yes,,,Yes,,Yes,,,,,,151,Yonge-Doris,51,Willowdale East (51),D32,627778.447,4847269.637
11127,80221197,4003162994,24/10/2014,2014,2315,YONGE ST,HILLCREST AVE,,Major Arterial,North York,43.767462,-79.412438,Non Intersection,No Control,Clear,"Dark, artificial",Dry,Non-Fatal Injury,Sideswipe,Passenger,25 to 29,Minimal,,,,,,,,,,,,,,,Yes,,,Yes,,Yes,,,,,,151,Yonge-Doris,51,Willowdale East (51),D32,627778.447,4847269.637
11128,80221198,4003162994,24/10/2014,2014,2315,YONGE ST,HILLCREST AVE,,Major Arterial,North York,43.767462,-79.412438,Non Intersection,No Control,Clear,"Dark, artificial",Dry,Non-Fatal Injury,Sideswipe,Passenger,unknown,None,,,,,,,,,,,,,,,Yes,,,Yes,,Yes,,,,,,151,Yonge-Doris,51,Willowdale East (51),D32,627778.447,4847269.637
11129,80631897,4003174449,25/10/2014,2014,1736,123 SPADINA AVE,,,Major Arterial,Toronto and East York,43.647292,-79.395778,Intersection Related,No Control,Clear,Daylight,Dry,Non-Fatal Injury,Sideswipe,Driver,35 to 39,None,,North,"Automobile, Station Wagon",Changing Lanes,Improper Lane Change,Inattentive,,,,,,,,,Yes,Yes,,,,,,,,,,164,Wellington Place,77,Waterfront Communities-The Island (77),D52,629377.6546,4833948.906
11130,80631898,4003174449,25/10/2014,2014,1736,123 SPADINA AVE,,,Major Arterial,Toronto and East York,43.647292,-79.395778,Intersection Related,No Control,Clear,Daylight,Dry,Non-Fatal Injury,Sideswipe,Motorcycle Driver,30 to 34,Major,,North,Motorcycle,Going Ahead,Driving Properly,Normal,,,,,,,,,Yes,Yes,,,,,,,,,,164,Wellington Place,77,Waterfront Communities-The Island (77),D52,629377.6546,4833948.906
11131,80221346,4003176267,26/10/2014,2014,2335,LAKE SHORE BLVD E,LOWER JARVIS ST,27 m East of,Major Arterial,Toronto and East York,43.645556,-79.369815,At Intersection,Traffic Signal,Clear,"Dark, artificial",Dry,Non-Fatal Injury,Rear End,Driver,25 to 29,None,,West,"Automobile, Station Wagon",Going Ahead,Following too Close,Normal,,,,,,,,,Yes,,,,,,Yes,Yes,,,,166,St Lawrence-East Bayfront-The Islands,77,Waterfront Communities-The Island (77),D51,631475.3342,4833796.904
11132,80221347,4003176267,26/10/2014,2014,2335,LAKE SHORE BLVD E,LOWER JARVIS ST,27 m East of,Major Arterial,Toronto and East York,43.645556,-79.369815,At Intersection,Traffic Signal,Clear,"Dark, artificial",Dry,Non-Fatal Injury,Rear End,Driver,30 to 34,Major,,West,"Automobile, Station Wagon",Stopped,Driving Properly,Normal,,,,,,,,,Yes,,,,,,Yes,Yes,,,,166,St Lawrence-East Bayfront-The Islands,77,Waterfront Communities-The Island (77),D51,631475.3342,4833796.904
11133,80221348,4003176267,26/10/2014,2014,2335,LAKE SHORE BLVD E,LOWER JARVIS ST,27 m East of,Major Arterial,Toronto and East York,43.645556,-79.369815,At Intersection,Traffic Signal,Clear,"Dark, artificial",Dry,Non-Fatal Injury,Rear End,Driver,25 to 29,None,,West,"Automobile, Station Wagon",Stopped,Driving Properly,Normal,,,,,,,,,Yes,,,,,,Yes,Yes,,,,166,St Lawrence-East Bayfront-The Islands,77,Waterfront Communities-The Island (77),D51,631475.3342,4833796.904
11134,80221349,4003176267,26/10/2014,2014,2335,LAKE SHORE BLVD E,LOWER JARVIS ST,27 m East of,Major Arterial,Toronto and East York,43.645556,-79.369815,At Intersection,Traffic Signal,Clear,"Dark, artificial",Dry,Non-Fatal Injury,Rear End,Driver,25 to 29,None,,West,"Automobile, Station Wagon",Stopped,Driving Properly,Normal,,,,,,,,,Yes,,,,,,Yes,Yes,,,,166,St Lawrence-East Bayfront-The Islands,77,Waterfront Communities-The Island (77),D51,631475.3342,4833796.904