OBJECTID,INDEX,ACCNUM,DATE,ACCIDENT_YEAR,TIME,STREET1,STREET2,OFFSET,ROAD_CLASS,DISTRICT,LATITUDE,LONGITUDE,ACCLOC,TRAFFCTL,VISIBILITY,LIGHT,RDSFCOND,ACCLASS,IMPACTYPE,INVTYPE,INVAGE,INJURY,FATAL_NO,INITDIR,VEHTYPE,MANOEUVER,DRIVACT,DRIVCOND,PEDTYPE,PEDACT,PEDCOND,CYCLISTYPE,CYCACT,CYCCOND,PEDESTRIAN,CYCLIST,AUTOMOBILE,MOTORCYCLE,TRUCK,TRSN_CITY_VEH,EMERG_VEH,PASSENGER,SPEEDING,AG_DRIV,REDLIGHT,ALCOHOL,DISABILITY,HOOD_158,NEIGHBOURHOOD_158,HOOD_140,NEIGHBOURHOOD_140,DIVISION,x,y
11135,80221526,4003192512,28/10/2014,2014,1515,VICTORIA PARK AVE,O CONNOR DR,,Major Arterial,North York,43.723372,-79.302089,Intersection Related,Traffic Signal,Other,Daylight,Dry,Fatal,Cyclist Collisions,Driver,45 to 49,None,,South,"Automobile, Station Wagon",Turning Right,Improper Turn,Inattentive,,,,,,,,Yes,Yes,,,,,,,,,,,120,Clairlea-Birchmount,120,Clairlea-Birchmount (120),D41,636760.5913,4842548.979
11136,80221527,4003192512,28/10/2014,2014,1515,VICTORIA PARK AVE,O CONNOR DR,,Major Arterial,North York,43.723372,-79.302089,Intersection Related,Traffic Signal,Other,Daylight,Dry,Fatal,Cyclist Collisions,Cyclist,70 to 74,Fatal,36,South,Bicycle,Going Ahead,,,,,,Motorist turning right on green or amber at signalized intersection strikes cyclist.,Other,Other,,Yes,Yes,,,,,,,,,,,120,Clairlea-Birchmount,120,Clairlea-Birchmount (120),D41,636760.5913,4842548.979
11137,80178781,4003207779,30/10/2014,2014,2111,1255 QUEENSWAY AVE,,,Major Arterial,Etobicoke York,43.621318,-79.525058,Non Intersection,No Control,Clear,"Dark, artificial",Wet,Non-Fatal Injury,Turning Movement,Motorcycle Driver,25 to 29,Major,,East,Motorcycle,Going Ahead,Driving Properly,Normal,,,,,,,,,,Yes,,,,,,Yes,,,,159,Etobicoke City Centre,14,Islington-City Centre West (14),D22,619002.6142,4830870.75
11138,80178782,4003207779,30/10/2014,2014,2111,1255 QUEENSWAY AVE,,,Major Arterial,Etobicoke York,43.621318,-79.525058,Non Intersection,No Control,Clear,"Dark, artificial",Wet,Non-Fatal Injury,Turning Movement,Driver,unknown,None,,North,,Turning Right,Failed to Yield Right of Way,Unknown,,,,,,,,,,Yes,,,,,,Yes,,,,159,Etobicoke City Centre,14,Islington-City Centre West (14),D22,619002.6142,4830870.75
11139,80178884,4003213460,31/10/2014,2014,1845,REXDALE BLVD,HIGHWAY 27  S,,Major Arterial,Etobicoke York,43.717257,-79.595607,At Intersection,Traffic Signal,Rain,"Dark, artificial",Wet,Non-Fatal Injury,Cyclist Collisions,Driver,25 to 29,None,,East,"Automobile, Station Wagon",Going Ahead,Driving Properly,Normal,,,,,,,,Yes,Yes,,,,,Yes,,,,,,1,West Humber-Clairville,1,West Humber-Clairville (1),D23,613130.0963,4841427.324
11140,80178885,4003213460,31/10/2014,2014,1845,REXDALE BLVD,HIGHWAY 27  S,,Major Arterial,Etobicoke York,43.717257,-79.595607,At Intersection,Traffic Signal,Rain,"Dark, artificial",Wet,Non-Fatal Injury,Cyclist Collisions,Passenger,30 to 34,None,,,,,,,,,,,,,,Yes,Yes,,,,,Yes,,,,,,1,West Humber-Clairville,1,West Humber-Clairville (1),D23,613130.0963,4841427.324
11141,80178886,4003213460,31/10/2014,2014,1845,REXDALE BLVD,HIGHWAY 27  S,,Major Arterial,Etobicoke York,43.717257,-79.595607,At Intersection,Traffic Signal,Rain,"Dark, artificial",Wet,Non-Fatal Injury,Cyclist Collisions,Passenger,10 to 14,None,,,,,,,,,,,,,,Yes,Yes,,,,,Yes,,,,,,1,West Humber-Clairville,1,West Humber-Clairville (1),D23,613130.0963,4841427.324
11142,80178887,4003213460,31/10/2014,2014,1845,REXDALE BLVD,HIGHWAY 27  S,,Major Arterial,Etobicoke York,43.717257,-79.595607,At Intersection,Traffic Signal,Rain,"Dark, artificial",Wet,Non-Fatal Injury,Cyclist Collisions,Passenger,10 to 14,None,,,,,,,,,,,,,,Yes,Yes,,,,,Yes,,,,,,1,West Humber-Clairville,1,West Humber-Clairville (1),D23,613130.0963,4841427.324
11143,80178888,4003213460,31/10/2014,2014,1845,REXDALE BLVD,HIGHWAY 27  S,,Major Arterial,Etobicoke York,43.717257,-79.595607,At Intersection,Traffic Signal,Rain,"Dark, artificial",Wet,Non-Fatal Injury,Cyclist Collisions,Passenger,5 to 9,None,,,,,,,,,,,,,,Yes,Yes,,,,,Yes,,,,,,1,West Humber-Clairville,1,West Humber-Clairville (1),D23,613130.0963,4841427.324
11144,80178889,4003213460,31/10/2014,2014,1845,REXDALE BLVD,HIGHWAY 27  S,,Major Arterial,Etobicoke York,43.717257,-79.595607,At Intersection,Traffic Signal,Rain,"Dark, artificial",Wet,Non-Fatal Injury,Cyclist Collisions,Cyclist,75 to 79,Major,,East,Bicycle,Unknown,,,,,,Cyclist and Driver travelling in same direction. One vehicle sideswipes the other.,Other,Normal,,Yes,Yes,,,,,Yes,,,,,,1,West Humber-Clairville,1,West Humber-Clairville (1),D23,613130.0963,4841427.324
11145,80222020,4003235849,02/11/2014,2014,1015,BLOSSOMFIELD DR,DANE AVE,,Collector,North York,43.717486,-79.448962,At Intersection,Stop Sign,Clear,"Dark, artificial",Dry,Non-Fatal Injury,Pedestrian Collisions,Driver,65 to 69,None,,East,"Automobile, Station Wagon",Turning Right,Failed to Yield Right of Way,Normal,,,,,,,Yes,,Yes,,,,,,,Yes,,,,31,Yorkdale-Glen Park,31,Yorkdale-Glen Park (31),D32,624942.6227,4841663.361
11146,80222021,4003235849,02/11/2014,2014,1015,BLOSSOMFIELD DR,DANE AVE,,Collector,North York,43.717486,-79.448962,At Intersection,Stop Sign,Clear,"Dark, artificial",Dry,Non-Fatal Injury,Pedestrian Collisions,Pedestrian,60 to 64,Major,,East,,,,,Vehicle turns right while ped crosses with ROW at inter.,Crossing with right of way,Normal,,,,Yes,,Yes,,,,,,,Yes,,,,31,Yorkdale-Glen Park,31,Yorkdale-Glen Park (31),D32,624942.6227,4841663.361
11147,80179133,4003224177,02/11/2014,2014,1205,EGLINGTON AVE,HEDDINGTON AVE,,Major Arterial,North York,43.703459,-79.413883,At Intersection,Traffic Signal,Clear,Daylight,Dry,Non-Fatal Injury,Pedestrian Collisions,Driver,75 to 79,None,,South,Passenger Van,Turning Left,Failed to Yield Right of Way,Inattentive,,,,,,,Yes,,Yes,,,,,,,Yes,,,,101,Forest Hill South,101,Forest Hill South (101),D53,627798.2188,4840158.943
11148,80179134,4003224177,02/11/2014,2014,1205,EGLINGTON AVE,HEDDINGTON AVE,,Major Arterial,North York,43.703459,-79.413883,At Intersection,Traffic Signal,Clear,Daylight,Dry,Non-Fatal Injury,Pedestrian Collisions,Pedestrian,25 to 29,Major,,North,,,,,Vehicle turns left while ped crosses with ROW at inter.,Crossing with right of way,Normal,,,,Yes,,Yes,,,,,,,Yes,,,,101,Forest Hill South,101,Forest Hill South (101),D53,627798.2188,4840158.943
11149,80179135,4003224177,02/11/2014,2014,1205,EGLINGTON AVE,HEDDINGTON AVE,,Major Arterial,North York,43.703459,-79.413883,At Intersection,Traffic Signal,Clear,Daylight,Dry,Non-Fatal Injury,Pedestrian Collisions,Pedestrian,30 to 34,Major,,North,,,,,Vehicle turns left while ped crosses with ROW at inter.,Crossing with right of way,Unknown,,,,Yes,,Yes,,,,,,,Yes,,,,101,Forest Hill South,101,Forest Hill South (101),D53,627798.2188,4840158.943
11150,8000220,143234908,04/11/2014,2014,807,ORTON PARK RD,SLAN AVE,,Minor Arterial,Scarborough,43.777968,-79.211902,,No Control,Clear,Daylight,Dry,Fatal,SMV Other,Driver,25 to 29,Fatal,37,North,"Automobile, Station Wagon",Going Ahead,Lost control,Unknown,,,,,,,,,Yes,,,,,,Yes,Yes,,,,135,Morningside,135,Morningside (135),D43,643894.0134,4848765.493
11151,80179437,4003249661,06/11/2014,2014,1130,BICKNELL AVE,WESTBURY CRES,,Collector,Etobicoke York,43.684535,-79.474925,Non Intersection,Stop Sign,Clear,Daylight,Dry,Non-Fatal Injury,Pedestrian Collisions,Driver,60 to 64,None,,East,"Automobile, Station Wagon",Turning Right,Lost control,Unknown,,,,,,,Yes,,Yes,,,,,,,,,,,110,Keelesdale-Eglinton West,110,Keelesdale-Eglinton West (110),D12,622918.493,4837964.888
11152,80179438,4003249661,06/11/2014,2014,1130,BICKNELL AVE,WESTBURY CRES,,Collector,Etobicoke York,43.684535,-79.474925,Non Intersection,Stop Sign,Clear,Daylight,Dry,Non-Fatal Injury,Pedestrian Collisions,Pedestrian,90 to 94,Major,,,,,,,Pedestrian hit on sidewalk or shoulder,On Sidewalk or Shoulder,Normal,,,,Yes,,Yes,,,,,,,,,,,110,Keelesdale-Eglinton West,110,Keelesdale-Eglinton West (110),D12,622918.493,4837964.888
11153,8000166,143250160,06/11/2014,2014,1254,MIDLAND AVE,GILDER DR,,Major Arterial,Scarborough,43.736033,-79.258769,At Intersection,Traffic Signal,Clear,Daylight,Dry,Fatal,Pedestrian Collisions,Pedestrian,40 to 44,Fatal,38,Unknown,,,,,Pedestrian hit on sidewalk or shoulder,On Sidewalk or Shoulder,Normal,,,,Yes,,Yes,,,,,,,,,,,138,Eglinton East,138,Eglinton East (138),D41,640220.3523,4844027.574
11154,8000167,143250160,06/11/2014,2014,1254,MIDLAND AVE,GILDER DR,,Major Arterial,Scarborough,43.736033,-79.258769,At Intersection,Traffic Signal,Clear,Daylight,Dry,Fatal,Pedestrian Collisions,Driver,30 to 34,Minor,,North,Passenger Van,Going Ahead,Lost control,Normal,,,,,,,Yes,,Yes,,,,,,,,,,,138,Eglinton East,138,Eglinton East (138),D41,640220.3523,4844027.574
11155,80631900,4003253640,06/11/2014,2014,2300,SPADINA AVE,SULLIVAN ST,64 m North o,Major Arterial,Toronto and East York,43.651316,-79.397403,Non Intersection,No Control,Rain,"Dark, artificial",Wet,Non-Fatal Injury,Pedestrian Collisions,Driver,40 to 44,None,,North,Street Car,Going Ahead,Driving Properly,Normal,,,,,,,Yes,,,,,Yes,,,,,,,,78,Kensington-Chinatown,78,Kensington-Chinatown (78),D52,629237.9692,4834393.292
11156,80631901,4003253640,06/11/2014,2014,2300,SPADINA AVE,SULLIVAN ST,64 m North o,Major Arterial,Toronto and East York,43.651316,-79.397403,Non Intersection,No Control,Rain,"Dark, artificial",Wet,Non-Fatal Injury,Pedestrian Collisions,Pedestrian,40 to 44,Major,,Unknown,,,,,Pedestrian involved in a collision with transit vehicle anywhere along roadway,"Crossing, no Traffic Control",Had Been Drinking,,,,Yes,,,,,Yes,,,,,,,,78,Kensington-Chinatown,78,Kensington-Chinatown (78),D52,629237.9692,4834393.292
11157,80222234,4003257164,07/11/2014,2014,1247,DON MILLS RD,FRESHMEADOW DR,,Major Arterial,North York,43.809378,-79.359485,Non Intersection,No Control,Clear,Daylight,Dry,Fatal,Pedestrian Collisions,Driver,30 to 34,None,,North,Pick Up Truck,Going Ahead,Driving Properly,Normal,,,,,,,Yes,,Yes,,,,,,,,,,,48,Hillcrest Village,48,Hillcrest Village (48),D33,631948.2619,4852008.139
11158,80222235,4003257164,07/11/2014,2014,1247,DON MILLS RD,FRESHMEADOW DR,,Major Arterial,North York,43.809378,-79.359485,Non Intersection,No Control,Clear,Daylight,Dry,Fatal,Pedestrian Collisions,Pedestrian,70 to 74,Fatal,39,East,,,,,Pedestrian hit at mid-block,"Crossing, no Traffic Control",Unknown,,,,Yes,,Yes,,,,,,,,,,,48,Hillcrest Village,48,Hillcrest Village (48),D33,631948.2619,4852008.139
11159,80179560,4003258482,07/11/2014,2014,1700,BRIMORTON DR,MARKHAM RD,,Major Arterial,Scarborough,43.773486,-79.230685,At Intersection,Traffic Signal,Clear,"Daylight, artificial",Dry,Non-Fatal Injury,Pedestrian Collisions,Driver,60 to 64,None,,East,"Automobile, Station Wagon",Turning Right,Improper Turn,Inattentive,,,,,,,Yes,,Yes,,,,,,,,,,,142,Woburn North,137,Woburn (137),D43,642393.105,4848235.22
11160,80179561,4003258482,07/11/2014,2014,1700,BRIMORTON DR,MARKHAM RD,,Major Arterial,Scarborough,43.773486,-79.230685,At Intersection,Traffic Signal,Clear,"Daylight, artificial",Dry,Non-Fatal Injury,Pedestrian Collisions,Pedestrian,65 to 69,Major,,North,,,,,Vehicle turns right while ped crosses with ROW at inter.,Crossing with right of way,Normal,,,,Yes,,Yes,,,,,,,,,,,142,Woburn North,137,Woburn (137),D43,642393.105,4848235.22
11161,80501548,4003267619,09/11/2014,2014,559,KIPLING AVE,WESTHUMBER BLVD,,Major Arterial,Etobicoke York,43.728129,-79.574641,At Intersection,Traffic Signal,Clear,"Dark, artificial",Dry,Fatal,Angle,Driver,20 to 24,Major,,North,"Automobile, Station Wagon",Going Ahead,Disobeyed Traffic Control,Unknown,,,,,,,,,Yes,,,Yes,,Yes,,Yes,Yes,,,4,Rexdale-Kipling,4,Rexdale-Kipling (4),D23,614798.2461,4842663.64
11162,80501549,4003267619,09/11/2014,2014,559,KIPLING AVE,WESTHUMBER BLVD,,Major Arterial,Etobicoke York,43.728129,-79.574641,At Intersection,Traffic Signal,Clear,"Dark, artificial",Dry,Fatal,Angle,Driver,45 to 49,Minor,,East,Municipal Transit Bus (TTC),Going Ahead,Driving Properly,Normal,,,,,,,,,Yes,,,Yes,,Yes,,Yes,Yes,,,4,Rexdale-Kipling,4,Rexdale-Kipling (4),D23,614798.2461,4842663.64
11163,80501550,4003267619,09/11/2014,2014,559,KIPLING AVE,WESTHUMBER BLVD,,Major Arterial,Etobicoke York,43.728129,-79.574641,At Intersection,Traffic Signal,Clear,"Dark, artificial",Dry,Fatal,Angle,Passenger,20 to 24,Major,,,,,,,,,,,,,,,Yes,,,Yes,,Yes,,Yes,Yes,,,4,Rexdale-Kipling,4,Rexdale-Kipling (4),D23,614798.2461,4842663.64
11164,80501551,4003267619,09/11/2014,2014,559,KIPLING AVE,WESTHUMBER BLVD,,Major Arterial,Etobicoke York,43.728129,-79.574641,At Intersection,Traffic Signal,Clear,"Dark, artificial",Dry,Fatal,Angle,Passenger,20 to 24,Fatal,40,,,,,,,,,,,,,,Yes,,,Yes,,Yes,,Yes,Yes,,,4,Rexdale-Kipling,4,Rexdale-Kipling (4),D23,614798.2461,4842663.64
11165,80501552,4003267619,09/11/2014,2014,559,KIPLING AVE,WESTHUMBER BLVD,,Major Arterial,Etobicoke York,43.728129,-79.574641,At Intersection,Traffic Signal,Clear,"Dark, artificial",Dry,Fatal,Angle,Passenger,35 to 39,Minor,,,,,,,,,,,,,,,Yes,,,Yes,,Yes,,Yes,Yes,,,4,Rexdale-Kipling,4,Rexdale-Kipling (4),D23,614798.2461,4842663.64
11166,80501553,4003267619,09/11/2014,2014,559,KIPLING AVE,WESTHUMBER BLVD,,Major Arterial,Etobicoke York,43.728129,-79.574641,At Intersection,Traffic Signal,Clear,"Dark, artificial",Dry,Fatal,Angle,Passenger,20 to 24,Minor,,,,,,,,,,,,,,,Yes,,,Yes,,Yes,,Yes,Yes,,,4,Rexdale-Kipling,4,Rexdale-Kipling (4),D23,614798.2461,4842663.64
11167,80501554,4003267619,09/11/2014,2014,559,KIPLING AVE,WESTHUMBER BLVD,,Major Arterial,Etobicoke York,43.728129,-79.574641,At Intersection,Traffic Signal,Clear,"Dark, artificial",Dry,Fatal,Angle,Passenger,50 to 54,Minor,,,,,,,,,,,,,,,Yes,,,Yes,,Yes,,Yes,Yes,,,4,Rexdale-Kipling,4,Rexdale-Kipling (4),D23,614798.2461,4842663.64
11168,80501555,4003267619,09/11/2014,2014,559,KIPLING AVE,WESTHUMBER BLVD,,Major Arterial,Etobicoke York,43.728129,-79.574641,At Intersection,Traffic Signal,Clear,"Dark, artificial",Dry,Fatal,Angle,Passenger,25 to 29,Minor,,,,,,,,,,,,,,,Yes,,,Yes,,Yes,,Yes,Yes,,,4,Rexdale-Kipling,4,Rexdale-Kipling (4),D23,614798.2461,4842663.64
11169,80501556,4003267619,09/11/2014,2014,559,KIPLING AVE,WESTHUMBER BLVD,,Major Arterial,Etobicoke York,43.728129,-79.574641,At Intersection,Traffic Signal,Clear,"Dark, artificial",Dry,Fatal,Angle,Passenger,25 to 29,Minor,,,,,,,,,,,,,,,Yes,,,Yes,,Yes,,Yes,Yes,,,4,Rexdale-Kipling,4,Rexdale-Kipling (4),D23,614798.2461,4842663.64
11170,80501557,4003267619,09/11/2014,2014,559,KIPLING AVE,WESTHUMBER BLVD,,Major Arterial,Etobicoke York,43.728129,-79.574641,At Intersection,Traffic Signal,Clear,"Dark, artificial",Dry,Fatal,Angle,Passenger,50 to 54,Minor,,,,,,,,,,,,,,,Yes,,,Yes,,Yes,,Yes,Yes,,,4,Rexdale-Kipling,4,Rexdale-Kipling (4),D23,614798.2461,4842663.64
11171,80222387,4003269360,09/11/2014,2014,1356,PHARMACY AVE,INNISDALE DR,,Minor Arterial,Scarborough,43.734862,-79.301227,Intersection Related,Traffic Signal,Clear,Daylight,Dry,Non-Fatal Injury,Rear End,Motorcycle Driver,25 to 29,Major,,South,Motorcycle,Going Ahead,Following too Close,Normal,,,,,,,,,Yes,Yes,,,,,,Yes,,,,119,Wexford/Maryvale,119,Wexford/Maryvale (119),D41,636803.8611,4843826.535
11172,80222388,4003269360,09/11/2014,2014,1356,PHARMACY AVE,INNISDALE DR,,Minor Arterial,Scarborough,43.734862,-79.301227,Intersection Related,Traffic Signal,Clear,Daylight,Dry,Non-Fatal Injury,Rear End,Driver,80 to 84,None,,South,"Automobile, Station Wagon",Going Ahead,Driving Properly,Normal,,,,,,,,,Yes,Yes,,,,,,Yes,,,,119,Wexford/Maryvale,119,Wexford/Maryvale (119),D41,636803.8611,4843826.535
11173,80179745,4003270015,09/11/2014,2014,1555,AVENUE RD,ST GERMAIN AVE,,Major Arterial,North York,43.728297,-79.418041,Non Intersection,No Control,Clear,Daylight,Dry,Non-Fatal Injury,SMV Unattended Vehicle,Driver,60 to 64,Major,,South,"Automobile, Station Wagon",Going Ahead,Lost control,Medical or Physical Disability,,,,,,,,,Yes,,,,,,,,,,Yes,39,Bedford Park-Nortown,39,Bedford Park-Nortown (39),D32,627410.5424,4842911.154
11174,80179746,4003270015,09/11/2014,2014,1555,AVENUE RD,ST GERMAIN AVE,,Major Arterial,North York,43.728297,-79.418041,Non Intersection,No Control,Clear,Daylight,Dry,Non-Fatal Injury,SMV Unattended Vehicle,Other,unknown,,,Unknown,"Automobile, Station Wagon",Parked,,,,,,,,,,,Yes,,,,,,,,,,Yes,39,Bedford Park-Nortown,39,Bedford Park-Nortown (39),D32,627410.5424,4842911.154
11175,80631902,4003276888,10/11/2014,2014,1750,DIXON RD,ISLINGTON AVE,28 m East of,Major Arterial,Etobicoke York,43.696978,-79.546687,At Intersection,Traffic Signal,Clear,Dark,Dry,Non-Fatal Injury,Pedestrian Collisions,Driver,30 to 34,None,,West,"Automobile, Station Wagon",Going Ahead,Driving Properly,Normal,,,,,,,Yes,,Yes,,,,,,,,,,,6,Kingsview Village-The Westway,6,Kingsview Village-The Westway (6),D23,617110.3306,4839242.994
11176,80631903,4003276888,10/11/2014,2014,1750,DIXON RD,ISLINGTON AVE,28 m East of,Major Arterial,Etobicoke York,43.696978,-79.546687,At Intersection,Traffic Signal,Clear,Dark,Dry,Non-Fatal Injury,Pedestrian Collisions,Pedestrian,10 to 14,Major,,South,,,,,Pedestrian hit at mid-block,Running onto Roadway,Normal,,,,Yes,,Yes,,,,,,,,,,,6,Kingsview Village-The Westway,6,Kingsview Village-The Westway (6),D23,617110.3306,4839242.994
11177,80631904,4003298111,14/11/2014,2014,645,BATHURST ST,FAIRHOLME AVE,5 m North of,Major Arterial,North York,43.718352,-79.429553,At Intersection,No Control,Clear,"Dawn, artificial",Dry,Non-Fatal Injury,Pedestrian Collisions,Driver,60 to 64,None,,North,"Automobile, Station Wagon",Turning Left,Failed to Yield Right of Way,Inattentive,,,,,,,Yes,,Yes,,,,,,,Yes,,,,39,Bedford Park-Nortown,39,Bedford Park-Nortown (39),D53,626504.291,4841788.984
11178,80631905,4003298111,14/11/2014,2014,645,BATHURST ST,FAIRHOLME AVE,5 m North of,Major Arterial,North York,43.718352,-79.429553,At Intersection,No Control,Clear,"Dawn, artificial",Dry,Non-Fatal Injury,Pedestrian Collisions,Pedestrian,50 to 54,Major,,North,,,,,Vehicle turns left while ped crosses with ROW at inter.,Crossing with right of way,Normal,,,,Yes,,Yes,,,,,,,Yes,,,,39,Bedford Park-Nortown,39,Bedford Park-Nortown (39),D53,626504.291,4841788.984
11179,80631906,4003323321,18/11/2014,2014,1211,STEELES AVE E,BAYVIEW AVE,85 m West of,Major Arterial,North York,43.802954,-79.397296,Non Intersection,No Control,Clear,Daylight,Dry,Non-Fatal Injury,Other,Driver,55 to 59,None,,West,Municipal Transit Bus (TTC),Going Ahead,Driving Properly,Normal,,,,,,,,,,,,Yes,,Yes,,,,,,50,Newtonbrook East,50,Newtonbrook East (50),D32,628920.8766,4851235.05
11180,80631907,4003323321,18/11/2014,2014,1211,STEELES AVE E,BAYVIEW AVE,85 m West of,Major Arterial,North York,43.802954,-79.397296,Non Intersection,No Control,Clear,Daylight,Dry,Non-Fatal Injury,Other,Passenger,55 to 59,Major,,,Municipal Transit Bus (TTC),,,,,,,,,,,,,,,Yes,,Yes,,,,,,50,Newtonbrook East,50,Newtonbrook East (50),D32,628920.8766,4851235.05
11181,80180577,4003325282,18/11/2014,2014,1804,MOORE PARK AVE,HILDA AVE,,Collector,North York,43.792102,-79.42686,At Intersection,Stop Sign,Clear,"Dark, artificial",Dry,Non-Fatal Injury,Cyclist Collisions,Driver,unknown,None,,East,"Automobile, Station Wagon",Going Ahead,Failed to Yield Right of Way,Unknown,,,,,,,,Yes,Yes,,,,,,,Yes,,,,36,Newtonbrook West,36,Newtonbrook West (36),D32,626565.6493,4849984.133
11182,80180578,4003325282,18/11/2014,2014,1804,MOORE PARK AVE,HILDA AVE,,Collector,North York,43.792102,-79.42686,At Intersection,Stop Sign,Clear,"Dark, artificial",Dry,Non-Fatal Injury,Cyclist Collisions,Cyclist,55 to 59,Major,,South,,Going Ahead,,,,,,"Motorist without ROW drives into path of cyclist at inter, lnwy, dwy-Driver not turn.",Driving Properly,Normal,,Yes,Yes,,,,,,,Yes,,,,36,Newtonbrook West,36,Newtonbrook West (36),D32,626565.6493,4849984.133
11183,8000172,143335677,20/11/2014,2014,1245,2440 DUNDAS ST W,,,Minor Arterial,Toronto and East York,43.658259,-79.452983,At Intersection,Traffic Signal,Clear,Daylight,Dry,Fatal,Pedestrian Collisions,Pedestrian,65 to 69,Fatal,42,East,,,,,Vehicle turns left while ped crosses with ROW at inter.,Crossing with right of way,Unknown,,,,Yes,,Yes,,,,,,,Yes,,,,88,High Park North,88,High Park North (88),D11,624741.4207,4835079.343
11184,8000173,143335677,20/11/2014,2014,1245,2440 DUNDAS ST W,,,Minor Arterial,Toronto and East York,43.658259,-79.452983,At Intersection,Traffic Signal,Clear,Daylight,Dry,Fatal,Pedestrian Collisions,Driver,55 to 59,None,,West,Delivery Van,Turning Left,Failed to Yield Right of Way,Inattentive,,,,,,,Yes,,Yes,,,,,,,Yes,,,,88,High Park North,88,High Park North (88),D11,624741.4207,4835079.343
11185,8000170,143339762,21/11/2014,2014,600,FINCH AVE W,DRIFTWOOD AVE,,Major Arterial,Etobicoke York,43.758048,-79.513431,At Intersection,Traffic Signal,Clear,"Dawn, artificial",Dry,Fatal,Pedestrian Collisions,Pedestrian,60 to 64,Fatal,41,North,,,,,Vehicle is going straight thru inter.while ped cross without ROW,Crossing without right of way,Unknown,,,,Yes,,Yes,,,,,,,,,,,25,Glenfield-Jane Heights,25,Glenfield-Jane Heights (25),D31,619668.5043,4846073.192
11186,8000171,143339762,21/11/2014,2014,600,FINCH AVE W,DRIFTWOOD AVE,,Major Arterial,Etobicoke York,43.758048,-79.513431,At Intersection,Traffic Signal,Clear,"Dawn, artificial",Dry,Fatal,Pedestrian Collisions,Driver,40 to 44,None,,East,"Automobile, Station Wagon",Going Ahead,Driving Properly,Normal,,,,,,,Yes,,Yes,,,,,,,,,,,25,Glenfield-Jane Heights,25,Glenfield-Jane Heights (25),D31,619668.5043,4846073.192
11187,80180798,4003340766,21/11/2014,2014,1005,SILVERTHORN AVE,ROGERS RD,,Minor Arterial,Etobicoke York,43.682761,-79.463321,Intersection Related,Traffic Signal,Clear,Daylight,Dry,Non-Fatal Injury,Pedestrian Collisions,Driver,50 to 54,None,,South,Pick Up Truck,Turning Left,Failed to Yield Right of Way,Normal,,,,,,,Yes,,Yes,,,,,,,Yes,,,,110,Keelesdale-Eglinton West,110,Keelesdale-Eglinton West (110),D12,623857.4149,4837785.125
11188,80180799,4003340766,21/11/2014,2014,1005,SILVERTHORN AVE,ROGERS RD,,Minor Arterial,Etobicoke York,43.682761,-79.463321,Intersection Related,Traffic Signal,Clear,Daylight,Dry,Non-Fatal Injury,Pedestrian Collisions,Pedestrian,70 to 74,Major,,Unknown,,,,,Vehicle turns left while ped crosses with ROW at inter.,Crossing with right of way,Normal,,,,Yes,,Yes,,,,,,,Yes,,,,110,Keelesdale-Eglinton West,110,Keelesdale-Eglinton West (110),D12,623857.4149,4837785.125
11189,80631908,4003346402,22/11/2014,2014,520,WILSON AVE,RIDGE RD,55 m West of,Major Arterial,North York,43.723689,-79.494914,Non Intersection,No Control,Clear,"Dawn, artificial",Dry,Non-Fatal Injury,Approaching,Driver,20 to 24,Major,,West,"Automobile, Station Wagon",Going Ahead,Lost control,Normal,,,,,,,,,Yes,,,,,Yes,,,,,,154,Oakdale-Beverley Heights,26,Downsview-Roding-CFB (26),D31,621228.4544,4842284.048
11190,80631909,4003346402,22/11/2014,2014,520,WILSON AVE,RIDGE RD,55 m West of,Major Arterial,North York,43.723689,-79.494914,Non Intersection,No Control,Clear,"Dawn, artificial",Dry,Non-Fatal Injury,Approaching,Driver,45 to 49,Minor,,East,"Automobile, Station Wagon",Going Ahead,Driving Properly,Normal,,,,,,,,,Yes,,,,,Yes,,,,,,154,Oakdale-Beverley Heights,26,Downsview-Roding-CFB (26),D31,621228.4544,4842284.048
11191,80631910,4003346402,22/11/2014,2014,520,WILSON AVE,RIDGE RD,55 m West of,Major Arterial,North York,43.723689,-79.494914,Non Intersection,No Control,Clear,"Dawn, artificial",Dry,Non-Fatal Injury,Approaching,Passenger,20 to 24,Minimal,,,,,,,,,,,,,,,Yes,,,,,Yes,,,,,,154,Oakdale-Beverley Heights,26,Downsview-Roding-CFB (26),D31,621228.4544,4842284.048
11192,80631911,4003346402,22/11/2014,2014,520,WILSON AVE,RIDGE RD,55 m West of,Major Arterial,North York,43.723689,-79.494914,Non Intersection,No Control,Clear,"Dawn, artificial",Dry,Non-Fatal Injury,Approaching,Passenger,0 to 4,Minimal,,,,,,,,,,,,,,,Yes,,,,,Yes,,,,,,154,Oakdale-Beverley Heights,26,Downsview-Roding-CFB (26),D31,621228.4544,4842284.048
11193,80223279,4003346463,22/11/2014,2014,545,WILLIAM R ALLEN RD,SHEPPARD AVE W,200 m South ,Major Arterial,,43.748622,-79.462856,At/Near Private Drive,No Control,Clear,"Dark, artificial",Dry,Non-Fatal Injury,Turning Movement,Truck Driver,25 to 29,None,,East,Truck-Tractor,Turning Right,Failed to Yield Right of Way,Inattentive,,,,,,,,,,,Yes,,,Yes,,Yes,,,,155,Downsview,26,Downsview-Roding-CFB (26),D32,623759.2424,4845100.612