OBJECTID,INDEX,ACCNUM,DATE,ACCIDENT_YEAR,TIME,STREET1,STREET2,OFFSET,ROAD_CLASS,DISTRICT,LATITUDE,LONGITUDE,ACCLOC,TRAFFCTL,VISIBILITY,LIGHT,RDSFCOND,ACCLASS,IMPACTYPE,INVTYPE,INVAGE,INJURY,FATAL_NO,INITDIR,VEHTYPE,MANOEUVER,DRIVACT,DRIVCOND,PEDTYPE,PEDACT,PEDCOND,CYCLISTYPE,CYCACT,CYCCOND,PEDESTRIAN,CYCLIST,AUTOMOBILE,MOTORCYCLE,TRUCK,TRSN_CITY_VEH,EMERG_VEH,PASSENGER,SPEEDING,AG_DRIV,REDLIGHT,ALCOHOL,DISABILITY,HOOD_158,NEIGHBOURHOOD_158,HOOD_140,NEIGHBOURHOOD_140,DIVISION,x,y
11194,80223280,4003346463,22/11/2014,2014,545,WILLIAM R ALLEN RD,SHEPPARD AVE W,200 m South ,Major Arterial,,43.748622,-79.462856,At/Near Private Drive,No Control,Clear,"Dark, artificial",Dry,Non-Fatal Injury,Turning Movement,Passenger,30 to 34,Major,,,,,,,,,,,,,,,,,Yes,,,Yes,,Yes,,,,155,Downsview,26,Downsview-Roding-CFB (26),D32,623759.2424,4845100.612
11195,8000203,143357519,24/11/2014,2014,350,DON VALLEY PARKWAY  N,LEASIDE BDGE,,Major Arterial,Toronto and East York,43.697508,-79.349437,,No Control,Rain,"Dark, artificial",Wet,Fatal,SMV Other,Driver,20 to 24,Fatal,43,North,"Automobile, Station Wagon",Going Ahead,Exceeding Speed Limit,"Ability Impaired, Alcohol",,,,,,,,,Yes,,,,,,Yes,Yes,,Yes,,58,Old East York,58,Old East York (58),D55,633004.039,4839599.364
11196,8000204,143362651,24/11/2014,2014,1800,ELLESMERE RD,MILITARY TRL,,Major Arterial,Scarborough,43.779742,-79.217136,At Intersection,Traffic Signal,Clear,"Dark, artificial",Dry,Fatal,Angle,Driver,25 to 29,Fatal,44,South,"Automobile, Station Wagon",Going Ahead,Disobeyed Traffic Control,"Ability Impaired, Alcohol",,,,,,,,,Yes,,,,,,,Yes,Yes,Yes,,135,Morningside,135,Morningside (135),D43,643468.5681,4848953.439
11197,8000205,143362651,24/11/2014,2014,1800,ELLESMERE RD,MILITARY TRL,,Major Arterial,Scarborough,43.779742,-79.217136,At Intersection,Traffic Signal,Clear,"Dark, artificial",Dry,Fatal,Angle,Driver,20 to 24,None,,West,"Automobile, Station Wagon",Going Ahead,Driving Properly,Unknown,,,,,,,,,Yes,,,,,,,Yes,Yes,Yes,,135,Morningside,135,Morningside (135),D43,643468.5681,4848953.439
11198,80631912,4003369105,25/11/2014,2014,1859,LAWRENCE AVE E,TOWER DR,40 m West of,Major Arterial,Scarborough,43.744338,-79.299014,Non Intersection,No Control,Clear,"Dark, artificial",Dry,Non-Fatal Injury,Pedestrian Collisions,Driver,70 to 74,Major,,East,"Automobile, Station Wagon",Turning Left,Failed to Yield Right of Way,Unknown,,,,,,,Yes,,Yes,,,,,,,Yes,,,,119,Wexford/Maryvale,119,Wexford/Maryvale (119),D41,636960.4696,4844882.643
11199,80631913,4003369105,25/11/2014,2014,1859,LAWRENCE AVE E,TOWER DR,40 m West of,Major Arterial,Scarborough,43.744338,-79.299014,Non Intersection,No Control,Clear,"Dark, artificial",Dry,Non-Fatal Injury,Pedestrian Collisions,Pedestrian,25 to 29,None,,East,,,,,Vehicle turns left while ped crosses with ROW at inter.,"Crossing, no Traffic Control",Normal,,,,Yes,,Yes,,,,,,,Yes,,,,119,Wexford/Maryvale,119,Wexford/Maryvale (119),D41,636960.4696,4844882.643
11200,80181211,4003374622,26/11/2014,2014,1625,23 CASTOR CRES,,,Local,Scarborough,43.78147,-79.224178,At/Near Private Drive,No Control,Clear,Dusk,Dry,Non-Fatal Injury,Cyclist Collisions,Cyclist,15 to 19,Major,,East,Bicycle,Changing Lanes,,,,,,Cyclist and Driver travelling in same direction. One vehicle sideswipes the other.,Improper Lane Change,Inattentive,,Yes,Yes,,,,,,,,,,,142,Woburn North,137,Woburn (137),D43,642897.7686,4849133.181
11201,80181212,4003374622,26/11/2014,2014,1625,23 CASTOR CRES,,,Local,Scarborough,43.78147,-79.224178,At/Near Private Drive,No Control,Clear,Dusk,Dry,Non-Fatal Injury,Cyclist Collisions,Driver,55 to 59,None,,East,"Automobile, Station Wagon",Going Ahead,Driving Properly,Normal,,,,,,,,Yes,Yes,,,,,,,,,,,142,Woburn North,137,Woburn (137),D43,642897.7686,4849133.181
11202,80181229,4003375177,26/11/2014,2014,1808,GERRARD ST E,VICTORIA PARK AVE,,Minor Arterial,Scarborough,43.686999,-79.28593,Non Intersection,No Control,Clear,"Dark, artificial",Dry,Non-Fatal Injury,Pedestrian Collisions,Driver,80 to 84,None,,West,"Automobile, Station Wagon",Going Ahead,Driving Properly,Normal,,,,,,,Yes,,Yes,,,,,,,,,,,122,Birchcliffe-Cliffside,122,Birchcliffe-Cliffside (122),D41,638145.6838,4838536.029
11203,80181230,4003375177,26/11/2014,2014,1808,GERRARD ST E,VICTORIA PARK AVE,,Minor Arterial,Scarborough,43.686999,-79.28593,Non Intersection,No Control,Clear,"Dark, artificial",Dry,Non-Fatal Injury,Pedestrian Collisions,Pedestrian,55 to 59,Major,,North,,,,,Pedestrian hit at mid-block,"Crossing, no Traffic Control",Had Been Drinking,,,,Yes,,Yes,,,,,,,,,,,122,Birchcliffe-Cliffside,122,Birchcliffe-Cliffside (122),D41,638145.6838,4838536.029
11204,8000206,143380193,27/11/2014,2014,1420,549 COLLEGE ST,,,Major Arterial,Toronto and East York,43.655574,-79.412013,,No Control,Clear,Daylight,Dry,Fatal,SMV Other,Passenger,90 to 94,Fatal,45,,,,,,,,,,,,,,Yes,,,,,Yes,,,,,,81,Trinity-Bellwoods,81,Trinity-Bellwoods (81),D14,628050.7154,4834843.548
11205,8000207,143380193,27/11/2014,2014,1420,549 COLLEGE ST,,,Major Arterial,Toronto and East York,43.655574,-79.412013,,No Control,Clear,Daylight,Dry,Fatal,SMV Other,Driver,65 to 69,Minimal,,North,"Automobile, Station Wagon",Going Ahead,Lost control,Inattentive,,,,,,,,,Yes,,,,,Yes,,,,,,81,Trinity-Bellwoods,81,Trinity-Bellwoods (81),D14,628050.7154,4834843.548
11206,8000221,143380193,27/11/2014,2014,1420,549 COLLEGE ST,,,Major Arterial,Toronto and East York,43.655574,-79.412013,,No Control,Clear,Daylight,Dry,Fatal,SMV Other,Passenger,65 to 69,Minor,,,,,,,,,,,,,,,Yes,,,,,Yes,,,,,,81,Trinity-Bellwoods,81,Trinity-Bellwoods (81),D14,628050.7154,4834843.548
11207,80223608,4003382352,27/11/2014,2014,2125,SHEPPARD AVE W,JOHN DRURY DR,,Major Arterial,North York,43.748278,-79.482768,At Intersection,Traffic Signal,Clear,"Dark, artificial",Loose Snow,Non-Fatal Injury,SMV Other,Driver,55 to 59,Major,,West,"Automobile, Station Wagon",Going Ahead,Lost control,"Ability Impaired, Alcohol",,,,,,,,,Yes,,,,,,,,,Yes,,155,Downsview,26,Downsview-Roding-CFB (26),D31,622156.7649,4845032.85
11208,80181436,4003389037,28/11/2014,2014,2245,55 BELMONT ST,,,Minor Arterial,Toronto and East York,43.675101,-79.391025,Non Intersection,No Control,Clear,"Dark, artificial",Dry,Non-Fatal Injury,Pedestrian Collisions,Driver,unknown,None,,West,Passenger Van,Going Ahead,Lost control,Unknown,,,,,,,Yes,,Yes,,,,,,,,,,,95,Annex,95,Annex (95),D53,629701.0843,4837044.886
11209,80181437,4003389037,28/11/2014,2014,2245,55 BELMONT ST,,,Minor Arterial,Toronto and East York,43.675101,-79.391025,Non Intersection,No Control,Clear,"Dark, artificial",Dry,Non-Fatal Injury,Pedestrian Collisions,Pedestrian,65 to 69,Major,,East,,,,,Pedestrian hit on sidewalk or shoulder,On Sidewalk or Shoulder,Normal,,,,Yes,,Yes,,,,,,,,,,,95,Annex,95,Annex (95),D53,629701.0843,4837044.886
11210,80181438,4003389037,28/11/2014,2014,2245,55 BELMONT ST,,,Minor Arterial,Toronto and East York,43.675101,-79.391025,Non Intersection,No Control,Clear,"Dark, artificial",Dry,Non-Fatal Injury,Pedestrian Collisions,Pedestrian,65 to 69,Minimal,,East,,,,,Pedestrian hit on sidewalk or shoulder,On Sidewalk or Shoulder,Normal,,,,Yes,,Yes,,,,,,,,,,,95,Annex,95,Annex (95),D53,629701.0843,4837044.886
11211,80223751,4003393065,29/11/2014,2014,1306,DON VALLEY PARKWAY  S,LEASIDE BDGE,,Major Arterial,Toronto and East York,43.698043,-79.349742,Non Intersection,No Control,Clear,Daylight,Dry,Non-Fatal Injury,Pedestrian Collisions,Driver,60 to 64,None,,South,"Automobile, Station Wagon",Going Ahead,Driving Properly,Normal,,,,,,,Yes,,Yes,,,,,,,,,,,58,Old East York,58,Old East York (58),D55,632978.2789,4839658.294
11212,80223752,4003393065,29/11/2014,2014,1306,DON VALLEY PARKWAY  S,LEASIDE BDGE,,Major Arterial,Toronto and East York,43.698043,-79.349742,Non Intersection,No Control,Clear,Daylight,Dry,Non-Fatal Injury,Pedestrian Collisions,Pedestrian,50 to 54,Major,,Unknown,,,,,Pedestrian hit at mid-block,Other,Unknown,,,,Yes,,Yes,,,,,,,,,,,58,Old East York,58,Old East York (58),D55,632978.2789,4839658.294
11213,80631916,4003398142,30/11/2014,2014,1345,500 SCARLETT RD,,,Major Arterial,Etobicoke York,43.68619,-79.512805,Non Intersection,No Control,Clear,Daylight,Wet,Non-Fatal Injury,Approaching,Driver,80 to 84,Major,,South,"Automobile, Station Wagon",Going Ahead,Lost control,Unknown,,,,,,,,,Yes,,,,,Yes,,,,,,8,Humber Heights-Westmount,8,Humber Heights-Westmount (8),D23,619862.1068,4838093.253
11214,80631917,4003398142,30/11/2014,2014,1345,500 SCARLETT RD,,,Major Arterial,Etobicoke York,43.68619,-79.512805,Non Intersection,No Control,Clear,Daylight,Wet,Non-Fatal Injury,Approaching,Driver,75 to 79,Major,,North,"Automobile, Station Wagon",Going Ahead,Driving Properly,Unknown,,,,,,,,,Yes,,,,,Yes,,,,,,8,Humber Heights-Westmount,8,Humber Heights-Westmount (8),D23,619862.1068,4838093.253
11215,80631918,4003398142,30/11/2014,2014,1345,500 SCARLETT RD,,,Major Arterial,Etobicoke York,43.68619,-79.512805,Non Intersection,No Control,Clear,Daylight,Wet,Non-Fatal Injury,Approaching,Passenger,65 to 69,Major,,,,,,,,,,,,,,,Yes,,,,,Yes,,,,,,8,Humber Heights-Westmount,8,Humber Heights-Westmount (8),D23,619862.1068,4838093.253
11216,80631919,4003399384,30/11/2014,2014,1702,203 FAYWOOD BLVD,,,Collector,North York,43.747107,-79.449291,At/Near Private Drive,No Control,Rain,"Dark, artificial",Wet,Non-Fatal Injury,Cyclist Collisions,Driver,30 to 34,None,,East,Pick Up Truck,Reversing,Other,Inattentive,,,,,,,,Yes,Yes,,,,,,,,,,,33,Clanton Park,33,Clanton Park (33),D32,624854.5531,4844952.704
11217,80631920,4003399384,30/11/2014,2014,1702,203 FAYWOOD BLVD,,,Collector,North York,43.747107,-79.449291,At/Near Private Drive,No Control,Rain,"Dark, artificial",Wet,Non-Fatal Injury,Cyclist Collisions,Cyclist,35 to 39,Major,,North,Bicycle,Going Ahead,,,,,,Motorist reversing struck cyclist.,Driving Properly,Other,,Yes,Yes,,,,,,,,,,,33,Clanton Park,33,Clanton Park (33),D32,624854.5531,4844952.704
11218,80181591,4003399258,30/11/2014,2014,1716,1240 WARDEN AVE,,,Major Arterial,Scarborough,43.750205,-79.296703,Non Intersection,No Control,Clear,"Dark, artificial",Dry,Non-Fatal Injury,Approaching,Driver,45 to 49,Major,,South,"Automobile, Station Wagon",Going Ahead,Driving Properly,Normal,,,,,,,,,Yes,,,,,,,,,,,119,Wexford/Maryvale,119,Wexford/Maryvale (119),D41,637133.1505,4845538.085
11219,80181592,4003399258,30/11/2014,2014,1716,1240 WARDEN AVE,,,Major Arterial,Scarborough,43.750205,-79.296703,Non Intersection,No Control,Clear,"Dark, artificial",Dry,Non-Fatal Injury,Approaching,Driver,35 to 39,Minimal,,North,Pick Up Truck,Going Ahead,Lost control,"Ability Impaired, Drugs",,,,,,,,,Yes,,,,,,,,,,,119,Wexford/Maryvale,119,Wexford/Maryvale (119),D41,637133.1505,4845538.085
11220,80631921,4003405816,01/12/2014,2014,1811,EGLINTON AVE E,HANNA RD,58 m West of,Major Arterial,North York,43.711814,-79.373103,Non Intersection,Traffic Signal,Clear,"Dark, artificial",Dry,Non-Fatal Injury,Approaching,Driver,25 to 29,Major,,East,"Automobile, Station Wagon",Going Ahead,Disobeyed Traffic Control,Unknown,,,,,,,,,Yes,,,,,,,Yes,Yes,,,56,Leaside-Bennington,56,Leaside-Bennington (56),D53,631065.808,4841150.556
11221,80631922,4003405816,01/12/2014,2014,1811,EGLINTON AVE E,HANNA RD,58 m West of,Major Arterial,North York,43.711814,-79.373103,Non Intersection,Traffic Signal,Clear,"Dark, artificial",Dry,Non-Fatal Injury,Approaching,Driver,30 to 34,None,,West,"Automobile, Station Wagon",Going Ahead,Driving Properly,Normal,,,,,,,,,Yes,,,,,,,Yes,Yes,,,56,Leaside-Bennington,56,Leaside-Bennington (56),D53,631065.808,4841150.556
11222,80631923,4003410596,02/12/2014,2014,1335,CIVIC RD,SINNOTT RD,,Collector,Scarborough,43.728434,-79.280307,At Intersection,Stop Sign,Clear,Daylight,Dry,Non-Fatal Injury,Pedestrian Collisions,Driver,55 to 59,None,,East,School Bus,Turning Left,Lost control,Normal,,,,,,,Yes,,,,,,,Yes,,,,,,120,Clairlea-Birchmount,120,Clairlea-Birchmount (120),D41,638503.4057,4843147.366
11223,80631924,4003410596,02/12/2014,2014,1335,CIVIC RD,SINNOTT RD,,Collector,Scarborough,43.728434,-79.280307,At Intersection,Stop Sign,Clear,Daylight,Dry,Non-Fatal Injury,Pedestrian Collisions,Passenger,20 to 24,None,,,,,,,,,,,,,Yes,,,,,,,Yes,,,,,,120,Clairlea-Birchmount,120,Clairlea-Birchmount (120),D41,638503.4057,4843147.366
11224,80631925,4003410596,02/12/2014,2014,1335,CIVIC RD,SINNOTT RD,,Collector,Scarborough,43.728434,-79.280307,At Intersection,Stop Sign,Clear,Daylight,Dry,Non-Fatal Injury,Pedestrian Collisions,Pedestrian,45 to 49,Major,,East,,,,,Vehicle turns left while ped crosses with ROW at inter.,Crossing with right of way,Normal,,,,Yes,,,,,,,Yes,,,,,,120,Clairlea-Birchmount,120,Clairlea-Birchmount (120),D41,638503.4057,4843147.366
11225,80631926,4003411081,02/12/2014,2014,1450,HIGHWAY 27  N,DIXON RD,100 m North ,Major Arterial,Etobicoke York,43.689719,-79.582462,Non Intersection,No Control,Rain,Daylight,Wet,Non-Fatal Injury,Turning Movement,Truck Driver,25 to 29,Major,,North,Truck - Dump,Turning Right,Lost control,Normal,,,,,,,,,,,Yes,,,,,,,,,1,West Humber-Clairville,1,West Humber-Clairville (1),D23,614241.2838,4838386.88
11226,80631927,4003411081,02/12/2014,2014,1450,HIGHWAY 27  N,DIXON RD,100 m North ,Major Arterial,Etobicoke York,43.689719,-79.582462,Non Intersection,No Control,Rain,Daylight,Wet,Non-Fatal Injury,Turning Movement,Truck Driver,40 to 44,None,,South,Truck - Dump,Going Ahead,Driving Properly,Normal,,,,,,,,,,,Yes,,,,,,,,,1,West Humber-Clairville,1,West Humber-Clairville (1),D23,614241.2838,4838386.88
11227,80631928,4003419867,03/12/2014,2014,2153,ALBION RD,THISTLE DOWN BLVD,100 m East o,Major Arterial,Etobicoke York,43.734622,-79.559871,Non Intersection,No Control,Clear,"Dark, artificial",Dry,Non-Fatal Injury,Approaching,Driver,20 to 24,Minor,,West,Delivery Van,Going Ahead,Lost control,Fatigue,,,,,,,,,Yes,,,,,,,,,,,3,Thistletown-Beaumond Heights,3,Thistletown-Beaumond Heights (3),D23,615975.2959,4843405.346
11228,80631929,4003419867,03/12/2014,2014,2153,ALBION RD,THISTLE DOWN BLVD,100 m East o,Major Arterial,Etobicoke York,43.734622,-79.559871,Non Intersection,No Control,Clear,"Dark, artificial",Dry,Non-Fatal Injury,Approaching,Driver,35 to 39,Major,,East,"Automobile, Station Wagon",Going Ahead,Driving Properly,Normal,,,,,,,,,Yes,,,,,,,,,,,3,Thistletown-Beaumond Heights,3,Thistletown-Beaumond Heights (3),D23,615975.2959,4843405.346
11229,80631930,4003437550,06/12/2014,2014,1906,BRIMLEY RD,HUNTINGWOOD DR,46 m North o,Major Arterial,Scarborough,43.799033,-79.273639,Non Intersection,No Control,Clear,"Dark, artificial",Dry,Non-Fatal Injury,SMV Other,Driver,55 to 59,Major,,South,"Automobile, Station Wagon",Going Ahead,Lost control,Medical or Physical Disability,,,,,,,,,Yes,,,,,Yes,,,,,Yes,129,Agincourt North,129,Agincourt North (129),D42,638876.9843,4850999.64
11230,80631931,4003437550,06/12/2014,2014,1906,BRIMLEY RD,HUNTINGWOOD DR,46 m North o,Major Arterial,Scarborough,43.799033,-79.273639,Non Intersection,No Control,Clear,"Dark, artificial",Dry,Non-Fatal Injury,SMV Other,Passenger,50 to 54,Minor,,,"Automobile, Station Wagon",,,,,,,,,,,,Yes,,,,,Yes,,,,,Yes,129,Agincourt North,129,Agincourt North (129),D42,638876.9843,4850999.64
11231,80224304,4003439452,07/12/2014,2014,215,EGLINTON AVE E,PHARMACY AVE,,Major Arterial,Scarborough,43.725642,-79.297504,Intersection Related,Traffic Signal,Clear,"Dark, artificial",Dry,Non-Fatal Injury,Turning Movement,Driver,30 to 34,Minor,,West,"Automobile, Station Wagon",Going Ahead,Exceeding Speed Limit,"Ability Impaired, Alcohol Over .08",,,,,,,,,Yes,,Yes,,,Yes,Yes,Yes,,Yes,,120,Clairlea-Birchmount,120,Clairlea-Birchmount (120),D41,637124.7212,4842808.672
11232,80224305,4003439452,07/12/2014,2014,215,EGLINTON AVE E,PHARMACY AVE,,Major Arterial,Scarborough,43.725642,-79.297504,Intersection Related,Traffic Signal,Clear,"Dark, artificial",Dry,Non-Fatal Injury,Turning Movement,Truck Driver,45 to 49,None,,East,Truck-Tractor,Turning Left,Driving Properly,Normal,,,,,,,,,Yes,,Yes,,,Yes,Yes,Yes,,Yes,,120,Clairlea-Birchmount,120,Clairlea-Birchmount (120),D41,637124.7212,4842808.672
11233,80224306,4003439452,07/12/2014,2014,215,EGLINTON AVE E,PHARMACY AVE,,Major Arterial,Scarborough,43.725642,-79.297504,Intersection Related,Traffic Signal,Clear,"Dark, artificial",Dry,Non-Fatal Injury,Turning Movement,Passenger,20 to 24,Major,,,,,,,,,,,,,,,Yes,,Yes,,,Yes,Yes,Yes,,Yes,,120,Clairlea-Birchmount,120,Clairlea-Birchmount (120),D41,637124.7212,4842808.672
11234,80224307,4003439452,07/12/2014,2014,215,EGLINTON AVE E,PHARMACY AVE,,Major Arterial,Scarborough,43.725642,-79.297504,Intersection Related,Traffic Signal,Clear,"Dark, artificial",Dry,Non-Fatal Injury,Turning Movement,Passenger,25 to 29,Major,,,,,,,,,,,,,,,Yes,,Yes,,,Yes,Yes,Yes,,Yes,,120,Clairlea-Birchmount,120,Clairlea-Birchmount (120),D41,637124.7212,4842808.672
11235,8000222,143440580,07/12/2014,2014,944,KENNEDY RD,RANSTONE GDNS,,Major Arterial,Scarborough,43.742171,-79.272052,,Traffic Signal,Clear,Daylight,Dry,Fatal,Approaching,Driver,80 to 84,Fatal,46,South,"Automobile, Station Wagon",Going Ahead,Lost control,Unknown,,,,,,,,,Yes,,,,,,,,,,,125,Ionview,125,Ionview (125),D41,639136.4486,4844686.896
11236,8000223,143440580,07/12/2014,2014,944,KENNEDY RD,RANSTONE GDNS,,Major Arterial,Scarborough,43.742171,-79.272052,,Traffic Signal,Clear,Daylight,Dry,Fatal,Approaching,Driver,60 to 64,None,,North,"Automobile, Station Wagon",Going Ahead,Driving Properly,Normal,,,,,,,,,Yes,,,,,,,,,,,125,Ionview,125,Ionview (125),D41,639136.4486,4844686.896
11237,8000224,143440580,07/12/2014,2014,944,KENNEDY RD,RANSTONE GDNS,,Major Arterial,Scarborough,43.742171,-79.272052,,Traffic Signal,Clear,Daylight,Dry,Fatal,Approaching,Truck Driver,50 to 54,None,,North,Tow Truck,Going Ahead,Driving Properly,Normal,,,,,,,,,Yes,,,,,,,,,,,125,Ionview,125,Ionview (125),D41,639136.4486,4844686.896
11238,80199676,4000047040,08/12/2014,2014,1700,MT PLEASANT RD,MERTON ST,,Major Arterial,North York,43.698161,-79.38647,At Intersection,Traffic Signal,Clear,"Dark, artificial",Dry,Non-Fatal Injury,Pedestrian Collisions,Driver,75 to 79,None,,North,"Automobile, Station Wagon",Turning Left,Failed to Yield Right of Way,Inattentive,,,,,,,Yes,,Yes,,,,,,,Yes,,,,99,Mount Pleasant East,99,Mount Pleasant East (99),D53,630018.4402,4839613.149
11239,80199677,4000047040,08/12/2014,2014,1700,MT PLEASANT RD,MERTON ST,,Major Arterial,North York,43.698161,-79.38647,At Intersection,Traffic Signal,Clear,"Dark, artificial",Dry,Non-Fatal Injury,Pedestrian Collisions,Pedestrian,65 to 69,Major,,,,,,,Vehicle turns left while ped crosses with ROW at inter.,,Unknown,,,,Yes,,Yes,,,,,,,Yes,,,,99,Mount Pleasant East,99,Mount Pleasant East (99),D53,630018.4402,4839613.149
11240,81152649,,08/12/2014,2014,1700,MOUNT PLEASANT RD,MERTON ST,,Major Arterial,North York,43.698104,-79.38644,At Intersection,Traffic Signal,Clear,"Dark, artificial",Dry,Non-Fatal Injury,Pedestrian Collisions,Driver,75 to 79,None,,North,"Automobile, Station Wagon",Turning Left,Failed to Yield Right of Way,Inattentive,,,,,,,Yes,,Yes,,,,,,,Yes,,,,99,Mount Pleasant East,99,Mount Pleasant East (99),D53,630020.9808,4839606.865
11241,81152650,,08/12/2014,2014,1700,MOUNT PLEASANT RD,MERTON ST,,Major Arterial,North York,43.698104,-79.38644,At Intersection,Traffic Signal,Clear,"Dark, artificial",Dry,Non-Fatal Injury,Pedestrian Collisions,Pedestrian,65 to 69,Major,,North,,,,,Vehicle turns left while ped crosses with ROW at inter.,Crossing with right of way,Normal,,,,Yes,,Yes,,,,,,,Yes,,,,99,Mount Pleasant East,99,Mount Pleasant East (99),D53,630020.9808,4839606.865
11242,80485881,4003465091,11/12/2014,2014,1100,SHEPPARD AVE E,DON MILLS RD,,Major Arterial,North York,43.774005,-79.351894,Non Intersection,No Control,Snow,Daylight,Packed Snow,Non-Fatal Injury,Sideswipe,Driver,30 to 34,Major,,West,"Automobile, Station Wagon",Going Ahead,Lost control,Normal,,,,,,,,,Yes,,,,,,,,,,,53,Henry Farm,53,Henry Farm (53),D33,632637.0479,4848091.544
11243,80545150,4003465091,11/12/2014,2014,1100,SHEPPARD AVE E,DON MILLS RD,,Major Arterial,North York,43.774005,-79.351894,Non Intersection,No Control,Snow,Daylight,Packed Snow,Non-Fatal Injury,Sideswipe,Driver,unknown,None,,West,"Automobile, Station Wagon",Going Ahead,Driving Properly,Unknown,,,,,,,,,Yes,,,,,,,,,,,53,Henry Farm,53,Henry Farm (53),D33,632637.0479,4848091.544
11244,80224655,4003469913,12/12/2014,2014,720,STEELES AVE E,TOWNSEND RD,,Major Arterial,North York,43.811907,-79.357539,At Intersection,Traffic Signal,Clear,Daylight,Wet,Non-Fatal Injury,Pedestrian Collisions,Driver,60 to 64,None,,East,Truck (other),Going Ahead,Failed to Yield Right of Way,Normal,,,,,,,Yes,,,,Yes,,,,,Yes,,,,48,Hillcrest Village,48,Hillcrest Village (48),D33,632099.2063,4852292.13
11245,80224656,4003469913,12/12/2014,2014,720,STEELES AVE E,TOWNSEND RD,,Major Arterial,North York,43.811907,-79.357539,At Intersection,Traffic Signal,Clear,Daylight,Wet,Non-Fatal Injury,Pedestrian Collisions,Pedestrian,30 to 34,Major,,North,,,,,Vehicle is going straight thru inter.while ped cross with ROW,Crossing with right of way,Unknown,,,,Yes,,,,Yes,,,,,Yes,,,,48,Hillcrest Village,48,Hillcrest Village (48),D33,632099.2063,4852292.13
11246,8000208,143471771,12/12/2014,2014,1320,SHEPPARD AVE E,404 N SHEPPARD W RAMP,,Major Arterial,North York,43.77582,-79.337749,,Traffic Signal,Clear,Daylight,Wet,Fatal,Turning Movement,Passenger,50 to 54,Fatal,47,,,,,,,,,,,,,,Yes,,,,,Yes,,Yes,Yes,,,53,Henry Farm,53,Henry Farm (53),D33,633771.3802,4848315.885
11247,8000209,143471771,12/12/2014,2014,1320,SHEPPARD AVE E,404 N SHEPPARD W RAMP,,Major Arterial,North York,43.77582,-79.337749,,Traffic Signal,Clear,Daylight,Wet,Fatal,Turning Movement,Driver,20 to 24,Minimal,,West,"Automobile, Station Wagon",Going Ahead,Disobeyed Traffic Control,Inattentive,,,,,,,,,Yes,,,,,Yes,,Yes,Yes,,,53,Henry Farm,53,Henry Farm (53),D33,633771.3802,4848315.885
11248,8000210,143471771,12/12/2014,2014,1320,SHEPPARD AVE E,404 N SHEPPARD W RAMP,,Major Arterial,North York,43.77582,-79.337749,,Traffic Signal,Clear,Daylight,Wet,Fatal,Turning Movement,Driver,40 to 44,Minor,,East,"Automobile, Station Wagon",Turning Left,Driving Properly,Normal,,,,,,,,,Yes,,,,,Yes,,Yes,Yes,,,53,Henry Farm,53,Henry Farm (53),D33,633771.3802,4848315.885
11249,8000213,143474139,12/12/2014,2014,1840,COXWELL AVE,COSBURN AVE,,Minor Arterial,Toronto and East York,43.694125,-79.328006,At Intersection,Traffic Signal,Clear,"Dusk, artificial",Dry,Fatal,Pedestrian Collisions,Pedestrian,40 to 44,Fatal,51,North,,,,,Vehicle turns left while ped crosses with ROW at inter.,Crossing with right of way,Normal,,,,Yes,,Yes,,,,,,,,,,,59,Danforth East York,59,Danforth East York (59),D55,634738.5664,4839258.237
11250,8000214,143474139,12/12/2014,2014,1840,COXWELL AVE,COSBURN AVE,,Minor Arterial,Toronto and East York,43.694125,-79.328006,At Intersection,Traffic Signal,Clear,"Dusk, artificial",Dry,Fatal,Pedestrian Collisions,Driver,75 to 79,None,,North,"Automobile, Station Wagon",Turning Left,Improper Turn,Inattentive,,,,,,,Yes,,Yes,,,,,,,,,,,59,Danforth East York,59,Danforth East York (59),D55,634738.5664,4839258.237
11251,80182801,4003482087,14/12/2014,2014,324,OSSINGTON AVE,DUNDAS ST W,,Major Arterial,Toronto and East York,43.649317,-79.420772,Non Intersection,No Control,Clear,"Dark, artificial",Dry,Non-Fatal Injury,Pedestrian Collisions,Driver,20 to 24,None,,South,"Automobile, Station Wagon",Going Ahead,Driving Properly,Normal,,,,,,,Yes,,Yes,,,,,,,,,,,81,Trinity-Bellwoods,81,Trinity-Bellwoods (81),D14,627357.6327,4834135.147
11252,80182802,4003482087,14/12/2014,2014,324,OSSINGTON AVE,DUNDAS ST W,,Major Arterial,Toronto and East York,43.649317,-79.420772,Non Intersection,No Control,Clear,"Dark, artificial",Dry,Non-Fatal Injury,Pedestrian Collisions,Pedestrian,25 to 29,Major,,Unknown,,,,,Other / Undefined,Other,"Ability Impaired, Alcohol Over .80",,,,Yes,,Yes,,,,,,,,,,,81,Trinity-Bellwoods,81,Trinity-Bellwoods (81),D14,627357.6327,4834135.147