OBJECTID,INDEX,ACCNUM,DATE,ACCIDENT_YEAR,TIME,STREET1,STREET2,OFFSET,ROAD_CLASS,DISTRICT,LATITUDE,LONGITUDE,ACCLOC,TRAFFCTL,VISIBILITY,LIGHT,RDSFCOND,ACCLASS,IMPACTYPE,INVTYPE,INVAGE,INJURY,FATAL_NO,INITDIR,VEHTYPE,MANOEUVER,DRIVACT,DRIVCOND,PEDTYPE,PEDACT,PEDCOND,CYCLISTYPE,CYCACT,CYCCOND,PEDESTRIAN,CYCLIST,AUTOMOBILE,MOTORCYCLE,TRUCK,TRSN_CITY_VEH,EMERG_VEH,PASSENGER,SPEEDING,AG_DRIV,REDLIGHT,ALCOHOL,DISABILITY,HOOD_158,NEIGHBOURHOOD_158,HOOD_140,NEIGHBOURHOOD_140,DIVISION,x,y
11253,80631932,4003487975,15/12/2014,2014,725,SUBWAY CRES,AUKLAND RD,4 m West of,Collector,Etobicoke York,43.637614,-79.537021,At Intersection,Stop Sign,Clear,"Dark, artificial",Wet,Non-Fatal Injury,Pedestrian Collisions,Driver,65 to 69,None,,East,"Automobile, Station Wagon",Going Ahead,Failed to Yield Right of Way,Normal,,,,,,,Yes,,Yes,,,,,,,Yes,,,,159,Etobicoke City Centre,14,Islington-City Centre West (14),D22,618005.5031,4832663.546
11254,80631933,4003487975,15/12/2014,2014,725,SUBWAY CRES,AUKLAND RD,4 m West of,Collector,Etobicoke York,43.637614,-79.537021,At Intersection,Stop Sign,Clear,"Dark, artificial",Wet,Non-Fatal Injury,Pedestrian Collisions,Pedestrian,80 to 84,Major,,Unknown,,,,,Vehicle is going straight thru inter.while ped cross with ROW,Crossing with right of way,Normal,,,,Yes,,Yes,,,,,,,Yes,,,,159,Etobicoke City Centre,14,Islington-City Centre West (14),D22,618005.5031,4832663.546
11255,80631934,4003498144,16/12/2014,2014,1800,JARVIS ST,WELLESLEY ST E,,Major Arterial,Toronto and East York,43.666213,-79.378307,At Intersection,Traffic Signal,Rain,"Dark, artificial",Wet,Non-Fatal Injury,Pedestrian Collisions,Driver,50 to 54,None,,West,"Automobile, Station Wagon",Turning Left,Failed to Yield Right of Way,Normal,,,,,,,Yes,,Yes,,,,,,,Yes,,,,71,Cabbagetown-South St.James Town,71,Cabbagetown-South St.James Town (71),D51,630745.6035,4836077.719
11256,80631935,4003498144,16/12/2014,2014,1800,JARVIS ST,WELLESLEY ST E,,Major Arterial,Toronto and East York,43.666213,-79.378307,At Intersection,Traffic Signal,Rain,"Dark, artificial",Wet,Non-Fatal Injury,Pedestrian Collisions,Pedestrian,40 to 44,Major,,Unknown,,,,,Vehicle turns left while ped crosses with ROW at inter.,Crossing with right of way,Normal,,,,Yes,,Yes,,,,,,,Yes,,,,71,Cabbagetown-South St.James Town,71,Cabbagetown-South St.James Town (71),D51,630745.6035,4836077.719
11257,80183108,4003498374,16/12/2014,2014,1850,ST CLAIR AVE W,DUFFERIN ST,,Major Arterial,Toronto and East York,43.67789,-79.443042,At Intersection,Traffic Signal,Rain,"Dark, artificial",Wet,Non-Fatal Injury,Pedestrian Collisions,Driver,50 to 54,None,,West,"Automobile, Station Wagon",Going Ahead,Driving Properly,Normal,,,,,,,Yes,,Yes,,,,,,,,,,,92,Corso Italia-Davenport,92,Corso Italia-Davenport (92),D13,625502.0871,4837274.62
11258,80183109,4003498374,16/12/2014,2014,1850,ST CLAIR AVE W,DUFFERIN ST,,Major Arterial,Toronto and East York,43.67789,-79.443042,At Intersection,Traffic Signal,Rain,"Dark, artificial",Wet,Non-Fatal Injury,Pedestrian Collisions,Pedestrian,60 to 64,Major,,South,,,,,Vehicle is going straight thru inter.while ped cross without ROW,Running onto Roadway,Inattentive,,,,Yes,,Yes,,,,,,,,,,,92,Corso Italia-Davenport,92,Corso Italia-Davenport (92),D13,625502.0871,4837274.62
11259,80183114,4003498466,16/12/2014,2014,1910,ALBION RD,RIVERDALE DR,,Major Arterial,Etobicoke York,43.735346,-79.561374,Intersection Related,Traffic Signal,Rain,Dark,Wet,Non-Fatal Injury,Pedestrian Collisions,Driver,45 to 49,None,,North,"Automobile, Station Wagon",Turning Left,Driving Properly,Normal,,,,,,,Yes,,Yes,,,,,Yes,,,,,,3,Thistletown-Beaumond Heights,3,Thistletown-Beaumond Heights (3),D23,615852.8606,4843483.654
11260,80183115,4003498466,16/12/2014,2014,1910,ALBION RD,RIVERDALE DR,,Major Arterial,Etobicoke York,43.735346,-79.561374,Intersection Related,Traffic Signal,Rain,Dark,Wet,Non-Fatal Injury,Pedestrian Collisions,Passenger,5 to 9,Major,,,,,,,,,,,,,Yes,,Yes,,,,,Yes,,,,,,3,Thistletown-Beaumond Heights,3,Thistletown-Beaumond Heights (3),D23,615852.8606,4843483.654
11261,80183116,4003498466,16/12/2014,2014,1910,ALBION RD,RIVERDALE DR,,Major Arterial,Etobicoke York,43.735346,-79.561374,Intersection Related,Traffic Signal,Rain,Dark,Wet,Non-Fatal Injury,Pedestrian Collisions,Pedestrian,45 to 49,Minor,,Unknown,,,,,Vehicle turns left while ped crosses with ROW at inter.,Crossing with right of way,Normal,,,,Yes,,Yes,,,,,Yes,,,,,,3,Thistletown-Beaumond Heights,3,Thistletown-Beaumond Heights (3),D23,615852.8606,4843483.654
11262,80631936,4003506049,18/12/2014,2014,2,DUNDAS ST W,STERLING RD,70 m West of,Minor Arterial,Toronto and East York,43.650824,-79.44395,Non Intersection,No Control,Clear,"Dark, artificial",Wet,Non-Fatal Injury,Approaching,Driver,40 to 44,Major,,East,"Automobile, Station Wagon",Going Ahead,Lost control,Unknown,,,,,,,,,Yes,,,Yes,,,,,,,,86,Roncesvalles,84,Little Portugal (84),D11,625485.2748,4834267.209
11263,80631937,4003506049,18/12/2014,2014,2,DUNDAS ST W,STERLING RD,70 m West of,Minor Arterial,Toronto and East York,43.650824,-79.44395,Non Intersection,No Control,Clear,"Dark, artificial",Wet,Non-Fatal Injury,Approaching,Driver,35 to 39,None,,West,Street Car,Going Ahead,Driving Properly,Normal,,,,,,,,,Yes,,,Yes,,,,,,,,86,Roncesvalles,84,Little Portugal (84),D11,625485.2748,4834267.209
11264,8000211,143507481,18/12/2014,2014,843,6030 BATHURST ST,,,Major Arterial,North York,43.788577,-79.446666,,No Control,Clear,Daylight,Dry,Fatal,Pedestrian Collisions,Pedestrian,75 to 79,Fatal,50,East,,,,,Pedestrian hit at mid-block,Running onto Roadway,Inattentive,,,,Yes,,Yes,,,,,Yes,,,,,,36,Newtonbrook West,36,Newtonbrook West (36),D32,624979.5078,4849562.533
11265,8000212,143507481,18/12/2014,2014,843,6030 BATHURST ST,,,Major Arterial,North York,43.788577,-79.446666,,No Control,Clear,Daylight,Dry,Fatal,Pedestrian Collisions,Driver,25 to 29,None,,South,"Automobile, Station Wagon",Going Ahead,Driving Properly,Normal,,,,,,,Yes,,Yes,,,,,Yes,,,,,,36,Newtonbrook West,36,Newtonbrook West (36),D32,624979.5078,4849562.533
11266,8000304,143507481,18/12/2014,2014,843,6030 BATHURST ST,,,Major Arterial,North York,43.788577,-79.446666,,No Control,Clear,Daylight,Dry,Fatal,Pedestrian Collisions,Passenger,unknown,None,,,,,,,,,,,,,Yes,,Yes,,,,,Yes,,,,,,36,Newtonbrook West,36,Newtonbrook West (36),D32,624979.5078,4849562.533
11267,80485918,4003516677,19/12/2014,2014,1740,FINCH AVE E,NEILSON RD,,Minor Arterial,Scarborough,43.816252,-79.227596,At Intersection,Traffic Signal,Clear,Dark,Dry,Fatal,Pedestrian Collisions,Driver,25 to 29,None,,North,Municipal Transit Bus (TTC),Turning Right,Failed to Yield Right of Way,Other,,,,,,,Yes,,,,,Yes,,,,Yes,,,,145,Malvern West,132,Malvern (132),D42,642539.9865,4852990.39
11268,80485919,4003516677,19/12/2014,2014,1740,FINCH AVE E,NEILSON RD,,Minor Arterial,Scarborough,43.816252,-79.227596,At Intersection,Traffic Signal,Clear,Dark,Dry,Fatal,Pedestrian Collisions,Pedestrian,10 to 14,Fatal,48,West,,,,,Vehicle turns right while ped crosses with ROW at inter.,Other,Other,,,,Yes,,,,,Yes,,,,Yes,,,,145,Malvern West,132,Malvern (132),D42,642539.9865,4852990.39
11269,80631938,4003518072,19/12/2014,2014,2228,KIPLING AVE,FINCH AVE W,,Major Arterial,Etobicoke York,43.743121,-79.582706,Non Intersection,No Control,Clear,Dark,Dry,Non-Fatal Injury,Pedestrian Collisions,Driver,45 to 49,None,,West,"Automobile, Station Wagon",Going Ahead,Driving Properly,Normal,,,,,,,Yes,,Yes,,,,,,,,,,,2,Mount Olive-Silverstone-Jamestown,2,Mount Olive-Silverstone-Jamestown (2),D23,614120.2072,4844317.574
11270,80631939,4003518072,19/12/2014,2014,2228,KIPLING AVE,FINCH AVE W,,Major Arterial,Etobicoke York,43.743121,-79.582706,Non Intersection,No Control,Clear,Dark,Dry,Non-Fatal Injury,Pedestrian Collisions,Pedestrian,25 to 29,Major,,North,,,,,Pedestrian hit at mid-block,Running onto Roadway,Inattentive,,,,Yes,,Yes,,,,,,,,,,,2,Mount Olive-Silverstone-Jamestown,2,Mount Olive-Silverstone-Jamestown (2),D23,614120.2072,4844317.574
11271,80225387,4003521992,20/12/2014,2014,1410,OSSINGTON AVE,BLOOR ST W,15 m South o,Major Arterial,Toronto and East York,43.661971,-79.425647,Non Intersection,No Control,Clear,Daylight,Dry,Non-Fatal Injury,Cyclist Collisions,Driver,55 to 59,None,,South,"Automobile, Station Wagon",Overtaking,Improper Passing,Inattentive,,,,,,,,Yes,Yes,,,,,Yes,,Yes,,,,80,Palmerston-Little Italy,80,Palmerston-Little Italy (80),D14,626937.8172,4835533.07
11272,80225388,4003521992,20/12/2014,2014,1410,OSSINGTON AVE,BLOOR ST W,15 m South o,Major Arterial,Toronto and East York,43.661971,-79.425647,Non Intersection,No Control,Clear,Daylight,Dry,Non-Fatal Injury,Cyclist Collisions,Cyclist,25 to 29,Major,,South,Bicycle,Going Ahead,,,,,,Cyclist and Driver travelling in same direction. One vehicle sideswipes the other.,Driving Properly,Normal,,Yes,Yes,,,,,Yes,,Yes,,,,80,Palmerston-Little Italy,80,Palmerston-Little Italy (80),D14,626937.8172,4835533.07
11273,80225389,4003521992,20/12/2014,2014,1410,OSSINGTON AVE,BLOOR ST W,15 m South o,Major Arterial,Toronto and East York,43.661971,-79.425647,Non Intersection,No Control,Clear,Daylight,Dry,Non-Fatal Injury,Cyclist Collisions,Passenger,55 to 59,None,,,,,,,,,,,,,,Yes,Yes,,,,,Yes,,Yes,,,,80,Palmerston-Little Italy,80,Palmerston-Little Italy (80),D14,626937.8172,4835533.07
11274,80631940,4003523985,20/12/2014,2014,2308,BRIMLEY RD,DORCOT AVE,,Major Arterial,Scarborough,43.758887,-79.257114,At Intersection,Traffic Signal,Clear,"Dark, artificial",Dry,Non-Fatal Injury,Pedestrian Collisions,Driver,25 to 29,Minimal,,North,"Automobile, Station Wagon",Going Ahead,Driving Properly,Inattentive,,,,,,,Yes,,Yes,,,,,Yes,,,,,,156,Bendale-Glen Andrew,127,Bendale (127),D43,640300.2228,4846568.66
11275,80631941,4003523985,20/12/2014,2014,2308,BRIMLEY RD,DORCOT AVE,,Major Arterial,Scarborough,43.758887,-79.257114,At Intersection,Traffic Signal,Clear,"Dark, artificial",Dry,Non-Fatal Injury,Pedestrian Collisions,Passenger,20 to 24,None,,,,,,,,,,,,,Yes,,Yes,,,,,Yes,,,,,,156,Bendale-Glen Andrew,127,Bendale (127),D43,640300.2228,4846568.66
11276,80631942,4003523985,20/12/2014,2014,2308,BRIMLEY RD,DORCOT AVE,,Major Arterial,Scarborough,43.758887,-79.257114,At Intersection,Traffic Signal,Clear,"Dark, artificial",Dry,Non-Fatal Injury,Pedestrian Collisions,Passenger,20 to 24,None,,,,,,,,,,,,,Yes,,Yes,,,,,Yes,,,,,,156,Bendale-Glen Andrew,127,Bendale (127),D43,640300.2228,4846568.66
11277,80631943,4003523985,20/12/2014,2014,2308,BRIMLEY RD,DORCOT AVE,,Major Arterial,Scarborough,43.758887,-79.257114,At Intersection,Traffic Signal,Clear,"Dark, artificial",Dry,Non-Fatal Injury,Pedestrian Collisions,Pedestrian,20 to 24,Major,,West,,,,,Vehicle is going straight thru inter.while ped cross without ROW,Crossing without right of way,Had Been Drinking,,,,Yes,,Yes,,,,,Yes,,,,,,156,Bendale-Glen Andrew,127,Bendale (127),D43,640300.2228,4846568.66
11278,80631944,4003526196,21/12/2014,2014,1132,MARKHAM RD,BLAKEMANOR BLVD,246 m North ,Major Arterial,Scarborough,43.752967,-79.223071,Non Intersection,No Control,Clear,Daylight,Dry,Non-Fatal Injury,SMV Other,Driver,60 to 64,Major,,South,"Automobile, Station Wagon",Other,Lost control,Medical or Physical Disability,,,,,,,,,Yes,,,,,Yes,,,,,Yes,141,Golfdale-Cedarbrae-Woburn,137,Woburn (137),D43,643054.7834,4845969.389
11279,80631945,4003526196,21/12/2014,2014,1132,MARKHAM RD,BLAKEMANOR BLVD,246 m North ,Major Arterial,Scarborough,43.752967,-79.223071,Non Intersection,No Control,Clear,Daylight,Dry,Non-Fatal Injury,SMV Other,Passenger,55 to 59,Minor,,,,,,,,,,,,,,,Yes,,,,,Yes,,,,,Yes,141,Golfdale-Cedarbrae-Woburn,137,Woburn (137),D43,643054.7834,4845969.389
11280,80631946,4003527031,21/12/2014,2014,1437,BLOOR ST W,SHAW ST,18 m East of,Major Arterial,Toronto and East York,43.662436,-79.423229,Intersection Related,No Control,Clear,Daylight,Dry,Non-Fatal Injury,Pedestrian Collisions,Driver,45 to 49,Minimal,,West,"Automobile, Station Wagon",Making U Turn,Improper Turn,Inattentive,,,,,,,Yes,,Yes,,,,,Yes,,,,,,80,Palmerston-Little Italy,80,Palmerston-Little Italy (80),D14,627131.7974,4835588.416
11281,80631947,4003527031,21/12/2014,2014,1437,BLOOR ST W,SHAW ST,18 m East of,Major Arterial,Toronto and East York,43.662436,-79.423229,Intersection Related,No Control,Clear,Daylight,Dry,Non-Fatal Injury,Pedestrian Collisions,Pedestrian,50 to 54,Major,,Unknown,,,,,Pedestrian hit on sidewalk or shoulder,On Sidewalk or Shoulder,Normal,,,,Yes,,Yes,,,,,Yes,,,,,,80,Palmerston-Little Italy,80,Palmerston-Little Italy (80),D14,627131.7974,4835588.416
11282,80631948,4003527031,21/12/2014,2014,1437,BLOOR ST W,SHAW ST,18 m East of,Major Arterial,Toronto and East York,43.662436,-79.423229,Intersection Related,No Control,Clear,Daylight,Dry,Non-Fatal Injury,Pedestrian Collisions,Passenger,15 to 19,None,,,,,,,,,,,,,Yes,,Yes,,,,,Yes,,,,,,80,Palmerston-Little Italy,80,Palmerston-Little Italy (80),D14,627131.7974,4835588.416
11283,80631949,4003538412,23/12/2014,2014,1447,FINCH AVE W,SENLAC RD,49 m East of,Major Arterial,North York,43.77661,-79.42937,Non Intersection,No Control,Rain,Daylight,Wet,Non-Fatal Injury,SMV Other,Driver,80 to 84,Major,,East,Passenger Van,Going Ahead,Lost control,Medical or Physical Disability,,,,,,,,,Yes,,,,,Yes,,,,,Yes,37,Willowdale West,37,Willowdale West (37),D32,626396.3528,4848259.673
11284,80631950,4003538412,23/12/2014,2014,1447,FINCH AVE W,SENLAC RD,49 m East of,Major Arterial,North York,43.77661,-79.42937,Non Intersection,No Control,Rain,Daylight,Wet,Non-Fatal Injury,SMV Other,Passenger,60 to 64,Minor,,,,,,,,,,,,,,,Yes,,,,,Yes,,,,,Yes,37,Willowdale West,37,Willowdale West (37),D32,626396.3528,4848259.673
11285,80225641,4003538995,23/12/2014,2014,1638,MOUNT PLEASANT RD,MERTON ST,,Major Arterial,North York,43.698161,-79.38647,At Intersection,Traffic Signal,Rain,Dusk,Wet,Non-Fatal Injury,Pedestrian Collisions,Driver,80 to 84,None,,East,"Automobile, Station Wagon",Turning Left,Failed to Yield Right of Way,Inattentive,,,,,,,Yes,,Yes,,,,,,,Yes,,,,99,Mount Pleasant East,99,Mount Pleasant East (99),D53,630018.4402,4839613.149
11286,80225642,4003538995,23/12/2014,2014,1638,MOUNT PLEASANT RD,MERTON ST,,Major Arterial,North York,43.698161,-79.38647,At Intersection,Traffic Signal,Rain,Dusk,Wet,Non-Fatal Injury,Pedestrian Collisions,Pedestrian,70 to 74,Major,,East,,,,,Vehicle turns left while ped crosses with ROW at inter.,Crossing with right of way,Normal,,,,Yes,,Yes,,,,,,,Yes,,,,99,Mount Pleasant East,99,Mount Pleasant East (99),D53,630018.4402,4839613.149
11287,80225696,4003541767,24/12/2014,2014,635,FINCH AVE E,BRIDLETOWNE CRCL,,Major Arterial,Scarborough,43.797381,-79.312274,At Intersection,Traffic Signal,"Fog, Mist, Smoke, Dust","Dark, artificial",Wet,Non-Fatal Injury,Pedestrian Collisions,Driver,55 to 59,None,,East,"Automobile, Station Wagon",Turning Left,Failed to Yield Right of Way,Inattentive,,,,,,,Yes,,Yes,,,,,,,Yes,,,,148,East L'Amoreaux,117,L'Amoreaux (117),D42,635772.7035,4850752.05
11288,80225697,4003541767,24/12/2014,2014,635,FINCH AVE E,BRIDLETOWNE CRCL,,Major Arterial,Scarborough,43.797381,-79.312274,At Intersection,Traffic Signal,"Fog, Mist, Smoke, Dust","Dark, artificial",Wet,Non-Fatal Injury,Pedestrian Collisions,Pedestrian,55 to 59,Major,,West,,,,,Vehicle turns left while ped crosses with ROW at inter.,Crossing with right of way,Inattentive,,,,Yes,,Yes,,,,,,,Yes,,,,148,East L'Amoreaux,117,L'Amoreaux (117),D42,635772.7035,4850752.05
11289,80631951,4003544666,24/12/2014,2014,1800,ALTON TOWERS CRCL,INGLETON BLVD,,Collector,Scarborough,43.82297,-79.272441,At Intersection,Pedestrian Crossover,Rain,"Dark, artificial",Wet,Non-Fatal Injury,Pedestrian Collisions,Driver,unknown,None,,West,,Going Ahead,Failed to Yield Right of Way,Unknown,,,,,,,Yes,,,,,,,,,Yes,,,,130,Milliken,130,Milliken (130),D42,638917.8476,4853660.245
11290,80631952,4003544666,24/12/2014,2014,1800,ALTON TOWERS CRCL,INGLETON BLVD,,Collector,Scarborough,43.82297,-79.272441,At Intersection,Pedestrian Crossover,Rain,"Dark, artificial",Wet,Non-Fatal Injury,Pedestrian Collisions,Pedestrian,65 to 69,Major,,North,,,,,Pedestrian hit a PXO/ped. Mid-block signal,"Crossing, Pedestrian Crossover",Normal,,,,Yes,,,,,,,,,Yes,,,,130,Milliken,130,Milliken (130),D42,638917.8476,4853660.245
11291,80631953,4003549384,25/12/2014,2014,2150,MCCOWAN RD,STEELES AVE E,,Major Arterial,Scarborough,43.830973,-79.275157,Intersection Related,Traffic Signal,Clear,"Dark, artificial",Dry,Non-Fatal Injury,Turning Movement,Driver,25 to 29,None,,North,"Automobile, Station Wagon",Turning Left,Lost control,Normal,,,,,,,,,Yes,,,,,Yes,,,,,,130,Milliken,130,Milliken (130),D42,638680.9087,4854544.553
11292,80631954,4003549384,25/12/2014,2014,2150,MCCOWAN RD,STEELES AVE E,,Major Arterial,Scarborough,43.830973,-79.275157,Intersection Related,Traffic Signal,Clear,"Dark, artificial",Dry,Non-Fatal Injury,Turning Movement,Driver,40 to 44,None,,East,"Automobile, Station Wagon",Stopped,Driving Properly,Normal,,,,,,,,,Yes,,,,,Yes,,,,,,130,Milliken,130,Milliken (130),D42,638680.9087,4854544.553
11293,80631955,4003549384,25/12/2014,2014,2150,MCCOWAN RD,STEELES AVE E,,Major Arterial,Scarborough,43.830973,-79.275157,Intersection Related,Traffic Signal,Clear,"Dark, artificial",Dry,Non-Fatal Injury,Turning Movement,Driver,50 to 54,None,,East,"Automobile, Station Wagon",Stopped,Driving Properly,Normal,,,,,,,,,Yes,,,,,Yes,,,,,,130,Milliken,130,Milliken (130),D42,638680.9087,4854544.553
11294,80631956,4003549384,25/12/2014,2014,2150,MCCOWAN RD,STEELES AVE E,,Major Arterial,Scarborough,43.830973,-79.275157,Intersection Related,Traffic Signal,Clear,"Dark, artificial",Dry,Non-Fatal Injury,Turning Movement,Passenger,30 to 34,None,,,,,,,,,,,,,,,Yes,,,,,Yes,,,,,,130,Milliken,130,Milliken (130),D42,638680.9087,4854544.553
11295,80631957,4003549384,25/12/2014,2014,2150,MCCOWAN RD,STEELES AVE E,,Major Arterial,Scarborough,43.830973,-79.275157,Intersection Related,Traffic Signal,Clear,"Dark, artificial",Dry,Non-Fatal Injury,Turning Movement,Passenger,40 to 44,Major,,,,,,,,,,,,,,,Yes,,,,,Yes,,,,,,130,Milliken,130,Milliken (130),D42,638680.9087,4854544.553
11296,80631958,4003549384,25/12/2014,2014,2150,MCCOWAN RD,STEELES AVE E,,Major Arterial,Scarborough,43.830973,-79.275157,Intersection Related,Traffic Signal,Clear,"Dark, artificial",Dry,Non-Fatal Injury,Turning Movement,Passenger,5 to 9,None,,,,,,,,,,,,,,,Yes,,,,,Yes,,,,,,130,Milliken,130,Milliken (130),D42,638680.9087,4854544.553
11297,80485972,4003563376,28/12/2014,2014,1809,SHEPPARD AVE E,BRIDLEWOOD BLVD,37 m West of,Major Arterial,Scarborough,43.777014,-79.315486,Non Intersection,No Control,Clear,"Dark, artificial",Dry,Fatal,Pedestrian Collisions,Truck Driver,20 to 24,None,,East,Truck (other),Going Ahead,Driving Properly,Normal,,,,,,,Yes,,,,Yes,,,Yes,,,,,,118,Tam O'Shanter-Sullivan,118,Tam O'Shanter-Sullivan (118),D42,635560.3388,4848484.71
11298,80485973,4003563376,28/12/2014,2014,1809,SHEPPARD AVE E,BRIDLEWOOD BLVD,37 m West of,Major Arterial,Scarborough,43.777014,-79.315486,Non Intersection,No Control,Clear,"Dark, artificial",Dry,Fatal,Pedestrian Collisions,Passenger,20 to 24,None,,,,,,,,,,,,,Yes,,,,Yes,,,Yes,,,,,,118,Tam O'Shanter-Sullivan,118,Tam O'Shanter-Sullivan (118),D42,635560.3388,4848484.71
11299,80485974,4003563376,28/12/2014,2014,1809,SHEPPARD AVE E,BRIDLEWOOD BLVD,37 m West of,Major Arterial,Scarborough,43.777014,-79.315486,Non Intersection,No Control,Clear,"Dark, artificial",Dry,Fatal,Pedestrian Collisions,Passenger,20 to 24,None,,,,,,,,,,,,,Yes,,,,Yes,,,Yes,,,,,,118,Tam O'Shanter-Sullivan,118,Tam O'Shanter-Sullivan (118),D42,635560.3388,4848484.71
11300,80485975,4003563376,28/12/2014,2014,1809,SHEPPARD AVE E,BRIDLEWOOD BLVD,37 m West of,Major Arterial,Scarborough,43.777014,-79.315486,Non Intersection,No Control,Clear,"Dark, artificial",Dry,Fatal,Pedestrian Collisions,Passenger,25 to 29,None,,,,,,,,,,,,,Yes,,,,Yes,,,Yes,,,,,,118,Tam O'Shanter-Sullivan,118,Tam O'Shanter-Sullivan (118),D42,635560.3388,4848484.71
11301,80485976,4003563376,28/12/2014,2014,1809,SHEPPARD AVE E,BRIDLEWOOD BLVD,37 m West of,Major Arterial,Scarborough,43.777014,-79.315486,Non Intersection,No Control,Clear,"Dark, artificial",Dry,Fatal,Pedestrian Collisions,Pedestrian,80 to 84,Fatal,49,South,,,,,Pedestrian hit at mid-block,"Crossing, no Traffic Control",Inattentive,,,,Yes,,,,Yes,,,Yes,,,,,,118,Tam O'Shanter-Sullivan,118,Tam O'Shanter-Sullivan (118),D42,635560.3388,4848484.71
11302,80631959,4003564717,29/12/2014,2014,22,KINGSTON RD,LAWSON RD,,Minor Arterial,Scarborough,43.784529,-79.168742,At Intersection,Traffic Signal,Clear,"Dark, artificial",Dry,Non-Fatal Injury,Pedestrian Collisions,Driver,40 to 44,None,,North,"Automobile, Station Wagon",Turning Left,Failed to Yield Right of Way,Normal,,,,,,,Yes,,Yes,,,,,,,Yes,,,,133,Centennial Scarborough,133,Centennial Scarborough (133),D43,647351.1618,4849570.122
11303,80631960,4003564717,29/12/2014,2014,22,KINGSTON RD,LAWSON RD,,Minor Arterial,Scarborough,43.784529,-79.168742,At Intersection,Traffic Signal,Clear,"Dark, artificial",Dry,Non-Fatal Injury,Pedestrian Collisions,Pedestrian,65 to 69,Major,,South,,,,,Vehicle turns left while ped crosses with ROW at inter.,Crossing with right of way,Had Been Drinking,,,,Yes,,Yes,,,,,,,Yes,,,,133,Centennial Scarborough,133,Centennial Scarborough (133),D43,647351.1618,4849570.122
11304,80492256,,01/01/2015,2015,624,KEELE ST,COLVILLE RD,,Major Arterial,Etobicoke York,43.706175,-79.477496,At Intersection,No Control,Clear,"Dawn, artificial",Dry,Non-Fatal Injury,Approaching,Driver,20 to 24,Major,,South,"Automobile, Station Wagon",Going Ahead,Lost control,Unknown,,,,,,,,,Yes,,,,,Yes,Yes,Yes,,,,30,Brookhaven-Amesbury,30,Brookhaven-Amesbury (30),D12,622667.1428,4840364.499
11305,80492257,,01/01/2015,2015,624,KEELE ST,COLVILLE RD,,Major Arterial,Etobicoke York,43.706175,-79.477496,At Intersection,No Control,Clear,"Dawn, artificial",Dry,Non-Fatal Injury,Approaching,Driver,30 to 34,Minor,,North,"Automobile, Station Wagon",Going Ahead,Driving Properly,Normal,,,,,,,,,Yes,,,,,Yes,Yes,Yes,,,,30,Brookhaven-Amesbury,30,Brookhaven-Amesbury (30),D12,622667.1428,4840364.499
11306,80492258,,01/01/2015,2015,624,KEELE ST,COLVILLE RD,,Major Arterial,Etobicoke York,43.706175,-79.477496,At Intersection,No Control,Clear,"Dawn, artificial",Dry,Non-Fatal Injury,Approaching,Passenger,20 to 24,Minor,,,,,,,,,,,,,,,Yes,,,,,Yes,Yes,Yes,,,,30,Brookhaven-Amesbury,30,Brookhaven-Amesbury (30),D12,622667.1428,4840364.499
11307,80226921,,02/01/2015,2015,949,2211 ST CLAIR AVE W,,23 m East of,Major Arterial,Etobicoke York,43.670848,-79.475185,Non Intersection,No Control,Clear,Daylight,Dry,Non-Fatal Injury,Turning Movement,Driver,60 to 64,Major,,West,"Automobile, Station Wagon",Making U Turn,Improper Turn,Unknown,,,,,,,,,Yes,,Yes,,,,,,,,,90,Junction Area,90,Junction Area (90),D11,622925.4822,4836444.378
11308,80226922,,02/01/2015,2015,949,2211 ST CLAIR AVE W,,23 m East of,Major Arterial,Etobicoke York,43.670848,-79.475185,Non Intersection,No Control,Clear,Daylight,Dry,Non-Fatal Injury,Turning Movement,Truck Driver,30 to 34,None,,West,"Truck - Closed (Blazer, etc)",Going Ahead,Driving Properly,Normal,,,,,,,,,Yes,,Yes,,,,,,,,,90,Junction Area,90,Junction Area (90),D11,622925.4822,4836444.378
11309,80562660,,02/01/2015,2015,1830,BAYVIEW AVE,SHEPPARD AVE E,,Major Arterial,North York,43.766577,-79.388042,At Intersection,Traffic Signal,Clear,"Dark, artificial",Dry,Non-Fatal Injury,Turning Movement,Driver,40 to 44,None,,South,"Automobile, Station Wagon",Turning Left,Other,Normal,,,,,,,,,Yes,,,,,Yes,,,,,,52,Bayview Village,52,Bayview Village (52),D33,629743.9448,4847209.278
11310,80562661,,02/01/2015,2015,1830,BAYVIEW AVE,SHEPPARD AVE E,,Major Arterial,North York,43.766577,-79.388042,At Intersection,Traffic Signal,Clear,"Dark, artificial",Dry,Non-Fatal Injury,Turning Movement,Driver,45 to 49,Major,,North,"Automobile, Station Wagon",Going Ahead,Other,Normal,,,,,,,,,Yes,,,,,Yes,,,,,,52,Bayview Village,52,Bayview Village (52),D33,629743.9448,4847209.278