OBJECTID,INDEX,ACCNUM,DATE,ACCIDENT_YEAR,TIME,STREET1,STREET2,OFFSET,ROAD_CLASS,DISTRICT,LATITUDE,LONGITUDE,ACCLOC,TRAFFCTL,VISIBILITY,LIGHT,RDSFCOND,ACCLASS,IMPACTYPE,INVTYPE,INVAGE,INJURY,FATAL_NO,INITDIR,VEHTYPE,MANOEUVER,DRIVACT,DRIVCOND,PEDTYPE,PEDACT,PEDCOND,CYCLISTYPE,CYCACT,CYCCOND,PEDESTRIAN,CYCLIST,AUTOMOBILE,MOTORCYCLE,TRUCK,TRSN_CITY_VEH,EMERG_VEH,PASSENGER,SPEEDING,AG_DRIV,REDLIGHT,ALCOHOL,DISABILITY,HOOD_158,NEIGHBOURHOOD_158,HOOD_140,NEIGHBOURHOOD_140,DIVISION,x,y
11311,80562662,,02/01/2015,2015,1830,BAYVIEW AVE,SHEPPARD AVE E,,Major Arterial,North York,43.766577,-79.388042,At Intersection,Traffic Signal,Clear,"Dark, artificial",Dry,Non-Fatal Injury,Turning Movement,Passenger,5 to 9,None,,,,,,,,,,,,,,,Yes,,,,,Yes,,,,,,52,Bayview Village,52,Bayview Village (52),D33,629743.9448,4847209.278
11312,80562663,,02/01/2015,2015,1830,BAYVIEW AVE,SHEPPARD AVE E,,Major Arterial,North York,43.766577,-79.388042,At Intersection,Traffic Signal,Clear,"Dark, artificial",Dry,Non-Fatal Injury,Turning Movement,Passenger,20 to 24,Minimal,,,,,,,,,,,,,,,Yes,,,,,Yes,,,,,,52,Bayview Village,52,Bayview Village (52),D33,629743.9448,4847209.278
11313,80562664,,02/01/2015,2015,1830,BAYVIEW AVE,SHEPPARD AVE E,,Major Arterial,North York,43.766577,-79.388042,At Intersection,Traffic Signal,Clear,"Dark, artificial",Dry,Non-Fatal Injury,Turning Movement,Passenger,20 to 24,Minimal,,,,,,,,,,,,,,,Yes,,,,,Yes,,,,,,52,Bayview Village,52,Bayview Village (52),D33,629743.9448,4847209.278
11314,80562665,,02/01/2015,2015,1830,BAYVIEW AVE,SHEPPARD AVE E,,Major Arterial,North York,43.766577,-79.388042,At Intersection,Traffic Signal,Clear,"Dark, artificial",Dry,Non-Fatal Injury,Turning Movement,Passenger,40 to 44,None,,,,,,,,,,,,,,,Yes,,,,,Yes,,,,,,52,Bayview Village,52,Bayview Village (52),D33,629743.9448,4847209.278
11315,80556228,,04/01/2015,2015,1904,BATHURST ST,COLLEGE ST,60 m North o,Major Arterial,Toronto and East York,43.657664,-79.408206,Non Intersection,Pedestrian Crossover,Snow,"Dark, artificial",Wet,Non-Fatal Injury,Pedestrian Collisions,Driver,70 to 74,None,,North,"Automobile, Station Wagon",Going Ahead,Failed to Yield Right of Way,Normal,,,,,,,Yes,,Yes,,,,,,,Yes,,,,79,University,79,University (79),D14,628353.251,4835081.552
11316,80556229,,04/01/2015,2015,1904,BATHURST ST,COLLEGE ST,60 m North o,Major Arterial,Toronto and East York,43.657664,-79.408206,Non Intersection,Pedestrian Crossover,Snow,"Dark, artificial",Wet,Non-Fatal Injury,Pedestrian Collisions,Pedestrian,25 to 29,Major,,West,,,,,Pedestrian hit a PXO/ped. Mid-block signal,"Crossing, Pedestrian Crossover",Normal,,,,Yes,,Yes,,,,,,,Yes,,,,79,University,79,University (79),D14,628353.251,4835081.552
11317,80227183,,05/01/2015,2015,747,DUFFERIN ST,STEEPROCK DR,,Major Arterial,North York,43.761031,-79.465198,At Intersection,Traffic Signal,Clear,Daylight,Dry,Non-Fatal Injury,Turning Movement,Driver,45 to 49,Major,,North,"Automobile, Station Wagon",Turning Left,Improper Turn,Normal,,,,,,,,,Yes,,,,,,,Yes,Yes,,,34,Bathurst Manor,34,Bathurst Manor (34),D32,623545.1427,4846475.318
11318,80227184,,05/01/2015,2015,747,DUFFERIN ST,STEEPROCK DR,,Major Arterial,North York,43.761031,-79.465198,At Intersection,Traffic Signal,Clear,Daylight,Dry,Non-Fatal Injury,Turning Movement,Driver,45 to 49,Minor,,South,"Automobile, Station Wagon",Going Ahead,Disobeyed Traffic Control,Normal,,,,,,,,,Yes,,,,,,,Yes,Yes,,,34,Bathurst Manor,34,Bathurst Manor (34),D32,623545.1427,4846475.318
11319,80227185,,05/01/2015,2015,747,DUFFERIN ST,STEEPROCK DR,,Major Arterial,North York,43.761031,-79.465198,At Intersection,Traffic Signal,Clear,Daylight,Dry,Non-Fatal Injury,Turning Movement,Driver,45 to 49,None,,South,"Automobile, Station Wagon",Stopped,Driving Properly,Normal,,,,,,,,,Yes,,,,,,,Yes,Yes,,,34,Bathurst Manor,34,Bathurst Manor (34),D32,623545.1427,4846475.318
11320,80559729,,09/01/2015,2015,2148,SPADINA AVE,ST ANDREW ST,6 m North of,Major Arterial,Toronto and East York,43.654383,-79.398639,Intersection Related,Traffic Signal,Clear,"Dark, artificial",Wet,Non-Fatal Injury,Cyclist Collisions,Cyclist,35 to 39,Major,,South,Bicycle,Turning Left,,,,,,Cyclist turned left across motorists path.,Improper Turn,Had Been Drinking,,Yes,,,,Yes,,,,,,,,78,Kensington-Chinatown,78,Kensington-Chinatown (78),D14,629131.7201,4834731.998
11321,80559730,,09/01/2015,2015,2148,SPADINA AVE,ST ANDREW ST,6 m North of,Major Arterial,Toronto and East York,43.654383,-79.398639,Intersection Related,Traffic Signal,Clear,"Dark, artificial",Wet,Non-Fatal Injury,Cyclist Collisions,Driver,35 to 39,None,,South,Street Car,Going Ahead,Driving Properly,Normal,,,,,,,,Yes,,,,Yes,,,,,,,,78,Kensington-Chinatown,78,Kensington-Chinatown (78),D14,629131.7201,4834731.998
11322,80560102,,11/01/2015,2015,338,KINGSTON RD,WARDEN AVE,,Major Arterial,Scarborough,43.687747,-79.270908,At Intersection,Traffic Signal,Clear,"Dark, artificial",Dry,Non-Fatal Injury,Cyclist Collisions,Cyclist,25 to 29,Major,,East,Bicycle,Other,,,,,,Cyclist and Driver travelling in same direction. One vehicle sideswipes the other.,Disobeyed Traffic Control,Unknown,,Yes,Yes,,,,,,,,,,,122,Birchcliffe-Cliffside,122,Birchcliffe-Cliffside (122),D41,639354.6662,4838644.24
11323,80560103,,11/01/2015,2015,338,KINGSTON RD,WARDEN AVE,,Major Arterial,Scarborough,43.687747,-79.270908,At Intersection,Traffic Signal,Clear,"Dark, artificial",Dry,Non-Fatal Injury,Cyclist Collisions,Driver,40 to 44,None,,East,"Automobile, Station Wagon",Going Ahead,Driving Properly,Normal,,,,,,,,Yes,Yes,,,,,,,,,,,122,Birchcliffe-Cliffside,122,Birchcliffe-Cliffside (122),D41,639354.6662,4838644.24
11324,80000105,,11/01/2015,2015,353,477 BROADVIEW AVE,,,Minor Arterial,Toronto and East York,43.669097,-79.352985,,No Control,Clear,"Dark, artificial",Dry,Fatal,SMV Other,Driver,20 to 24,Fatal,1,South,"Automobile, Station Wagon",Going Ahead,Lost control,Unknown,,,,,,,,,Yes,,,,,,Yes,Yes,,,,68,North Riverdale,68,North Riverdale (68),D55,632780.7995,4836438.246
11325,80556058,,18/01/2015,2015,1130,ALBERTUS AVE,YONGE ST,3 m  of,Major Arterial,North York,43.714556,-79.400028,Non Intersection,No Control,Clear,Daylight,Wet,Non-Fatal Injury,Pedestrian Collisions,Driver,30 to 34,None,,East,"Automobile, Station Wagon",Pulling Away from Shoulder or Curb,Driving Properly,Normal,,,,,,,Yes,,Yes,,,,,,,,,,,99,Mount Pleasant East,99,Mount Pleasant East (99),D53,628890.7808,4841412.872
11326,80556059,,18/01/2015,2015,1130,ALBERTUS AVE,YONGE ST,3 m  of,Major Arterial,North York,43.714556,-79.400028,Non Intersection,No Control,Clear,Daylight,Wet,Non-Fatal Injury,Pedestrian Collisions,Pedestrian,30 to 34,Major,,Unknown,,,,,Vehicle is going straight thru inter.while ped cross without ROW,Other,Normal,,,,Yes,,Yes,,,,,,,,,,,99,Mount Pleasant East,99,Mount Pleasant East (99),D53,628890.7808,4841412.872
11327,80228913,,23/01/2015,2015,352,KEELE ST,LAWRENCE AVE W,,Major Arterial,Etobicoke York,43.708651,-79.478046,At Intersection,Traffic Signal,Clear,"Dark, artificial",Dry,Non-Fatal Injury,Turning Movement,Driver,20 to 24,None,,South,"Automobile, Station Wagon",Turning Left,Disobeyed Traffic Control,Inattentive,,,,,,,,,Yes,,,,,Yes,,Yes,Yes,,,30,Brookhaven-Amesbury,30,Brookhaven-Amesbury (30),D12,622617.7807,4840638.679
11328,80228914,,23/01/2015,2015,352,KEELE ST,LAWRENCE AVE W,,Major Arterial,Etobicoke York,43.708651,-79.478046,At Intersection,Traffic Signal,Clear,"Dark, artificial",Dry,Non-Fatal Injury,Turning Movement,Driver,35 to 39,Minimal,,North,"Automobile, Station Wagon",Going Ahead,Driving Properly,Normal,,,,,,,,,Yes,,,,,Yes,,Yes,Yes,,,30,Brookhaven-Amesbury,30,Brookhaven-Amesbury (30),D12,622617.7807,4840638.679
11329,80228915,,23/01/2015,2015,352,KEELE ST,LAWRENCE AVE W,,Major Arterial,Etobicoke York,43.708651,-79.478046,At Intersection,Traffic Signal,Clear,"Dark, artificial",Dry,Non-Fatal Injury,Turning Movement,Passenger,55 to 59,Major,,,,,,,,,,,,,,,Yes,,,,,Yes,,Yes,Yes,,,30,Brookhaven-Amesbury,30,Brookhaven-Amesbury (30),D12,622617.7807,4840638.679
11330,80228916,,23/01/2015,2015,352,KEELE ST,LAWRENCE AVE W,,Major Arterial,Etobicoke York,43.708651,-79.478046,At Intersection,Traffic Signal,Clear,"Dark, artificial",Dry,Non-Fatal Injury,Turning Movement,Passenger,65 to 69,Minimal,,,,,,,,,,,,,,,Yes,,,,,Yes,,Yes,Yes,,,30,Brookhaven-Amesbury,30,Brookhaven-Amesbury (30),D12,622617.7807,4840638.679
11331,80228917,,23/01/2015,2015,352,KEELE ST,LAWRENCE AVE W,,Major Arterial,Etobicoke York,43.708651,-79.478046,At Intersection,Traffic Signal,Clear,"Dark, artificial",Dry,Non-Fatal Injury,Turning Movement,Passenger,65 to 69,Minimal,,,,,,,,,,,,,,,Yes,,,,,Yes,,Yes,Yes,,,30,Brookhaven-Amesbury,30,Brookhaven-Amesbury (30),D12,622617.7807,4840638.679
11332,80555274,,23/01/2015,2015,1415,GLEBEMOUNT AVE,MORTIMER AVE,,Minor Arterial,Toronto and East York,43.691374,-79.320621,At Intersection,Traffic Signal,Clear,Daylight,Dry,Non-Fatal Injury,Angle,Driver,55 to 59,None,,North,"Automobile, Station Wagon",Going Ahead,Failed to Yield Right of Way,Inattentive,,,,,,,,,Yes,,,,,Yes,,Yes,,,,59,Danforth East York,59,Danforth East York (59),D55,635339.8856,4838964.727
11333,80555275,,23/01/2015,2015,1415,GLEBEMOUNT AVE,MORTIMER AVE,,Minor Arterial,Toronto and East York,43.691374,-79.320621,At Intersection,Traffic Signal,Clear,Daylight,Dry,Non-Fatal Injury,Angle,Driver,35 to 39,None,,West,"Automobile, Station Wagon",Going Ahead,Driving Properly,Normal,,,,,,,,,Yes,,,,,Yes,,Yes,,,,59,Danforth East York,59,Danforth East York (59),D55,635339.8856,4838964.727
11334,80555276,,23/01/2015,2015,1415,GLEBEMOUNT AVE,MORTIMER AVE,,Minor Arterial,Toronto and East York,43.691374,-79.320621,At Intersection,Traffic Signal,Clear,Daylight,Dry,Non-Fatal Injury,Angle,Passenger,85 to 89,Minor,,,,,,,,,,,,,,,Yes,,,,,Yes,,Yes,,,,59,Danforth East York,59,Danforth East York (59),D55,635339.8856,4838964.727
11335,80555277,,23/01/2015,2015,1415,GLEBEMOUNT AVE,MORTIMER AVE,,Minor Arterial,Toronto and East York,43.691374,-79.320621,At Intersection,Traffic Signal,Clear,Daylight,Dry,Non-Fatal Injury,Angle,Passenger,25 to 29,Major,,,,,,,,,,,,,,,Yes,,,,,Yes,,Yes,,,,59,Danforth East York,59,Danforth East York (59),D55,635339.8856,4838964.727
11336,80229108,,25/01/2015,2015,756,COLLEGE ST,BROCK AVE,2 m West of,Minor Arterial,Toronto and East York,43.651801,-79.436343,At Intersection,Traffic Signal,Clear,Daylight,Dry,Fatal,Pedestrian Collisions,Driver,40 to 44,None,,North,Pick Up Truck,Turning Left,Failed to Yield Right of Way,Inattentive,,,,,,,Yes,,Yes,,,,,,,Yes,,,,84,Little Portugal,84,Little Portugal (84),D11,626096.691,4834387.249
11337,80229109,,25/01/2015,2015,756,COLLEGE ST,BROCK AVE,2 m West of,Minor Arterial,Toronto and East York,43.651801,-79.436343,At Intersection,Traffic Signal,Clear,Daylight,Dry,Fatal,Pedestrian Collisions,Pedestrian,55 to 59,Fatal,2,South,,,,,Vehicle turns left while ped crosses with ROW at inter.,Crossing with right of way,Medical or Physical Disability,,,,Yes,,Yes,,,,,,,Yes,,,,84,Little Portugal,84,Little Portugal (84),D11,626096.691,4834387.249
11338,80556249,,26/01/2015,2015,400,SOUTH STATION ST,LAWRENCE AVE W,,Local,Etobicoke York,43.700907,-79.515689,Non Intersection,No Control,Clear,Dark,Dry,Non-Fatal Injury,Pedestrian Collisions,Driver,unknown,None,,Unknown,"Automobile, Station Wagon",Going Ahead,Other,Unknown,,,,,,,Yes,,Yes,,,,,,,,,,,113,Weston,113,Weston (113),D12,619600.4078,4839723.611
11339,80556250,,26/01/2015,2015,400,SOUTH STATION ST,LAWRENCE AVE W,,Local,Etobicoke York,43.700907,-79.515689,Non Intersection,No Control,Clear,Dark,Dry,Non-Fatal Injury,Pedestrian Collisions,Pedestrian,50 to 54,Major,,South,,,,,Pedestrian hit on sidewalk or shoulder,On Sidewalk or Shoulder,Normal,,,,Yes,,Yes,,,,,,,,,,,113,Weston,113,Weston (113),D12,619600.4078,4839723.611
11340,8000333,,28/01/2015,2015,617,1792 BIRCHMOUNT RD,,,Major Arterial,Scarborough,43.765433,-79.291316,,No Control,Clear,Dark,Dry,Fatal,Pedestrian Collisions,Pedestrian,55 to 59,Fatal,3,West,,,,,Pedestrian hit at mid-block,"Crossing, no Traffic Control",Inattentive,,,,Yes,,Yes,,,,,,,,,,,126,Dorset Park,126,Dorset Park (126),D41,637531.9709,4847238.32
11341,8000334,,28/01/2015,2015,617,1792 BIRCHMOUNT RD,,,Major Arterial,Scarborough,43.765433,-79.291316,,No Control,Clear,Dark,Dry,Fatal,Pedestrian Collisions,Driver,55 to 59,None,,North,"Automobile, Station Wagon",Going Ahead,Driving Properly,Normal,,,,,,,Yes,,Yes,,,,,,,,,,,126,Dorset Park,126,Dorset Park (126),D41,637531.9709,4847238.32
11342,80229387,,28/01/2015,2015,1450,MIDLAND AVE,SILVER STAR BLVD,,Major Arterial,Scarborough,43.80704,-79.288791,At Intersection,Traffic Signal,Clear,Daylight,Dry,Non-Fatal Injury,Pedestrian Collisions,Driver,35 to 39,None,,West,"Automobile, Station Wagon",Turning Left,Failed to Yield Right of Way,Unknown,,,,,,,Yes,,Yes,,,,,,,Yes,,,,129,Agincourt North,129,Agincourt North (129),D42,637639.6796,4851863.631
11343,80229388,,28/01/2015,2015,1450,MIDLAND AVE,SILVER STAR BLVD,,Major Arterial,Scarborough,43.80704,-79.288791,At Intersection,Traffic Signal,Clear,Daylight,Dry,Non-Fatal Injury,Pedestrian Collisions,Pedestrian,40 to 44,Major,,East,,,,,Vehicle turns left while ped crosses with ROW at inter.,Crossing with right of way,Unknown,,,,Yes,,Yes,,,,,,,Yes,,,,129,Agincourt North,129,Agincourt North (129),D42,637639.6796,4851863.631
11344,80229619,,30/01/2015,2015,1920,DON VALLEY PARKWAY  S,LAWRENCE AVE E,20 m North o,,North York,43.740245,-79.332248,Non Intersection,No Control,Clear,"Dark, artificial",Dry,Non-Fatal Injury,Rear End,Driver,30 to 34,Minimal,,South,"Automobile, Station Wagon",Going Ahead,Following too Close,Normal,,,,,,,,,Yes,,,,,Yes,,Yes,,,,42,Banbury-Don Mills,42,Banbury-Don Mills (42),D33,634293.6477,4844373.645
11345,80229620,,30/01/2015,2015,1920,DON VALLEY PARKWAY  S,LAWRENCE AVE E,20 m North o,,North York,43.740245,-79.332248,Non Intersection,No Control,Clear,"Dark, artificial",Dry,Non-Fatal Injury,Rear End,Driver,unknown,None,,South,"Automobile, Station Wagon",Going Ahead,Driving Properly,Normal,,,,,,,,,Yes,,,,,Yes,,Yes,,,,42,Banbury-Don Mills,42,Banbury-Don Mills (42),D33,634293.6477,4844373.645
11346,80229621,,30/01/2015,2015,1920,DON VALLEY PARKWAY  S,LAWRENCE AVE E,20 m North o,,North York,43.740245,-79.332248,Non Intersection,No Control,Clear,"Dark, artificial",Dry,Non-Fatal Injury,Rear End,Driver,65 to 69,Minimal,,South,"Automobile, Station Wagon",Slowing or Stopping,Driving Properly,Normal,,,,,,,,,Yes,,,,,Yes,,Yes,,,,42,Banbury-Don Mills,42,Banbury-Don Mills (42),D33,634293.6477,4844373.645
11347,80229622,,30/01/2015,2015,1920,DON VALLEY PARKWAY  S,LAWRENCE AVE E,20 m North o,,North York,43.740245,-79.332248,Non Intersection,No Control,Clear,"Dark, artificial",Dry,Non-Fatal Injury,Rear End,Driver,30 to 34,Minimal,,South,"Automobile, Station Wagon",Slowing or Stopping,Driving Properly,Normal,,,,,,,,,Yes,,,,,Yes,,Yes,,,,42,Banbury-Don Mills,42,Banbury-Don Mills (42),D33,634293.6477,4844373.645
11348,80229623,,30/01/2015,2015,1920,DON VALLEY PARKWAY  S,LAWRENCE AVE E,20 m North o,,North York,43.740245,-79.332248,Non Intersection,No Control,Clear,"Dark, artificial",Dry,Non-Fatal Injury,Rear End,Passenger,30 to 34,Major,,,,,,,,,,,,,,,Yes,,,,,Yes,,Yes,,,,42,Banbury-Don Mills,42,Banbury-Don Mills (42),D33,634293.6477,4844373.645
11349,80229624,,30/01/2015,2015,1920,DON VALLEY PARKWAY  S,LAWRENCE AVE E,20 m North o,,North York,43.740245,-79.332248,Non Intersection,No Control,Clear,"Dark, artificial",Dry,Non-Fatal Injury,Rear End,Passenger,5 to 9,None,,,,,,,,,,,,,,,Yes,,,,,Yes,,Yes,,,,42,Banbury-Don Mills,42,Banbury-Don Mills (42),D33,634293.6477,4844373.645
11350,80229625,,30/01/2015,2015,1920,DON VALLEY PARKWAY  S,LAWRENCE AVE E,20 m North o,,North York,43.740245,-79.332248,Non Intersection,No Control,Clear,"Dark, artificial",Dry,Non-Fatal Injury,Rear End,Passenger,65 to 69,Minimal,,,,,,,,,,,,,,,Yes,,,,,Yes,,Yes,,,,42,Banbury-Don Mills,42,Banbury-Don Mills (42),D33,634293.6477,4844373.645
11351,80556294,,04/02/2015,2015,1838,273 MANNING AVE,,,Local,Toronto and East York,43.652587,-79.411456,Non Intersection,No Control,Snow,"Dark, artificial",Packed Snow,Non-Fatal Injury,SMV Other,Driver,30 to 34,Major,,South,Delivery Van,Other,Lost control,Medical or Physical Disability,,,,,,,,,Yes,,,,,,,,,,Yes,81,Trinity-Bellwoods,81,Trinity-Bellwoods (81),D14,628101.9816,4834512.663
11352,80000064,,05/02/2015,2015,1701,750 DANFORTH RD,,,Major Arterial,Scarborough,43.720404,-79.257442,,No Control,Clear,"Daylight, artificial",Wet,Fatal,Pedestrian Collisions,Driver,40 to 44,None,,West,"Automobile, Station Wagon",Going Ahead,Driving Properly,Unknown,,,,,,,Yes,,Yes,,,,,,,Yes,,,,124,Kennedy Park,124,Kennedy Park (124),D41,640363.7196,4842293.988
11353,80000091,,05/02/2015,2015,1701,750 DANFORTH RD,,,Major Arterial,Scarborough,43.720404,-79.257442,,No Control,Clear,"Daylight, artificial",Wet,Fatal,Pedestrian Collisions,Pedestrian,85 to 89,Fatal,4,North,,,,,Pedestrian hit at mid-block,"Crossing, no Traffic Control",Unknown,,,,Yes,,Yes,,,,,,,Yes,,,,124,Kennedy Park,124,Kennedy Park (124),D41,640363.7196,4842293.988
11354,80230356,,06/02/2015,2015,2231,TRANSIT RD,WILLIAM R ALLEN RD S,,Major Arterial,North York,43.741828,-79.45428,At Intersection,Traffic Signal,Clear,"Dark, artificial",Dry,Non-Fatal Injury,Turning Movement,Driver,20 to 24,Major,,West,"Automobile, Station Wagon",Turning Left,Disobeyed Traffic Control,Inattentive,,,,,,,,,Yes,,,Yes,,,Yes,Yes,Yes,,,33,Clanton Park,33,Clanton Park (33),D32,624463.8023,4844358.887
11355,80230357,,06/02/2015,2015,2231,TRANSIT RD,WILLIAM R ALLEN RD S,,Major Arterial,North York,43.741828,-79.45428,At Intersection,Traffic Signal,Clear,"Dark, artificial",Dry,Non-Fatal Injury,Turning Movement,Driver,35 to 39,None,,North,Municipal Transit Bus (TTC),Going Ahead,Driving Properly,Normal,,,,,,,,,Yes,,,Yes,,,Yes,Yes,Yes,,,33,Clanton Park,33,Clanton Park (33),D32,624463.8023,4844358.887
11356,80556510,,07/02/2015,2015,7,TANGIERS RD,FINCH AVE W,,Major Arterial,Etobicoke York,43.76266,-79.49081,Non Intersection,No Control,Clear,"Dark, artificial",Wet,Non-Fatal Injury,Other,Driver,45 to 49,None,,North,Municipal Transit Bus (TTC),Going Ahead,Driving Properly,Normal,,,,,,,,,,,,Yes,,Yes,,,,,,27,York University Heights,27,York University Heights (27),D31,621480.1704,4846618.355
11357,80556511,,07/02/2015,2015,7,TANGIERS RD,FINCH AVE W,,Major Arterial,Etobicoke York,43.76266,-79.49081,Non Intersection,No Control,Clear,"Dark, artificial",Wet,Non-Fatal Injury,Other,Passenger,60 to 64,Major,,,,,,,,,,,,,,,,,,Yes,,Yes,,,,,,27,York University Heights,27,York University Heights (27),D31,621480.1704,4846618.355
11358,80230528,,09/02/2015,2015,617,JONES AVE,HAZELWOOD AVE,,Minor Arterial,Toronto and East York,43.679061,-79.339809,At Intersection,Pedestrian Crossover,Clear,"Dark, artificial",Wet,Non-Fatal Injury,Pedestrian Collisions,Driver,50 to 54,None,,North,"Automobile, Station Wagon",Going Ahead,Failed to Yield Right of Way,Normal,,,,,,,Yes,,Yes,,,,,Yes,,Yes,,,,69,Blake-Jones,69,Blake-Jones (69),D55,633820.8987,4837566.059
11359,80230529,,09/02/2015,2015,617,JONES AVE,HAZELWOOD AVE,,Minor Arterial,Toronto and East York,43.679061,-79.339809,At Intersection,Pedestrian Crossover,Clear,"Dark, artificial",Wet,Non-Fatal Injury,Pedestrian Collisions,Passenger,55 to 59,None,,,,,,,,,,,,,Yes,,Yes,,,,,Yes,,Yes,,,,69,Blake-Jones,69,Blake-Jones (69),D55,633820.8987,4837566.059
11360,80230530,,09/02/2015,2015,617,JONES AVE,HAZELWOOD AVE,,Minor Arterial,Toronto and East York,43.679061,-79.339809,At Intersection,Pedestrian Crossover,Clear,"Dark, artificial",Wet,Non-Fatal Injury,Pedestrian Collisions,Pedestrian,20 to 24,Major,,East,,,,,Pedestrian hit a PXO/ped. Mid-block signal,"Crossing, Pedestrian Crossover",Normal,,,,Yes,,Yes,,,,,Yes,,Yes,,,,69,Blake-Jones,69,Blake-Jones (69),D55,633820.8987,4837566.059
11361,8000404,,13/02/2015,2015,1516,ROYAL YORK RD,MANITOBA ST,,Minor Arterial,Etobicoke York,43.621562,-79.500606,,No Control,Other,Daylight,Other,Fatal,Other,Driver,45 to 49,None,,North,Municipal Transit Bus (TTC),Going Ahead,Driving Properly,Normal,,,,,,,,,,,,Yes,,Yes,,,,,,160,Mimico-Queensway,17,Mimico (includes Humber Bay Shores) (17),D22,620975.0006,4830933.185
11362,80000073,,13/02/2015,2015,1516,ROYAL YORK RD,MANITOBA ST,,Minor Arterial,Etobicoke York,43.621562,-79.500606,,No Control,Other,Daylight,Other,Fatal,Other,Passenger,75 to 79,Fatal,5,,,,,,,,,,,,,,,,,Yes,,Yes,,,,,,160,Mimico-Queensway,17,Mimico (includes Humber Bay Shores) (17),D22,620975.0006,4830933.185
11363,80557133,,14/02/2015,2015,903,MCNICOLL AVE,BRAMBLEBROOK AVE,120 m West o,Minor Arterial,Scarborough,43.814021,-79.288295,Non Intersection,No Control,Snow,Daylight,Wet,Non-Fatal Injury,Approaching,Driver,55 to 59,Major,,East,Passenger Van,Going Ahead,Lost control,Normal,,,,,,,,,Yes,,,,,,,,,,,130,Milliken,130,Milliken (130),D42,637663.535,4852639.809
11364,80557134,,14/02/2015,2015,903,MCNICOLL AVE,BRAMBLEBROOK AVE,120 m West o,Minor Arterial,Scarborough,43.814021,-79.288295,Non Intersection,No Control,Snow,Daylight,Wet,Non-Fatal Injury,Approaching,Driver,55 to 59,Minor,,West,"Automobile, Station Wagon",Going Ahead,Driving Properly,Normal,,,,,,,,,Yes,,,,,,,,,,,130,Milliken,130,Milliken (130),D42,637663.535,4852639.809
11365,8000403,,16/02/2015,2015,644,KENNEDY RD,MCNICOLL AVE,,Major Arterial,Scarborough,43.812129,-79.301936,At Intersection,Traffic Signal,Clear,Dawn,Dry,Fatal,Pedestrian Collisions,Driver,35 to 39,None,,North,"Automobile, Station Wagon",Going Ahead,Disobeyed Traffic Control,Normal,,,,,,,Yes,,Yes,,,,,,,Yes,Yes,,,130,Milliken,130,Milliken (130),D42,636570.7617,4852407.065
11366,80000072,,16/02/2015,2015,644,KENNEDY RD,MCNICOLL AVE,,Major Arterial,Scarborough,43.812129,-79.301936,At Intersection,Traffic Signal,Clear,Dawn,Dry,Fatal,Pedestrian Collisions,Pedestrian,65 to 69,Fatal,6,East,,,,,Vehicle is going straight thru inter.while ped cross with ROW,Crossing with right of way,Unknown,,,,Yes,,Yes,,,,,,,Yes,Yes,,,130,Milliken,130,Milliken (130),D42,636570.7617,4852407.065
11367,80557289,,16/02/2015,2015,1410,2609 EGLINTON AVE W,,,Major Arterial,Etobicoke York,43.69015,-79.475055,Non Intersection,No Control,Clear,Daylight,Dry,Non-Fatal Injury,Pedestrian Collisions,Driver,50 to 54,None,,East,"Automobile, Station Wagon",Going Ahead,Driving Properly,Normal,,,,,,,Yes,,Yes,,,,,Yes,,,,,,110,Keelesdale-Eglinton West,110,Keelesdale-Eglinton West (110),D12,622896.5479,4838588.317
11368,80557290,,16/02/2015,2015,1410,2609 EGLINTON AVE W,,,Major Arterial,Etobicoke York,43.69015,-79.475055,Non Intersection,No Control,Clear,Daylight,Dry,Non-Fatal Injury,Pedestrian Collisions,Passenger,50 to 54,None,,,,,,,,,,,,,Yes,,Yes,,,,,Yes,,,,,,110,Keelesdale-Eglinton West,110,Keelesdale-Eglinton West (110),D12,622896.5479,4838588.317
11369,80557291,,16/02/2015,2015,1410,2609 EGLINTON AVE W,,,Major Arterial,Etobicoke York,43.69015,-79.475055,Non Intersection,No Control,Clear,Daylight,Dry,Non-Fatal Injury,Pedestrian Collisions,Passenger,25 to 29,None,,,,,,,,,,,,,Yes,,Yes,,,,,Yes,,,,,,110,Keelesdale-Eglinton West,110,Keelesdale-Eglinton West (110),D12,622896.5479,4838588.317
11370,80557292,,16/02/2015,2015,1410,2609 EGLINTON AVE W,,,Major Arterial,Etobicoke York,43.69015,-79.475055,Non Intersection,No Control,Clear,Daylight,Dry,Non-Fatal Injury,Pedestrian Collisions,Passenger,20 to 24,None,,,,,,,,,,,,,Yes,,Yes,,,,,Yes,,,,,,110,Keelesdale-Eglinton West,110,Keelesdale-Eglinton West (110),D12,622896.5479,4838588.317
11371,80557293,,16/02/2015,2015,1410,2609 EGLINTON AVE W,,,Major Arterial,Etobicoke York,43.69015,-79.475055,Non Intersection,No Control,Clear,Daylight,Dry,Non-Fatal Injury,Pedestrian Collisions,Passenger,25 to 29,None,,,,,,,,,,,,,Yes,,Yes,,,,,Yes,,,,,,110,Keelesdale-Eglinton West,110,Keelesdale-Eglinton West (110),D12,622896.5479,4838588.317