OBJECTID,INDEX,ACCNUM,DATE,ACCIDENT_YEAR,TIME,STREET1,STREET2,OFFSET,ROAD_CLASS,DISTRICT,LATITUDE,LONGITUDE,ACCLOC,TRAFFCTL,VISIBILITY,LIGHT,RDSFCOND,ACCLASS,IMPACTYPE,INVTYPE,INVAGE,INJURY,FATAL_NO,INITDIR,VEHTYPE,MANOEUVER,DRIVACT,DRIVCOND,PEDTYPE,PEDACT,PEDCOND,CYCLISTYPE,CYCACT,CYCCOND,PEDESTRIAN,CYCLIST,AUTOMOBILE,MOTORCYCLE,TRUCK,TRSN_CITY_VEH,EMERG_VEH,PASSENGER,SPEEDING,AG_DRIV,REDLIGHT,ALCOHOL,DISABILITY,HOOD_158,NEIGHBOURHOOD_158,HOOD_140,NEIGHBOURHOOD_140,DIVISION,x,y
11493,80496654,,20/04/2015,2015,1405,1159 DUNDAS ST E,,6 m West of,Minor Arterial,Toronto and East York,43.664443,-79.34238,Non Intersection,No Control,Clear,Daylight,Dry,Fatal,Pedestrian Collisions,Driver,60 to 64,None,,East,Pick Up Truck,Going Ahead,Driving Properly,Normal,,,,,,,Yes,,Yes,,,,,Yes,,Yes,,,,70,South Riverdale,70,South Riverdale (70),D55,633646.1023,4835938.386
11494,80496655,,20/04/2015,2015,1405,1159 DUNDAS ST E,,6 m West of,Minor Arterial,Toronto and East York,43.664443,-79.34238,Non Intersection,No Control,Clear,Daylight,Dry,Fatal,Pedestrian Collisions,Passenger,15 to 19,None,,,,,,,,,,,,,Yes,,Yes,,,,,Yes,,Yes,,,,70,South Riverdale,70,South Riverdale (70),D55,633646.1023,4835938.386
11495,80496656,,20/04/2015,2015,1405,1159 DUNDAS ST E,,6 m West of,Minor Arterial,Toronto and East York,43.664443,-79.34238,Non Intersection,No Control,Clear,Daylight,Dry,Fatal,Pedestrian Collisions,Pedestrian,30 to 34,Fatal,19,Unknown,,,,,Pedestrian hit on sidewalk or shoulder,On Sidewalk or Shoulder,Normal,,,,Yes,,Yes,,,,,Yes,,Yes,,,,70,South Riverdale,70,South Riverdale (70),D55,633646.1023,4835938.386
11496,80496663,,20/04/2015,2015,2123,FINCH AVE E,WAYSIDE AVE,10 m East of,Major Arterial,Scarborough,43.800505,-79.29964,Intersection Related,Traffic Signal,Clear,"Dark, artificial",Dry,Non-Fatal Injury,Rear End,Driver,35 to 39,Major,,West,Passenger Van,Going Ahead,Lost control,Normal,,,,,,,,,Yes,,,,,Yes,Yes,Yes,,Yes,,148,East L'Amoreaux,117,L'Amoreaux (117),D42,636781.9542,4851119.825
11497,80496664,,20/04/2015,2015,2123,FINCH AVE E,WAYSIDE AVE,10 m East of,Major Arterial,Scarborough,43.800505,-79.29964,Intersection Related,Traffic Signal,Clear,"Dark, artificial",Dry,Non-Fatal Injury,Rear End,Driver,50 to 54,Minimal,,West,"Automobile, Station Wagon",Going Ahead,Other,"Ability Impaired, Alcohol Over .08",,,,,,,,,Yes,,,,,Yes,Yes,Yes,,Yes,,148,East L'Amoreaux,117,L'Amoreaux (117),D42,636781.9542,4851119.825
11498,80496665,,20/04/2015,2015,2123,FINCH AVE E,WAYSIDE AVE,10 m East of,Major Arterial,Scarborough,43.800505,-79.29964,Intersection Related,Traffic Signal,Clear,"Dark, artificial",Dry,Non-Fatal Injury,Rear End,Passenger,20 to 24,None,,,,,,,,,,,,,,,Yes,,,,,Yes,Yes,Yes,,Yes,,148,East L'Amoreaux,117,L'Amoreaux (117),D42,636781.9542,4851119.825
11499,80496666,,20/04/2015,2015,2123,FINCH AVE E,WAYSIDE AVE,10 m East of,Major Arterial,Scarborough,43.800505,-79.29964,Intersection Related,Traffic Signal,Clear,"Dark, artificial",Dry,Non-Fatal Injury,Rear End,Passenger,50 to 54,Minimal,,,,,,,,,,,,,,,Yes,,,,,Yes,Yes,Yes,,Yes,,148,East L'Amoreaux,117,L'Amoreaux (117),D42,636781.9542,4851119.825
11500,80496667,,20/04/2015,2015,2123,FINCH AVE E,WAYSIDE AVE,10 m East of,Major Arterial,Scarborough,43.800505,-79.29964,Intersection Related,Traffic Signal,Clear,"Dark, artificial",Dry,Non-Fatal Injury,Rear End,Passenger,15 to 19,Minimal,,,,,,,,,,,,,,,Yes,,,,,Yes,Yes,Yes,,Yes,,148,East L'Amoreaux,117,L'Amoreaux (117),D42,636781.9542,4851119.825
11501,80236768,,22/04/2015,2015,100,KINGSTON RD,COLUMBINE AVE,9 m West of,Major Arterial,Toronto and East York,43.671492,-79.310367,Non Intersection,No Control,Rain,Dark,Wet,Non-Fatal Injury,SMV Unattended Vehicle,Driver,45 to 49,Major,,West,"Automobile, Station Wagon",Going Ahead,Lost control,Unknown,,,,,,,,,Yes,,,,,,,Yes,,,,63,The Beaches,63,The Beaches (63),D55,636211.244,4836773.343
11502,80565532,,22/04/2015,2015,1402,3 RAINIER SQ,,4 m South of,Local,Scarborough,43.794242,-79.303012,Private Driveway,Stop Sign,Clear,Daylight,Dry,Non-Fatal Injury,SMV Other,Driver,20 to 24,Minimal,,South,"Automobile, Station Wagon",Turning Left,Lost control,Normal,,,,,,,,,Yes,,,,,Yes,Yes,Yes,,,,148,East L'Amoreaux,117,L'Amoreaux (117),D42,636524.9612,4850418.651
11503,80565533,,22/04/2015,2015,1402,3 RAINIER SQ,,4 m South of,Local,Scarborough,43.794242,-79.303012,Private Driveway,Stop Sign,Clear,Daylight,Dry,Non-Fatal Injury,SMV Other,Passenger,15 to 19,Major,,,,,,,,,,,,,,,Yes,,,,,Yes,Yes,Yes,,,,148,East L'Amoreaux,117,L'Amoreaux (117),D42,636524.9612,4850418.651
11504,80565534,,22/04/2015,2015,1402,3 RAINIER SQ,,4 m South of,Local,Scarborough,43.794242,-79.303012,Private Driveway,Stop Sign,Clear,Daylight,Dry,Non-Fatal Injury,SMV Other,Passenger,15 to 19,None,,,,,,,,,,,,,,,Yes,,,,,Yes,Yes,Yes,,,,148,East L'Amoreaux,117,L'Amoreaux (117),D42,636524.9612,4850418.651
11505,80565535,,22/04/2015,2015,1402,3 RAINIER SQ,,4 m South of,Local,Scarborough,43.794242,-79.303012,Private Driveway,Stop Sign,Clear,Daylight,Dry,Non-Fatal Injury,SMV Other,Passenger,15 to 19,None,,,,,,,,,,,,,,,Yes,,,,,Yes,Yes,Yes,,,,148,East L'Amoreaux,117,L'Amoreaux (117),D42,636524.9612,4850418.651
11506,80560880,,22/04/2015,2015,1715,130 TORYORK DR,,4 m South of,Collector,Etobicoke York,43.757266,-79.55305,Non Intersection,No Control,Clear,Daylight,Dry,Non-Fatal Injury,Rear End,Driver,40 to 44,None,,North,Passenger Van,Going Ahead,Following too Close,Inattentive,,,,,,,,,Yes,,,,,,,Yes,,,,21,Humber Summit,21,Humber Summit (21),D31,616480.6772,4845929.859
11507,80560881,,22/04/2015,2015,1715,130 TORYORK DR,,4 m South of,Collector,Etobicoke York,43.757266,-79.55305,Non Intersection,No Control,Clear,Daylight,Dry,Non-Fatal Injury,Rear End,Driver,55 to 59,Major,,North,"Automobile, Station Wagon",Slowing or Stopping,Driving Properly,Normal,,,,,,,,,Yes,,,,,,,Yes,,,,21,Humber Summit,21,Humber Summit (21),D31,616480.6772,4845929.859
11508,80236866,,23/04/2015,2015,648,NEILSON RD,CROW TRL,,Minor Arterial,Scarborough,43.812205,-79.225742,At Intersection,Traffic Signal,Clear,Daylight,Dry,Non-Fatal Injury,Pedestrian Collisions,Driver,60 to 64,None,,North,"Automobile, Station Wagon",Going Ahead,Driving Properly,Normal,,,,,,,Yes,,Yes,,,,,,,,,,,145,Malvern West,132,Malvern (132),D42,642698.7298,4852544.1
11509,80236867,,23/04/2015,2015,648,NEILSON RD,CROW TRL,,Minor Arterial,Scarborough,43.812205,-79.225742,At Intersection,Traffic Signal,Clear,Daylight,Dry,Non-Fatal Injury,Pedestrian Collisions,Pedestrian,65 to 69,Major,,West,,,,,Vehicle is going straight thru inter.while ped cross without ROW,Crossing without right of way,Normal,,,,Yes,,Yes,,,,,,,,,,,145,Malvern West,132,Malvern (132),D42,642698.7298,4852544.1
11510,80236875,,23/04/2015,2015,1018,VICTORIA PARK AVE,ST CLAIR AVE E,,Major Arterial,Toronto and East York,43.708705,-79.295947,At Intersection,Traffic Controller,Clear,Daylight,Dry,Non-Fatal Injury,Pedestrian Collisions,Driver,85 to 89,None,,South,"Automobile, Station Wagon",Going Ahead,Driving Properly,Normal,,,,,,,Yes,,Yes,,,,,,,,,,,120,Clairlea-Birchmount,120,Clairlea-Birchmount (120),D41,637288.8045,4840930.15
11511,80236876,,23/04/2015,2015,1018,VICTORIA PARK AVE,ST CLAIR AVE E,,Major Arterial,Toronto and East York,43.708705,-79.295947,At Intersection,Traffic Controller,Clear,Daylight,Dry,Non-Fatal Injury,Pedestrian Collisions,Pedestrian,70 to 74,Major,,East,,,,,Vehicle is going straight thru inter.while ped cross without ROW,Crossing without right of way,Normal,,,,Yes,,Yes,,,,,,,,,,,120,Clairlea-Birchmount,120,Clairlea-Birchmount (120),D41,637288.8045,4840930.15
11512,80236928,,24/04/2015,2015,1256,BROADVIEW AVE,DEARBOURNE AVE,6 m South of,Minor Arterial,Toronto and East York,43.675391,-79.358073,Intersection Related,Stop Sign,Clear,Daylight,Dry,Non-Fatal Injury,Pedestrian Collisions,Driver,60 to 64,None,,West,"Automobile, Station Wagon",Turning Left,Failed to Yield Right of Way,Normal,,,,,,,Yes,,Yes,,,,,,,Yes,,,,68,North Riverdale,68,North Riverdale (68),D55,632356.7686,4837129.148
11513,80236929,,24/04/2015,2015,1256,BROADVIEW AVE,DEARBOURNE AVE,6 m South of,Minor Arterial,Toronto and East York,43.675391,-79.358073,Intersection Related,Stop Sign,Clear,Daylight,Dry,Non-Fatal Injury,Pedestrian Collisions,Pedestrian,90 to 94,Major,,East,,,,,Vehicle turns left while ped crosses with ROW at inter.,"Crossing, no Traffic Control",Normal,,,,Yes,,Yes,,,,,,,Yes,,,,68,North Riverdale,68,North Riverdale (68),D55,632356.7686,4837129.148
11514,80496697,,24/04/2015,2015,1804,HUPFIELD TRL,GLANVIL CRES,20 m South o,Collector,Scarborough,43.813903,-79.2196,Non Intersection,No Control,Clear,Daylight,Dry,Non-Fatal Injury,SMV Other,Driver,15 to 19,None,,North,"Automobile, Station Wagon",Going Ahead,Lost control,Normal,,,,,,,,,Yes,,,,,Yes,Yes,Yes,,,,146,Malvern East,132,Malvern (132),D42,643188.6615,4852743.303
11515,80496698,,24/04/2015,2015,1804,HUPFIELD TRL,GLANVIL CRES,20 m South o,Collector,Scarborough,43.813903,-79.2196,Non Intersection,No Control,Clear,Daylight,Dry,Non-Fatal Injury,SMV Other,Passenger,15 to 19,Major,,,,,,,,,,,,,,,Yes,,,,,Yes,Yes,Yes,,,,146,Malvern East,132,Malvern (132),D42,643188.6615,4852743.303
11516,80560996,,24/04/2015,2015,1810,BROOKBANKS DR,UNDERHILL DR,,Collector,North York,43.75286,-79.328784,Trail,No Control,Clear,Daylight,Dry,Non-Fatal Injury,SMV Other,Driver,25 to 29,Major,,South,Off Road - 2 Wheels,Going Ahead,Speed too Fast For Condition,Normal,,,,,,,,,,,,,,,Yes,Yes,,,,149,Parkwoods-O'Connor Hills,45,Parkwoods-Donalda (45),D33,634544.3186,4845780.35
11517,80561167,,27/04/2015,2015,0,MCCOWAN RD,FINCH AVE E,5 m East of,Major Arterial,Scarborough,43.808016,-79.266498,At Intersection,Traffic Signal,Clear,Dark,Dry,Non-Fatal Injury,Turning Movement,Driver,15 to 19,Minimal,,North,"Automobile, Station Wagon",Turning Left,Improper Turn,Normal,,,,,,,,,Yes,,,,,Yes,,,,,,129,Agincourt North,129,Agincourt North (129),D42,639430.5471,4852009.356
11518,80561168,,27/04/2015,2015,0,MCCOWAN RD,FINCH AVE E,5 m East of,Major Arterial,Scarborough,43.808016,-79.266498,At Intersection,Traffic Signal,Clear,Dark,Dry,Non-Fatal Injury,Turning Movement,Driver,25 to 29,Minimal,,South,"Automobile, Station Wagon",Going Ahead,Driving Properly,Normal,,,,,,,,,Yes,,,,,Yes,,,,,,129,Agincourt North,129,Agincourt North (129),D42,639430.5471,4852009.356
11519,80561169,,27/04/2015,2015,0,MCCOWAN RD,FINCH AVE E,5 m East of,Major Arterial,Scarborough,43.808016,-79.266498,At Intersection,Traffic Signal,Clear,Dark,Dry,Non-Fatal Injury,Turning Movement,Passenger,20 to 24,Minimal,,,,,,,,,,,,,,,Yes,,,,,Yes,,,,,,129,Agincourt North,129,Agincourt North (129),D42,639430.5471,4852009.356
11520,80561170,,27/04/2015,2015,0,MCCOWAN RD,FINCH AVE E,5 m East of,Major Arterial,Scarborough,43.808016,-79.266498,At Intersection,Traffic Signal,Clear,Dark,Dry,Non-Fatal Injury,Turning Movement,Passenger,15 to 19,Major,,,,,,,,,,,,,,,Yes,,,,,Yes,,,,,,129,Agincourt North,129,Agincourt North (129),D42,639430.5471,4852009.356
11521,80237343,,29/04/2015,2015,40,MARTIN GROVE RD,DIXON RD,,Major Arterial,Etobicoke York,43.69158,-79.570819,At Intersection,Traffic Signal,Clear,"Dark, artificial",Dry,Non-Fatal Injury,Pedestrian Collisions,Driver,55 to 59,None,,South,Passenger Van,Turning Left,Failed to Yield Right of Way,Inattentive,,,,,,,Yes,,Yes,,,,,,,Yes,,,,1,West Humber-Clairville,1,West Humber-Clairville (1),D23,615176.0534,4838609.674
11522,80237344,,29/04/2015,2015,40,MARTIN GROVE RD,DIXON RD,,Major Arterial,Etobicoke York,43.69158,-79.570819,At Intersection,Traffic Signal,Clear,"Dark, artificial",Dry,Non-Fatal Injury,Pedestrian Collisions,Pedestrian,25 to 29,Major,,North,,,,,Vehicle turns left while ped crosses with ROW at inter.,Crossing with right of way,Normal,,,,Yes,,Yes,,,,,,,Yes,,,,1,West Humber-Clairville,1,West Humber-Clairville (1),D23,615176.0534,4838609.674
11523,80496744,,30/04/2015,2015,1637,2628 MCCOWAN RD,,,Major Arterial,Scarborough,43.807139,-79.266132,Non Intersection,No Control,Clear,Daylight,Dry,Non-Fatal Injury,Approaching,Driver,40 to 44,Minimal,,North,"Automobile, Station Wagon",Going Ahead,Lost control,Inattentive,,,,,,,,,Yes,,,,,Yes,,,,,,129,Agincourt North,129,Agincourt North (129),D42,639462.027,4851912.568
11524,80496745,,30/04/2015,2015,1637,2628 MCCOWAN RD,,,Major Arterial,Scarborough,43.807139,-79.266132,Non Intersection,No Control,Clear,Daylight,Dry,Non-Fatal Injury,Approaching,Driver,55 to 59,Minor,,South,"Automobile, Station Wagon",Going Ahead,Driving Properly,Normal,,,,,,,,,Yes,,,,,Yes,,,,,,129,Agincourt North,129,Agincourt North (129),D42,639462.027,4851912.568
11525,80496746,,30/04/2015,2015,1637,2628 MCCOWAN RD,,,Major Arterial,Scarborough,43.807139,-79.266132,Non Intersection,No Control,Clear,Daylight,Dry,Non-Fatal Injury,Approaching,Passenger,55 to 59,Major,,,,,,,,,,,,,,,Yes,,,,,Yes,,,,,,129,Agincourt North,129,Agincourt North (129),D42,639462.027,4851912.568
11526,80237860,,05/05/2015,2015,1341,3833 MCNICOLL AVE,,,Minor Arterial,Scarborough,43.826583,-79.238269,Non Intersection,No Control,Clear,Daylight,Dry,Non-Fatal Injury,Turning Movement,Driver,40 to 44,None,,North,"Automobile, Station Wagon",Turning Left,Failed to Yield Right of Way,Inattentive,,,,,,,,,Yes,,,,,Yes,,Yes,,,,144,Morningside Heights,131,Rouge (131),D42,641657.1976,4854119.484
11527,80237861,,05/05/2015,2015,1341,3833 MCNICOLL AVE,,,Minor Arterial,Scarborough,43.826583,-79.238269,Non Intersection,No Control,Clear,Daylight,Dry,Non-Fatal Injury,Turning Movement,Driver,70 to 74,Minimal,,West,"Automobile, Station Wagon",Going Ahead,Driving Properly,Normal,,,,,,,,,Yes,,,,,Yes,,Yes,,,,144,Morningside Heights,131,Rouge (131),D42,641657.1976,4854119.484
11528,80237862,,05/05/2015,2015,1341,3833 MCNICOLL AVE,,,Minor Arterial,Scarborough,43.826583,-79.238269,Non Intersection,No Control,Clear,Daylight,Dry,Non-Fatal Injury,Turning Movement,Passenger,15 to 19,None,,,,,,,,,,,,,,,Yes,,,,,Yes,,Yes,,,,144,Morningside Heights,131,Rouge (131),D42,641657.1976,4854119.484
11529,80237863,,05/05/2015,2015,1341,3833 MCNICOLL AVE,,,Minor Arterial,Scarborough,43.826583,-79.238269,Non Intersection,No Control,Clear,Daylight,Dry,Non-Fatal Injury,Turning Movement,Passenger,65 to 69,Major,,,,,,,,,,,,,,,Yes,,,,,Yes,,Yes,,,,144,Morningside Heights,131,Rouge (131),D42,641657.1976,4854119.484
11530,80632007,,06/05/2015,2015,1649,LAWRENCE AVE W,BRUCEWOOD CRES,1 m North of,Major Arterial,North York,43.718421,-79.432933,At Intersection,Traffic Signal,Clear,Daylight,Dry,Non-Fatal Injury,Turning Movement,Motorcycle Driver,45 to 49,Major,,East,Motorcycle,Turning Left,Improper Turn,Normal,,,,,,,,,Yes,Yes,,,,,,Yes,Yes,,,32,Englemount-Lawrence,32,Englemount-Lawrence (32),D13,626231.8743,4841791.494
11531,80632008,,06/05/2015,2015,1649,LAWRENCE AVE W,BRUCEWOOD CRES,1 m North of,Major Arterial,North York,43.718421,-79.432933,At Intersection,Traffic Signal,Clear,Daylight,Dry,Non-Fatal Injury,Turning Movement,Driver,20 to 24,Minor,,West,"Automobile, Station Wagon",Going Ahead,Disobeyed Traffic Control,Normal,,,,,,,,,Yes,Yes,,,,,,Yes,Yes,,,32,Englemount-Lawrence,32,Englemount-Lawrence (32),D13,626231.8743,4841791.494
11532,80000126,,07/05/2015,2015,100,ROSEDALE VALLEY RD,BAYVIEW AVE,,Minor Arterial,Toronto and East York,43.671626,-79.36584,Non Intersection,No Control,Clear,"Dark, artificial",Dry,Fatal,SMV Other,Motorcycle Passenger,20 to 24,Major,,,,,,,,,,,,,,,,Yes,,,,Yes,Yes,Yes,,,,71,Cabbagetown-South St.James Town,71,Cabbagetown-South St.James Town (71),D51,631738.8971,4836698.629
11533,80000127,,07/05/2015,2015,100,ROSEDALE VALLEY RD,BAYVIEW AVE,,Minor Arterial,Toronto and East York,43.671626,-79.36584,Non Intersection,No Control,Clear,"Dark, artificial",Dry,Fatal,SMV Other,Motorcycle Driver,25 to 29,Fatal,20,West,Motorcycle,Going Ahead,Lost control,Unknown,,,,,,,,,,Yes,,,,Yes,Yes,Yes,,,,71,Cabbagetown-South St.James Town,71,Cabbagetown-South St.James Town (71),D51,631738.8971,4836698.629
11534,80196653,,07/05/2015,2015,115,ROSEDALE VALLEY RD,BAYVIEW AVE,,Minor Arterial,Toronto and East York,43.671145,-79.364406,Non Intersection,No Control,Clear,"Dark, artificial",Dry,Non-Fatal Injury,SMV Other,Motorcycle Passenger,20 to 24,Major,,,,,,,,,,,,,,,,Yes,,,,Yes,Yes,Yes,,,,71,Cabbagetown-South St.James Town,71,Cabbagetown-South St.James Town (71),D51,631855.5546,4836647.486
11535,80196654,,07/05/2015,2015,115,ROSEDALE VALLEY RD,BAYVIEW AVE,,Minor Arterial,Toronto and East York,43.671145,-79.364406,Non Intersection,No Control,Clear,"Dark, artificial",Dry,Non-Fatal Injury,SMV Other,Motorcycle Driver,25 to 29,Major,,West,Motorcycle,Going Ahead,Exceeding Speed Limit,Normal,,,,,,,,,,Yes,,,,Yes,Yes,Yes,,,,71,Cabbagetown-South St.James Town,71,Cabbagetown-South St.James Town (71),D51,631855.5546,4836647.486
11536,80632009,,07/05/2015,2015,1631,MARKHAM RD,GREENCREST CRCT,2 m North of,Major Arterial,Scarborough,43.757769,-79.224674,At Intersection,Traffic Signal,Clear,Daylight,Dry,Non-Fatal Injury,Pedestrian Collisions,Driver,25 to 29,None,,North,"Automobile, Station Wagon",Going Ahead,Driving Properly,Normal,,,,,,,Yes,,Yes,,,,,,,,,,,141,Golfdale-Cedarbrae-Woburn,137,Woburn (137),D43,642914.297,4846499.958
11537,80632010,,07/05/2015,2015,1631,MARKHAM RD,GREENCREST CRCT,2 m North of,Major Arterial,Scarborough,43.757769,-79.224674,At Intersection,Traffic Signal,Clear,Daylight,Dry,Non-Fatal Injury,Pedestrian Collisions,Pedestrian,15 to 19,Major,,East,,,,,Vehicle is going straight thru inter.while ped cross without ROW,Crossing without right of way,Inattentive,,,,Yes,,Yes,,,,,,,,,,,141,Golfdale-Cedarbrae-Woburn,137,Woburn (137),D43,642914.297,4846499.958
11538,80632011,,07/05/2015,2015,1631,MARKHAM RD,GREENCREST CRCT,2 m North of,Major Arterial,Scarborough,43.757769,-79.224674,At Intersection,Traffic Signal,Clear,Daylight,Dry,Non-Fatal Injury,Pedestrian Collisions,Pedestrian,15 to 19,Major,,East,,,,,Vehicle is going straight thru inter.while ped cross without ROW,Crossing without right of way,Inattentive,,,,Yes,,Yes,,,,,,,,,,,141,Golfdale-Cedarbrae-Woburn,137,Woburn (137),D43,642914.297,4846499.958
11539,80238319,,10/05/2015,2015,1058,DON VALLEY PARKWAY  S,LEASIDE BDGE,,,Toronto and East York,43.697955,-79.348438,Non Intersection,No Control,Clear,Daylight,Dry,Non-Fatal Injury,Pedestrian Collisions,Driver,50 to 54,None,,South,"Automobile, Station Wagon",Going Ahead,Driving Properly,Normal,,,,,,,Yes,,Yes,,,,,,,Yes,,,,58,Old East York,58,Old East York (58),D55,633083.5514,4839650.613
11540,80238320,,10/05/2015,2015,1058,DON VALLEY PARKWAY  S,LEASIDE BDGE,,,Toronto and East York,43.697955,-79.348438,Non Intersection,No Control,Clear,Daylight,Dry,Non-Fatal Injury,Pedestrian Collisions,Pedestrian,30 to 34,Major,,Unknown,,,,,Pedestrian hit at mid-block,Other,Unknown,,,,Yes,,Yes,,,,,,,Yes,,,,58,Old East York,58,Old East York (58),D55,633083.5514,4839650.613
11541,80238359,,10/05/2015,2015,1830,50 CARLTON ST,,4 m South of,Major Arterial,North York,43.661627,-79.380183,Non Intersection,No Control,Clear,Daylight,Dry,Non-Fatal Injury,Cyclist Collisions,Cyclist,60 to 64,Major,,East,Bicycle,Changing Lanes,,,,,,Cyclist and Driver travelling in same direction. One vehicle sideswipes the other.,Improper Lane Change,Had Been Drinking,,Yes,,,Yes,,,,,,,,,168,Downtown Yonge East,75,Church-Yonge Corridor (75),D51,630604.2978,4835565.427
11542,80238360,,10/05/2015,2015,1830,50 CARLTON ST,,4 m South of,Major Arterial,North York,43.661627,-79.380183,Non Intersection,No Control,Clear,Daylight,Dry,Non-Fatal Injury,Cyclist Collisions,Truck Driver,45 to 49,None,,West,"Truck - Closed (Blazer, etc)",Going Ahead,Driving Properly,Normal,,,,,,,,Yes,,,Yes,,,,,,,,,168,Downtown Yonge East,75,Church-Yonge Corridor (75),D51,630604.2978,4835565.427
11543,80632012,,12/05/2015,2015,735,25 RACINE RD,,5 m North of,Collector,Etobicoke York,43.715785,-79.575084,At/Near Private Drive,No Control,Clear,Daylight,Dry,Non-Fatal Injury,Turning Movement,Driver,55 to 59,Major,,West,"Automobile, Station Wagon",Turning Left,Improper Turn,Unknown,,,,,,,,,Yes,,,,,,Yes,Yes,,,,1,West Humber-Clairville,1,West Humber-Clairville (1),D23,614786.1369,4841292.053
11544,80632013,,12/05/2015,2015,735,25 RACINE RD,,5 m North of,Collector,Etobicoke York,43.715785,-79.575084,At/Near Private Drive,No Control,Clear,Daylight,Dry,Non-Fatal Injury,Turning Movement,Driver,20 to 24,Minimal,,East,"Automobile, Station Wagon",Going Ahead,Exceeding Speed Limit,Normal,,,,,,,,,Yes,,,,,,Yes,Yes,,,,1,West Humber-Clairville,1,West Humber-Clairville (1),D23,614786.1369,4841292.053
11545,80000128,,13/05/2015,2015,2208,DANFORTH RD,BRIMLEY RD,,Major Arterial,Scarborough,43.735163,-79.247379,At Intersection,Traffic Signal,Clear,Dark,Dry,Fatal,Pedestrian Collisions,Driver,80 to 84,None,,East,"Automobile, Station Wagon",Going Ahead,Driving Properly,Unknown,,,,,,,Yes,,Yes,,,,,,,,,,,138,Eglinton East,138,Eglinton East (138),D43,641139.6376,4843950.287
11546,80000132,,13/05/2015,2015,2208,DANFORTH RD,BRIMLEY RD,,Major Arterial,Scarborough,43.735163,-79.247379,At Intersection,Traffic Signal,Clear,Dark,Dry,Fatal,Pedestrian Collisions,Pedestrian,30 to 34,Fatal,21,North,,,,,Vehicle is going straight thru inter.while ped cross without ROW,Crossing without right of way,Unknown,,,,Yes,,Yes,,,,,,,,,,,138,Eglinton East,138,Eglinton East (138),D43,641139.6376,4843950.287
11547,80238702,,14/05/2015,2015,1538,DUNVEGAN RD,ST CLAIR AVE W,,Local,Toronto and East York,43.686713,-79.405063,Non Intersection,No Control,Clear,Daylight,Dry,Non-Fatal Injury,Cyclist Collisions,Driver,45 to 49,None,,South,"Automobile, Station Wagon",Turning Left,Improper Turn,Normal,,,,,,,,Yes,Yes,,,,,Yes,,,,,,96,Casa Loma,96,Casa Loma (96),D53,628544.6549,4838312.701
11548,80238703,,14/05/2015,2015,1538,DUNVEGAN RD,ST CLAIR AVE W,,Local,Toronto and East York,43.686713,-79.405063,Non Intersection,No Control,Clear,Daylight,Dry,Non-Fatal Injury,Cyclist Collisions,Cyclist,20 to 24,Major,,North,Bicycle,Going Ahead,,,,,,Motorist turned left across cyclists path.,Driving Properly,Normal,,Yes,Yes,,,,,Yes,,,,,,96,Casa Loma,96,Casa Loma (96),D53,628544.6549,4838312.701
11549,80238704,,14/05/2015,2015,1538,DUNVEGAN RD,ST CLAIR AVE W,,Local,Toronto and East York,43.686713,-79.405063,Non Intersection,No Control,Clear,Daylight,Dry,Non-Fatal Injury,Cyclist Collisions,Passenger,0 to 4,None,,,,,,,,,,,,,,Yes,Yes,,,,,Yes,,,,,,96,Casa Loma,96,Casa Loma (96),D53,628544.6549,4838312.701
11550,80496835,,14/05/2015,2015,1730,GERRARD ST E,GREENWOOD AVE,4 m East of,Minor Arterial,Toronto and East York,43.670912,-79.328014,Non Intersection,Traffic Signal,Clear,Daylight,Dry,Non-Fatal Injury,Turning Movement,Driver,45 to 49,None,,North,"Automobile, Station Wagon",Turning Right,Improper Turn,Normal,,,,,,,,,Yes,Yes,,,,,,,,,,65,Greenwood-Coxwell,65,Greenwood-Coxwell (65),D55,634789.8977,4836680.099
11551,80496836,,14/05/2015,2015,1730,GERRARD ST E,GREENWOOD AVE,4 m East of,Minor Arterial,Toronto and East York,43.670912,-79.328014,Non Intersection,Traffic Signal,Clear,Daylight,Dry,Non-Fatal Injury,Turning Movement,Motorcycle Driver,30 to 34,Major,,East,Motorcycle,Going Ahead,Driving Properly,Normal,,,,,,,,,Yes,Yes,,,,,,,,,,65,Greenwood-Coxwell,65,Greenwood-Coxwell (65),D55,634789.8977,4836680.099
11552,80238796,,15/05/2015,2015,1535,MORTIMER AVE,GLEBEMOUNT AVE,,Minor Arterial,Toronto and East York,43.691435,-79.320651,At Intersection,Stop Sign,Clear,Daylight,Wet,Non-Fatal Injury,Angle,Driver,15 to 19,None,,North,"Automobile, Station Wagon",Going Ahead,Failed to Yield Right of Way,Inattentive,,,,,,,,,Yes,Yes,,,,,,Yes,,,,59,Danforth East York,59,Danforth East York (59),D55,635337.3307,4838971.453
11553,80238797,,15/05/2015,2015,1535,MORTIMER AVE,GLEBEMOUNT AVE,,Minor Arterial,Toronto and East York,43.691435,-79.320651,At Intersection,Stop Sign,Clear,Daylight,Wet,Non-Fatal Injury,Angle,Motorcycle Driver,55 to 59,Major,,East,Motorcycle,Overtaking,Driving Properly,Normal,,,,,,,,,Yes,Yes,,,,,,Yes,,,,59,Danforth East York,59,Danforth East York (59),D55,635337.3307,4838971.453