OBJECTID,INDEX,ACCNUM,DATE,ACCIDENT_YEAR,TIME,STREET1,STREET2,OFFSET,ROAD_CLASS,DISTRICT,LATITUDE,LONGITUDE,ACCLOC,TRAFFCTL,VISIBILITY,LIGHT,RDSFCOND,ACCLASS,IMPACTYPE,INVTYPE,INVAGE,INJURY,FATAL_NO,INITDIR,VEHTYPE,MANOEUVER,DRIVACT,DRIVCOND,PEDTYPE,PEDACT,PEDCOND,CYCLISTYPE,CYCACT,CYCCOND,PEDESTRIAN,CYCLIST,AUTOMOBILE,MOTORCYCLE,TRUCK,TRSN_CITY_VEH,EMERG_VEH,PASSENGER,SPEEDING,AG_DRIV,REDLIGHT,ALCOHOL,DISABILITY,HOOD_158,NEIGHBOURHOOD_158,HOOD_140,NEIGHBOURHOOD_140,DIVISION,x,y
11793,80487932,,10/08/2015,2015,1130,ISLINGTON AVE,THE WESTWAY,,Major Arterial,Etobicoke York,43.688613,-79.542857,At Intersection,Traffic Signal,Clear,Daylight,Dry,Non-Fatal Injury,Angle,Passenger,0 to 4,Minor,,,,,,,,,,,,,,,Yes,,,,,Yes,,Yes,Yes,,,7,Willowridge-Martingrove-Richview,7,Willowridge-Martingrove-Richview (7),D23,617435.2858,4838319.365
11794,80487933,,10/08/2015,2015,1130,ISLINGTON AVE,THE WESTWAY,,Major Arterial,Etobicoke York,43.688613,-79.542857,At Intersection,Traffic Signal,Clear,Daylight,Dry,Non-Fatal Injury,Angle,Passenger,80 to 84,Major,,,,,,,,,,,,,,,Yes,,,,,Yes,,Yes,Yes,,,7,Willowridge-Martingrove-Richview,7,Willowridge-Martingrove-Richview (7),D23,617435.2858,4838319.365
11795,80247399,,11/08/2015,2015,920,ANNETTE ST,KEELE ST,,Major Arterial,Toronto and East York,43.663642,-79.463794,At Intersection,Traffic Signal,Clear,Daylight,Dry,Non-Fatal Injury,Cyclist Collisions,Truck Driver,65 to 69,None,,West,Truck - Open,Turning Right,Improper Turn,Inattentive,,,,,,,,Yes,,,Yes,,,,,,,,,90,Junction Area,90,Junction Area (90),D11,623858.6144,4835661
11796,80247400,,11/08/2015,2015,920,ANNETTE ST,KEELE ST,,Major Arterial,Toronto and East York,43.663642,-79.463794,At Intersection,Traffic Signal,Clear,Daylight,Dry,Non-Fatal Injury,Cyclist Collisions,Cyclist,55 to 59,Major,,West,Bicycle,Going Ahead,,,,,,Motorist turning right on green or amber at signalized intersection strikes cyclist.,Driving Properly,Normal,,Yes,,,Yes,,,,,,,,,90,Junction Area,90,Junction Area (90),D11,623858.6144,4835661
11797,80487983,,11/08/2015,2015,1420,71 MCCOOL CRT,,,Local,,43.818225,-79.284099,Non Intersection,No Control,Clear,Daylight,Dry,Non-Fatal Injury,SMV Unattended Vehicle,Motorcycle Driver,20 to 24,Major,,East,Motorcycle,Going Ahead,Lost control,Normal,,,,,,,,,,Yes,,,,,,,,,,130,Milliken,130,Milliken (130),D42,637991.3168,4853113.723
11798,80247450,,11/08/2015,2015,1840,HAKIMI  AVE,ASHTONBEE RD,97 m South o,Local,Scarborough,43.729033,-79.291698,Non Intersection,Stop Sign,Clear,Daylight,Dry,Non-Fatal Injury,Pedestrian Collisions,Driver,40 to 44,None,,East,"Automobile, Station Wagon",Turning Left,Improper Turn,Inattentive,,,,,,,Yes,,Yes,,,,,,,,,,,119,Wexford/Maryvale,119,Wexford/Maryvale (119),D41,637584.597,4843194.917
11799,80247451,,11/08/2015,2015,1840,HAKIMI  AVE,ASHTONBEE RD,97 m South o,Local,Scarborough,43.729033,-79.291698,Non Intersection,Stop Sign,Clear,Daylight,Dry,Non-Fatal Injury,Pedestrian Collisions,Pedestrian,70 to 74,Major,,West,,,,,Pedestrian hit at mid-block,"Crossing, no Traffic Control",Normal,,,,Yes,,Yes,,,,,,,,,,,119,Wexford/Maryvale,119,Wexford/Maryvale (119),D41,637584.597,4843194.917
11800,80247513,,12/08/2015,2015,1524,WILSON AVE,KELVIN AVE,,Major Arterial,Etobicoke York,43.715689,-79.531894,At Intersection,Stop Sign,Clear,Daylight,Dry,Non-Fatal Injury,Cyclist Collisions,Cyclist,15 to 19,Major,,North,Bicycle,Going Ahead,,,,,,"Cyclist without ROW rides into path of motorist at inter, lnwy, dwy-Cyclist not turn.",Failed to Yield Right of Way,Inattentive,,Yes,Yes,,,,,,,,,,,23,Pelmo Park-Humberlea,23,Pelmo Park-Humberlea (23),D31,618265.5834,4841342.108
11801,80247514,,12/08/2015,2015,1524,WILSON AVE,KELVIN AVE,,Major Arterial,Etobicoke York,43.715689,-79.531894,At Intersection,Stop Sign,Clear,Daylight,Dry,Non-Fatal Injury,Cyclist Collisions,Driver,50 to 54,None,,East,"Automobile, Station Wagon",Going Ahead,Driving Properly,Normal,,,,,,,,Yes,Yes,,,,,,,,,,,23,Pelmo Park-Humberlea,23,Pelmo Park-Humberlea (23),D31,618265.5834,4841342.108
11802,80247471,,12/08/2015,2015,2307,ST CLAIR AVE W,KEELE ST,,Major Arterial,Etobicoke York,43.672522,-79.467609,At Intersection,Traffic Signal,Clear,"Dark, artificial",Dry,Non-Fatal Injury,Pedestrian Collisions,Driver,20 to 24,Minor,,East,"Automobile, Station Wagon",Going Ahead,Driving Properly,Normal,,,,,,,Yes,,Yes,,,,,,,Yes,,,,90,Junction Area,90,Junction Area (90),D11,623532.805,4836641.553
11803,80247472,,12/08/2015,2015,2307,ST CLAIR AVE W,KEELE ST,,Major Arterial,Etobicoke York,43.672522,-79.467609,At Intersection,Traffic Signal,Clear,"Dark, artificial",Dry,Non-Fatal Injury,Pedestrian Collisions,Pedestrian,15 to 19,Major,,Unknown,,,,,Vehicle is going straight thru inter.while ped cross without ROW,Crossing without right of way,Inattentive,,,,Yes,,Yes,,,,,,,Yes,,,,90,Junction Area,90,Junction Area (90),D11,623532.805,4836641.553
11804,80247765,,15/08/2015,2015,1047,OLD WESTON RD,ROGERS RD,,Minor Arterial,Etobicoke York,43.681883,-79.46767,At Intersection,Traffic Signal,Clear,Daylight,Dry,Non-Fatal Injury,Approaching,Driver,60 to 64,Major,,South,"Automobile, Station Wagon",Going Ahead,Lost control,Medical or Physical Disability,,,,,,,,,Yes,,,,,Yes,,,,,Yes,110,Keelesdale-Eglinton West,110,Keelesdale-Eglinton West (110),D12,623508.6809,4837681.126
11805,80247766,,15/08/2015,2015,1047,OLD WESTON RD,ROGERS RD,,Minor Arterial,Etobicoke York,43.681883,-79.46767,At Intersection,Traffic Signal,Clear,Daylight,Dry,Non-Fatal Injury,Approaching,Driver,30 to 34,None,,North,"Automobile, Station Wagon",Stopped,Driving Properly,Normal,,,,,,,,,Yes,,,,,Yes,,,,,Yes,110,Keelesdale-Eglinton West,110,Keelesdale-Eglinton West (110),D12,623508.6809,4837681.126
11806,80247767,,15/08/2015,2015,1047,OLD WESTON RD,ROGERS RD,,Minor Arterial,Etobicoke York,43.681883,-79.46767,At Intersection,Traffic Signal,Clear,Daylight,Dry,Non-Fatal Injury,Approaching,Passenger,60 to 64,None,,,,,,,,,,,,,,,Yes,,,,,Yes,,,,,Yes,110,Keelesdale-Eglinton West,110,Keelesdale-Eglinton West (110),D12,623508.6809,4837681.126
11807,80247768,,15/08/2015,2015,1047,OLD WESTON RD,ROGERS RD,,Minor Arterial,Etobicoke York,43.681883,-79.46767,At Intersection,Traffic Signal,Clear,Daylight,Dry,Non-Fatal Injury,Approaching,Passenger,30 to 34,None,,,,,,,,,,,,,,,Yes,,,,,Yes,,,,,Yes,110,Keelesdale-Eglinton West,110,Keelesdale-Eglinton West (110),D12,623508.6809,4837681.126
11808,80247821,,15/08/2015,2015,2100,DUFFERIN ST,HUNTER AVE,,Major Arterial,Toronto and East York,43.694426,-79.449741,At Intersection,No Control,Clear,"Dark, artificial",Dry,Non-Fatal Injury,Cyclist Collisions,Driver,70 to 74,None,,North,"Automobile, Station Wagon",Turning Left,Improper Turn,Normal,,,,,,,,Yes,Yes,,,,,,,,,,,107,Oakwood Village,107,Oakwood Village (107),D13,624927.7634,4839101.053
11809,80247822,,15/08/2015,2015,2100,DUFFERIN ST,HUNTER AVE,,Major Arterial,Toronto and East York,43.694426,-79.449741,At Intersection,No Control,Clear,"Dark, artificial",Dry,Non-Fatal Injury,Cyclist Collisions,Cyclist,50 to 54,Major,,South,Bicycle,Going Ahead,,,,,,Motorist turned left across cyclists path.,Driving Properly,Normal,,Yes,Yes,,,,,,,,,,,107,Oakwood Village,107,Oakwood Village (107),D13,624927.7634,4839101.053
11810,80247825,,15/08/2015,2015,2152,LAKE SHORE BLVD W,JAMESON AVE,,Major Arterial,Toronto and East York,43.633326,-79.434558,Non Intersection,No Control,Clear,"Dark, artificial",Dry,Non-Fatal Injury,Approaching,Driver,50 to 54,Major,,East,"Automobile, Station Wagon",Going Ahead,Failed to Yield Right of Way,Inattentive,,,,,,,,,Yes,,,,,,,Yes,,,,85,South Parkdale,85,South Parkdale (85),D14,626279.3398,4832338.077
11811,80247826,,15/08/2015,2015,2152,LAKE SHORE BLVD W,JAMESON AVE,,Major Arterial,Toronto and East York,43.633326,-79.434558,Non Intersection,No Control,Clear,"Dark, artificial",Dry,Non-Fatal Injury,Approaching,Driver,25 to 29,Minimal,,West,"Automobile, Station Wagon",Going Ahead,Driving Properly,Normal,,,,,,,,,Yes,,,,,,,Yes,,,,85,South Parkdale,85,South Parkdale (85),D14,626279.3398,4832338.077
11812,80247827,,15/08/2015,2015,2152,LAKE SHORE BLVD W,JAMESON AVE,,Major Arterial,Toronto and East York,43.633326,-79.434558,Non Intersection,No Control,Clear,"Dark, artificial",Dry,Non-Fatal Injury,Approaching,Driver,25 to 29,Minimal,,West,"Automobile, Station Wagon",Going Ahead,Driving Properly,Normal,,,,,,,,,Yes,,,,,,,Yes,,,,85,South Parkdale,85,South Parkdale (85),D14,626279.3398,4832338.077
11813,80488133,,16/08/2015,2015,42,BELLAMY RD N,LAWRENCE AVE E,,Major Arterial,Scarborough,43.757712,-79.235263,Intersection Related,Traffic Signal,Clear,"Dark, artificial",Dry,Fatal,Angle,Driver,20 to 24,Major,,South,"Automobile, Station Wagon",Going Ahead,Disobeyed Traffic Control,"Ability Impaired, Alcohol",,,,,,,,,Yes,,,,,Yes,,Yes,Yes,Yes,,141,Golfdale-Cedarbrae-Woburn,137,Woburn (137),D43,642062.0038,4846475.408
11814,80488134,,16/08/2015,2015,42,BELLAMY RD N,LAWRENCE AVE E,,Major Arterial,Scarborough,43.757712,-79.235263,Intersection Related,Traffic Signal,Clear,"Dark, artificial",Dry,Fatal,Angle,Driver,50 to 54,Minor,,East,"Automobile, Station Wagon",Going Ahead,Driving Properly,Normal,,,,,,,,,Yes,,,,,Yes,,Yes,Yes,Yes,,141,Golfdale-Cedarbrae-Woburn,137,Woburn (137),D43,642062.0038,4846475.408
11815,80488135,,16/08/2015,2015,42,BELLAMY RD N,LAWRENCE AVE E,,Major Arterial,Scarborough,43.757712,-79.235263,Intersection Related,Traffic Signal,Clear,"Dark, artificial",Dry,Fatal,Angle,Driver,45 to 49,Minimal,,East,"Automobile, Station Wagon",Going Ahead,Driving Properly,Normal,,,,,,,,,Yes,,,,,Yes,,Yes,Yes,Yes,,141,Golfdale-Cedarbrae-Woburn,137,Woburn (137),D43,642062.0038,4846475.408
11816,80488136,,16/08/2015,2015,42,BELLAMY RD N,LAWRENCE AVE E,,Major Arterial,Scarborough,43.757712,-79.235263,Intersection Related,Traffic Signal,Clear,"Dark, artificial",Dry,Fatal,Angle,Passenger,25 to 29,Fatal,38,,,,,,,,,,,,,,Yes,,,,,Yes,,Yes,Yes,Yes,,141,Golfdale-Cedarbrae-Woburn,137,Woburn (137),D43,642062.0038,4846475.408
11817,80488137,,16/08/2015,2015,42,BELLAMY RD N,LAWRENCE AVE E,,Major Arterial,Scarborough,43.757712,-79.235263,Intersection Related,Traffic Signal,Clear,"Dark, artificial",Dry,Fatal,Angle,Passenger,20 to 24,Minimal,,,,,,,,,,,,,,,Yes,,,,,Yes,,Yes,Yes,Yes,,141,Golfdale-Cedarbrae-Woburn,137,Woburn (137),D43,642062.0038,4846475.408
11818,80488161,,16/08/2015,2015,1210,2350 BAYVIEW AVE,,,Major Arterial,North York,43.732985,-79.38129,Intersection Related,Traffic Signal,Clear,Daylight,Dry,Fatal,Turning Movement,Driver,85 to 89,Fatal,40,South,"Automobile, Station Wagon",Going Ahead,Disobeyed Traffic Control,Inattentive,,,,,,,,,Yes,,,,,,,Yes,Yes,,,41,Bridle Path-Sunnybrook-York Mills,41,Bridle Path-Sunnybrook-York Mills (41),D32,630360.3154,4843488.987
11819,80488162,,16/08/2015,2015,1210,2350 BAYVIEW AVE,,,Major Arterial,North York,43.732985,-79.38129,Intersection Related,Traffic Signal,Clear,Daylight,Dry,Fatal,Turning Movement,Driver,20 to 24,None,,East,"Automobile, Station Wagon",Turning Left,Driving Properly,Normal,,,,,,,,,Yes,,,,,,,Yes,Yes,,,41,Bridle Path-Sunnybrook-York Mills,41,Bridle Path-Sunnybrook-York Mills (41),D32,630360.3154,4843488.987
11820,80488276,,20/08/2015,2015,947,STEELES AVE W,ALCIDE ST,,Major Arterial,Etobicoke York,43.751242,-79.63467,Intersection Related,No Control,Clear,Daylight,Dry,Non-Fatal Injury,Turning Movement,Truck Driver,25 to 29,None,,East,Truck-Tractor,Turning Left,Failed to Yield Right of Way,Normal,,,,,,,,,Yes,,Yes,,,,,Yes,,,,1,West Humber-Clairville,1,West Humber-Clairville (1),D23,609921.1867,4845149.262
11821,80488277,,20/08/2015,2015,947,STEELES AVE W,ALCIDE ST,,Major Arterial,Etobicoke York,43.751242,-79.63467,Intersection Related,No Control,Clear,Daylight,Dry,Non-Fatal Injury,Turning Movement,Driver,25 to 29,Major,,East,"Automobile, Station Wagon",Going Ahead,Driving Properly,Normal,,,,,,,,,Yes,,Yes,,,,,Yes,,,,1,West Humber-Clairville,1,West Humber-Clairville (1),D23,609921.1867,4845149.262
11822,80248167,,20/08/2015,2015,1318,SOUTH KINGSWAY,BLOOR ST W,,Major Arterial,Toronto and East York,43.648303,-79.485736,At Intersection,Traffic Signal,Rain,Daylight,Wet,Non-Fatal Injury,Cyclist Collisions,Cyclist,20 to 24,Major,,East,Bicycle,Going Ahead,,,,,,"Cyclist without ROW rides into path of motorist at inter, lnwy, dwy-Cyclist not turn.",Disobeyed Traffic Control,Normal,,Yes,Yes,,,,,Yes,,,,,,87,High Park-Swansea,87,High Park-Swansea (87),D11,622120.5849,4833924.882
11823,80248168,,20/08/2015,2015,1318,SOUTH KINGSWAY,BLOOR ST W,,Major Arterial,Toronto and East York,43.648303,-79.485736,At Intersection,Traffic Signal,Rain,Daylight,Wet,Non-Fatal Injury,Cyclist Collisions,Driver,65 to 69,None,,West,"Automobile, Station Wagon",Turning Left,Driving Properly,Normal,,,,,,,,Yes,Yes,,,,,Yes,,,,,,87,High Park-Swansea,87,High Park-Swansea (87),D11,622120.5849,4833924.882
11824,80248169,,20/08/2015,2015,1318,SOUTH KINGSWAY,BLOOR ST W,,Major Arterial,Toronto and East York,43.648303,-79.485736,At Intersection,Traffic Signal,Rain,Daylight,Wet,Non-Fatal Injury,Cyclist Collisions,Passenger,55 to 59,None,,,,,,,,,,,,,,Yes,Yes,,,,,Yes,,,,,,87,High Park-Swansea,87,High Park-Swansea (87),D11,622120.5849,4833924.882
11825,80248345,,22/08/2015,2015,730,DUNDAS ST W,AUKLAND RD,,Major Arterial,Etobicoke York,43.638514,-79.537998,At Intersection,Traffic Signal,Clear,Daylight,Dry,Non-Fatal Injury,Pedestrian Collisions,Driver,40 to 44,None,,South,Municipal Transit Bus (TTC),Turning Left,Failed to Yield Right of Way,Inattentive,,,,,,,Yes,,,,,Yes,,,,Yes,,,,159,Etobicoke City Centre,14,Islington-City Centre West (14),D22,617924.936,4832762.114
11826,80248346,,22/08/2015,2015,730,DUNDAS ST W,AUKLAND RD,,Major Arterial,Etobicoke York,43.638514,-79.537998,At Intersection,Traffic Signal,Clear,Daylight,Dry,Non-Fatal Injury,Pedestrian Collisions,Pedestrian,75 to 79,Major,,North,,,,,Vehicle turns left while ped crosses with ROW at inter.,Crossing with right of way,Normal,,,,Yes,,,,,Yes,,,,Yes,,,,159,Etobicoke City Centre,14,Islington-City Centre West (14),D22,617924.936,4832762.114
11827,80248377,,22/08/2015,2015,1211,1468 VICTORIA PARK AVE,,50 m South o,Major Arterial,North York,43.722777,-79.301845,At/Near Private Drive,No Control,Clear,Daylight,Dry,Non-Fatal Injury,SMV Other,Motorcycle Driver,55 to 59,Major,,South,Motorcycle,Changing Lanes,Lost control,Normal,,,,,,,,,,Yes,,,,,,Yes,,,,120,Clairlea-Birchmount,120,Clairlea-Birchmount (120),D41,636781.599,4842483.298
11828,80488400,,22/08/2015,2015,1516,678 KENNEDY RD,,4 m South of,Major Arterial,Scarborough,43.726832,-79.265682,At/Near Private Drive,No Control,Clear,Daylight,Dry,Non-Fatal Injury,Turning Movement,Driver,20 to 24,None,,North,"Automobile, Station Wagon",Turning Left,Failed to Yield Right of Way,Inattentive,,,,,,,,,Yes,Yes,,,,,,Yes,,,,124,Kennedy Park,124,Kennedy Park (124),D41,639685.0354,4842993.989
11829,80488401,,22/08/2015,2015,1516,678 KENNEDY RD,,4 m South of,Major Arterial,Scarborough,43.726832,-79.265682,At/Near Private Drive,No Control,Clear,Daylight,Dry,Non-Fatal Injury,Turning Movement,Motorcycle Driver,30 to 34,Major,,South,Motorcycle,Going Ahead,Driving Properly,Normal,,,,,,,,,Yes,Yes,,,,,,Yes,,,,124,Kennedy Park,124,Kennedy Park (124),D41,639685.0354,4842993.989
11830,80248448,,23/08/2015,2015,43,1630 LAWRENCE AVE W,,30 m East of,Major Arterial,Etobicoke York,43.705596,-79.49084,At Intersection,Traffic Signal,Clear,Dark,Dry,Non-Fatal Injury,SMV Other,Driver - Not Hit,unknown,None,,West,"Automobile, Station Wagon",Changing Lanes,Improper Lane Change,Unknown,,,,,,,,,Yes,Yes,,,,,,,,,,30,Brookhaven-Amesbury,30,Brookhaven-Amesbury (30),D12,621593.1871,4840280.535
11831,80248449,,23/08/2015,2015,43,1630 LAWRENCE AVE W,,30 m East of,Major Arterial,Etobicoke York,43.705596,-79.49084,At Intersection,Traffic Signal,Clear,Dark,Dry,Non-Fatal Injury,SMV Other,Motorcycle Driver,30 to 34,Major,,West,Motorcycle,Going Ahead,Lost control,Unknown,,,,,,,,,Yes,Yes,,,,,,,,,,30,Brookhaven-Amesbury,30,Brookhaven-Amesbury (30),D12,621593.1871,4840280.535
11832,80248479,,23/08/2015,2015,1147,DUNDAS ST W,CLOVERDALE MALL,100 m East o,Major Arterial,Etobicoke York,43.628993,-79.55492,At Intersection,Traffic Signal,Clear,Daylight,Dry,Non-Fatal Injury,Cyclist Collisions,Driver,60 to 64,Minimal,,East,"Automobile, Station Wagon",Turning Left,Improper Turn,Inattentive,,,,,,,,Yes,Yes,,,,,Yes,,,,,,159,Etobicoke City Centre,14,Islington-City Centre West (14),D22,616578.4056,4831680.787
11833,80248480,,23/08/2015,2015,1147,DUNDAS ST W,CLOVERDALE MALL,100 m East o,Major Arterial,Etobicoke York,43.628993,-79.55492,At Intersection,Traffic Signal,Clear,Daylight,Dry,Non-Fatal Injury,Cyclist Collisions,Driver,45 to 49,Minimal,,West,Passenger Van,Going Ahead,Driving Properly,Normal,,,,,,,,Yes,Yes,,,,,Yes,,,,,,159,Etobicoke City Centre,14,Islington-City Centre West (14),D22,616578.4056,4831680.787
11834,80248481,,23/08/2015,2015,1147,DUNDAS ST W,CLOVERDALE MALL,100 m East o,Major Arterial,Etobicoke York,43.628993,-79.55492,At Intersection,Traffic Signal,Clear,Daylight,Dry,Non-Fatal Injury,Cyclist Collisions,Cyclist,55 to 59,Major,,East,Bicycle,Stopped,,,,,,Motorist loses control and strikes cyclist.,Driving Properly,Normal,,Yes,Yes,,,,,Yes,,,,,,159,Etobicoke City Centre,14,Islington-City Centre West (14),D22,616578.4056,4831680.787
11835,80248482,,23/08/2015,2015,1147,DUNDAS ST W,CLOVERDALE MALL,100 m East o,Major Arterial,Etobicoke York,43.628993,-79.55492,At Intersection,Traffic Signal,Clear,Daylight,Dry,Non-Fatal Injury,Cyclist Collisions,Passenger,40 to 44,Major,,,,,,,,,,,,,,Yes,Yes,,,,,Yes,,,,,,159,Etobicoke City Centre,14,Islington-City Centre West (14),D22,616578.4056,4831680.787
11836,80488484,,24/08/2015,2015,1325,STEELES AVE W,TORRESDALE AVE,1 m East of,Major Arterial,North York,43.790801,-79.453021,At Intersection,Traffic Signal,Clear,Daylight,Dry,Fatal,Pedestrian Collisions,Driver,15 to 19,None,,West,Pick Up Truck,Going Ahead,Driving Properly,Normal,,,,,,,Yes,,Yes,,,,,,,,,,,35,Westminster-Branson,35,Westminster-Branson (35),D32,624463.5711,4849799.967
11837,80488485,,24/08/2015,2015,1325,STEELES AVE W,TORRESDALE AVE,1 m East of,Major Arterial,North York,43.790801,-79.453021,At Intersection,Traffic Signal,Clear,Daylight,Dry,Fatal,Pedestrian Collisions,Pedestrian,85 to 89,Fatal,39,Unknown,,,,,Vehicle is going straight thru inter.while ped cross without ROW,Crossing without right of way,Medical or Physical Disability,,,,Yes,,Yes,,,,,,,,,,,35,Westminster-Branson,35,Westminster-Branson (35),D32,624463.5711,4849799.967
11838,80248933,,28/08/2015,2015,2200,ALBION RD,FINCH AVE W,,Major Arterial,Etobicoke York,43.74137,-79.590785,Non Intersection,No Control,Clear,Daylight,Dry,Non-Fatal Injury,Approaching,Driver,15 to 19,Minor,,East,"Automobile, Station Wagon",Going Ahead,Lost control,Unknown,,,,,,,,,Yes,,,,,Yes,Yes,Yes,,,,2,Mount Olive-Silverstone-Jamestown,2,Mount Olive-Silverstone-Jamestown (2),D23,613472.9914,4844112.004
11839,80248934,,28/08/2015,2015,2200,ALBION RD,FINCH AVE W,,Major Arterial,Etobicoke York,43.74137,-79.590785,Non Intersection,No Control,Clear,Daylight,Dry,Non-Fatal Injury,Approaching,Driver,40 to 44,Minor,,West,"Automobile, Station Wagon",Going Ahead,Driving Properly,Normal,,,,,,,,,Yes,,,,,Yes,Yes,Yes,,,,2,Mount Olive-Silverstone-Jamestown,2,Mount Olive-Silverstone-Jamestown (2),D23,613472.9914,4844112.004
11840,80248935,,28/08/2015,2015,2200,ALBION RD,FINCH AVE W,,Major Arterial,Etobicoke York,43.74137,-79.590785,Non Intersection,No Control,Clear,Daylight,Dry,Non-Fatal Injury,Approaching,Passenger,15 to 19,Major,,,,,,,,,,,,,,,Yes,,,,,Yes,Yes,Yes,,,,2,Mount Olive-Silverstone-Jamestown,2,Mount Olive-Silverstone-Jamestown (2),D23,613472.9914,4844112.004
11841,80631968,,31/08/2015,2015,1545,LOWER SIMCOE ST,BREMNER BLVD,,Minor Arterial,Toronto and East York,43.642317,-79.383968,At Intersection,Traffic Signal,Clear,Daylight,Dry,Non-Fatal Injury,Cyclist Collisions,Truck Driver,40 to 44,None,,South,"Truck - Closed (Blazer, etc)",Turning Right,Improper Turn,Inattentive,,,,,,,,Yes,,,Yes,,,,,,,,,165,Harbourfront-CityPlace,77,Waterfront Communities-The Island (77),D52,630340.8791,4833414.847
11842,80631969,,31/08/2015,2015,1545,LOWER SIMCOE ST,BREMNER BLVD,,Minor Arterial,Toronto and East York,43.642317,-79.383968,At Intersection,Traffic Signal,Clear,Daylight,Dry,Non-Fatal Injury,Cyclist Collisions,Cyclist,35 to 39,Major,,South,Bicycle,Going Ahead,,,,,,Motorist turning right on green or amber at signalized intersection strikes cyclist.,Driving Properly,Normal,,Yes,,,Yes,,,,,,,,,165,Harbourfront-CityPlace,77,Waterfront Communities-The Island (77),D52,630340.8791,4833414.847
11843,80249238,,01/09/2015,2015,1400,STEELES AVE E,DON MILLS RD,,Major Arterial,North York,43.811175,-79.360767,At Intersection,Traffic Signal,Clear,Daylight,Dry,Non-Fatal Injury,Angle,Driver,60 to 64,Major,,South,"Automobile, Station Wagon",Going Ahead,Disobeyed Traffic Control,Unknown,,,,,,,,,Yes,,Yes,,,,,Yes,Yes,,,48,Hillcrest Village,48,Hillcrest Village (48),D33,631841.1943,4852205.681
11844,80249239,,01/09/2015,2015,1400,STEELES AVE E,DON MILLS RD,,Major Arterial,North York,43.811175,-79.360767,At Intersection,Traffic Signal,Clear,Daylight,Dry,Non-Fatal Injury,Angle,Truck Driver,65 to 69,None,,West,Truck - Dump,Going Ahead,Driving Properly,Normal,,,,,,,,,Yes,,Yes,,,,,Yes,Yes,,,48,Hillcrest Village,48,Hillcrest Village (48),D33,631841.1943,4852205.681
11845,80197024,,03/09/2015,2015,736,PARK LAWN RD,LAKE SHORE BLVD W,,Major Arterial,Etobicoke York,43.623171,-79.481792,,No Control,Clear,Daylight,Dry,Fatal,Pedestrian Collisions,Pedestrian,70 to 74,Fatal,41,West,,,,,Pedestrian hit at mid-block,"Crossing, no Traffic Control",Normal,,,,Yes,,,,Yes,,,,,,,,,161,Humber Bay Shores,17,Mimico (includes Humber Bay Shores) (17),D22,622489.7092,4831139.468
11846,80197025,,03/09/2015,2015,736,PARK LAWN RD,LAKE SHORE BLVD W,,Major Arterial,Etobicoke York,43.623171,-79.481792,,No Control,Clear,Daylight,Dry,Fatal,Pedestrian Collisions,Truck Driver,25 to 29,None,,South,Truck - Open,Going Ahead,Driving Properly,Unknown,,,,,,,Yes,,,,Yes,,,,,,,,,161,Humber Bay Shores,17,Mimico (includes Humber Bay Shores) (17),D22,622489.7092,4831139.468
11847,80501585,,05/09/2015,2015,120,SEWELLS RD,HUPFIELD TRL,20 m West of,Minor Arterial,Scarborough,43.814582,-79.213184,Intersection Related,No Control,Clear,"Dark, artificial",Dry,Non-Fatal Injury,SMV Other,Driver,20 to 24,None,,East,"Automobile, Station Wagon",Going Ahead,Lost control,Unknown,,,,,,,,,Yes,,,,,Yes,Yes,Yes,,,,146,Malvern East,132,Malvern (132),D42,643703.0456,4852829.842
11848,80501586,,05/09/2015,2015,120,SEWELLS RD,HUPFIELD TRL,20 m West of,Minor Arterial,Scarborough,43.814582,-79.213184,Intersection Related,No Control,Clear,"Dark, artificial",Dry,Non-Fatal Injury,SMV Other,Passenger,20 to 24,Minor,,,,,,,,,,,,,,,Yes,,,,,Yes,Yes,Yes,,,,146,Malvern East,132,Malvern (132),D42,643703.0456,4852829.842
11849,80501587,,05/09/2015,2015,120,SEWELLS RD,HUPFIELD TRL,20 m West of,Minor Arterial,Scarborough,43.814582,-79.213184,Intersection Related,No Control,Clear,"Dark, artificial",Dry,Non-Fatal Injury,SMV Other,Passenger,15 to 19,Major,,,,,,,,,,,,,,,Yes,,,,,Yes,Yes,Yes,,,,146,Malvern East,132,Malvern (132),D42,643703.0456,4852829.842
11850,80488917,,05/09/2015,2015,1652,MAXWELL ST,HOVE ST,40 m South o,Local,North York,43.76113,-79.448695,Non Intersection,No Control,Clear,Daylight,Dry,Fatal,SMV Other,Driver,85 to 89,Major,,South,"Automobile, Station Wagon",Going Ahead,Lost control,Unknown,,,,,,,,,Yes,,,,,Yes,,,,,,34,Bathurst Manor,34,Bathurst Manor (34),D32,624873.3705,4846511.065
11851,80488918,,05/09/2015,2015,1652,MAXWELL ST,HOVE ST,40 m South o,Local,North York,43.76113,-79.448695,Non Intersection,No Control,Clear,Daylight,Dry,Fatal,SMV Other,Passenger,90 to 94,Fatal,45,,,,,,,,,,,,,,Yes,,,,,Yes,,,,,,34,Bathurst Manor,34,Bathurst Manor (34),D32,624873.3705,4846511.065