OBJECTID,INDEX,ACCNUM,DATE,ACCIDENT_YEAR,TIME,STREET1,STREET2,OFFSET,ROAD_CLASS,DISTRICT,LATITUDE,LONGITUDE,ACCLOC,TRAFFCTL,VISIBILITY,LIGHT,RDSFCOND,ACCLASS,IMPACTYPE,INVTYPE,INVAGE,INJURY,FATAL_NO,INITDIR,VEHTYPE,MANOEUVER,DRIVACT,DRIVCOND,PEDTYPE,PEDACT,PEDCOND,CYCLISTYPE,CYCACT,CYCCOND,PEDESTRIAN,CYCLIST,AUTOMOBILE,MOTORCYCLE,TRUCK,TRSN_CITY_VEH,EMERG_VEH,PASSENGER,SPEEDING,AG_DRIV,REDLIGHT,ALCOHOL,DISABILITY,HOOD_158,NEIGHBOURHOOD_158,HOOD_140,NEIGHBOURHOOD_140,DIVISION,x,y
11969,80197062,,10/10/2015,2015,1919,ISLINGTON AVE,DEERFOOT RD,,Major Arterial,Etobicoke York,43.685214,-79.541393,,No Control,Clear,Dark,Dry,Fatal,Pedestrian Collisions,Pedestrian,20 to 24,Fatal,50,Unknown,,,,,Vehicle is going straight thru inter.while ped cross without ROW,"Crossing, no Traffic Control",Inattentive,,,,Yes,,Yes,,,,,,Yes,Yes,,,,7,Willowridge-Martingrove-Richview,7,Willowridge-Martingrove-Richview (7),D23,617559.914,4837943.935
11970,80490279,,11/10/2015,2015,1445,AVENUE RD,ROE AVE,6 m North of,Major Arterial,North York,43.732382,-79.419399,Non Intersection,No Control,Clear,Daylight,Dry,Non-Fatal Injury,Turning Movement,Driver,60 to 64,Major,,South,"Automobile, Station Wagon",Making U Turn,Improper Turn,Inattentive,,,,,,,,,Yes,,,,,Yes,,,,,,39,Bedford Park-Nortown,39,Bedford Park-Nortown (39),D32,627292.5144,4843362.765
11971,80490280,,11/10/2015,2015,1445,AVENUE RD,ROE AVE,6 m North of,Major Arterial,North York,43.732382,-79.419399,Non Intersection,No Control,Clear,Daylight,Dry,Non-Fatal Injury,Turning Movement,Driver,30 to 34,Minor,,South,"Automobile, Station Wagon",Going Ahead,Driving Properly,Normal,,,,,,,,,Yes,,,,,Yes,,,,,,39,Bedford Park-Nortown,39,Bedford Park-Nortown (39),D32,627292.5144,4843362.765
11972,80490281,,11/10/2015,2015,1445,AVENUE RD,ROE AVE,6 m North of,Major Arterial,North York,43.732382,-79.419399,Non Intersection,No Control,Clear,Daylight,Dry,Non-Fatal Injury,Turning Movement,Passenger,unknown,Minor,,,,,,,,,,,,,,,Yes,,,,,Yes,,,,,,39,Bedford Park-Nortown,39,Bedford Park-Nortown (39),D32,627292.5144,4843362.765
11973,80490323,,11/10/2015,2015,2217,YONGE ST,SHUTER ST,3 m North of,Major Arterial,Toronto and East York,43.654051,-79.379962,At Intersection,Traffic Signal,Clear,"Dark, artificial",Dry,Non-Fatal Injury,Approaching,Driver,40 to 44,Minor,,North,Passenger Van,Going Ahead,Lost control,Medical or Physical Disability,,,,,,,,,Yes,,,,,Yes,,,,,Yes,168,Downtown Yonge East,75,Church-Yonge Corridor (75),D51,630638.5455,4834724.36
11974,80490324,,11/10/2015,2015,2217,YONGE ST,SHUTER ST,3 m North of,Major Arterial,Toronto and East York,43.654051,-79.379962,At Intersection,Traffic Signal,Clear,"Dark, artificial",Dry,Non-Fatal Injury,Approaching,Driver,25 to 29,None,,South,Pick Up Truck,Stopped,Driving Properly,Normal,,,,,,,,,Yes,,,,,Yes,,,,,Yes,168,Downtown Yonge East,75,Church-Yonge Corridor (75),D51,630638.5455,4834724.36
11975,80490325,,11/10/2015,2015,2217,YONGE ST,SHUTER ST,3 m North of,Major Arterial,Toronto and East York,43.654051,-79.379962,At Intersection,Traffic Signal,Clear,"Dark, artificial",Dry,Non-Fatal Injury,Approaching,Driver,60 to 64,None,,South,"Automobile, Station Wagon",Going Ahead,Driving Properly,Normal,,,,,,,,,Yes,,,,,Yes,,,,,Yes,168,Downtown Yonge East,75,Church-Yonge Corridor (75),D51,630638.5455,4834724.36
11976,80490326,,11/10/2015,2015,2217,YONGE ST,SHUTER ST,3 m North of,Major Arterial,Toronto and East York,43.654051,-79.379962,At Intersection,Traffic Signal,Clear,"Dark, artificial",Dry,Non-Fatal Injury,Approaching,Passenger,35 to 39,Minor,,,,,,,,,,,,,,,Yes,,,,,Yes,,,,,Yes,168,Downtown Yonge East,75,Church-Yonge Corridor (75),D51,630638.5455,4834724.36
11977,80490327,,11/10/2015,2015,2217,YONGE ST,SHUTER ST,3 m North of,Major Arterial,Toronto and East York,43.654051,-79.379962,At Intersection,Traffic Signal,Clear,"Dark, artificial",Dry,Non-Fatal Injury,Approaching,Passenger,10 to 14,Minor,,,,,,,,,,,,,,,Yes,,,,,Yes,,,,,Yes,168,Downtown Yonge East,75,Church-Yonge Corridor (75),D51,630638.5455,4834724.36
11978,80490328,,11/10/2015,2015,2217,YONGE ST,SHUTER ST,3 m North of,Major Arterial,Toronto and East York,43.654051,-79.379962,At Intersection,Traffic Signal,Clear,"Dark, artificial",Dry,Non-Fatal Injury,Approaching,Passenger,5 to 9,Minor,,,,,,,,,,,,,,,Yes,,,,,Yes,,,,,Yes,168,Downtown Yonge East,75,Church-Yonge Corridor (75),D51,630638.5455,4834724.36
11979,80490329,,11/10/2015,2015,2217,YONGE ST,SHUTER ST,3 m North of,Major Arterial,Toronto and East York,43.654051,-79.379962,At Intersection,Traffic Signal,Clear,"Dark, artificial",Dry,Non-Fatal Injury,Approaching,Passenger,5 to 9,Major,,,,,,,,,,,,,,,Yes,,,,,Yes,,,,,Yes,168,Downtown Yonge East,75,Church-Yonge Corridor (75),D51,630638.5455,4834724.36
11980,80490330,,11/10/2015,2015,2217,YONGE ST,SHUTER ST,3 m North of,Major Arterial,Toronto and East York,43.654051,-79.379962,At Intersection,Traffic Signal,Clear,"Dark, artificial",Dry,Non-Fatal Injury,Approaching,Passenger,15 to 19,Minor,,,,,,,,,,,,,,,Yes,,,,,Yes,,,,,Yes,168,Downtown Yonge East,75,Church-Yonge Corridor (75),D51,630638.5455,4834724.36
11981,80490331,,11/10/2015,2015,2217,YONGE ST,SHUTER ST,3 m North of,Major Arterial,Toronto and East York,43.654051,-79.379962,At Intersection,Traffic Signal,Clear,"Dark, artificial",Dry,Non-Fatal Injury,Approaching,Passenger,10 to 14,Major,,,,,,,,,,,,,,,Yes,,,,,Yes,,,,,Yes,168,Downtown Yonge East,75,Church-Yonge Corridor (75),D51,630638.5455,4834724.36
11982,80631975,,11/10/2015,2015,2340,LAWRENCE AVE E,ORTON PARK RD,,Major Arterial,Scarborough,43.763976,-79.205592,At Intersection,Traffic Signal,Clear,Dark,Dry,Non-Fatal Injury,Turning Movement,Driver,20 to 24,Minimal,,East,"Automobile, Station Wagon",Turning Left,Improper Turn,Normal,,,,,,,,,Yes,,,,,Yes,,,,,,141,Golfdale-Cedarbrae-Woburn,137,Woburn (137),D43,644435.4853,4847222.448
11983,80631976,,11/10/2015,2015,2340,LAWRENCE AVE E,ORTON PARK RD,,Major Arterial,Scarborough,43.763976,-79.205592,At Intersection,Traffic Signal,Clear,Dark,Dry,Non-Fatal Injury,Turning Movement,Driver,15 to 19,None,,West,"Automobile, Station Wagon",Going Ahead,Driving Properly,Normal,,,,,,,,,Yes,,,,,Yes,,,,,,141,Golfdale-Cedarbrae-Woburn,137,Woburn (137),D43,644435.4853,4847222.448
11984,80631977,,11/10/2015,2015,2340,LAWRENCE AVE E,ORTON PARK RD,,Major Arterial,Scarborough,43.763976,-79.205592,At Intersection,Traffic Signal,Clear,Dark,Dry,Non-Fatal Injury,Turning Movement,Passenger,20 to 24,Major,,,,,,,,,,,,,,,Yes,,,,,Yes,,,,,,141,Golfdale-Cedarbrae-Woburn,137,Woburn (137),D43,644435.4853,4847222.448
11985,80631978,,11/10/2015,2015,2340,LAWRENCE AVE E,ORTON PARK RD,,Major Arterial,Scarborough,43.763976,-79.205592,At Intersection,Traffic Signal,Clear,Dark,Dry,Non-Fatal Injury,Turning Movement,Passenger,20 to 24,None,,,,,,,,,,,,,,,Yes,,,,,Yes,,,,,,141,Golfdale-Cedarbrae-Woburn,137,Woburn (137),D43,644435.4853,4847222.448
11986,80252841,,12/10/2015,2015,1440,STRACHAN AVE,LAKE SHORE BLVD W,,Major Arterial,Toronto and East York,43.634429,-79.408733,At Intersection,Traffic Signal,Clear,Daylight,Dry,Non-Fatal Injury,Turning Movement,Driver,75 to 79,Major,,West,"Automobile, Station Wagon",Turning Left,Failed to Yield Right of Way,Medical or Physical Disability,,,,,,,,,Yes,,,,,Yes,,Yes,,,Yes,163,Fort York-Liberty Village,82,Niagara (82),D14,628360.2352,4832500.189
11987,80252842,,12/10/2015,2015,1440,STRACHAN AVE,LAKE SHORE BLVD W,,Major Arterial,Toronto and East York,43.634429,-79.408733,At Intersection,Traffic Signal,Clear,Daylight,Dry,Non-Fatal Injury,Turning Movement,Driver,25 to 29,Minimal,,East,"Automobile, Station Wagon",Going Ahead,Driving Properly,Normal,,,,,,,,,Yes,,,,,Yes,,Yes,,,Yes,163,Fort York-Liberty Village,82,Niagara (82),D14,628360.2352,4832500.189
11988,80252843,,12/10/2015,2015,1440,STRACHAN AVE,LAKE SHORE BLVD W,,Major Arterial,Toronto and East York,43.634429,-79.408733,At Intersection,Traffic Signal,Clear,Daylight,Dry,Non-Fatal Injury,Turning Movement,Passenger,45 to 49,Minimal,,,,,,,,,,,,,,,Yes,,,,,Yes,,Yes,,,Yes,163,Fort York-Liberty Village,82,Niagara (82),D14,628360.2352,4832500.189
11989,80490372,,12/10/2015,2015,1830,EGLINTON AVE W,MARTIN GROVE RD,,Major Arterial,Etobicoke York,43.674468,-79.563159,At Intersection,Traffic Signal,Clear,"Dark, artificial",Dry,Non-Fatal Injury,Turning Movement,Driver,35 to 39,None,,West,"Automobile, Station Wagon",Turning Left,Improper Turn,Inattentive,,,,,,,,,Yes,Yes,,,,Yes,,Yes,,,,10,Princess-Rosethorn,10,Princess-Rosethorn (10),D22,615826.2928,4836719.827
11990,80490373,,12/10/2015,2015,1830,EGLINTON AVE W,MARTIN GROVE RD,,Major Arterial,Etobicoke York,43.674468,-79.563159,At Intersection,Traffic Signal,Clear,"Dark, artificial",Dry,Non-Fatal Injury,Turning Movement,Motorcycle Driver,45 to 49,Major,,East,Motorcycle,Going Ahead,Driving Properly,Normal,,,,,,,,,Yes,Yes,,,,Yes,,Yes,,,,10,Princess-Rosethorn,10,Princess-Rosethorn (10),D22,615826.2928,4836719.827
11991,80490374,,12/10/2015,2015,1830,EGLINTON AVE W,MARTIN GROVE RD,,Major Arterial,Etobicoke York,43.674468,-79.563159,At Intersection,Traffic Signal,Clear,"Dark, artificial",Dry,Non-Fatal Injury,Turning Movement,Passenger,45 to 49,None,,,,,,,,,,,,,,,Yes,Yes,,,,Yes,,Yes,,,,10,Princess-Rosethorn,10,Princess-Rosethorn (10),D22,615826.2928,4836719.827
11992,80490375,,12/10/2015,2015,1830,EGLINTON AVE W,MARTIN GROVE RD,,Major Arterial,Etobicoke York,43.674468,-79.563159,At Intersection,Traffic Signal,Clear,"Dark, artificial",Dry,Non-Fatal Injury,Turning Movement,Passenger,5 to 9,None,,,,,,,,,,,,,,,Yes,Yes,,,,Yes,,Yes,,,,10,Princess-Rosethorn,10,Princess-Rosethorn (10),D22,615826.2928,4836719.827
11993,80490376,,12/10/2015,2015,1830,EGLINTON AVE W,MARTIN GROVE RD,,Major Arterial,Etobicoke York,43.674468,-79.563159,At Intersection,Traffic Signal,Clear,"Dark, artificial",Dry,Non-Fatal Injury,Turning Movement,Passenger,0 to 4,None,,,,,,,,,,,,,,,Yes,Yes,,,,Yes,,Yes,,,,10,Princess-Rosethorn,10,Princess-Rosethorn (10),D22,615826.2928,4836719.827
11994,80490377,,12/10/2015,2015,1830,EGLINTON AVE W,MARTIN GROVE RD,,Major Arterial,Etobicoke York,43.674468,-79.563159,At Intersection,Traffic Signal,Clear,"Dark, artificial",Dry,Non-Fatal Injury,Turning Movement,Passenger,5 to 9,None,,,,,,,,,,,,,,,Yes,Yes,,,,Yes,,Yes,,,,10,Princess-Rosethorn,10,Princess-Rosethorn (10),D22,615826.2928,4836719.827
11995,80701816,,14/10/2015,2015,738,BLOOR ST E,ST PAULS SQ,,Major Arterial,Toronto and East York,43.671149,-79.382335,Intersection Related,No Control,Clear,Daylight,Dry,Non-Fatal Injury,Cyclist Collisions,Cyclist,40 to 44,Major,,West,Bicycle,Changing Lanes,,,,,,Cyclist and Driver travelling in same direction. One vehicle sideswipes the other.,Lost control,Normal,,Yes,Yes,,,,,,,,,,,167,Church-Wellesley,75,Church-Yonge Corridor (75),D51,630410.1608,4836619.588
11996,80701817,,14/10/2015,2015,738,BLOOR ST E,ST PAULS SQ,,Major Arterial,Toronto and East York,43.671149,-79.382335,Intersection Related,No Control,Clear,Daylight,Dry,Non-Fatal Injury,Cyclist Collisions,Driver,45 to 49,None,,West,"Automobile, Station Wagon",Slowing or Stopping,Driving Properly,Normal,,,,,,,,Yes,Yes,,,,,,,,,,,167,Church-Wellesley,75,Church-Yonge Corridor (75),D51,630410.1608,4836619.588
11997,80631981,,16/10/2015,2015,1627,KING ST W,ED MIRVISH WAY,35 m East of,Major Arterial,Toronto and East York,43.647013,-79.387485,Non Intersection,No Control,Clear,Daylight,Dry,Non-Fatal Injury,Pedestrian Collisions,Driver,20 to 24,None,,West,"Automobile, Station Wagon",Going Ahead,Driving Properly,Normal,,,,,,,Yes,,Yes,,,,,,,,,,,164,Wellington Place,77,Waterfront Communities-The Island (77),D52,630047.0794,4833930.882
11998,80631982,,16/10/2015,2015,1627,KING ST W,ED MIRVISH WAY,35 m East of,Major Arterial,Toronto and East York,43.647013,-79.387485,Non Intersection,No Control,Clear,Daylight,Dry,Non-Fatal Injury,Pedestrian Collisions,Pedestrian,65 to 69,Major,,North,,,,,Pedestrian hit at mid-block,"Crossing, no Traffic Control",Inattentive,,,,Yes,,Yes,,,,,,,,,,,164,Wellington Place,77,Waterfront Communities-The Island (77),D52,630047.0794,4833930.882
11999,80490583,,16/10/2015,2015,2009,BAYVIEW AVE,BAYVIEW MEWS LANE,10 m North o,Major Arterial,North York,43.76937,-79.388652,Non Intersection,No Control,Clear,"Dark, artificial",Dry,Non-Fatal Injury,Approaching,Driver,50 to 54,Major,,North,"Automobile, Station Wagon",Going Ahead,Lost control,Inattentive,,,,,,,,,Yes,,,,,Yes,,,,,,52,Bayview Village,52,Bayview Village (52),D33,629688.81,4847518.528
12000,80490584,,16/10/2015,2015,2009,BAYVIEW AVE,BAYVIEW MEWS LANE,10 m North o,Major Arterial,North York,43.76937,-79.388652,Non Intersection,No Control,Clear,"Dark, artificial",Dry,Non-Fatal Injury,Approaching,Driver,60 to 64,Major,,South,"Automobile, Station Wagon",Going Ahead,Driving Properly,Normal,,,,,,,,,Yes,,,,,Yes,,,,,,52,Bayview Village,52,Bayview Village (52),D33,629688.81,4847518.528
12001,80490585,,16/10/2015,2015,2009,BAYVIEW AVE,BAYVIEW MEWS LANE,10 m North o,Major Arterial,North York,43.76937,-79.388652,Non Intersection,No Control,Clear,"Dark, artificial",Dry,Non-Fatal Injury,Approaching,Passenger,45 to 49,Major,,,,,,,,,,,,,,,Yes,,,,,Yes,,,,,,52,Bayview Village,52,Bayview Village (52),D33,629688.81,4847518.528
12002,80490586,,16/10/2015,2015,2009,BAYVIEW AVE,BAYVIEW MEWS LANE,10 m North o,Major Arterial,North York,43.76937,-79.388652,Non Intersection,No Control,Clear,"Dark, artificial",Dry,Non-Fatal Injury,Approaching,Passenger,20 to 24,Major,,,,,,,,,,,,,,,Yes,,,,,Yes,,,,,,52,Bayview Village,52,Bayview Village (52),D33,629688.81,4847518.528
12003,80253414,,18/10/2015,2015,145,LAKE SHORE BLVD W,THIRTY SEVENTH ST,51 m East of,Major Arterial,Etobicoke York,43.593527,-79.537532,Non Intersection,No Control,Clear,"Dark, artificial",Dry,Non-Fatal Injury,SMV Other,Driver,20 to 24,Major,,West,"Automobile, Station Wagon",Going Ahead,Speed too Fast For Condition,Had Been Drinking,,,,,,,,,Yes,,,,,,Yes,Yes,,,,19,Long Branch,19,Long Branch (19),D22,618050.5168,4827766.426
12004,80253523,,19/10/2015,2015,845,PELICAN GT,FINCH AVE W,5 m South of,Major Arterial,Etobicoke York,43.756339,-79.522502,At Intersection,No Control,Clear,Daylight,Dry,Non-Fatal Injury,Pedestrian Collisions,Driver,unknown,None,,East,"Automobile, Station Wagon",Turning Right,Failed to Yield Right of Way,Unknown,,,,,,,Yes,,Yes,,,,,,,Yes,,,,25,Glenfield-Jane Heights,25,Glenfield-Jane Heights (25),D31,618941.6711,4845870.316
12005,80253524,,19/10/2015,2015,845,PELICAN GT,FINCH AVE W,5 m South of,Major Arterial,Etobicoke York,43.756339,-79.522502,At Intersection,No Control,Clear,Daylight,Dry,Non-Fatal Injury,Pedestrian Collisions,Pedestrian,65 to 69,Major,,West,,,,,Vehicle turns right while ped crosses with ROW at inter.,Crossing with right of way,Normal,,,,Yes,,Yes,,,,,,,Yes,,,,25,Glenfield-Jane Heights,25,Glenfield-Jane Heights (25),D31,618941.6711,4845870.316
12006,80253634,,20/10/2015,2015,923,1245 DUPONT ST,,25 m West of,Major Arterial,Toronto and East York,43.668135,-79.441852,Non Intersection,No Control,Clear,Daylight,Dry,Non-Fatal Injury,Pedestrian Collisions,Driver,20 to 24,None,,East,"Automobile, Station Wagon",Changing Lanes,Improper Lane Change,Unknown,,,,,,,Yes,,Yes,,,,,Yes,,,,,,171,Junction-Wallace Emerson,93,Dovercourt-Wallace Emerson-Junction (93),D11,625618.3614,4836192.998
12007,80253635,,20/10/2015,2015,923,1245 DUPONT ST,,25 m West of,Major Arterial,Toronto and East York,43.668135,-79.441852,Non Intersection,No Control,Clear,Daylight,Dry,Non-Fatal Injury,Pedestrian Collisions,Driver,55 to 59,None,,East,"Automobile, Station Wagon",Going Ahead,Driving Properly,Normal,,,,,,,Yes,,Yes,,,,,Yes,,,,,,171,Junction-Wallace Emerson,93,Dovercourt-Wallace Emerson-Junction (93),D11,625618.3614,4836192.998
12008,80253636,,20/10/2015,2015,923,1245 DUPONT ST,,25 m West of,Major Arterial,Toronto and East York,43.668135,-79.441852,Non Intersection,No Control,Clear,Daylight,Dry,Non-Fatal Injury,Pedestrian Collisions,Passenger,55 to 59,None,,,,,,,,,,,,,Yes,,Yes,,,,,Yes,,,,,,171,Junction-Wallace Emerson,93,Dovercourt-Wallace Emerson-Junction (93),D11,625618.3614,4836192.998
12009,80253637,,20/10/2015,2015,923,1245 DUPONT ST,,25 m West of,Major Arterial,Toronto and East York,43.668135,-79.441852,Non Intersection,No Control,Clear,Daylight,Dry,Non-Fatal Injury,Pedestrian Collisions,Pedestrian,40 to 44,Major,,Unknown,,,,,Pedestrian hit at mid-block,Other,Normal,,,,Yes,,Yes,,,,,Yes,,,,,,171,Junction-Wallace Emerson,93,Dovercourt-Wallace Emerson-Junction (93),D11,625618.3614,4836192.998
12010,80490827,,20/10/2015,2015,1250,QUEEN ST W,BEACONSFIELD AVE,60 m West of,Major Arterial,Toronto and East York,43.643004,-79.424808,Non Intersection,No Control,Clear,Daylight,Dry,Non-Fatal Injury,Cyclist Collisions,Driver,30 to 34,None,,East,"Automobile, Station Wagon",Stopped,Other,Inattentive,,,,,,,,Yes,Yes,,,,,Yes,,,,,,84,Little Portugal,84,Little Portugal (84),D14,627045.4519,4833427.821
12011,80490828,,20/10/2015,2015,1250,QUEEN ST W,BEACONSFIELD AVE,60 m West of,Major Arterial,Toronto and East York,43.643004,-79.424808,Non Intersection,No Control,Clear,Daylight,Dry,Non-Fatal Injury,Cyclist Collisions,Cyclist,25 to 29,Major,,East,Bicycle,Overtaking,,,,,,Cyclist struck opened vehicle door,Driving Properly,Normal,,Yes,Yes,,,,,Yes,,,,,,84,Little Portugal,84,Little Portugal (84),D14,627045.4519,4833427.821
12012,80490829,,20/10/2015,2015,1250,QUEEN ST W,BEACONSFIELD AVE,60 m West of,Major Arterial,Toronto and East York,43.643004,-79.424808,Non Intersection,No Control,Clear,Daylight,Dry,Non-Fatal Injury,Cyclist Collisions,Passenger,0 to 4,None,,,,,,,,,,,,,,Yes,Yes,,,,,Yes,,,,,,84,Little Portugal,84,Little Portugal (84),D14,627045.4519,4833427.821
12013,80490904,,21/10/2015,2015,1327,KEELE ST,TILBURY DR,,Major Arterial,North York,43.730334,-79.482967,Intersection Related,Traffic Signal,Clear,Daylight,Dry,Non-Fatal Injury,SMV Other,Driver,75 to 79,Major,,South,"Automobile, Station Wagon",Going Ahead,Lost control,Unknown,,,,,,,,,Yes,,,,,,,Yes,,,,155,Downsview,26,Downsview-Roding-CFB (26),D31,622177.2336,4843039.615
12014,80253825,,22/10/2015,2015,945,VAN HORNE AVE,TAVERLY RD,14 m East of,Collector,North York,43.788794,-79.331577,Intersection Related,Stop Sign,Clear,Daylight,Dry,Non-Fatal Injury,Pedestrian Collisions,Driver,50 to 54,None,,South,"Automobile, Station Wagon",Turning Left,Driving Properly,Normal,,,,,,,Yes,,Yes,,,,,,,,,,,46,Pleasant View,46,Pleasant View (46),D33,634239.0421,4849766.841
12015,80253826,,22/10/2015,2015,945,VAN HORNE AVE,TAVERLY RD,14 m East of,Collector,North York,43.788794,-79.331577,Intersection Related,Stop Sign,Clear,Daylight,Dry,Non-Fatal Injury,Pedestrian Collisions,Pedestrian,85 to 89,Major,,North,,,,,Pedestrian hit at mid-block,"Crossing, no Traffic Control",Inattentive,,,,Yes,,Yes,,,,,,,,,,,46,Pleasant View,46,Pleasant View (46),D33,634239.0421,4849766.841
12016,80491000,,22/10/2015,2015,2130,BATHURST ST,NIAGARA ST,25 m South o,Major Arterial,Toronto and East York,43.642199,-79.402004,At/Near Private Drive,Traffic Signal,Clear,"Dark, artificial",Dry,Non-Fatal Injury,Cyclist Collisions,Cyclist,30 to 34,Major,,West,Bicycle,Turning Left,,,,,,Cyclist turned left across motorists path.,Speed too Fast For Condition,Inattentive,,Yes,Yes,,,,,,,,,,,164,Wellington Place,77,Waterfront Communities-The Island (77),D14,628886.4247,4833373.575
12017,80491001,,22/10/2015,2015,2130,BATHURST ST,NIAGARA ST,25 m South o,Major Arterial,Toronto and East York,43.642199,-79.402004,At/Near Private Drive,Traffic Signal,Clear,"Dark, artificial",Dry,Non-Fatal Injury,Cyclist Collisions,Driver,20 to 24,None,,North,"Automobile, Station Wagon",Turning Left,Driving Properly,Normal,,,,,,,,Yes,Yes,,,,,,,,,,,164,Wellington Place,77,Waterfront Communities-The Island (77),D14,628886.4247,4833373.575
12018,80491047,,23/10/2015,2015,1437,KEELE ST,DONALD AVE,,Major Arterial,Etobicoke York,43.684897,-79.472804,Intersection Related,Traffic Signal,Clear,Daylight,Dry,Fatal,Pedestrian Collisions,Driver,40 to 44,None,,West,"Automobile, Station Wagon",Turning Left,Improper Turn,Inattentive,,,,,,,Yes,,Yes,,,,,,,,,,,110,Keelesdale-Eglinton West,110,Keelesdale-Eglinton West (110),D12,623088.7032,4838008.239
12019,80491048,,23/10/2015,2015,1437,KEELE ST,DONALD AVE,,Major Arterial,Etobicoke York,43.684897,-79.472804,Intersection Related,Traffic Signal,Clear,Daylight,Dry,Fatal,Pedestrian Collisions,Pedestrian,75 to 79,Fatal,53,East,,,,,Vehicle turns left while ped crosses with ROW at inter.,Crossing with right of way,Normal,,,,Yes,,Yes,,,,,,,,,,,110,Keelesdale-Eglinton West,110,Keelesdale-Eglinton West (110),D12,623088.7032,4838008.239
12020,80631983,,23/10/2015,2015,1841,DUNDAS ST W,WATSON AVE,33 m East of,Major Arterial,Toronto and East York,43.665644,-79.491969,Non Intersection,No Control,Clear,"Dark, artificial",Dry,Non-Fatal Injury,Pedestrian Collisions,Driver,65 to 69,None,,West,"Automobile, Station Wagon",Going Ahead,Driving Properly,Normal,,,,,,,Yes,,Yes,,,,,Yes,,,,,,89,Runnymede-Bloor West Village,89,Runnymede-Bloor West Village (89),D11,621582.9067,4835841.672
12021,80631984,,23/10/2015,2015,1841,DUNDAS ST W,WATSON AVE,33 m East of,Major Arterial,Toronto and East York,43.665644,-79.491969,Non Intersection,No Control,Clear,"Dark, artificial",Dry,Non-Fatal Injury,Pedestrian Collisions,Pedestrian,50 to 54,Major,,North,,,,,Pedestrian hit at mid-block,Crossing without right of way,Had Been Drinking,,,,Yes,,Yes,,,,,Yes,,,,,,89,Runnymede-Bloor West Village,89,Runnymede-Bloor West Village (89),D11,621582.9067,4835841.672
12022,80631985,,23/10/2015,2015,1841,DUNDAS ST W,WATSON AVE,33 m East of,Major Arterial,Toronto and East York,43.665644,-79.491969,Non Intersection,No Control,Clear,"Dark, artificial",Dry,Non-Fatal Injury,Pedestrian Collisions,Passenger,55 to 59,None,,,,,,,,,,,,,Yes,,Yes,,,,,Yes,,,,,,89,Runnymede-Bloor West Village,89,Runnymede-Bloor West Village (89),D11,621582.9067,4835841.672
12023,80631986,,23/10/2015,2015,1841,DUNDAS ST W,WATSON AVE,33 m East of,Major Arterial,Toronto and East York,43.665644,-79.491969,Non Intersection,No Control,Clear,"Dark, artificial",Dry,Non-Fatal Injury,Pedestrian Collisions,Passenger,25 to 29,None,,,,,,,,,,,,,Yes,,Yes,,,,,Yes,,,,,,89,Runnymede-Bloor West Village,89,Runnymede-Bloor West Village (89),D11,621582.9067,4835841.672
12024,80253969,,23/10/2015,2015,1909,MORNINGSIDE AVE,SEWELLS RD,,Minor Arterial,Scarborough,43.81626,-79.211139,At Intersection,Traffic Signal,Clear,"Dark, artificial",Dry,Non-Fatal Injury,Pedestrian Collisions,Driver,60 to 64,None,,South,"Automobile, Station Wagon",Going Ahead,Driving Properly,Normal,,,,,,,Yes,,Yes,,,,,,,,,,,146,Malvern East,132,Malvern (132),D42,643863.485,4853019.765
12025,80253970,,23/10/2015,2015,1909,MORNINGSIDE AVE,SEWELLS RD,,Minor Arterial,Scarborough,43.81626,-79.211139,At Intersection,Traffic Signal,Clear,"Dark, artificial",Dry,Non-Fatal Injury,Pedestrian Collisions,Pedestrian,30 to 34,Major,,West,,,,,Vehicle is going straight thru inter.while ped cross without ROW,Running onto Roadway,Inattentive,,,,Yes,,Yes,,,,,,,,,,,146,Malvern East,132,Malvern (132),D42,643863.485,4853019.765
12026,80491127,,24/10/2015,2015,1450,DON VALLEY PARKWAY  N,DON MILLS RD,120 m North ,Expressway,,43.700781,-79.33662,Non Intersection,No Control,Rain,Daylight,Wet,Non-Fatal Injury,Approaching,Driver,45 to 49,Minor,,South,"Automobile, Station Wagon",Merging,Lost control,Inattentive,,,,,,,,,Yes,,,,,Yes,,,,,,58,Old East York,58,Old East York (58),D55,634029.5641,4839983.518
12027,80491128,,24/10/2015,2015,1450,DON VALLEY PARKWAY  N,DON MILLS RD,120 m North ,Expressway,,43.700781,-79.33662,Non Intersection,No Control,Rain,Daylight,Wet,Non-Fatal Injury,Approaching,Driver,30 to 34,Major,,South,"Automobile, Station Wagon",Going Ahead,Driving Properly,Normal,,,,,,,,,Yes,,,,,Yes,,,,,,58,Old East York,58,Old East York (58),D55,634029.5641,4839983.518