OBJECTID,INDEX,ACCNUM,DATE,ACCIDENT_YEAR,TIME,STREET1,STREET2,OFFSET,ROAD_CLASS,DISTRICT,LATITUDE,LONGITUDE,ACCLOC,TRAFFCTL,VISIBILITY,LIGHT,RDSFCOND,ACCLASS,IMPACTYPE,INVTYPE,INVAGE,INJURY,FATAL_NO,INITDIR,VEHTYPE,MANOEUVER,DRIVACT,DRIVCOND,PEDTYPE,PEDACT,PEDCOND,CYCLISTYPE,CYCACT,CYCCOND,PEDESTRIAN,CYCLIST,AUTOMOBILE,MOTORCYCLE,TRUCK,TRSN_CITY_VEH,EMERG_VEH,PASSENGER,SPEEDING,AG_DRIV,REDLIGHT,ALCOHOL,DISABILITY,HOOD_158,NEIGHBOURHOOD_158,HOOD_140,NEIGHBOURHOOD_140,DIVISION,x,y
12088,80492008,,04/11/2015,2015,1530,BAYVIEW AVE,PARKHURST BLVD,,Major Arterial,North York,43.708693,-79.376323,At Intersection,Stop Sign,Clear,Daylight,Dry,Non-Fatal Injury,Angle,Driver,55 to 59,Major,,North,"Automobile, Station Wagon",Stopped,Driving Properly,Normal,,,,,,,,,Yes,,,,,Yes,,Yes,,,,56,Leaside-Bennington,56,Leaside-Bennington (56),D53,630813.1859,4840798.838
12089,80492009,,04/11/2015,2015,1530,BAYVIEW AVE,PARKHURST BLVD,,Major Arterial,North York,43.708693,-79.376323,At Intersection,Stop Sign,Clear,Daylight,Dry,Non-Fatal Injury,Angle,Passenger,30 to 34,None,,,,,,,,,,,,,,,Yes,,,,,Yes,,Yes,,,,56,Leaside-Bennington,56,Leaside-Bennington (56),D53,630813.1859,4840798.838
12090,80492010,,04/11/2015,2015,1530,BAYVIEW AVE,PARKHURST BLVD,,Major Arterial,North York,43.708693,-79.376323,At Intersection,Stop Sign,Clear,Daylight,Dry,Non-Fatal Injury,Angle,Passenger,20 to 24,None,,,,,,,,,,,,,,,Yes,,,,,Yes,,Yes,,,,56,Leaside-Bennington,56,Leaside-Bennington (56),D53,630813.1859,4840798.838
12091,80492011,,04/11/2015,2015,1530,BAYVIEW AVE,PARKHURST BLVD,,Major Arterial,North York,43.708693,-79.376323,At Intersection,Stop Sign,Clear,Daylight,Dry,Non-Fatal Injury,Angle,Passenger,15 to 19,None,,,,,,,,,,,,,,,Yes,,,,,Yes,,Yes,,,,56,Leaside-Bennington,56,Leaside-Bennington (56),D53,630813.1859,4840798.838
12092,80255264,,05/11/2015,2015,2020,BAYVIEW AVE,CITATION DR,14 m North o,Major Arterial,North York,43.774321,-79.389774,Intersection Related,Traffic Signal,Clear,"Dawn, artificial",Dry,Non-Fatal Injury,Pedestrian Collisions,Driver,80 to 84,None,,North,"Automobile, Station Wagon",Going Ahead,Driving Properly,Normal,,,,,,,Yes,,Yes,,,,,,,,,,,52,Bayview Village,52,Bayview Village (52),D33,629587.8118,4848066.655
12093,80255265,,05/11/2015,2015,2020,BAYVIEW AVE,CITATION DR,14 m North o,Major Arterial,North York,43.774321,-79.389774,Intersection Related,Traffic Signal,Clear,"Dawn, artificial",Dry,Non-Fatal Injury,Pedestrian Collisions,Pedestrian,35 to 39,Major,,West,,,,,Vehicle is going straight thru inter.while ped cross without ROW,Running onto Roadway,Inattentive,,,,Yes,,Yes,,,,,,,,,,,52,Bayview Village,52,Bayview Village (52),D33,629587.8118,4848066.655
12094,80492118,,05/11/2015,2015,2310,DON VALLEY PARKWAY  S,LEASIDE BDGE,,Major Arterial,Toronto and East York,43.698043,-79.349742,Non Intersection,No Control,Clear,"Dark, artificial",Dry,Non-Fatal Injury,Pedestrian Collisions,Driver,40 to 44,None,,South,"Automobile, Station Wagon",Going Ahead,Driving Properly,Normal,,,,,,,Yes,,Yes,,,,,Yes,,,,,,58,Old East York,58,Old East York (58),D55,632978.2789,4839658.294
12095,80492119,,05/11/2015,2015,2310,DON VALLEY PARKWAY  S,LEASIDE BDGE,,Major Arterial,Toronto and East York,43.698043,-79.349742,Non Intersection,No Control,Clear,"Dark, artificial",Dry,Non-Fatal Injury,Pedestrian Collisions,Passenger,35 to 39,None,,,,,,,,,,,,,Yes,,Yes,,,,,Yes,,,,,,58,Old East York,58,Old East York (58),D55,632978.2789,4839658.294
12096,80492120,,05/11/2015,2015,2310,DON VALLEY PARKWAY  S,LEASIDE BDGE,,Major Arterial,Toronto and East York,43.698043,-79.349742,Non Intersection,No Control,Clear,"Dark, artificial",Dry,Non-Fatal Injury,Pedestrian Collisions,Pedestrian,50 to 54,Major,,Unknown,,,,,Other / Undefined,Other,Other,,,,Yes,,Yes,,,,,Yes,,,,,,58,Old East York,58,Old East York (58),D55,632978.2789,4839658.294
12097,80255306,,06/11/2015,2015,600,JANE ST,CHURCH ST,19 m South o,Major Arterial,Etobicoke York,43.709235,-79.505565,Intersection Related,Traffic Signal,Rain,"Dark, artificial",Wet,Non-Fatal Injury,Pedestrian Collisions,Driver,60 to 64,None,,East,"Automobile, Station Wagon",Turning Left,Driving Properly,Normal,,,,,,,Yes,,Yes,,,,,,,,,,,113,Weston,113,Weston (113),D12,620399.4968,4840663.204
12098,80255307,,06/11/2015,2015,600,JANE ST,CHURCH ST,19 m South o,Major Arterial,Etobicoke York,43.709235,-79.505565,Intersection Related,Traffic Signal,Rain,"Dark, artificial",Wet,Non-Fatal Injury,Pedestrian Collisions,Pedestrian,70 to 74,Major,,West,,,,,Vehicle turns left while ped crosses without ROW at inter.,"Crossing, no Traffic Control",Inattentive,,,,Yes,,Yes,,,,,,,,,,,113,Weston,113,Weston (113),D12,620399.4968,4840663.204
12099,80492214,,06/11/2015,2015,1836,WILLIAM R ALLEN RD S,WILSON AVE,90 m North o,,North York,43.734896,-79.45045,Non Intersection,No Control,Clear,"Dark, artificial",Dry,Non-Fatal Injury,Rear End,Driver,20 to 24,Major,,South,"Automobile, Station Wagon",Going Ahead,Speed too Fast For Condition,Inattentive,,,,,,,,,Yes,,,,,,Yes,Yes,,,,33,Clanton Park,33,Clanton Park (33),D32,624786.6016,4843594.749
12100,80492215,,06/11/2015,2015,1836,WILLIAM R ALLEN RD S,WILSON AVE,90 m North o,,North York,43.734896,-79.45045,Non Intersection,No Control,Clear,"Dark, artificial",Dry,Non-Fatal Injury,Rear End,Driver,35 to 39,Major,,South,"Automobile, Station Wagon",Going Ahead,Driving Properly,Normal,,,,,,,,,Yes,,,,,,Yes,Yes,,,,33,Clanton Park,33,Clanton Park (33),D32,624786.6016,4843594.749
12101,80503135,,08/11/2015,2015,340,WARDEN AVE,HUNTINGWOOD DR,94 m North o,Major Arterial,Scarborough,43.786265,-79.311298,Non Intersection,No Control,Clear,"Dark, artificial",Dry,Non-Fatal Injury,SMV Other,Driver,30 to 34,Major,,North,"Automobile, Station Wagon",Going Ahead,Wrong Way on One Way Road,Unknown,,,,,,,,,Yes,,,,,Yes,,,,,,147,L'Amoreaux West,117,L'Amoreaux (117),D42,635876.4101,4849519.044
12102,80503136,,08/11/2015,2015,340,WARDEN AVE,HUNTINGWOOD DR,94 m North o,Major Arterial,Scarborough,43.786265,-79.311298,Non Intersection,No Control,Clear,"Dark, artificial",Dry,Non-Fatal Injury,SMV Other,Passenger,30 to 34,Minimal,,,,,,,,,,,,,,,Yes,,,,,Yes,,,,,,147,L'Amoreaux West,117,L'Amoreaux (117),D42,635876.4101,4849519.044
12103,80255511,,08/11/2015,2015,1100,LAWRENCE AVE E,GREENHOLM CRCT,,Major Arterial,Scarborough,43.760302,-79.22298,At Intersection,Traffic Signal,Clear,Daylight,Dry,Non-Fatal Injury,Pedestrian Collisions,Driver,40 to 44,None,,South,"Automobile, Station Wagon",Turning Left,Failed to Yield Right of Way,Normal,,,,,,,Yes,,Yes,,,,,,,Yes,,,,141,Golfdale-Cedarbrae-Woburn,137,Woburn (137),D43,643044.6296,4846784.211
12104,80255512,,08/11/2015,2015,1100,LAWRENCE AVE E,GREENHOLM CRCT,,Major Arterial,Scarborough,43.760302,-79.22298,At Intersection,Traffic Signal,Clear,Daylight,Dry,Non-Fatal Injury,Pedestrian Collisions,Pedestrian,65 to 69,Major,,North,,,,,Vehicle turns left while ped crosses with ROW at inter.,Crossing with right of way,Normal,,,,Yes,,Yes,,,,,,,Yes,,,,141,Golfdale-Cedarbrae-Woburn,137,Woburn (137),D43,643044.6296,4846784.211
12105,80492330,,08/11/2015,2015,1640,MCNICOLL AVE,SHADY HOLLOW DR,5 m South of,Minor Arterial,Scarborough,43.819476,-79.26469,Intersection Related,No Control,Clear,Daylight,Dry,Non-Fatal Injury,Turning Movement,Driver,55 to 59,None,,East,"Automobile, Station Wagon",Turning Left,Improper Turn,"Ability Impaired, Alcohol",,,,,,,,,Yes,,,,,Yes,,,,Yes,,130,Milliken,130,Milliken (130),D42,639549.2746,4853285.225
12106,80492331,,08/11/2015,2015,1640,MCNICOLL AVE,SHADY HOLLOW DR,5 m South of,Minor Arterial,Scarborough,43.819476,-79.26469,Intersection Related,No Control,Clear,Daylight,Dry,Non-Fatal Injury,Turning Movement,Driver,65 to 69,Minor,,West,"Automobile, Station Wagon",Going Ahead,Driving Properly,Normal,,,,,,,,,Yes,,,,,Yes,,,,Yes,,130,Milliken,130,Milliken (130),D42,639549.2746,4853285.225
12107,80492332,,08/11/2015,2015,1640,MCNICOLL AVE,SHADY HOLLOW DR,5 m South of,Minor Arterial,Scarborough,43.819476,-79.26469,Intersection Related,No Control,Clear,Daylight,Dry,Non-Fatal Injury,Turning Movement,Passenger,40 to 44,Minimal,,,,,,,,,,,,,,,Yes,,,,,Yes,,,,Yes,,130,Milliken,130,Milliken (130),D42,639549.2746,4853285.225
12108,80492333,,08/11/2015,2015,1640,MCNICOLL AVE,SHADY HOLLOW DR,5 m South of,Minor Arterial,Scarborough,43.819476,-79.26469,Intersection Related,No Control,Clear,Daylight,Dry,Non-Fatal Injury,Turning Movement,Passenger,55 to 59,Major,,,,,,,,,,,,,,,Yes,,,,,Yes,,,,Yes,,130,Milliken,130,Milliken (130),D42,639549.2746,4853285.225
12109,80255553,,08/11/2015,2015,2020,LAWRENCE AVE E,DON MILLS RD,,Major Arterial,North York,43.737162,-79.34344,At Intersection,Traffic Signal,Clear,Dark,Dry,Non-Fatal Injury,Cyclist Collisions,Cyclist,15 to 19,Major,,East,Bicycle,Turning Left,,,,,,Cyclist turned left across motorists path.,Failed to Yield Right of Way,Unknown,,Yes,Yes,,,,,,,Yes,,,,42,Banbury-Don Mills,42,Banbury-Don Mills (42),D33,633399.2629,4844013.15
12110,80255554,,08/11/2015,2015,2020,LAWRENCE AVE E,DON MILLS RD,,Major Arterial,North York,43.737162,-79.34344,At Intersection,Traffic Signal,Clear,Dark,Dry,Non-Fatal Injury,Cyclist Collisions,Driver,15 to 19,None,,West,"Automobile, Station Wagon",Going Ahead,Driving Properly,Normal,,,,,,,,Yes,Yes,,,,,,,Yes,,,,42,Banbury-Don Mills,42,Banbury-Don Mills (42),D33,633399.2629,4844013.15
12111,80255642,,09/11/2015,2015,2005,PORTLAND ST,ROYAL YORK RD,11 m South o,Minor Arterial,Etobicoke York,43.619052,-79.499576,Non Intersection,No Control,Clear,"Dark, artificial",Dry,Non-Fatal Injury,Pedestrian Collisions,Driver,50 to 54,None,,South,"Automobile, Station Wagon",Going Ahead,Speed too Fast For Condition,Unknown,,,,,,,Yes,,Yes,,,,,,Yes,Yes,,,,160,Mimico-Queensway,17,Mimico (includes Humber Bay Shores) (17),D22,621063.1418,4830655.92
12112,80255643,,09/11/2015,2015,2005,PORTLAND ST,ROYAL YORK RD,11 m South o,Minor Arterial,Etobicoke York,43.619052,-79.499576,Non Intersection,No Control,Clear,"Dark, artificial",Dry,Non-Fatal Injury,Pedestrian Collisions,Pedestrian,65 to 69,Major,,West,,,,,Pedestrian hit at mid-block,"Crossing, no Traffic Control",Normal,,,,Yes,,Yes,,,,,,Yes,Yes,,,,160,Mimico-Queensway,17,Mimico (includes Humber Bay Shores) (17),D22,621063.1418,4830655.92
12113,80255750,,10/11/2015,2015,950,DUNMAIL DR,BLUE EAGLE TRL,15 m West of,Local,Scarborough,43.804766,-79.284869,Non Intersection,No Control,Clear,Daylight,Dry,Non-Fatal Injury,Cyclist Collisions,Driver,45 to 49,None,,West,"Automobile, Station Wagon",Making U Turn,Improper Turn,Inattentive,,,,,,,,Yes,Yes,,,,,,,,,,,129,Agincourt North,129,Agincourt North (129),D42,637960.3808,4851617.598
12114,80255751,,10/11/2015,2015,950,DUNMAIL DR,BLUE EAGLE TRL,15 m West of,Local,Scarborough,43.804766,-79.284869,Non Intersection,No Control,Clear,Daylight,Dry,Non-Fatal Injury,Cyclist Collisions,Cyclist,55 to 59,Major,,West,Bicycle,Going Ahead,,,,,,Motorist turning right on red at signalized intersection strikes cyclist.,Driving Properly,Normal,,Yes,Yes,,,,,,,,,,,129,Agincourt North,129,Agincourt North (129),D42,637960.3808,4851617.598
12115,80492559,,11/11/2015,2015,2004,LAWRENCE AVE W,JANE ST,5 m West of,Major Arterial,Etobicoke York,43.702868,-79.503825,Non Intersection,No Control,Clear,"Dark, artificial",Dry,Fatal,Pedestrian Collisions,Driver,55 to 59,None,,East,"Automobile, Station Wagon",Going Ahead,Driving Properly,Normal,,,,,,,Yes,,Yes,,,,,,,,,,,30,Brookhaven-Amesbury,30,Brookhaven-Amesbury (30),D12,620552.4435,4839958.59
12116,80492560,,11/11/2015,2015,2004,LAWRENCE AVE W,JANE ST,5 m West of,Major Arterial,Etobicoke York,43.702868,-79.503825,Non Intersection,No Control,Clear,"Dark, artificial",Dry,Fatal,Pedestrian Collisions,Pedestrian,85 to 89,Fatal,55,South,,,,,Pedestrian hit at mid-block,"Crossing, no Traffic Control",Inattentive,,,,Yes,,Yes,,,,,,,,,,,30,Brookhaven-Amesbury,30,Brookhaven-Amesbury (30),D12,620552.4435,4839958.59
12117,80492721,,14/11/2015,2015,825,1996 BATHURST ST,,,Major Arterial,Toronto and East York,43.699485,-79.424945,Non Intersection,No Control,Clear,Daylight,Dry,Fatal,Pedestrian Collisions,Pedestrian,85 to 89,Fatal,65,,"Automobile, Station Wagon",,,,Pedestrian hit at parking lot,Other,Normal,,,,Yes,,Yes,,,,,,,,,,,101,Forest Hill South,101,Forest Hill South (101),D13,626915.2967,4839700.582
12118,80631987,,16/11/2015,2015,615,BATHURST ST,FLEET ST,,Major Arterial,Toronto and East York,43.636405,-79.399623,At Intersection,Traffic Signal,Clear,"Dawn, artificial",Dry,Non-Fatal Injury,Turning Movement,Driver,50 to 54,Major,,West,"Automobile, Station Wagon",Turning Left,Improper Turn,Inattentive,,,,,,,,,Yes,,,,,Yes,,,,,,163,Fort York-Liberty Village,82,Niagara (82),D14,629090.8738,4832733.777
12119,80631988,,16/11/2015,2015,615,BATHURST ST,FLEET ST,,Major Arterial,Toronto and East York,43.636405,-79.399623,At Intersection,Traffic Signal,Clear,"Dawn, artificial",Dry,Non-Fatal Injury,Turning Movement,Driver,45 to 49,None,,East,Pick Up Truck,Going Ahead,Driving Properly,Normal,,,,,,,,,Yes,,,,,Yes,,,,,,163,Fort York-Liberty Village,82,Niagara (82),D14,629090.8738,4832733.777
12120,80631989,,16/11/2015,2015,615,BATHURST ST,FLEET ST,,Major Arterial,Toronto and East York,43.636405,-79.399623,At Intersection,Traffic Signal,Clear,"Dawn, artificial",Dry,Non-Fatal Injury,Turning Movement,Passenger,50 to 54,Minor,,,,,,,,,,,,,,,Yes,,,,,Yes,,,,,,163,Fort York-Liberty Village,82,Niagara (82),D14,629090.8738,4832733.777
12121,80493005,,18/11/2015,2015,1710,MARKHAM RD,EGLINTON AVE E,55 m North o,Major Arterial,Scarborough,43.743716,-79.219142,Non Intersection,No Control,Rain,"Dark, artificial",Wet,Fatal,Pedestrian Collisions,Driver,65 to 69,None,,South,"Automobile, Station Wagon",Going Ahead,Driving Properly,Normal,,,,,,,Yes,,Yes,,,,,,,,,,,139,Scarborough Village,139,Scarborough Village (139),D43,643393.1886,4844948.718
12122,80493006,,18/11/2015,2015,1710,MARKHAM RD,EGLINTON AVE E,55 m North o,Major Arterial,Scarborough,43.743716,-79.219142,Non Intersection,No Control,Rain,"Dark, artificial",Wet,Fatal,Pedestrian Collisions,Driver,50 to 54,None,,North,"Automobile, Station Wagon",Going Ahead,Driving Properly,Normal,,,,,,,Yes,,Yes,,,,,,,,,,,139,Scarborough Village,139,Scarborough Village (139),D43,643393.1886,4844948.718
12123,80493007,,18/11/2015,2015,1710,MARKHAM RD,EGLINTON AVE E,55 m North o,Major Arterial,Scarborough,43.743716,-79.219142,Non Intersection,No Control,Rain,"Dark, artificial",Wet,Fatal,Pedestrian Collisions,Pedestrian,45 to 49,Fatal,56,East,,,,,Pedestrian hit at mid-block,"Crossing, no Traffic Control",Inattentive,,,,Yes,,Yes,,,,,,,,,,,139,Scarborough Village,139,Scarborough Village (139),D43,643393.1886,4844948.718
12124,80256418,,19/11/2015,2015,40,SHEPPARD AVE E,IDAGROVE GT,,Major Arterial,Scarborough,43.807318,-79.175548,At Intersection,Traffic Signal,Rain,"Dark, artificial",Wet,Non-Fatal Injury,Pedestrian Collisions,Driver,35 to 39,None,,East,"Automobile, Station Wagon",Going Ahead,Driving Properly,Normal,,,,,,,Yes,,Yes,,,,,,,,,,,143,West Rouge,131,Rouge (131),D42,646747.7145,4852089.117
12125,80256419,,19/11/2015,2015,40,SHEPPARD AVE E,IDAGROVE GT,,Major Arterial,Scarborough,43.807318,-79.175548,At Intersection,Traffic Signal,Rain,"Dark, artificial",Wet,Non-Fatal Injury,Pedestrian Collisions,Pedestrian,60 to 64,Major,,North,,,,,Vehicle is going straight thru inter.while ped cross without ROW,Crossing without right of way,Inattentive,,,,Yes,,Yes,,,,,,,,,,,143,West Rouge,131,Rouge (131),D42,646747.7145,4852089.117
12126,80256421,,19/11/2015,2015,502,KIPLING AVE,NORSEMAN ST,,Major Arterial,Etobicoke York,43.631472,-79.531055,At Intersection,Traffic Signal,Rain,"Dark, artificial",Wet,Non-Fatal Injury,Pedestrian Collisions,Driver,45 to 49,None,,South,"Automobile, Station Wagon",Turning Left,Failed to Yield Right of Way,Normal,,,,,,,Yes,,Yes,,,,,,,Yes,,,,159,Etobicoke City Centre,14,Islington-City Centre West (14),D22,618498.8021,4831989.899
12127,80256422,,19/11/2015,2015,502,KIPLING AVE,NORSEMAN ST,,Major Arterial,Etobicoke York,43.631472,-79.531055,At Intersection,Traffic Signal,Rain,"Dark, artificial",Wet,Non-Fatal Injury,Pedestrian Collisions,Pedestrian,40 to 44,Major,,South,,,,,Vehicle turns left while ped crosses with ROW at inter.,Crossing with right of way,Normal,,,,Yes,,Yes,,,,,,,Yes,,,,159,Etobicoke City Centre,14,Islington-City Centre West (14),D22,618498.8021,4831989.899
12128,80493171,,21/11/2015,2015,55,UNDERHILL DR,ROANOKE RD,,Collector,North York,43.741919,-79.325191,Intersection Related,Stop Sign,Clear,"Dark, artificial",Dry,Non-Fatal Injury,Turning Movement,Driver,70 to 74,Major,,South,"Automobile, Station Wagon",Going Ahead,Speed too Fast For Condition,"Ability Impaired, Alcohol Over .08",,,,,,,,,Yes,,,,,,Yes,Yes,,Yes,,149,Parkwoods-O'Connor Hills,45,Parkwoods-Donalda (45),D33,634858.1513,4844571.031
12129,80493172,,21/11/2015,2015,55,UNDERHILL DR,ROANOKE RD,,Collector,North York,43.741919,-79.325191,Intersection Related,Stop Sign,Clear,"Dark, artificial",Dry,Non-Fatal Injury,Turning Movement,Driver,25 to 29,Minimal,,East,"Automobile, Station Wagon",Turning Left,Improper Turn,Normal,,,,,,,,,Yes,,,,,,Yes,Yes,,Yes,,149,Parkwoods-O'Connor Hills,45,Parkwoods-Donalda (45),D33,634858.1513,4844571.031
12130,80493222,,21/11/2015,2015,1344,LAWRENCE AVE E,ELINOR AVE,,Major Arterial,Scarborough,43.744086,-79.300555,At Intersection,Traffic Signal,Rain,Daylight,Wet,Non-Fatal Injury,Pedestrian Collisions,Driver - Not Hit,unknown,None,,,"Automobile, Station Wagon",,,,,,,,,,,,Yes,,,,,,,,,,,119,Wexford/Maryvale,119,Wexford/Maryvale (119),D41,636836.9637,4844852.108
12131,80493223,,21/11/2015,2015,1344,LAWRENCE AVE E,ELINOR AVE,,Major Arterial,Scarborough,43.744086,-79.300555,At Intersection,Traffic Signal,Rain,Daylight,Wet,Non-Fatal Injury,Pedestrian Collisions,Driver,30 to 34,Major,,West,"Automobile, Station Wagon",Going Ahead,Driving Properly,Normal,,,,,,,,,Yes,,,,,,,,,,,119,Wexford/Maryvale,119,Wexford/Maryvale (119),D41,636836.9637,4844852.108
12132,80256670,,21/11/2015,2015,2110,EGLINTON AVE W,MUNICIPAL DR,19 m East of,Major Arterial,Etobicoke York,43.689658,-79.477168,Non Intersection,No Control,Rain,"Dark, artificial",Wet,Non-Fatal Injury,Pedestrian Collisions,Driver,unknown,None,,Unknown,,Unknown,Other,Unknown,,,,,,,Yes,,,,,,,,,,,,,110,Keelesdale-Eglinton West,110,Keelesdale-Eglinton West (110),D12,622727.2614,4838530.545
12133,80256671,,21/11/2015,2015,2110,EGLINTON AVE W,MUNICIPAL DR,19 m East of,Major Arterial,Etobicoke York,43.689658,-79.477168,Non Intersection,No Control,Rain,"Dark, artificial",Wet,Non-Fatal Injury,Pedestrian Collisions,Pedestrian,30 to 34,Major,,Unknown,,,,,Pedestrian hit at mid-block,Other,Had Been Drinking,,,,Yes,,,,,,,,,,,,,110,Keelesdale-Eglinton West,110,Keelesdale-Eglinton West (110),D12,622727.2614,4838530.545
12134,80493393,,23/11/2015,2015,2119,3030 BIRCHMOUNT RD,,10 m East of,Major Arterial,Scarborough,43.801058,-79.307475,Non Intersection,No Control,Snow,Dark,Wet,Non-Fatal Injury,Approaching,Driver,25 to 29,Minor,,South,"Automobile, Station Wagon",Going Ahead,Speed too Fast For Condition,Unknown,,,,,,,,,Yes,,,,,Yes,Yes,Yes,,,,148,East L'Amoreaux,117,L'Amoreaux (117),D42,636150.4211,4851168.324
12135,80493394,,23/11/2015,2015,2119,3030 BIRCHMOUNT RD,,10 m East of,Major Arterial,Scarborough,43.801058,-79.307475,Non Intersection,No Control,Snow,Dark,Wet,Non-Fatal Injury,Approaching,Driver,40 to 44,Minor,,North,"Automobile, Station Wagon",Going Ahead,Driving Properly,Normal,,,,,,,,,Yes,,,,,Yes,Yes,Yes,,,,148,East L'Amoreaux,117,L'Amoreaux (117),D42,636150.4211,4851168.324
12136,80493395,,23/11/2015,2015,2119,3030 BIRCHMOUNT RD,,10 m East of,Major Arterial,Scarborough,43.801058,-79.307475,Non Intersection,No Control,Snow,Dark,Wet,Non-Fatal Injury,Approaching,Driver,45 to 49,Minor,,North,"Automobile, Station Wagon",Going Ahead,Driving Properly,Normal,,,,,,,,,Yes,,,,,Yes,Yes,Yes,,,,148,East L'Amoreaux,117,L'Amoreaux (117),D42,636150.4211,4851168.324
12137,80493396,,23/11/2015,2015,2119,3030 BIRCHMOUNT RD,,10 m East of,Major Arterial,Scarborough,43.801058,-79.307475,Non Intersection,No Control,Snow,Dark,Wet,Non-Fatal Injury,Approaching,Passenger,25 to 29,Minor,,,,,,,,,,,,,,,Yes,,,,,Yes,Yes,Yes,,,,148,East L'Amoreaux,117,L'Amoreaux (117),D42,636150.4211,4851168.324
12138,80493397,,23/11/2015,2015,2119,3030 BIRCHMOUNT RD,,10 m East of,Major Arterial,Scarborough,43.801058,-79.307475,Non Intersection,No Control,Snow,Dark,Wet,Non-Fatal Injury,Approaching,Passenger,0 to 4,Major,,,,,,,,,,,,,,,Yes,,,,,Yes,Yes,Yes,,,,148,East L'Amoreaux,117,L'Amoreaux (117),D42,636150.4211,4851168.324
12139,80493405,,24/11/2015,2015,603,MCCOWAN RD,KENHATCH BLVD,,Major Arterial,Scarborough,43.801421,-79.263774,At Intersection,Traffic Signal,Snow,Dark,Wet,Fatal,Pedestrian Collisions,Driver,25 to 29,None,,North,"Automobile, Station Wagon",Going Ahead,Disobeyed Traffic Control,Had Been Drinking,,,,,,,Yes,,Yes,,,,,,Yes,Yes,Yes,,,129,Agincourt North,129,Agincourt North (129),D42,639665.0177,4851281.469
12140,80493406,,24/11/2015,2015,603,MCCOWAN RD,KENHATCH BLVD,,Major Arterial,Scarborough,43.801421,-79.263774,At Intersection,Traffic Signal,Snow,Dark,Wet,Fatal,Pedestrian Collisions,Pedestrian,25 to 29,Fatal,57,Unknown,,,,,Vehicle is going straight thru inter.while ped cross with ROW,Crossing with right of way,Normal,,,,Yes,,Yes,,,,,,Yes,Yes,Yes,,,129,Agincourt North,129,Agincourt North (129),D42,639665.0177,4851281.469
12141,80493598,,26/11/2015,2015,934,EGLINTON AVE W,ELMSTHORPE AVE,,Major Arterial,North York,43.704074,-79.410945,At Intersection,No Control,Clear,Daylight,Dry,Fatal,Pedestrian Collisions,Driver,90 to 94,Major,,West,"Automobile, Station Wagon",Turning Left,Failed to Yield Right of Way,Inattentive,,,,,,,Yes,,Yes,,,,,,,Yes,,,,100,Yonge-Eglinton,100,Yonge-Eglinton (100),D53,628033.6354,4840231.78
12142,80493599,,26/11/2015,2015,934,EGLINTON AVE W,ELMSTHORPE AVE,,Major Arterial,North York,43.704074,-79.410945,At Intersection,No Control,Clear,Daylight,Dry,Fatal,Pedestrian Collisions,Pedestrian,85 to 89,Fatal,59,West,,,,,Vehicle turns left while ped crosses with ROW at inter.,Crossing with right of way,Normal,,,,Yes,,Yes,,,,,,,Yes,,,,100,Yonge-Eglinton,100,Yonge-Eglinton (100),D53,628033.6354,4840231.78
12143,80257131,,26/11/2015,2015,2226,THE QUEENSWAY,COLBORNE LODGE DR,134 m West o,Major Arterial,Toronto and East York,43.639292,-79.460948,Non Intersection,No Control,Clear,"Dark, artificial",Dry,Non-Fatal Injury,Pedestrian Collisions,Driver,50 to 54,None,,West,"Automobile, Station Wagon",Going Ahead,Driving Properly,Normal,,,,,,,Yes,,Yes,,,,,,,,,,,87,High Park-Swansea,87,High Park-Swansea (87),D11,624138.2349,4832960.87
12144,80257132,,26/11/2015,2015,2226,THE QUEENSWAY,COLBORNE LODGE DR,134 m West o,Major Arterial,Toronto and East York,43.639292,-79.460948,Non Intersection,No Control,Clear,"Dark, artificial",Dry,Non-Fatal Injury,Pedestrian Collisions,Pedestrian,45 to 49,Major,,North,,,,,Pedestrian hit at mid-block,"Crossing, no Traffic Control","Ability Impaired, Alcohol",,,,Yes,,Yes,,,,,,,,,,,87,High Park-Swansea,87,High Park-Swansea (87),D11,624138.2349,4832960.87
12145,80493666,,27/11/2015,2015,532,EGLINTON AVE W,BATHURST ST,,Major Arterial,North York,43.700984,-79.425548,At Intersection,Traffic Signal,Clear,Dark,Dry,Fatal,Pedestrian Collisions,Truck Driver,45 to 49,None,,East,Truck - Tank,Turning Right,Disobeyed Traffic Control,Normal,,,,,,,Yes,,,,Yes,,,,,Yes,Yes,,,101,Forest Hill South,101,Forest Hill South (101),D13,626863.546,4839866.144
12146,80493667,,27/11/2015,2015,532,EGLINTON AVE W,BATHURST ST,,Major Arterial,North York,43.700984,-79.425548,At Intersection,Traffic Signal,Clear,Dark,Dry,Fatal,Pedestrian Collisions,Pedestrian,20 to 24,Fatal,58,South,,,,,Vehicle turns right while ped crosses with ROW at inter.,Crossing with right of way,Normal,,,,Yes,,,,Yes,,,,,Yes,Yes,,,101,Forest Hill South,101,Forest Hill South (101),D13,626863.546,4839866.144
12147,80257195,,27/11/2015,2015,830,RONCESVALLES AVE,GRENADIER RD,5 m North of,Minor Arterial,Toronto and East York,43.648932,-79.450061,Non Intersection,No Control,Clear,Daylight,Dry,Non-Fatal Injury,Cyclist Collisions,Driver,35 to 39,None,,North,"Automobile, Station Wagon",Pulling Onto Shoulder or towardCurb,Failed to Yield Right of Way,Normal,,,,,,,,Yes,Yes,,,,,,,Yes,,,,86,Roncesvalles,86,Roncesvalles (86),D11,624996.3825,4834047.856