OBJECTID,INDEX,ACCNUM,DATE,ACCIDENT_YEAR,TIME,STREET1,STREET2,OFFSET,ROAD_CLASS,DISTRICT,LATITUDE,LONGITUDE,ACCLOC,TRAFFCTL,VISIBILITY,LIGHT,RDSFCOND,ACCLASS,IMPACTYPE,INVTYPE,INVAGE,INJURY,FATAL_NO,INITDIR,VEHTYPE,MANOEUVER,DRIVACT,DRIVCOND,PEDTYPE,PEDACT,PEDCOND,CYCLISTYPE,CYCACT,CYCCOND,PEDESTRIAN,CYCLIST,AUTOMOBILE,MOTORCYCLE,TRUCK,TRSN_CITY_VEH,EMERG_VEH,PASSENGER,SPEEDING,AG_DRIV,REDLIGHT,ALCOHOL,DISABILITY,HOOD_158,NEIGHBOURHOOD_158,HOOD_140,NEIGHBOURHOOD_140,DIVISION,x,y
12626,80543554,,04/06/2016,2016,1822,LAKE SHORE BLVD W,DWIGHT AVE,,Major Arterial,Etobicoke York,43.60229,-79.49792,At Intersection,Stop Sign,Clear,Daylight,Dry,Non-Fatal Injury,Turning Movement,Passenger,30 to 34,None,,,,,,,,,,,,,,,Yes,Yes,,,,Yes,,,,,,18,New Toronto,18,New Toronto (18),D22,621230.4299,4828796.713
12627,80543555,,04/06/2016,2016,1822,LAKE SHORE BLVD W,DWIGHT AVE,,Major Arterial,Etobicoke York,43.60229,-79.49792,At Intersection,Stop Sign,Clear,Daylight,Dry,Non-Fatal Injury,Turning Movement,Passenger,25 to 29,None,,,,,,,,,,,,,,,Yes,Yes,,,,Yes,,,,,,18,New Toronto,18,New Toronto (18),D22,621230.4299,4828796.713
12628,80543556,,04/06/2016,2016,1822,LAKE SHORE BLVD W,DWIGHT AVE,,Major Arterial,Etobicoke York,43.60229,-79.49792,At Intersection,Stop Sign,Clear,Daylight,Dry,Non-Fatal Injury,Turning Movement,Motorcycle Passenger,unknown,Major,,,,,,,,,,,,,,,Yes,Yes,,,,Yes,,,,,,18,New Toronto,18,New Toronto (18),D22,621230.4299,4828796.713
12629,80564997,,05/06/2016,2016,1937,UNIVERSITY AVE,FRONT ST W,9 m South of,Minor Arterial,Toronto and East York,43.645068,-79.383418,Non Intersection,Stop Sign,Clear,"Dusk, artificial",Wet,Non-Fatal Injury,Rear End,Motorcycle Driver,25 to 29,Major,,South,Motorcycle,Going Ahead,Following too Close,Normal,,,,,,,,,Yes,Yes,,,,,,Yes,,,,165,Harbourfront-CityPlace,77,Waterfront Communities-The Island (77),D52,630379.2885,4833721.245
12630,80564998,,05/06/2016,2016,1937,UNIVERSITY AVE,FRONT ST W,9 m South of,Minor Arterial,Toronto and East York,43.645068,-79.383418,Non Intersection,Stop Sign,Clear,"Dusk, artificial",Wet,Non-Fatal Injury,Rear End,Driver,55 to 59,None,,South,"Automobile, Station Wagon",Slowing or Stopping,Driving Properly,Normal,,,,,,,,,Yes,Yes,,,,,,Yes,,,,165,Harbourfront-CityPlace,77,Waterfront Communities-The Island (77),D52,630379.2885,4833721.245
12631,80545821,,06/06/2016,2016,1435,KENNEDY RD,EGLINTON AVE E,,Major Arterial,Scarborough,43.732192,-79.267925,At Intersection,Traffic Signal,Clear,Daylight,Dry,Fatal,Turning Movement,Passenger,65 to 69,Fatal,44,,,,,,,,,,,,,,Yes,,,,,Yes,,Yes,Yes,,,124,Kennedy Park,124,Kennedy Park (124),D41,639491.9342,4843585.518
12632,80545823,,06/06/2016,2016,1435,KENNEDY RD,EGLINTON AVE E,,Major Arterial,Scarborough,43.732192,-79.267925,At Intersection,Traffic Signal,Clear,Daylight,Dry,Fatal,Turning Movement,Driver,50 to 54,Minor,,East,"Automobile, Station Wagon",Turning Left,Driving Properly,Normal,,,,,,,,,Yes,,,,,Yes,,Yes,Yes,,,124,Kennedy Park,124,Kennedy Park (124),D41,639491.9342,4843585.518
12633,80545825,,06/06/2016,2016,1435,KENNEDY RD,EGLINTON AVE E,,Major Arterial,Scarborough,43.732192,-79.267925,At Intersection,Traffic Signal,Clear,Daylight,Dry,Fatal,Turning Movement,Driver,55 to 59,None,,South,"Automobile, Station Wagon",Going Ahead,Disobeyed Traffic Control,Inattentive,,,,,,,,,Yes,,,,,Yes,,Yes,Yes,,,124,Kennedy Park,124,Kennedy Park (124),D41,639491.9342,4843585.518
12634,80545826,,06/06/2016,2016,1435,KENNEDY RD,EGLINTON AVE E,,Major Arterial,Scarborough,43.732192,-79.267925,At Intersection,Traffic Signal,Clear,Daylight,Dry,Fatal,Turning Movement,Passenger,50 to 54,Minor,,,,,,,,,,,,,,,Yes,,,,,Yes,,Yes,Yes,,,124,Kennedy Park,124,Kennedy Park (124),D41,639491.9342,4843585.518
12635,80545827,,06/06/2016,2016,1435,KENNEDY RD,EGLINTON AVE E,,Major Arterial,Scarborough,43.732192,-79.267925,At Intersection,Traffic Signal,Clear,Daylight,Dry,Fatal,Turning Movement,Passenger,50 to 54,Minimal,,,,,,,,,,,,,,,Yes,,,,,Yes,,Yes,Yes,,,124,Kennedy Park,124,Kennedy Park (124),D41,639491.9342,4843585.518
12636,80565024,,08/06/2016,2016,1048,DON VALLEY PARKWAY  N,BAYVIEW BLOOR DVP N RAMP,120 m South ,,Toronto and East York,43.684523,-79.36124,Non Intersection,No Control,Clear,Daylight,Dry,Non-Fatal Injury,SMV Other,Motorcycle Driver,25 to 29,Major,,North,Motorcycle,Going Ahead,Lost control,Inattentive,,,,,,,,,,Yes,,,,,Yes,Yes,,,,57,Broadview North,57,Broadview North (57),D55,632081.4321,4838138.333
12637,80562726,,09/06/2016,2016,837,ADELAIDE ST W,JOHN ST,,Major Arterial,Toronto and East York,43.647845,-79.390285,Intersection Related,Traffic Signal,Clear,Daylight,Dry,Non-Fatal Injury,Cyclist Collisions,Driver,50 to 54,None,,East,"Automobile, Station Wagon",Turning Right,Improper Turn,Inattentive,,,,,,,,Yes,Yes,,,,,,,,,,,164,Wellington Place,77,Waterfront Communities-The Island (77),D52,629819.4686,4834018.902
12638,80562727,,09/06/2016,2016,837,ADELAIDE ST W,JOHN ST,,Major Arterial,Toronto and East York,43.647845,-79.390285,Intersection Related,Traffic Signal,Clear,Daylight,Dry,Non-Fatal Injury,Cyclist Collisions,Cyclist,35 to 39,Major,,East,Bicycle,Going Ahead,,,,,,Motorist turning right on green or amber at signalized intersection strikes cyclist.,Driving Properly,Normal,,Yes,Yes,,,,,,,,,,,164,Wellington Place,77,Waterfront Communities-The Island (77),D52,629819.4686,4834018.902
12639,80562734,,09/06/2016,2016,1030,VICTORIA ST,SHUTER ST,58 m South o,Collector,Toronto and East York,43.653781,-79.378536,Non Intersection,No Control,Clear,Daylight,Dry,Non-Fatal Injury,Pedestrian Collisions,Driver,60 to 64,None,,South,Passenger Van,Going Ahead,Driving Properly,Normal,,,,,,,Yes,,Yes,,,,,,,,,,,168,Downtown Yonge East,75,Church-Yonge Corridor (75),D51,630754.1241,4834696.619
12640,80562735,,09/06/2016,2016,1030,VICTORIA ST,SHUTER ST,58 m South o,Collector,Toronto and East York,43.653781,-79.378536,Non Intersection,No Control,Clear,Daylight,Dry,Non-Fatal Injury,Pedestrian Collisions,Pedestrian,80 to 84,Major,,Unknown,,,,,Pedestrian hit at mid-block,Walking on Roadway with Traffic,Inattentive,,,,Yes,,Yes,,,,,,,,,,,168,Downtown Yonge East,75,Church-Yonge Corridor (75),D51,630754.1241,4834696.619
12641,80543026,,12/06/2016,2016,2223,BLOOR ST W,ISLINGTON AVE,,Major Arterial,Etobicoke York,43.644641,-79.523425,At Intersection,Traffic Signal,Clear,"Dark, artificial",Dry,Non-Fatal Injury,Angle,Driver,50 to 54,Major,,North,"Automobile, Station Wagon",Going Ahead,Disobeyed Traffic Control,Inattentive,,,,,,,,,Yes,,,,,Yes,,Yes,Yes,,,16,Stonegate-Queensway,16,Stonegate-Queensway (16),D22,619088.2969,4833463.401
12642,80543027,,12/06/2016,2016,2223,BLOOR ST W,ISLINGTON AVE,,Major Arterial,Etobicoke York,43.644641,-79.523425,At Intersection,Traffic Signal,Clear,"Dark, artificial",Dry,Non-Fatal Injury,Angle,Driver,40 to 44,Minor,,East,"Automobile, Station Wagon",Going Ahead,Driving Properly,Normal,,,,,,,,,Yes,,,,,Yes,,Yes,Yes,,,16,Stonegate-Queensway,16,Stonegate-Queensway (16),D22,619088.2969,4833463.401
12643,80543028,,12/06/2016,2016,2223,BLOOR ST W,ISLINGTON AVE,,Major Arterial,Etobicoke York,43.644641,-79.523425,At Intersection,Traffic Signal,Clear,"Dark, artificial",Dry,Non-Fatal Injury,Angle,Passenger,55 to 59,Major,,,,,,,,,,,,,,,Yes,,,,,Yes,,Yes,Yes,,,16,Stonegate-Queensway,16,Stonegate-Queensway (16),D22,619088.2969,4833463.401
12644,80543119,,14/06/2016,2016,1246,58 THE ESPLANADE,,45 m West of,Collector,Toronto and East York,43.646952,-79.374179,Non Intersection,No Control,Clear,Daylight,Dry,Non-Fatal Injury,Cyclist Collisions,Cyclist,30 to 34,Major,,West,Bicycle,Pulling Onto Shoulder or towardCurb,,,,,,Cyclist and Driver travelling in same direction. One vehicle rear-ended the other.,Following too Close,Normal,,Yes,Yes,,,,,,,,,,,166,St Lawrence-East Bayfront-The Islands,77,Waterfront Communities-The Island (77),D51,631120.3339,4833945.044
12645,80543120,,14/06/2016,2016,1246,58 THE ESPLANADE,,45 m West of,Collector,Toronto and East York,43.646952,-79.374179,Non Intersection,No Control,Clear,Daylight,Dry,Non-Fatal Injury,Cyclist Collisions,Driver,25 to 29,None,,West,"Automobile, Station Wagon",Going Ahead,Driving Properly,Normal,,,,,,,,Yes,Yes,,,,,,,,,,,166,St Lawrence-East Bayfront-The Islands,77,Waterfront Communities-The Island (77),D51,631120.3339,4833945.044
12646,80542825,,14/06/2016,2016,1415,BREMNER BLVD,SPADINA AVE,,Minor Arterial,Toronto and East York,43.640692,-79.392284,Non Intersection,No Control,Clear,Daylight,Dry,Fatal,Pedestrian Collisions,Driver,45 to 49,None,,West,"Automobile, Station Wagon",Going Ahead,Lost control,Inattentive,,,,,,,Yes,,Yes,,,,,,,Yes,,,,165,Harbourfront-CityPlace,77,Waterfront Communities-The Island (77),D52,629673.6419,4833221.343
12647,80542827,,14/06/2016,2016,1415,BREMNER BLVD,SPADINA AVE,,Minor Arterial,Toronto and East York,43.640692,-79.392284,Non Intersection,No Control,Clear,Daylight,Dry,Fatal,Pedestrian Collisions,Pedestrian,35 to 39,Fatal,36,Unknown,,,,,Pedestrian hit on sidewalk or shoulder,On Sidewalk or Shoulder,Unknown,,,,Yes,,Yes,,,,,,,Yes,,,,165,Harbourfront-CityPlace,77,Waterfront Communities-The Island (77),D52,629673.6419,4833221.343
12648,80543762,,14/06/2016,2016,1415,BREMNER BLVD,SPADINA AVE,,Minor Arterial,Toronto and East York,43.640692,-79.392284,Non Intersection,No Control,Clear,Daylight,Dry,Fatal,Pedestrian Collisions,Pedestrian,35 to 39,Minimal,,Unknown,,,,,Pedestrian hit on sidewalk or shoulder,On Sidewalk or Shoulder,Unknown,,,,Yes,,Yes,,,,,,,Yes,,,,165,Harbourfront-CityPlace,77,Waterfront Communities-The Island (77),D52,629673.6419,4833221.343
12649,80542289,,15/06/2016,2016,37,LAWRENCE AVE E,VALPARAISO AVE,,Major Arterial,Scarborough,43.755103,-79.247493,Non Intersection,No Control,Clear,"Dark, artificial",Dry,Fatal,Pedestrian Collisions,Pedestrian,70 to 74,Fatal,37,South,,,,,Pedestrian hit at mid-block,"Crossing, no Traffic Control",Had Been Drinking,,,,Yes,,Yes,,,,,,,,,,,157,Bendale South,127,Bendale (127),D43,641083.604,4846164.733
12650,80542828,,15/06/2016,2016,37,LAWRENCE AVE E,VALPARAISO AVE,,Major Arterial,Scarborough,43.755103,-79.247493,Non Intersection,No Control,Clear,"Dark, artificial",Dry,Fatal,Pedestrian Collisions,Driver,65 to 69,Minor,,East,"Automobile, Station Wagon",Going Ahead,Driving Properly,Normal,,,,,,,Yes,,Yes,,,,,,,,,,,157,Bendale South,127,Bendale (127),D43,641083.604,4846164.733
12651,80543168,,15/06/2016,2016,1231,YONGE ST,ADELAIDE ST E,11 m North o,Major Arterial,Toronto and East York,43.650389,-79.378459,Intersection Related,Traffic Controller,Clear,Daylight,Dry,Non-Fatal Injury,Rear End,Motorcycle Driver,50 to 54,Major,,North,Motorcycle,Going Ahead,Following too Close,Normal,,,,,,,,,Yes,Yes,,,,,,Yes,,,,168,Downtown Yonge East,75,Church-Yonge Corridor (75),D51,630767.695,4834320.014
12652,80543169,,15/06/2016,2016,1231,YONGE ST,ADELAIDE ST E,11 m North o,Major Arterial,Toronto and East York,43.650389,-79.378459,Intersection Related,Traffic Controller,Clear,Daylight,Dry,Non-Fatal Injury,Rear End,Driver,40 to 44,None,,North,Pick Up Truck,Slowing or Stopping,Driving Properly,Normal,,,,,,,,,Yes,Yes,,,,,,Yes,,,,168,Downtown Yonge East,75,Church-Yonge Corridor (75),D51,630767.695,4834320.014
12653,80543182,,15/06/2016,2016,1644,FINCH AVE E,GARVIN  MEWS,143 m West o,Major Arterial,North York,43.782927,-79.401058,Non Intersection,No Control,Clear,Daylight,Dry,Non-Fatal Injury,Pedestrian Collisions,Driver,40 to 44,None,,West,"Automobile, Station Wagon",Going Ahead,Driving Properly,Normal,,,,,,,Yes,,Yes,,,,,,,,,,,152,East Willowdale,51,Willowdale East (51),D32,628661.2295,4849004.885
12654,80543183,,15/06/2016,2016,1644,FINCH AVE E,GARVIN  MEWS,143 m West o,Major Arterial,North York,43.782927,-79.401058,Non Intersection,No Control,Clear,Daylight,Dry,Non-Fatal Injury,Pedestrian Collisions,Pedestrian,20 to 24,Major,,North,,,,,Pedestrian hit at mid-block,Running onto Roadway,Normal,,,,Yes,,Yes,,,,,,,,,,,152,East Willowdale,51,Willowdale East (51),D32,628661.2295,4849004.885
12655,80542278,,17/06/2016,2016,303,DANFORTH RD,ST CLAIR AVE E,92.1 m south,Minor Arterial,Scarborough,43.715674,-79.260387,Non Intersection,No Control,Clear,"Dark, artificial",Dry,Fatal,Pedestrian Collisions,Pedestrian,20 to 24,Fatal,38,North,,,,,Pedestrian hit at mid-block,Running onto Roadway,Other,,,,Yes,,Yes,,,,,,,,,,,120,Clairlea-Birchmount,120,Clairlea-Birchmount (120),D41,640137.5226,4841763.669
12656,80542831,,17/06/2016,2016,303,DANFORTH RD,ST CLAIR AVE E,92.1 m south,Minor Arterial,Scarborough,43.715674,-79.260387,Non Intersection,No Control,Clear,"Dark, artificial",Dry,Fatal,Pedestrian Collisions,Driver,unknown,None,,South,"Automobile, Station Wagon",Going Ahead,Other,Unknown,,,,,,,Yes,,Yes,,,,,,,,,,,120,Clairlea-Birchmount,120,Clairlea-Birchmount (120),D41,640137.5226,4841763.669
12657,80563011,,17/06/2016,2016,855,DUFFERIN ST,CLOVERLAWN AVE,,Major Arterial,Toronto and East York,43.681273,-79.4444,Intersection Related,No Control,Clear,Daylight,Dry,Non-Fatal Injury,Pedestrian Collisions,Driver,20 to 24,None,,South,"Bus (Other) (Go Bus, Gray Coa",Turning Left,Failed to Yield Right of Way,Inattentive,,,,,,,Yes,,,,,Yes,,,,Yes,,,,92,Corso Italia-Davenport,92,Corso Italia-Davenport (92),D13,625385.5746,4837648.293
12658,80563012,,17/06/2016,2016,855,DUFFERIN ST,CLOVERLAWN AVE,,Major Arterial,Toronto and East York,43.681273,-79.4444,Intersection Related,No Control,Clear,Daylight,Dry,Non-Fatal Injury,Pedestrian Collisions,Pedestrian,75 to 79,Major,,Unknown,,,,,Vehicle turns left while ped crosses with ROW at inter.,Crossing with right of way,Normal,,,,Yes,,,,,Yes,,,,Yes,,,,92,Corso Italia-Davenport,92,Corso Italia-Davenport (92),D13,625385.5746,4837648.293
12659,80632029,,17/06/2016,2016,1737,CALEDONIA RD,CASTLEFIELD AVE,35 m North o,Minor Arterial,North York,43.698886,-79.463603,Non Intersection,No Control,Clear,Daylight,Dry,Non-Fatal Injury,Turning Movement,Motorcycle Driver,20 to 24,Major,,North,Motorcycle,Going Ahead,Exceeding Speed Limit,Normal,,,,,,,,,Yes,Yes,,,,,Yes,Yes,,,,108,Briar Hill-Belgravia,108,Briar Hill-Belgravia (108),D13,623801.5044,4839575.605
12660,80632030,,17/06/2016,2016,1737,CALEDONIA RD,CASTLEFIELD AVE,35 m North o,Minor Arterial,North York,43.698886,-79.463603,Non Intersection,No Control,Clear,Daylight,Dry,Non-Fatal Injury,Turning Movement,Driver,40 to 44,None,,West,"Automobile, Station Wagon",Turning Right,Driving Properly,Normal,,,,,,,,,Yes,Yes,,,,,Yes,Yes,,,,108,Briar Hill-Belgravia,108,Briar Hill-Belgravia (108),D13,623801.5044,4839575.605
12661,80563132,,19/06/2016,2016,20,ELLESMERE RD,WARDEN AVE,,Major Arterial,Scarborough,43.761183,-79.300746,Intersection Related,Traffic Signal,Clear,"Dark, artificial",Dry,Non-Fatal Injury,Angle,Driver,20 to 24,Minor,,West,"Automobile, Station Wagon",Going Ahead,Disobeyed Traffic Control,Normal,,,,,,,,,Yes,,,,,Yes,,Yes,Yes,,,119,Wexford/Maryvale,119,Wexford/Maryvale (119),D41,636782.6278,4846750.673
12662,80563133,,19/06/2016,2016,20,ELLESMERE RD,WARDEN AVE,,Major Arterial,Scarborough,43.761183,-79.300746,Intersection Related,Traffic Signal,Clear,"Dark, artificial",Dry,Non-Fatal Injury,Angle,Driver,75 to 79,Minor,,North,"Automobile, Station Wagon",Going Ahead,Driving Properly,Inattentive,,,,,,,,,Yes,,,,,Yes,,Yes,Yes,,,119,Wexford/Maryvale,119,Wexford/Maryvale (119),D41,636782.6278,4846750.673
12663,80563134,,19/06/2016,2016,20,ELLESMERE RD,WARDEN AVE,,Major Arterial,Scarborough,43.761183,-79.300746,Intersection Related,Traffic Signal,Clear,"Dark, artificial",Dry,Non-Fatal Injury,Angle,Driver,30 to 34,None,,South,"Automobile, Station Wagon",Stopped,Driving Properly,Normal,,,,,,,,,Yes,,,,,Yes,,Yes,Yes,,,119,Wexford/Maryvale,119,Wexford/Maryvale (119),D41,636782.6278,4846750.673
12664,80563135,,19/06/2016,2016,20,ELLESMERE RD,WARDEN AVE,,Major Arterial,Scarborough,43.761183,-79.300746,Intersection Related,Traffic Signal,Clear,"Dark, artificial",Dry,Non-Fatal Injury,Angle,Passenger,75 to 79,Minor,,,,,,,,,,,,,,,Yes,,,,,Yes,,Yes,Yes,,,119,Wexford/Maryvale,119,Wexford/Maryvale (119),D41,636782.6278,4846750.673
12665,80563136,,19/06/2016,2016,20,ELLESMERE RD,WARDEN AVE,,Major Arterial,Scarborough,43.761183,-79.300746,Intersection Related,Traffic Signal,Clear,"Dark, artificial",Dry,Non-Fatal Injury,Angle,Passenger,65 to 69,Minor,,,,,,,,,,,,,,,Yes,,,,,Yes,,Yes,Yes,,,119,Wexford/Maryvale,119,Wexford/Maryvale (119),D41,636782.6278,4846750.673
12666,80563137,,19/06/2016,2016,20,ELLESMERE RD,WARDEN AVE,,Major Arterial,Scarborough,43.761183,-79.300746,Intersection Related,Traffic Signal,Clear,"Dark, artificial",Dry,Non-Fatal Injury,Angle,Passenger,65 to 69,Major,,,,,,,,,,,,,,,Yes,,,,,Yes,,Yes,Yes,,,119,Wexford/Maryvale,119,Wexford/Maryvale (119),D41,636782.6278,4846750.673
12667,80563138,,19/06/2016,2016,20,ELLESMERE RD,WARDEN AVE,,Major Arterial,Scarborough,43.761183,-79.300746,Intersection Related,Traffic Signal,Clear,"Dark, artificial",Dry,Non-Fatal Injury,Angle,Passenger,25 to 29,None,,,,,,,,,,,,,,,Yes,,,,,Yes,,Yes,Yes,,,119,Wexford/Maryvale,119,Wexford/Maryvale (119),D41,636782.6278,4846750.673
12668,80632031,,20/06/2016,2016,910,540 BRIMLEY RD,,1 m North of,Major Arterial,Scarborough,43.737811,-79.248805,At/Near Private Drive,No Control,Clear,Daylight,Dry,Non-Fatal Injury,Turning Movement,Driver,55 to 59,None,,North,"Automobile, Station Wagon",Turning Left,Improper Turn,Normal,,,,,,,,,Yes,Yes,,,,,,,,,,138,Eglinton East,138,Eglinton East (138),D41,641018.5832,4844241.959
12669,80632032,,20/06/2016,2016,910,540 BRIMLEY RD,,1 m North of,Major Arterial,Scarborough,43.737811,-79.248805,At/Near Private Drive,No Control,Clear,Daylight,Dry,Non-Fatal Injury,Turning Movement,Motorcycle Driver,30 to 34,Major,,South,Motorcycle,Going Ahead,Driving Properly,Normal,,,,,,,,,Yes,Yes,,,,,,,,,,138,Eglinton East,138,Eglinton East (138),D41,641018.5832,4844241.959
12670,80563229,,20/06/2016,2016,1307,ORMEROD ST,VERNE CRES,32 m East of,Local,Scarborough,43.795184,-79.237384,Intersection Related,No Control,Clear,Daylight,Dry,Non-Fatal Injury,Cyclist Collisions,Driver,50 to 54,None,,West,"Automobile, Station Wagon",Overtaking,Improper Passing,Normal,,,,,,,,Yes,Yes,,,,,,,Yes,,,,145,Malvern West,132,Malvern (132),D42,641802.6532,4850633.628
12671,80563230,,20/06/2016,2016,1307,ORMEROD ST,VERNE CRES,32 m East of,Local,Scarborough,43.795184,-79.237384,Intersection Related,No Control,Clear,Daylight,Dry,Non-Fatal Injury,Cyclist Collisions,Cyclist,65 to 69,Major,,West,Bicycle,Turning Left,,,,,,Cyclist turned left across motorists path.,Improper Turn,Normal,,Yes,Yes,,,,,,,Yes,,,,145,Malvern West,132,Malvern (132),D42,641802.6532,4850633.628
12672,80563303,,21/06/2016,2016,1621,81 JANRAY DR,,,Local,Scarborough,43.765277,-79.218051,Private Driveway,No Control,Clear,Daylight,Dry,Non-Fatal Injury,Pedestrian Collisions,Driver,30 to 34,None,,East,"Automobile, Station Wagon",Reversing,Other,Unknown,,,,,,,Yes,,Yes,,,,,,,,,,,141,Golfdale-Cedarbrae-Woburn,137,Woburn (137),D43,643429.5136,4847345.288
12673,80563304,,21/06/2016,2016,1621,81 JANRAY DR,,,Local,Scarborough,43.765277,-79.218051,Private Driveway,No Control,Clear,Daylight,Dry,Non-Fatal Injury,Pedestrian Collisions,Pedestrian,30 to 34,Major,,Unknown,,,,,Pedestrian hit at private driveway,Other,"Ability Impaired, Alcohol",,,,Yes,,Yes,,,,,,,,,,,141,Golfdale-Cedarbrae-Woburn,137,Woburn (137),D43,643429.5136,4847345.288
12674,80563319,,21/06/2016,2016,2030,SHEPPARD AVE W,NORTHOVER ST,100 m West o,Major Arterial,Etobicoke York,43.741191,-79.502818,Non Intersection,No Control,Clear,Daylight,Dry,Non-Fatal Injury,Rear End,Driver,20 to 24,Major,,East,"Automobile, Station Wagon",Stopped,Following too Close,Inattentive,,,,,,,,,Yes,,,,,,,Yes,,,,25,Glenfield-Jane Heights,25,Glenfield-Jane Heights (25),D31,620556.6931,4844216.364
12675,80563320,,21/06/2016,2016,2030,SHEPPARD AVE W,NORTHOVER ST,100 m West o,Major Arterial,Etobicoke York,43.741191,-79.502818,Non Intersection,No Control,Clear,Daylight,Dry,Non-Fatal Injury,Rear End,Driver,65 to 69,Minor,,East,"Automobile, Station Wagon",Slowing or Stopping,Driving Properly,Normal,,,,,,,,,Yes,,,,,,,Yes,,,,25,Glenfield-Jane Heights,25,Glenfield-Jane Heights (25),D31,620556.6931,4844216.364
12676,80542826,,22/06/2016,2016,655,DYNEVOR RD,KIRKNEWTON RD,,Local,Toronto and East York,43.691016,-79.450549,Non Intersection,No Control,Clear,Daylight,Dry,Fatal,Pedestrian Collisions,Pedestrian,65 to 69,Fatal,39,Unknown,,,,,Pedestrian hit at mid-block,Other,Normal,,,,Yes,,Yes,,,,,Yes,,,,,,109,Caledonia-Fairbank,109,Caledonia-Fairbank (109),D13,624869.7268,4838721.108
12677,80543763,,22/06/2016,2016,655,DYNEVOR RD,KIRKNEWTON RD,,Local,Toronto and East York,43.691016,-79.450549,Non Intersection,No Control,Clear,Daylight,Dry,Fatal,Pedestrian Collisions,Driver,25 to 29,None,,East,Delivery Van,Going Ahead,Other,Normal,,,,,,,Yes,,Yes,,,,,Yes,,,,,,109,Caledonia-Fairbank,109,Caledonia-Fairbank (109),D13,624869.7268,4838721.108
12678,80543764,,22/06/2016,2016,655,DYNEVOR RD,KIRKNEWTON RD,,Local,Toronto and East York,43.691016,-79.450549,Non Intersection,No Control,Clear,Daylight,Dry,Fatal,Pedestrian Collisions,Passenger,30 to 34,None,,,,,,,,,,,,,Yes,,Yes,,,,,Yes,,,,,,109,Caledonia-Fairbank,109,Caledonia-Fairbank (109),D13,624869.7268,4838721.108
12679,80543765,,22/06/2016,2016,655,DYNEVOR RD,KIRKNEWTON RD,,Local,Toronto and East York,43.691016,-79.450549,Non Intersection,No Control,Clear,Daylight,Dry,Fatal,Pedestrian Collisions,Passenger,25 to 29,None,,,,,,,,,,,,,Yes,,Yes,,,,,Yes,,,,,,109,Caledonia-Fairbank,109,Caledonia-Fairbank (109),D13,624869.7268,4838721.108
12680,80563344,,22/06/2016,2016,1305,SHEPPARD AVE E,PROVOST DR,,Major Arterial,North York,43.770346,-79.371257,At Intersection,Traffic Signal,Clear,Daylight,Dry,Non-Fatal Injury,Pedestrian Collisions,Driver,85 to 89,None,,North,"Automobile, Station Wagon",Turning Left,Improper Turn,Inattentive,,,,,,,Yes,,Yes,,,,,,,,,,,52,Bayview Village,52,Bayview Village (52),D33,631086.7221,4847654.319
12681,80563345,,22/06/2016,2016,1305,SHEPPARD AVE E,PROVOST DR,,Major Arterial,North York,43.770346,-79.371257,At Intersection,Traffic Signal,Clear,Daylight,Dry,Non-Fatal Injury,Pedestrian Collisions,Pedestrian,35 to 39,Major,,Unknown,,,,,Vehicle turns left while ped crosses with ROW at inter.,Crossing with right of way,Normal,,,,Yes,,Yes,,,,,,,,,,,52,Bayview Village,52,Bayview Village (52),D33,631086.7221,4847654.319
12682,80565670,,22/06/2016,2016,2315,120 BEVERLY HILLS DR,,65 m South o,Collector,Etobicoke York,43.718318,-79.516246,Non Intersection,No Control,Clear,"Dark, artificial",Dry,Non-Fatal Injury,Pedestrian Collisions,Driver,25 to 29,None,,South,"Automobile, Station Wagon",Going Ahead,Driving Properly,Normal,,,,,,,Yes,,Yes,,,,,Yes,,,,,,154,Oakdale-Beverley Heights,26,Downsview-Roding-CFB (26),D31,619520.9155,4841656.541
12683,80565671,,22/06/2016,2016,2315,120 BEVERLY HILLS DR,,65 m South o,Collector,Etobicoke York,43.718318,-79.516246,Non Intersection,No Control,Clear,"Dark, artificial",Dry,Non-Fatal Injury,Pedestrian Collisions,Passenger,30 to 34,None,,,,,,,,,,,,,Yes,,Yes,,,,,Yes,,,,,,154,Oakdale-Beverley Heights,26,Downsview-Roding-CFB (26),D31,619520.9155,4841656.541
12684,80565672,,22/06/2016,2016,2315,120 BEVERLY HILLS DR,,65 m South o,Collector,Etobicoke York,43.718318,-79.516246,Non Intersection,No Control,Clear,"Dark, artificial",Dry,Non-Fatal Injury,Pedestrian Collisions,Pedestrian,10 to 14,Major,,East,,,,,Vehicle hits the pedestrian walking or running out from between parked vehicles at mid-block,"Crossing, no Traffic Control",Inattentive,,,,Yes,,Yes,,,,,Yes,,,,,,154,Oakdale-Beverley Heights,26,Downsview-Roding-CFB (26),D31,619520.9155,4841656.541
12685,80563420,,23/06/2016,2016,1949,DUNDAS ST W,SHORNCLIFFE RD,,Major Arterial,Etobicoke York,43.632106,-79.544688,At Intersection,Traffic Controller,Clear,Daylight,Dry,Non-Fatal Injury,Pedestrian Collisions,Truck Driver,35 to 39,None,,North,"Truck - Closed (Blazer, etc)",Turning Left,Failed to Yield Right of Way,Normal,,,,,,,Yes,,,,Yes,,,,,Yes,,,,159,Etobicoke City Centre,14,Islington-City Centre West (14),D22,617397.7939,4832040.943