OBJECTID,INDEX,ACCNUM,DATE,ACCIDENT_YEAR,TIME,STREET1,STREET2,OFFSET,ROAD_CLASS,DISTRICT,LATITUDE,LONGITUDE,ACCLOC,TRAFFCTL,VISIBILITY,LIGHT,RDSFCOND,ACCLASS,IMPACTYPE,INVTYPE,INVAGE,INJURY,FATAL_NO,INITDIR,VEHTYPE,MANOEUVER,DRIVACT,DRIVCOND,PEDTYPE,PEDACT,PEDCOND,CYCLISTYPE,CYCACT,CYCCOND,PEDESTRIAN,CYCLIST,AUTOMOBILE,MOTORCYCLE,TRUCK,TRSN_CITY_VEH,EMERG_VEH,PASSENGER,SPEEDING,AG_DRIV,REDLIGHT,ALCOHOL,DISABILITY,HOOD_158,NEIGHBOURHOOD_158,HOOD_140,NEIGHBOURHOOD_140,DIVISION,x,y
12863,80716811,,20/08/2016,2016,1323,SHEPPARD AVE W,JANE ST,,Major Arterial,Etobicoke York,43.739318,-79.513179,At Intersection,Traffic Signal,Clear,Daylight,Dry,Non-Fatal Injury,Approaching,Truck Driver,20 to 24,None,,West,Truck (other),Going Ahead,Driving Properly,Normal,,,,,,,,,Yes,,Yes,,,,Yes,Yes,,,,25,Glenfield-Jane Heights,25,Glenfield-Jane Heights (25),D31,619726.1272,4843993.316
12864,80716812,,20/08/2016,2016,1323,SHEPPARD AVE W,JANE ST,,Major Arterial,Etobicoke York,43.739318,-79.513179,At Intersection,Traffic Signal,Clear,Daylight,Dry,Non-Fatal Injury,Approaching,Truck Driver,45 to 49,None,,East,Truck (other),Going Ahead,Driving Properly,Normal,,,,,,,,,Yes,,Yes,,,,Yes,Yes,,,,25,Glenfield-Jane Heights,25,Glenfield-Jane Heights (25),D31,619726.1272,4843993.316
12865,80717086,,21/08/2016,2016,634,FINCH AVE E,TRUDY RD,5 m West of,Major Arterial,North York,43.790763,-79.363033,Intersection Related,No Control,Clear,Daylight,Dry,Non-Fatal Injury,SMV Other,Driver,20 to 24,Major,,West,"Automobile, Station Wagon",Unknown,Lost control,Had Been Drinking,,,,,,,,,Yes,,,,,,Yes,Yes,,,,47,Don Valley Village,47,Don Valley Village (47),D33,631703.7855,4849934.996
12866,80717229,,21/08/2016,2016,1617,ALBION RD,HIGHWAY 27  N,,Major Arterial,Etobicoke York,43.744208,-79.607509,At Intersection,Traffic Signal,Clear,Daylight,Dry,Non-Fatal Injury,Turning Movement,Driver,35 to 39,None,,West,"Automobile, Station Wagon",Turning Left,Improper Turn,Inattentive,,,,,,,,,Yes,,,,,Yes,,,,,,1,West Humber-Clairville,1,West Humber-Clairville (1),D23,612121.0331,4844404.435
12867,80717230,,21/08/2016,2016,1617,ALBION RD,HIGHWAY 27  N,,Major Arterial,Etobicoke York,43.744208,-79.607509,At Intersection,Traffic Signal,Clear,Daylight,Dry,Non-Fatal Injury,Turning Movement,Driver,40 to 44,None,,East,"Automobile, Station Wagon",Going Ahead,Driving Properly,Normal,,,,,,,,,Yes,,,,,Yes,,,,,,1,West Humber-Clairville,1,West Humber-Clairville (1),D23,612121.0331,4844404.435
12868,80717231,,21/08/2016,2016,1617,ALBION RD,HIGHWAY 27  N,,Major Arterial,Etobicoke York,43.744208,-79.607509,At Intersection,Traffic Signal,Clear,Daylight,Dry,Non-Fatal Injury,Turning Movement,Passenger,35 to 39,Major,,,,,,,,,,,,,,,Yes,,,,,Yes,,,,,,1,West Humber-Clairville,1,West Humber-Clairville (1),D23,612121.0331,4844404.435
12869,80632130,,22/08/2016,2016,1312,DUFFERIN ST,DUNDAS ST W,,Minor Arterial,Toronto and East York,43.649577,-79.431415,At Intersection,Traffic Signal,Clear,Daylight,Dry,Non-Fatal Injury,Pedestrian Collisions,Driver,60 to 64,None,,North,"Automobile, Station Wagon",Turning Left,Failed to Yield Right of Way,Normal,,,,,,,Yes,,Yes,,,,,,,Yes,,,,84,Little Portugal,84,Little Portugal (84),D14,626498.7684,4834147.745
12870,80632131,,22/08/2016,2016,1312,DUFFERIN ST,DUNDAS ST W,,Minor Arterial,Toronto and East York,43.649577,-79.431415,At Intersection,Traffic Signal,Clear,Daylight,Dry,Non-Fatal Injury,Pedestrian Collisions,Pedestrian,70 to 74,Major,,South,,,,,Vehicle turns left while ped crosses with ROW at inter.,Crossing with right of way,Normal,,,,Yes,,Yes,,,,,,,Yes,,,,84,Little Portugal,84,Little Portugal (84),D14,626498.7684,4834147.745
12871,80716166,,24/08/2016,2016,1811,JANE ST,ALLIANCE AVE,66 m North o,Major Arterial,Etobicoke York,43.676676,-79.495929,Non Intersection,No Control,Clear,Daylight,Dry,Non-Fatal Injury,Rear End,Driver,30 to 34,Major,,North,"Automobile, Station Wagon",Changing Lanes,Lost control,Normal,,,,,,,,,Yes,,,,,Yes,,Yes,,,,111,Rockcliffe-Smythe,111,Rockcliffe-Smythe (111),D12,621241.4196,4837061.125
12872,80716167,,24/08/2016,2016,1811,JANE ST,ALLIANCE AVE,66 m North o,Major Arterial,Etobicoke York,43.676676,-79.495929,Non Intersection,No Control,Clear,Daylight,Dry,Non-Fatal Injury,Rear End,Driver,40 to 44,None,,North,"Automobile, Station Wagon",Going Ahead,Driving Properly,Normal,,,,,,,,,Yes,,,,,Yes,,Yes,,,,111,Rockcliffe-Smythe,111,Rockcliffe-Smythe (111),D12,621241.4196,4837061.125
12873,80716221,,24/08/2016,2016,1811,JANE ST,ALLIANCE AVE,66 m North o,Major Arterial,Etobicoke York,43.676676,-79.495929,Non Intersection,No Control,Clear,Daylight,Dry,Non-Fatal Injury,Rear End,Passenger,10 to 14,Minimal,,,,,,,,,,,,,,,Yes,,,,,Yes,,Yes,,,,111,Rockcliffe-Smythe,111,Rockcliffe-Smythe (111),D12,621241.4196,4837061.125
12874,80632137,,25/08/2016,2016,2153,DIXON RD,ISLINGTON AVE,,Major Arterial,Etobicoke York,43.696978,-79.546687,At Intersection,Traffic Signal,Clear,"Dark, artificial",Dry,Non-Fatal Injury,Pedestrian Collisions,Driver,30 to 34,None,,West,"Automobile, Station Wagon",Turning Left,Improper Turn,Normal,,,,,,,Yes,,Yes,,,,,Yes,,,,,,6,Kingsview Village-The Westway,6,Kingsview Village-The Westway (6),D23,617110.3306,4839242.994
12875,80632138,,25/08/2016,2016,2153,DIXON RD,ISLINGTON AVE,,Major Arterial,Etobicoke York,43.696978,-79.546687,At Intersection,Traffic Signal,Clear,"Dark, artificial",Dry,Non-Fatal Injury,Pedestrian Collisions,Driver,25 to 29,None,,East,"Automobile, Station Wagon",Going Ahead,Driving Properly,Normal,,,,,,,Yes,,Yes,,,,,Yes,,,,,,6,Kingsview Village-The Westway,6,Kingsview Village-The Westway (6),D23,617110.3306,4839242.994
12876,80632139,,25/08/2016,2016,2153,DIXON RD,ISLINGTON AVE,,Major Arterial,Etobicoke York,43.696978,-79.546687,At Intersection,Traffic Signal,Clear,"Dark, artificial",Dry,Non-Fatal Injury,Pedestrian Collisions,Passenger,10 to 14,None,,,,,,,,,,,,,Yes,,Yes,,,,,Yes,,,,,,6,Kingsview Village-The Westway,6,Kingsview Village-The Westway (6),D23,617110.3306,4839242.994
12877,80632140,,25/08/2016,2016,2153,DIXON RD,ISLINGTON AVE,,Major Arterial,Etobicoke York,43.696978,-79.546687,At Intersection,Traffic Signal,Clear,"Dark, artificial",Dry,Non-Fatal Injury,Pedestrian Collisions,Passenger,5 to 9,None,,,,,,,,,,,,,Yes,,Yes,,,,,Yes,,,,,,6,Kingsview Village-The Westway,6,Kingsview Village-The Westway (6),D23,617110.3306,4839242.994
12878,80632141,,25/08/2016,2016,2153,DIXON RD,ISLINGTON AVE,,Major Arterial,Etobicoke York,43.696978,-79.546687,At Intersection,Traffic Signal,Clear,"Dark, artificial",Dry,Non-Fatal Injury,Pedestrian Collisions,Pedestrian,55 to 59,Major,,East,,,,,Vehicle turns left while ped crosses with ROW at inter.,Crossing with right of way,Normal,,,,Yes,,Yes,,,,,Yes,,,,,,6,Kingsview Village-The Westway,6,Kingsview Village-The Westway (6),D23,617110.3306,4839242.994
12879,80632142,,26/08/2016,2016,850,LOWER JARVIS ST,LAKE SHORE BLVD E,,Major Arterial,Toronto and East York,43.645556,-79.369815,At Intersection,Traffic Signal,Clear,Daylight,Dry,Non-Fatal Injury,Pedestrian Collisions,Driver,30 to 34,None,,West,"Automobile, Station Wagon",Turning Left,Disobeyed Traffic Control,Inattentive,,,,,,,Yes,,Yes,,,,,Yes,,Yes,Yes,,,166,St Lawrence-East Bayfront-The Islands,77,Waterfront Communities-The Island (77),D51,631475.3342,4833796.904
12880,80632143,,26/08/2016,2016,850,LOWER JARVIS ST,LAKE SHORE BLVD E,,Major Arterial,Toronto and East York,43.645556,-79.369815,At Intersection,Traffic Signal,Clear,Daylight,Dry,Non-Fatal Injury,Pedestrian Collisions,Driver,20 to 24,Minimal,,East,"Automobile, Station Wagon",Going Ahead,Driving Properly,Normal,,,,,,,Yes,,Yes,,,,,Yes,,Yes,Yes,,,166,St Lawrence-East Bayfront-The Islands,77,Waterfront Communities-The Island (77),D51,631475.3342,4833796.904
12881,80632144,,26/08/2016,2016,850,LOWER JARVIS ST,LAKE SHORE BLVD E,,Major Arterial,Toronto and East York,43.645556,-79.369815,At Intersection,Traffic Signal,Clear,Daylight,Dry,Non-Fatal Injury,Pedestrian Collisions,Passenger,20 to 24,Minimal,,,"Automobile, Station Wagon",,,,,,,,,,Yes,,Yes,,,,,Yes,,Yes,Yes,,,166,St Lawrence-East Bayfront-The Islands,77,Waterfront Communities-The Island (77),D51,631475.3342,4833796.904
12882,80632145,,26/08/2016,2016,850,LOWER JARVIS ST,LAKE SHORE BLVD E,,Major Arterial,Toronto and East York,43.645556,-79.369815,At Intersection,Traffic Signal,Clear,Daylight,Dry,Non-Fatal Injury,Pedestrian Collisions,Pedestrian,20 to 24,Major,,Unknown,,,,,Pedestrian hit on sidewalk or shoulder,On Sidewalk or Shoulder,Normal,,,,Yes,,Yes,,,,,Yes,,Yes,Yes,,,166,St Lawrence-East Bayfront-The Islands,77,Waterfront Communities-The Island (77),D51,631475.3342,4833796.904
12883,80769167,,26/08/2016,2016,1600,116 ELINOR AVE,JOY DR,68 m North o,Local,Scarborough,43.752097,-79.303737,At/Near Private Drive,No Control,Clear,Daylight,Dry,Non-Fatal Injury,Cyclist Collisions,Driver,unknown,None,,North,"Automobile, Station Wagon",Turning Left,Failed to Yield Right of Way,Inattentive,,,,,,,,Yes,Yes,,,,,,,Yes,,,,119,Wexford/Maryvale,119,Wexford/Maryvale (119),D41,636562.5307,4845736.599
12884,80769168,,26/08/2016,2016,1600,116 ELINOR AVE,JOY DR,68 m North o,Local,Scarborough,43.752097,-79.303737,At/Near Private Drive,No Control,Clear,Daylight,Dry,Non-Fatal Injury,Cyclist Collisions,Cyclist,50 to 54,Major,,South,Bicycle,Going Ahead,,,,,,Motorist turned left across cyclists path.,Driving Properly,Normal,,Yes,Yes,,,,,,,Yes,,,,119,Wexford/Maryvale,119,Wexford/Maryvale (119),D41,636562.5307,4845736.599
12885,80769203,,26/08/2016,2016,2215,LAKE SHORE BLVD W,BRITISH COLUMBIA RD,368 m East o,Major Arterial,Toronto and East York,43.629969,-79.425586,Non Intersection,No Control,Clear,"Dark, artificial",Dry,Non-Fatal Injury,Sideswipe,Motorcycle Driver,40 to 44,Major,,East,Motorcycle,Going Ahead,Lost control,Normal,,,,,,,,,Yes,Yes,,,,Yes,Yes,Yes,,,,163,Fort York-Liberty Village,82,Niagara (82),D14,627010.1615,4831978.927
12886,80769204,,26/08/2016,2016,2215,LAKE SHORE BLVD W,BRITISH COLUMBIA RD,368 m East o,Major Arterial,Toronto and East York,43.629969,-79.425586,Non Intersection,No Control,Clear,"Dark, artificial",Dry,Non-Fatal Injury,Sideswipe,Driver,55 to 59,None,,East,"Automobile, Station Wagon",Going Ahead,Driving Properly,Normal,,,,,,,,,Yes,Yes,,,,Yes,Yes,Yes,,,,163,Fort York-Liberty Village,82,Niagara (82),D14,627010.1615,4831978.927
12887,80769205,,26/08/2016,2016,2215,LAKE SHORE BLVD W,BRITISH COLUMBIA RD,368 m East o,Major Arterial,Toronto and East York,43.629969,-79.425586,Non Intersection,No Control,Clear,"Dark, artificial",Dry,Non-Fatal Injury,Sideswipe,Passenger,50 to 54,None,,,,,,,,,,,,,,,Yes,Yes,,,,Yes,Yes,Yes,,,,163,Fort York-Liberty Village,82,Niagara (82),D14,627010.1615,4831978.927
12888,80632149,,27/08/2016,2016,1356,ROYAL YORK RD,NEWCASTLE ST,,Minor Arterial,Etobicoke York,43.617427,-79.498882,At Intersection,Traffic Signal,Clear,Daylight,Dry,Non-Fatal Injury,Pedestrian Collisions,Driver,70 to 74,None,,West,"Automobile, Station Wagon",Turning Left,Failed to Yield Right of Way,Normal,,,,,,,Yes,,Yes,,,,,,,Yes,,,,160,Mimico-Queensway,17,Mimico (includes Humber Bay Shores) (17),D22,621122.401,4830476.456
12889,80632150,,27/08/2016,2016,1356,ROYAL YORK RD,NEWCASTLE ST,,Minor Arterial,Etobicoke York,43.617427,-79.498882,At Intersection,Traffic Signal,Clear,Daylight,Dry,Non-Fatal Injury,Pedestrian Collisions,Pedestrian,65 to 69,Major,,East,,,,,Vehicle turns left while ped crosses with ROW at inter.,Crossing with right of way,Normal,,,,Yes,,Yes,,,,,,,Yes,,,,160,Mimico-Queensway,17,Mimico (includes Humber Bay Shores) (17),D22,621122.401,4830476.456
12890,80716168,,27/08/2016,2016,2315,18 CORTLEIGH BLVD,,,Local,North York,43.71342,-79.407489,Non Intersection,No Control,Clear,Dark,Dry,Non-Fatal Injury,Other,Passenger,15 to 19,None,,,,,,,,,,,,,,,Yes,,,,,Yes,Yes,Yes,,,,103,Lawrence Park South,103,Lawrence Park South (103),D53,628292.1547,4841275.128
12891,80717197,,27/08/2016,2016,2315,18 CORTLEIGH BLVD,,,Local,North York,43.71342,-79.407489,Non Intersection,No Control,Clear,Dark,Dry,Non-Fatal Injury,Other,Driver,15 to 19,None,,West,Passenger Van,Going Ahead,Speed too Fast For Condition,Unknown,,,,,,,,,Yes,,,,,Yes,Yes,Yes,,,,103,Lawrence Park South,103,Lawrence Park South (103),D53,628292.1547,4841275.128
12892,80717198,,27/08/2016,2016,2315,18 CORTLEIGH BLVD,,,Local,North York,43.71342,-79.407489,Non Intersection,No Control,Clear,Dark,Dry,Non-Fatal Injury,Other,Passenger,15 to 19,Major,,,,,,,,,,,,,,,Yes,,,,,Yes,Yes,Yes,,,,103,Lawrence Park South,103,Lawrence Park South (103),D53,628292.1547,4841275.128
12893,80717199,,27/08/2016,2016,2315,18 CORTLEIGH BLVD,,,Local,North York,43.71342,-79.407489,Non Intersection,No Control,Clear,Dark,Dry,Non-Fatal Injury,Other,Passenger,15 to 19,None,,,,,,,,,,,,,,,Yes,,,,,Yes,Yes,Yes,,,,103,Lawrence Park South,103,Lawrence Park South (103),D53,628292.1547,4841275.128
12894,80717200,,27/08/2016,2016,2315,18 CORTLEIGH BLVD,,,Local,North York,43.71342,-79.407489,Non Intersection,No Control,Clear,Dark,Dry,Non-Fatal Injury,Other,Passenger,15 to 19,None,,,,,,,,,,,,,,,Yes,,,,,Yes,Yes,Yes,,,,103,Lawrence Park South,103,Lawrence Park South (103),D53,628292.1547,4841275.128
12895,80632156,,29/08/2016,2016,745,STEELES AVE E,PHARMACY AVE,,Major Arterial,Scarborough,43.816851,-79.336429,At Intersection,Traffic Signal,Clear,Daylight,Dry,Non-Fatal Injury,Pedestrian Collisions,Driver,35 to 39,None,,East,"Automobile, Station Wagon",Turning Right,Failed to Yield Right of Way,Inattentive,,,,,,,Yes,,Yes,,,,,,,Yes,,,,116,Steeles,116,Steeles (116),D42,633786.0086,4852875.161
12896,80632157,,29/08/2016,2016,745,STEELES AVE E,PHARMACY AVE,,Major Arterial,Scarborough,43.816851,-79.336429,At Intersection,Traffic Signal,Clear,Daylight,Dry,Non-Fatal Injury,Pedestrian Collisions,Pedestrian,20 to 24,Major,,East,,,,,Vehicle turns right while ped crosses with ROW at inter.,Crossing with right of way,Normal,,,,Yes,,Yes,,,,,,,Yes,,,,116,Steeles,116,Steeles (116),D42,633786.0086,4852875.161
12897,80716391,,29/08/2016,2016,1610,WARDEN AVE,CONTINENTAL PL,,Major Arterial,Scarborough,43.763491,-79.301257,At Intersection,Stop Sign,Clear,Daylight,Dry,Non-Fatal Injury,Turning Movement,Driver,55 to 59,None,,West,"Automobile, Station Wagon",Turning Left,Improper Turn,Inattentive,,,,,,,,,Yes,Yes,,,,,,,,,,119,Wexford/Maryvale,119,Wexford/Maryvale (119),D41,636736.2358,4847006.168
12898,80716392,,29/08/2016,2016,1610,WARDEN AVE,CONTINENTAL PL,,Major Arterial,Scarborough,43.763491,-79.301257,At Intersection,Stop Sign,Clear,Daylight,Dry,Non-Fatal Injury,Turning Movement,Motorcycle Driver,30 to 34,Major,,North,Motorcycle,Going Ahead,Driving Properly,Normal,,,,,,,,,Yes,Yes,,,,,,,,,,119,Wexford/Maryvale,119,Wexford/Maryvale (119),D41,636736.2358,4847006.168
12899,80565040,,30/08/2016,2016,630,WARDEN AVE,FINCH AVE E,25M,Major Arterial,Scarborough,43.796763,-79.315753,At Intersection,Traffic Signal,Clear,Daylight,Dry,Fatal,Rear End,Passenger,25 to 29,Fatal,54,,,,,,,,,,,,,,Yes,,,Yes,,Yes,,,,,,148,East L'Amoreaux,117,L'Amoreaux (117),D42,635494.222,4850677.71
12900,80565041,,30/08/2016,2016,630,WARDEN AVE,FINCH AVE E,25M,Major Arterial,Scarborough,43.796763,-79.315753,At Intersection,Traffic Signal,Clear,Daylight,Dry,Fatal,Rear End,Driver,50 to 54,Major,,South,"Automobile, Station Wagon",Going Ahead,Lost control,Inattentive,,,,,,,,,Yes,,,Yes,,Yes,,,,,,148,East L'Amoreaux,117,L'Amoreaux (117),D42,635494.222,4850677.71
12901,80565042,,30/08/2016,2016,630,WARDEN AVE,FINCH AVE E,25M,Major Arterial,Scarborough,43.796763,-79.315753,At Intersection,Traffic Signal,Clear,Daylight,Dry,Fatal,Rear End,Driver,65 to 69,None,,South,Municipal Transit Bus (TTC),Stopped,Driving Properly,Normal,,,,,,,,,Yes,,,Yes,,Yes,,,,,,148,East L'Amoreaux,117,L'Amoreaux (117),D42,635494.222,4850677.71
12902,80565043,,30/08/2016,2016,630,WARDEN AVE,FINCH AVE E,25M,Major Arterial,Scarborough,43.796763,-79.315753,At Intersection,Traffic Signal,Clear,Daylight,Dry,Fatal,Rear End,Passenger,55 to 59,Major,,,,,,,,,,,,,,,Yes,,,Yes,,Yes,,,,,,148,East L'Amoreaux,117,L'Amoreaux (117),D42,635494.222,4850677.71
12903,80717410,,01/09/2016,2016,1413,ROGERS RD,KANE AVE,,Minor Arterial,Etobicoke York,43.682048,-79.46651,Intersection Related,No Control,Clear,Daylight,Dry,Non-Fatal Injury,Cyclist Collisions,Cyclist,60 to 64,Major,,South,Bicycle,Going Ahead,,,,,,Cyclist turned left across motorists path.,Failed to Yield Right of Way,Normal,,Yes,Yes,,,,,,,Yes,,,,110,Keelesdale-Eglinton West,110,Keelesdale-Eglinton West (110),D12,623601.8411,4837701.18
12904,80717411,,01/09/2016,2016,1413,ROGERS RD,KANE AVE,,Minor Arterial,Etobicoke York,43.682048,-79.46651,Intersection Related,No Control,Clear,Daylight,Dry,Non-Fatal Injury,Cyclist Collisions,Driver,70 to 74,None,,East,"Automobile, Station Wagon",Going Ahead,Driving Properly,Normal,,,,,,,,Yes,Yes,,,,,,,Yes,,,,110,Keelesdale-Eglinton West,110,Keelesdale-Eglinton West (110),D12,623601.8411,4837701.18
12905,80565107,,01/09/2016,2016,2230,BAY ST,HARBOUR ST,,Major Arterial,Toronto and East York,43.642066,-79.377452,Intersection Related,Traffic Signal,Clear,"Dark, artificial",Dry,Fatal,Turning Movement,Motorcycle Driver,30 to 34,Fatal,56,North,Motorcycle,Going Ahead,Driving Properly,Unknown,,,,,,,,,Yes,Yes,,,,,,,,,,166,St Lawrence-East Bayfront-The Islands,77,Waterfront Communities-The Island (77),D52,630866.977,4833397.224
12906,80565308,,01/09/2016,2016,2230,BAY ST,HARBOUR ST,,Major Arterial,Toronto and East York,43.642066,-79.377452,Intersection Related,Traffic Signal,Clear,"Dark, artificial",Dry,Fatal,Turning Movement,Driver,65 to 69,None,,South,"Automobile, Station Wagon",Turning Left,Improper Turn,Inattentive,,,,,,,,,Yes,Yes,,,,,,,,,,166,St Lawrence-East Bayfront-The Islands,77,Waterfront Communities-The Island (77),D52,630866.977,4833397.224
12907,80632162,,02/09/2016,2016,1630,LONSDALE RD,ORIOLE RD,,Major Arterial,Toronto and East York,43.691004,-79.401546,At Intersection,No Control,Clear,Daylight,Dry,Non-Fatal Injury,Cyclist Collisions,Driver,55 to 59,None,,West,"Automobile, Station Wagon",Turning Left,Improper Turn,Inattentive,,,,,,,,Yes,Yes,,,,,,,,,,,97,Yonge-St.Clair,97,Yonge-St.Clair (97),D53,628818.9257,4838794.733
12908,80632163,,02/09/2016,2016,1630,LONSDALE RD,ORIOLE RD,,Major Arterial,Toronto and East York,43.691004,-79.401546,At Intersection,No Control,Clear,Daylight,Dry,Non-Fatal Injury,Cyclist Collisions,Cyclist,20 to 24,Major,,East,Bicycle,Going Ahead,,,,,,Motorist turned left across cyclists path.,Driving Properly,Normal,,Yes,Yes,,,,,,,,,,,97,Yonge-St.Clair,97,Yonge-St.Clair (97),D53,628818.9257,4838794.733
12909,80718306,,04/09/2016,2016,1400,GERRARD ST E,RIVER ST,80 m East of,Minor Arterial,Toronto and East York,43.663905,-79.358226,Non Intersection,No Control,Clear,Daylight,Dry,Non-Fatal Injury,Cyclist Collisions,Cyclist,65 to 69,Major,,West,Bicycle,Changing Lanes,,,,,,Cyclist and Driver travelling in same direction. One vehicle sideswipes the other.,Improper Lane Change,Inattentive,,Yes,Yes,,,,,Yes,,,,,,72,Regent Park,72,Regent Park (72),D51,632369.6823,4835853.229
12910,80718307,,04/09/2016,2016,1400,GERRARD ST E,RIVER ST,80 m East of,Minor Arterial,Toronto and East York,43.663905,-79.358226,Non Intersection,No Control,Clear,Daylight,Dry,Non-Fatal Injury,Cyclist Collisions,Driver,20 to 24,None,,West,"Automobile, Station Wagon",Going Ahead,Driving Properly,Normal,,,,,,,,Yes,Yes,,,,,Yes,,,,,,72,Regent Park,72,Regent Park (72),D51,632369.6823,4835853.229
12911,80718308,,04/09/2016,2016,1400,GERRARD ST E,RIVER ST,80 m East of,Minor Arterial,Toronto and East York,43.663905,-79.358226,Non Intersection,No Control,Clear,Daylight,Dry,Non-Fatal Injury,Cyclist Collisions,Passenger,20 to 24,None,,,,,,,,,,,,,,Yes,Yes,,,,,Yes,,,,,,72,Regent Park,72,Regent Park (72),D51,632369.6823,4835853.229
12912,80769401,,05/09/2016,2016,210,ST CLAIR AVE E,DANFORTH RD,,Major Arterial,Scarborough,43.716773,-79.259883,At Intersection,Traffic Signal,Clear,"Dark, artificial",Dry,Non-Fatal Injury,Angle,Driver,45 to 49,None,,South,"Automobile, Station Wagon",Going Ahead,Disobeyed Traffic Control,Inattentive,,,,,,,,,Yes,,,,,Yes,,Yes,Yes,,,120,Clairlea-Birchmount,120,Clairlea-Birchmount (120),D41,640175.561,4841886.581
12913,80769402,,05/09/2016,2016,210,ST CLAIR AVE E,DANFORTH RD,,Major Arterial,Scarborough,43.716773,-79.259883,At Intersection,Traffic Signal,Clear,"Dark, artificial",Dry,Non-Fatal Injury,Angle,Driver,45 to 49,None,,West,"Automobile, Station Wagon",Going Ahead,Driving Properly,Normal,,,,,,,,,Yes,,,,,Yes,,Yes,Yes,,,120,Clairlea-Birchmount,120,Clairlea-Birchmount (120),D41,640175.561,4841886.581
12914,80769403,,05/09/2016,2016,210,ST CLAIR AVE E,DANFORTH RD,,Major Arterial,Scarborough,43.716773,-79.259883,At Intersection,Traffic Signal,Clear,"Dark, artificial",Dry,Non-Fatal Injury,Angle,Passenger,50 to 54,Major,,,,,,,,,,,,,,,Yes,,,,,Yes,,Yes,Yes,,,120,Clairlea-Birchmount,120,Clairlea-Birchmount (120),D41,640175.561,4841886.581
12915,80565103,,05/09/2016,2016,220,MOUNT PLEASANT RD,ROXBOROUGH DR,,Major Arterial,Toronto and East York,43.680724,-79.382404,At Intersection,No Control,Clear,Dark,Dry,Fatal,SMV Other,Passenger,25 to 29,Fatal,55,,,,,,,,,,,,,,Yes,,,,,Yes,Yes,Yes,,Yes,,98,Rosedale-Moore Park,98,Rosedale-Moore Park (98),D53,630383.8593,4837682.913
12916,80565104,,05/09/2016,2016,220,MOUNT PLEASANT RD,ROXBOROUGH DR,,Major Arterial,Toronto and East York,43.680724,-79.382404,At Intersection,No Control,Clear,Dark,Dry,Fatal,SMV Other,Driver,20 to 24,Minor,,North,"Automobile, Station Wagon",Going Ahead,Lost control,"Ability Impaired, Alcohol",,,,,,,,,Yes,,,,,Yes,Yes,Yes,,Yes,,98,Rosedale-Moore Park,98,Rosedale-Moore Park (98),D53,630383.8593,4837682.913
12917,80565105,,05/09/2016,2016,220,MOUNT PLEASANT RD,ROXBOROUGH DR,,Major Arterial,Toronto and East York,43.680724,-79.382404,At Intersection,No Control,Clear,Dark,Dry,Fatal,SMV Other,Passenger,25 to 29,Minor,,,,,,,,,,,,,,,Yes,,,,,Yes,Yes,Yes,,Yes,,98,Rosedale-Moore Park,98,Rosedale-Moore Park (98),D53,630383.8593,4837682.913
12918,80565106,,05/09/2016,2016,220,MOUNT PLEASANT RD,ROXBOROUGH DR,,Major Arterial,Toronto and East York,43.680724,-79.382404,At Intersection,No Control,Clear,Dark,Dry,Fatal,SMV Other,Passenger,15 to 19,Minor,,,,,,,,,,,,,,,Yes,,,,,Yes,Yes,Yes,,Yes,,98,Rosedale-Moore Park,98,Rosedale-Moore Park (98),D53,630383.8593,4837682.913
12919,80717563,,05/09/2016,2016,1600,KINGSTON RD,FALLINGBROOK RD,,Major Arterial,Scarborough,43.682185,-79.279201,At Intersection,Traffic Signal,Clear,Daylight,Dry,Non-Fatal Injury,Turning Movement,Driver,80 to 84,None,,East,"Automobile, Station Wagon",Turning Left,Failed to Yield Right of Way,Inattentive,,,,,,,,,Yes,Yes,,,,Yes,,Yes,,,,122,Birchcliffe-Cliffside,122,Birchcliffe-Cliffside (122),D41,638699.1092,4838012.599
12920,80717564,,05/09/2016,2016,1600,KINGSTON RD,FALLINGBROOK RD,,Major Arterial,Scarborough,43.682185,-79.279201,At Intersection,Traffic Signal,Clear,Daylight,Dry,Non-Fatal Injury,Turning Movement,Motorcycle Driver,55 to 59,Major,,West,Motorcycle,Going Ahead,Driving Properly,Normal,,,,,,,,,Yes,Yes,,,,Yes,,Yes,,,,122,Birchcliffe-Cliffside,122,Birchcliffe-Cliffside (122),D41,638699.1092,4838012.599
12921,80717565,,05/09/2016,2016,1600,KINGSTON RD,FALLINGBROOK RD,,Major Arterial,Scarborough,43.682185,-79.279201,At Intersection,Traffic Signal,Clear,Daylight,Dry,Non-Fatal Injury,Turning Movement,Driver,50 to 54,None,,South,"Automobile, Station Wagon",Stopped,Driving Properly,Normal,,,,,,,,,Yes,Yes,,,,Yes,,Yes,,,,122,Birchcliffe-Cliffside,122,Birchcliffe-Cliffside (122),D41,638699.1092,4838012.599
12922,80717566,,05/09/2016,2016,1600,KINGSTON RD,FALLINGBROOK RD,,Major Arterial,Scarborough,43.682185,-79.279201,At Intersection,Traffic Signal,Clear,Daylight,Dry,Non-Fatal Injury,Turning Movement,Passenger,50 to 54,None,,,,,,,,,,,,,,,Yes,Yes,,,,Yes,,Yes,,,,122,Birchcliffe-Cliffside,122,Birchcliffe-Cliffside (122),D41,638699.1092,4838012.599