OBJECTID,INDEX,ACCNUM,DATE,ACCIDENT_YEAR,TIME,STREET1,STREET2,OFFSET,ROAD_CLASS,DISTRICT,LATITUDE,LONGITUDE,ACCLOC,TRAFFCTL,VISIBILITY,LIGHT,RDSFCOND,ACCLASS,IMPACTYPE,INVTYPE,INVAGE,INJURY,FATAL_NO,INITDIR,VEHTYPE,MANOEUVER,DRIVACT,DRIVCOND,PEDTYPE,PEDACT,PEDCOND,CYCLISTYPE,CYCACT,CYCCOND,PEDESTRIAN,CYCLIST,AUTOMOBILE,MOTORCYCLE,TRUCK,TRSN_CITY_VEH,EMERG_VEH,PASSENGER,SPEEDING,AG_DRIV,REDLIGHT,ALCOHOL,DISABILITY,HOOD_158,NEIGHBOURHOOD_158,HOOD_140,NEIGHBOURHOOD_140,DIVISION,x,y
12923,80717567,,05/09/2016,2016,1600,KINGSTON RD,FALLINGBROOK RD,,Major Arterial,Scarborough,43.682185,-79.279201,At Intersection,Traffic Signal,Clear,Daylight,Dry,Non-Fatal Injury,Turning Movement,Passenger,55 to 59,None,,,,,,,,,,,,,,,Yes,Yes,,,,Yes,,Yes,,,,122,Birchcliffe-Cliffside,122,Birchcliffe-Cliffside (122),D41,638699.1092,4838012.599
12924,80632178,,05/09/2016,2016,1913,CARLTON ST,SEATON ST,37 m East of,Minor Arterial,Toronto and East York,43.663439,-79.371478,Intersection Related,No Control,Clear,Daylight,Dry,Non-Fatal Injury,Cyclist Collisions,Driver,35 to 39,None,,East,"Automobile, Station Wagon",Going Ahead,Speed too Fast For Condition,Normal,,,,,,,,Yes,Yes,,,,,,Yes,Yes,,,,73,Moss Park,73,Moss Park (73),D51,631302.2308,4835780.414
12925,80632179,,05/09/2016,2016,1913,CARLTON ST,SEATON ST,37 m East of,Minor Arterial,Toronto and East York,43.663439,-79.371478,Intersection Related,No Control,Clear,Daylight,Dry,Non-Fatal Injury,Cyclist Collisions,Cyclist,45 to 49,Major,,East,Bicycle,Going Ahead,,,,,,Cyclist and Driver travelling in same direction. One vehicle rear-ended the other.,Driving Properly,Normal,,Yes,Yes,,,,,,Yes,Yes,,,,73,Moss Park,73,Moss Park (73),D51,631302.2308,4835780.414
12926,80717845,,06/09/2016,2016,1643,HULLRICK DR,CINRICKBAR DR,,Local,Etobicoke York,43.722979,-79.620067,At Intersection,Stop Sign,Clear,Daylight,Dry,Non-Fatal Injury,Angle,Driver,25 to 29,None,,South,"Automobile, Station Wagon",Going Ahead,Disobeyed Traffic Control,Normal,,,,,,,,,Yes,,,,,Yes,,Yes,,,,1,West Humber-Clairville,1,West Humber-Clairville (1),D23,611149.1417,4842029.737
12927,80717846,,06/09/2016,2016,1643,HULLRICK DR,CINRICKBAR DR,,Local,Etobicoke York,43.722979,-79.620067,At Intersection,Stop Sign,Clear,Daylight,Dry,Non-Fatal Injury,Angle,Driver,50 to 54,Major,,West,"Automobile, Station Wagon",Going Ahead,Driving Properly,Normal,,,,,,,,,Yes,,,,,Yes,,Yes,,,,1,West Humber-Clairville,1,West Humber-Clairville (1),D23,611149.1417,4842029.737
12928,80717847,,06/09/2016,2016,1643,HULLRICK DR,CINRICKBAR DR,,Local,Etobicoke York,43.722979,-79.620067,At Intersection,Stop Sign,Clear,Daylight,Dry,Non-Fatal Injury,Angle,Passenger,25 to 29,None,,,,,,,,,,,,,,,Yes,,,,,Yes,,Yes,,,,1,West Humber-Clairville,1,West Humber-Clairville (1),D23,611149.1417,4842029.737
12929,80717848,,06/09/2016,2016,1643,HULLRICK DR,CINRICKBAR DR,,Local,Etobicoke York,43.722979,-79.620067,At Intersection,Stop Sign,Clear,Daylight,Dry,Non-Fatal Injury,Angle,Passenger,15 to 19,None,,,,,,,,,,,,,,,Yes,,,,,Yes,,Yes,,,,1,West Humber-Clairville,1,West Humber-Clairville (1),D23,611149.1417,4842029.737
12930,80719261,,06/09/2016,2016,2040,1058 GERRARD ST E,,5 m South of,Minor Arterial,Toronto and East York,43.669036,-79.336017,Non Intersection,No Control,Clear,"Dark, artificial",Dry,Non-Fatal Injury,Pedestrian Collisions,Driver,40 to 44,None,,East,"Automobile, Station Wagon",Going Ahead,Driving Properly,Had Been Drinking,,,,,,,Yes,,Yes,,,,,,,,,,,70,South Riverdale,70,South Riverdale (70),D55,634148.8949,4836458.771
12931,80719262,,06/09/2016,2016,2040,1058 GERRARD ST E,,5 m South of,Minor Arterial,Toronto and East York,43.669036,-79.336017,Non Intersection,No Control,Clear,"Dark, artificial",Dry,Non-Fatal Injury,Pedestrian Collisions,Pedestrian,60 to 64,Major,,South,,,,,Pedestrian hit at mid-block,"Crossing, no Traffic Control",Normal,,,,Yes,,Yes,,,,,,,,,,,70,South Riverdale,70,South Riverdale (70),D55,634148.8949,4836458.771
12932,80887736,,07/09/2016,2016,28,DANFORTH RD,BARRYMORE RD,18 m North o,Major Arterial,Scarborough,43.750331,-79.244403,Non Intersection,No Control,Clear,"Dark, artificial",Dry,Non-Fatal Injury,Pedestrian Collisions,Pedestrian,20 to 24,Major,,East,,,,,Pedestrian hit at mid-block,"Crossing, no Traffic Control","Ability Impaired, Alcohol",,,,Yes,,Yes,,,,,,,,,Yes,,157,Bendale South,127,Bendale (127),D43,641343.5981,4845639.997
12933,80887737,,07/09/2016,2016,28,DANFORTH RD,BARRYMORE RD,18 m North o,Major Arterial,Scarborough,43.750331,-79.244403,Non Intersection,No Control,Clear,"Dark, artificial",Dry,Non-Fatal Injury,Pedestrian Collisions,Driver,30 to 34,None,,North,"Automobile, Station Wagon",Going Ahead,Driving Properly,"Ability Impaired, Alcohol Over .08",,,,,,,Yes,,Yes,,,,,,,,,Yes,,157,Bendale South,127,Bendale (127),D43,641343.5981,4845639.997
12934,80769408,,08/09/2016,2016,37,MELFORD DR,TAPSCOTT RD,80 m West of,Collector,Scarborough,43.810794,-79.236697,Non Intersection,No Control,Rain,"Dark, artificial",Wet,Non-Fatal Injury,SMV Unattended Vehicle,Driver,50 to 54,None,,East,"Automobile, Station Wagon",Going Ahead,Speed too Fast For Condition,Inattentive,,,,,,,,,Yes,,Yes,,,Yes,Yes,Yes,,,,145,Malvern West,132,Malvern (132),D42,641820.9789,4852368.549
12935,80769437,,08/09/2016,2016,37,MELFORD DR,TAPSCOTT RD,80 m West of,Collector,Scarborough,43.810794,-79.236697,Non Intersection,No Control,Rain,"Dark, artificial",Wet,Non-Fatal Injury,SMV Unattended Vehicle,Other,unknown,None,,East,Truck - Dump,Parked,,,,,,,,,,,Yes,,Yes,,,Yes,Yes,Yes,,,,145,Malvern West,132,Malvern (132),D42,641820.9789,4852368.549
12936,80769438,,08/09/2016,2016,37,MELFORD DR,TAPSCOTT RD,80 m West of,Collector,Scarborough,43.810794,-79.236697,Non Intersection,No Control,Rain,"Dark, artificial",Wet,Non-Fatal Injury,SMV Unattended Vehicle,Passenger,45 to 49,Major,,,,,,,,,,,,,,,Yes,,Yes,,,Yes,Yes,Yes,,,,145,Malvern West,132,Malvern (132),D42,641820.9789,4852368.549
12937,80717660,,09/09/2016,2016,610,VICTORIA PARK AVE,HUNTINGWOOD DR,100 m South ,Major Arterial,North York,43.779479,-79.324985,Non Intersection,No Control,Clear,"Dark, artificial",Dry,Non-Fatal Injury,SMV Other,Driver,35 to 39,Major,,North,"Automobile, Station Wagon",Going Ahead,Lost control,Fatigue,,,,,,,,,Yes,,,,,,,,,,,147,L'Amoreaux West,117,L'Amoreaux (117),D42,634790.3649,4848742.976
12938,80784554,,09/09/2016,2016,1733,LAUDER AVE,AMHERST AVE,100 m North ,Local,Toronto and East York,43.691344,-79.444896,Non Intersection,No Control,Clear,"Dark, artificial",Dry,Non-Fatal Injury,Pedestrian Collisions,Driver,unknown,None,,Unknown,"Automobile, Station Wagon",Unknown,Other,Unknown,,,,,,,Yes,,Yes,,,,,,,,,,,107,Oakwood Village,107,Oakwood Village (107),D13,625324.6211,4838766.065
12939,80784555,,09/09/2016,2016,1733,LAUDER AVE,AMHERST AVE,100 m North ,Local,Toronto and East York,43.691344,-79.444896,Non Intersection,No Control,Clear,"Dark, artificial",Dry,Non-Fatal Injury,Pedestrian Collisions,Pedestrian,15 to 19,Major,,Unknown,,,,,Unknown,Other,Other,,,,Yes,,Yes,,,,,,,,,,,107,Oakwood Village,107,Oakwood Village (107),D13,625324.6211,4838766.065
12940,80632188,,09/09/2016,2016,2305,BATHURST ST,COCKSFIELD AVE,20 m South o,Major Arterial,North York,43.75672,-79.438747,Non Intersection,No Control,Clear,"Dark, artificial",Dry,Non-Fatal Injury,Pedestrian Collisions,Driver,30 to 34,Minor,,North,"Automobile, Station Wagon",Going Ahead,Driving Properly,Normal,,,,,,,Yes,,Yes,,,,,,,,,,,34,Bathurst Manor,34,Bathurst Manor (34),D32,625683.3816,4846036.316
12941,80632189,,09/09/2016,2016,2305,BATHURST ST,COCKSFIELD AVE,20 m South o,Major Arterial,North York,43.75672,-79.438747,Non Intersection,No Control,Clear,"Dark, artificial",Dry,Non-Fatal Injury,Pedestrian Collisions,Pedestrian,50 to 54,Major,,East,,Going Ahead,,,Pedestrian hit at mid-block,"Crossing, no Traffic Control",Inattentive,,,,Yes,,Yes,,,,,,,,,,,34,Bathurst Manor,34,Bathurst Manor (34),D32,625683.3816,4846036.316
12942,80632190,,09/09/2016,2016,2305,BATHURST ST,COCKSFIELD AVE,20 m South o,Major Arterial,North York,43.75672,-79.438747,Non Intersection,No Control,Clear,"Dark, artificial",Dry,Non-Fatal Injury,Pedestrian Collisions,Pedestrian,55 to 59,Major,,East,,Going Ahead,,,Pedestrian hit at mid-block,"Crossing, no Traffic Control",Inattentive,,,,Yes,,Yes,,,,,,,,,,,34,Bathurst Manor,34,Bathurst Manor (34),D32,625683.3816,4846036.316
12943,80717325,,11/09/2016,2016,230,JARVIS ST,GERRARD ST E,,Major Arterial,Toronto and East York,43.660365,-79.375858,At Intersection,Traffic Signal,Clear,Dark,Dry,Non-Fatal Injury,Turning Movement,Driver,45 to 49,Minimal,,South,Passenger Van,Turning Left,Improper Turn,Inattentive,,,,,,,,,Yes,,,,,Yes,Yes,Yes,,,,73,Moss Park,73,Moss Park (73),D51,630955.7658,4835432.083
12944,80717378,,11/09/2016,2016,230,JARVIS ST,GERRARD ST E,,Major Arterial,Toronto and East York,43.660365,-79.375858,At Intersection,Traffic Signal,Clear,Dark,Dry,Non-Fatal Injury,Turning Movement,Driver,20 to 24,Minimal,,North,"Automobile, Station Wagon",Going Ahead,Exceeding Speed Limit,Other,,,,,,,,,Yes,,,,,Yes,Yes,Yes,,,,73,Moss Park,73,Moss Park (73),D51,630955.7658,4835432.083
12945,80717379,,11/09/2016,2016,230,JARVIS ST,GERRARD ST E,,Major Arterial,Toronto and East York,43.660365,-79.375858,At Intersection,Traffic Signal,Clear,Dark,Dry,Non-Fatal Injury,Turning Movement,Passenger,20 to 24,Major,,,,,,,,,,,,,,,Yes,,,,,Yes,Yes,Yes,,,,73,Moss Park,73,Moss Park (73),D51,630955.7658,4835432.083
12946,80717811,,12/09/2016,2016,1651,SHEPPARD AVE E,VANDORF ST,1 m East of,Minor Arterial,Scarborough,43.802382,-79.154285,Non Intersection,No Control,Clear,Daylight,Dry,Non-Fatal Injury,Rear End,Driver,50 to 54,None,,East,"Automobile, Station Wagon",Changing Lanes,Improper Lane Change,Normal,,,,,,,,,Yes,,,,,,Yes,Yes,,,,143,West Rouge,131,Rouge (131),D42,648470.2303,4851578.825
12947,80717812,,12/09/2016,2016,1651,SHEPPARD AVE E,VANDORF ST,1 m East of,Minor Arterial,Scarborough,43.802382,-79.154285,Non Intersection,No Control,Clear,Daylight,Dry,Non-Fatal Injury,Rear End,Driver,55 to 59,Major,,East,"Automobile, Station Wagon",Going Ahead,Speed too Fast For Condition,Normal,,,,,,,,,Yes,,,,,,Yes,Yes,,,,143,West Rouge,131,Rouge (131),D42,648470.2303,4851578.825
12948,80632196,,12/09/2016,2016,1830,HAVENBROOK BLVD,DON MILLS RD,,Major Arterial,North York,43.769499,-79.346492,At Intersection,Traffic Signal,Clear,Daylight,Dry,Non-Fatal Injury,Pedestrian Collisions,Driver,30 to 34,None,,West,"Automobile, Station Wagon",Turning Left,Failed to Yield Right of Way,Inattentive,,,,,,,Yes,,Yes,,,,,,,Yes,,,,53,Henry Farm,53,Henry Farm (53),D33,633081.7911,4847599.751
12949,80632197,,12/09/2016,2016,1830,HAVENBROOK BLVD,DON MILLS RD,,Major Arterial,North York,43.769499,-79.346492,At Intersection,Traffic Signal,Clear,Daylight,Dry,Non-Fatal Injury,Pedestrian Collisions,Pedestrian,55 to 59,Major,,East,,,,,Vehicle turns left while ped crosses with ROW at inter.,Crossing with right of way,Normal,,,,Yes,,Yes,,,,,,,Yes,,,,53,Henry Farm,53,Henry Farm (53),D33,633081.7911,4847599.751
12950,80783715,,15/09/2016,2016,1927,OSSINGTON AVE,ACORES AVE,40 m South o,Minor Arterial,Toronto and East York,43.671096,-79.429454,Non Intersection,No Control,Clear,Daylight,Dry,Non-Fatal Injury,Sideswipe,Motorcycle Driver,15 to 19,Major,,North,Motorcycle,Going Ahead,Lost control,Unknown,,,,,,,,,Yes,Yes,,,,,Yes,Yes,,,,94,Wychwood,94,Wychwood (94),D13,626611.6755,4836540.704
12951,80783716,,15/09/2016,2016,1927,OSSINGTON AVE,ACORES AVE,40 m South o,Minor Arterial,Toronto and East York,43.671096,-79.429454,Non Intersection,No Control,Clear,Daylight,Dry,Non-Fatal Injury,Sideswipe,Driver,unknown,None,,North,"Automobile, Station Wagon",Going Ahead,Speed too Fast For Condition,Unknown,,,,,,,,,Yes,Yes,,,,,Yes,Yes,,,,94,Wychwood,94,Wychwood (94),D13,626611.6755,4836540.704
12952,80718833,,16/09/2016,2016,1047,SHEPPARD AV E,PALMDALE DR,,Major Arterial,Scarborough,43.777972,-79.31116,Intersection Related,No Control,Clear,Daylight,Dry,Non-Fatal Injury,Cyclist Collisions,Cyclist,40 to 44,Major,,East,Bicycle,Going Ahead,,,,,,"Cyclist without ROW rides into path of motorist at inter, lnwy, dwy-Cyclist not turn.",Other,Inattentive,,Yes,,,Yes,,,,,,,,,118,Tam O'Shanter-Sullivan,118,Tam O'Shanter-Sullivan (118),D42,635906.3044,4848598.203
12953,80718834,,16/09/2016,2016,1047,SHEPPARD AV E,PALMDALE DR,,Major Arterial,Scarborough,43.777972,-79.31116,Intersection Related,No Control,Clear,Daylight,Dry,Non-Fatal Injury,Cyclist Collisions,Truck Driver,50 to 54,None,,West,Truck - Dump,Turning Left,Driving Properly,Normal,,,,,,,,Yes,,,Yes,,,,,,,,,118,Tam O'Shanter-Sullivan,118,Tam O'Shanter-Sullivan (118),D42,635906.3044,4848598.203
12954,80565108,,16/09/2016,2016,1242,110 ST REGIS CRES,,,Local,North York,43.754729,-79.482974,At/Near Private Drive,No Control,Clear,Daylight,Dry,Fatal,Pedestrian Collisions,Driver,50 to 54,None,,North,"Automobile, Station Wagon",Reversing,Failed to Yield Right of Way,Normal,,,,,,,Yes,,Yes,,,,,,,Yes,,,,27,York University Heights,27,York University Heights (27),D31,622127.0575,4845749.024
12955,80565332,,16/09/2016,2016,1242,110 ST REGIS CRES,,,Local,North York,43.754729,-79.482974,At/Near Private Drive,No Control,Clear,Daylight,Dry,Fatal,Pedestrian Collisions,Pedestrian,80 to 84,Fatal,57,Unknown,,,,,Vehicle is reversing and hits pedestrian,On Sidewalk or Shoulder,Unknown,,,,Yes,,Yes,,,,,,,Yes,,,,27,York University Heights,27,York University Heights (27),D31,622127.0575,4845749.024
12956,80719030,,16/09/2016,2016,1955,BROWNS LINE,WOODBURY RD,12 m East of,Major Arterial,Etobicoke York,43.599227,-79.544116,At Intersection,Pedestrian Crossover,Clear,Dark,Dry,Non-Fatal Injury,Pedestrian Collisions,Driver,20 to 24,None,,North,"Automobile, Station Wagon",Going Ahead,Driving Properly,Normal,,,,,,,Yes,,Yes,,,,,Yes,,,,,,20,Alderwood,20,Alderwood (20),D22,617507.9567,4828390.142
12957,80719031,,16/09/2016,2016,1955,BROWNS LINE,WOODBURY RD,12 m East of,Major Arterial,Etobicoke York,43.599227,-79.544116,At Intersection,Pedestrian Crossover,Clear,Dark,Dry,Non-Fatal Injury,Pedestrian Collisions,Pedestrian,10 to 14,Major,,East,,,,,Pedestrian hit a PXO/ped. Mid-block signal,Running onto Roadway,Inattentive,,,,Yes,,Yes,,,,,Yes,,,,,,20,Alderwood,20,Alderwood (20),D22,617507.9567,4828390.142
12958,80719032,,16/09/2016,2016,1955,BROWNS LINE,WOODBURY RD,12 m East of,Major Arterial,Etobicoke York,43.599227,-79.544116,At Intersection,Pedestrian Crossover,Clear,Dark,Dry,Non-Fatal Injury,Pedestrian Collisions,Passenger,20 to 24,None,,,,,,,,,,,,,Yes,,Yes,,,,,Yes,,,,,,20,Alderwood,20,Alderwood (20),D22,617507.9567,4828390.142
12959,80719033,,16/09/2016,2016,1955,O CONNOR DR,DOHME AVE,50 m North o,Major Arterial,Toronto and East York,43.710887,-79.308582,Non Intersection,No Control,Clear,"Dark, artificial",Dry,Non-Fatal Injury,Rear End,Driver,20 to 24,Minor,,North,"Automobile, Station Wagon",Going Ahead,Exceeding Speed Limit,Unknown,,,,,,,,,Yes,,,,,,Yes,Yes,,,,54,O'Connor-Parkview,54,O'Connor-Parkview (54),D55,636265.896,4841151.643
12960,80719034,,16/09/2016,2016,1955,O CONNOR DR,DOHME AVE,50 m North o,Major Arterial,Toronto and East York,43.710887,-79.308582,Non Intersection,No Control,Clear,"Dark, artificial",Dry,Non-Fatal Injury,Rear End,Driver,55 to 59,Major,,North,"Automobile, Station Wagon",Stopped,Driving Properly,Normal,,,,,,,,,Yes,,,,,,Yes,Yes,,,,54,O'Connor-Parkview,54,O'Connor-Parkview (54),D55,636265.896,4841151.643
12961,80718720,,19/09/2016,2016,1534,DON MILLS RD W,GOODVIEW RD,72 m North o,Major Arterial,North York,43.784453,-79.353236,Non Intersection,No Control,Clear,Daylight,Dry,Non-Fatal Injury,SMV Other,Motorcycle Driver,15 to 19,Major,,South,Motorcycle,Going Ahead,Lost control,Inattentive,,,,,,,,,,Yes,,,,,,,,,,47,Don Valley Village,47,Don Valley Village (47),D33,632505.9627,4849249.807
12962,80632209,,20/09/2016,2016,1721,JANE ST,COLBECK ST,,Major Arterial,Toronto and East York,43.652877,-79.485935,At Intersection,Pedestrian Crossover,Clear,Daylight,Dry,Non-Fatal Injury,Pedestrian Collisions,Driver,35 to 39,None,,South,"Automobile, Station Wagon",Going Ahead,Failed to Yield Right of Way,Normal,,,,,,,Yes,,Yes,,,,,,,Yes,,,,89,Runnymede-Bloor West Village,89,Runnymede-Bloor West Village (89),D11,622095.2678,4834432.591
12963,80632210,,20/09/2016,2016,1721,JANE ST,COLBECK ST,,Major Arterial,Toronto and East York,43.652877,-79.485935,At Intersection,Pedestrian Crossover,Clear,Daylight,Dry,Non-Fatal Injury,Pedestrian Collisions,Pedestrian,35 to 39,Major,,East,,Going Ahead,,,Pedestrian hit a PXO/ped. Mid-block signal,"Crossing, Pedestrian Crossover",Normal,,,,Yes,,Yes,,,,,,,Yes,,,,89,Runnymede-Bloor West Village,89,Runnymede-Bloor West Village (89),D11,622095.2678,4834432.591
12964,80632211,,20/09/2016,2016,1754,BLOOR ST W,LIPPINCOTT ST,,Major Arterial,Toronto and East York,43.665316,-79.409953,At Intersection,Stop Sign,Clear,Daylight,Dry,Non-Fatal Injury,Cyclist Collisions,Driver,50 to 54,None,,North,"Automobile, Station Wagon",Slowing or Stopping,Failed to Yield Right of Way,Inattentive,,,,,,,,Yes,Yes,,,,,,,Yes,,,,79,University,79,University (79),D14,628196.0944,4835928.707
12965,80632212,,20/09/2016,2016,1754,BLOOR ST W,LIPPINCOTT ST,,Major Arterial,Toronto and East York,43.665316,-79.409953,At Intersection,Stop Sign,Clear,Daylight,Dry,Non-Fatal Injury,Cyclist Collisions,Cyclist,25 to 29,Major,,East,Bicycle,Going Ahead,,,,,,"Motorist without ROW drives into path of cyclist at inter, lnwy, dwy-Driver not turn.",Driving Properly,Normal,,Yes,Yes,,,,,,,Yes,,,,79,University,79,University (79),D14,628196.0944,4835928.707
12966,80719044,,20/09/2016,2016,2130,SHEPPARD AVE E,BONESET RD,55 m East of,Major Arterial,North York,43.775275,-79.333202,Non Intersection,No Control,Clear,"Dusk, artificial",Dry,Non-Fatal Injury,Pedestrian Collisions,Driver,55 to 59,None,,West,"Automobile, Station Wagon",Going Ahead,Lost control,Normal,,,,,,,Yes,,Yes,,,,,,,,,,,53,Henry Farm,53,Henry Farm (53),D33,634138.5271,4848262.711
12967,80719045,,20/09/2016,2016,2130,SHEPPARD AVE E,BONESET RD,55 m East of,Major Arterial,North York,43.775275,-79.333202,Non Intersection,No Control,Clear,"Dusk, artificial",Dry,Non-Fatal Injury,Pedestrian Collisions,Pedestrian,40 to 44,Major,,Unknown,,,,,Pedestrian hit on sidewalk or shoulder,On Sidewalk or Shoulder,Normal,,,,Yes,,Yes,,,,,,,,,,,53,Henry Farm,53,Henry Farm (53),D33,634138.5271,4848262.711
12968,80719163,,21/09/2016,2016,1537,REXDALE BLVD,BERGAMOT AVE,160 m West o,Major Arterial,Etobicoke York,43.712752,-79.561816,Non Intersection,No Control,Clear,Daylight,Dry,Non-Fatal Injury,Turning Movement,Driver,65 to 69,None,,East,"Automobile, Station Wagon",Turning Left,Improper Turn,Normal,,,,,,,,,Yes,Yes,,,,,,,,,,1,West Humber-Clairville,1,West Humber-Clairville (1),D23,615860.8116,4840973.656
12969,80719164,,21/09/2016,2016,1537,REXDALE BLVD,BERGAMOT AVE,160 m West o,Major Arterial,Etobicoke York,43.712752,-79.561816,Non Intersection,No Control,Clear,Daylight,Dry,Non-Fatal Injury,Turning Movement,Motorcycle Driver,35 to 39,Major,,West,Motorcycle,Going Ahead,Driving Properly,Normal,,,,,,,,,Yes,Yes,,,,,,,,,,1,West Humber-Clairville,1,West Humber-Clairville (1),D23,615860.8116,4840973.656
12970,80785524,,21/09/2016,2016,1735,ST CLAIR AVE W,RUSHTON RD,23 m West of,Major Arterial,Toronto and East York,43.681227,-79.427661,Intersection Related,No Control,Clear,Daylight,Dry,Fatal,Pedestrian Collisions,Driver,30 to 34,None,,West,"Automobile, Station Wagon",Going Ahead,Driving Properly,Normal,,,,,,,Yes,,Yes,,,,,Yes,,,,,,94,Wychwood,94,Wychwood (94),D13,626734.893,4837668.627
12971,80785525,,21/09/2016,2016,1735,ST CLAIR AVE W,RUSHTON RD,23 m West of,Major Arterial,Toronto and East York,43.681227,-79.427661,Intersection Related,No Control,Clear,Daylight,Dry,Fatal,Pedestrian Collisions,Passenger,25 to 29,None,,,,,,,,,,,,,Yes,,Yes,,,,,Yes,,,,,,94,Wychwood,94,Wychwood (94),D13,626734.893,4837668.627
12972,80785526,,21/09/2016,2016,1735,ST CLAIR AVE W,RUSHTON RD,23 m West of,Major Arterial,Toronto and East York,43.681227,-79.427661,Intersection Related,No Control,Clear,Daylight,Dry,Fatal,Pedestrian Collisions,Pedestrian,65 to 69,Fatal,78,South,,,,,Pedestrian hit at mid-block,"Crossing, no Traffic Control",Had Been Drinking,,,,Yes,,Yes,,,,,Yes,,,,,,94,Wychwood,94,Wychwood (94),D13,626734.893,4837668.627
12973,80899292,,22/09/2016,2016,944,KING ST W,SIMCOE ST,,Major Arterial,Toronto and East York,43.647322,-79.386073,At Intersection,Traffic Signal,Clear,Daylight,Dry,Non-Fatal Injury,Pedestrian Collisions,Pedestrian,60 to 64,Major,,North,,,,,Vehicle is going straight thru inter.while ped cross without ROW,Crossing without right of way,Normal,,,,Yes,,,Yes,,,,,,,,,,170,Yonge-Bay Corridor,76,Bay Street Corridor (76),D52,630160.289,4833967.414
12974,80899293,,22/09/2016,2016,944,KING ST W,SIMCOE ST,,Major Arterial,Toronto and East York,43.647322,-79.386073,At Intersection,Traffic Signal,Clear,Daylight,Dry,Non-Fatal Injury,Pedestrian Collisions,Motorcycle Driver,50 to 54,None,,West,Motorcycle,Going Ahead,Driving Properly,Normal,,,,,,,Yes,,,Yes,,,,,,,,,,170,Yonge-Bay Corridor,76,Bay Street Corridor (76),D52,630160.289,4833967.414
12975,80632217,,24/09/2016,2016,903,MIDLAND AVE,SHEPPARD AVE E,,Major Arterial,Scarborough,43.785277,-79.278529,At Intersection,Traffic Signal,Clear,Daylight,Dry,Non-Fatal Injury,Cyclist Collisions,Cyclist,10 to 14,Major,,North,Bicycle,Going Ahead,,,,,,Motorist turned left across cyclists path.,Other,Inattentive,,Yes,Yes,,,,,Yes,,,,,,128,Agincourt South-Malvern West,128,Agincourt South-Malvern West (128),D42,638515.3814,4849463.623
12976,80632218,,24/09/2016,2016,903,MIDLAND AVE,SHEPPARD AVE E,,Major Arterial,Scarborough,43.785277,-79.278529,At Intersection,Traffic Signal,Clear,Daylight,Dry,Non-Fatal Injury,Cyclist Collisions,Driver,70 to 74,None,,South,"Automobile, Station Wagon",Turning Left,Improper Turn,Inattentive,,,,,,,,Yes,Yes,,,,,Yes,,,,,,128,Agincourt South-Malvern West,128,Agincourt South-Malvern West (128),D42,638515.3814,4849463.623
12977,80632219,,24/09/2016,2016,903,MIDLAND AVE,SHEPPARD AVE E,,Major Arterial,Scarborough,43.785277,-79.278529,At Intersection,Traffic Signal,Clear,Daylight,Dry,Non-Fatal Injury,Cyclist Collisions,Passenger,70 to 74,None,,,,,,,,,,,,,,Yes,Yes,,,,,Yes,,,,,,128,Agincourt South-Malvern West,128,Agincourt South-Malvern West (128),D42,638515.3814,4849463.623
12978,80719119,,25/09/2016,2016,1629,KEELE ST,STEELES AVE W,,Major Arterial,Etobicoke York,43.781508,-79.494464,At Intersection,Traffic Signal,Clear,Daylight,Dry,Non-Fatal Injury,Angle,Driver,65 to 69,Major,,West,"Automobile, Station Wagon",Going Ahead,Disobeyed Traffic Control,Inattentive,,,,,,,,,Yes,,,,,Yes,,Yes,Yes,,,27,York University Heights,27,York University Heights (27),D31,621147.9828,4848706.356
12979,80719120,,25/09/2016,2016,1629,KEELE ST,STEELES AVE W,,Major Arterial,Etobicoke York,43.781508,-79.494464,At Intersection,Traffic Signal,Clear,Daylight,Dry,Non-Fatal Injury,Angle,Driver,65 to 69,Minor,,North,"Automobile, Station Wagon",Going Ahead,Driving Properly,Normal,,,,,,,,,Yes,,,,,Yes,,Yes,Yes,,,27,York University Heights,27,York University Heights (27),D31,621147.9828,4848706.356
12980,80719121,,25/09/2016,2016,1629,KEELE ST,STEELES AVE W,,Major Arterial,Etobicoke York,43.781508,-79.494464,At Intersection,Traffic Signal,Clear,Daylight,Dry,Non-Fatal Injury,Angle,Driver,55 to 59,Minor,,South,"Automobile, Station Wagon",Stopped,Driving Properly,Normal,,,,,,,,,Yes,,,,,Yes,,Yes,Yes,,,27,York University Heights,27,York University Heights (27),D31,621147.9828,4848706.356
12981,80719122,,25/09/2016,2016,1629,KEELE ST,STEELES AVE W,,Major Arterial,Etobicoke York,43.781508,-79.494464,At Intersection,Traffic Signal,Clear,Daylight,Dry,Non-Fatal Injury,Angle,Passenger,55 to 59,Minor,,,,,,,,,,,,,,,Yes,,,,,Yes,,Yes,Yes,,,27,York University Heights,27,York University Heights (27),D31,621147.9828,4848706.356