OBJECTID,INDEX,ACCNUM,DATE,ACCIDENT_YEAR,TIME,STREET1,STREET2,OFFSET,ROAD_CLASS,DISTRICT,LATITUDE,LONGITUDE,ACCLOC,TRAFFCTL,VISIBILITY,LIGHT,RDSFCOND,ACCLASS,IMPACTYPE,INVTYPE,INVAGE,INJURY,FATAL_NO,INITDIR,VEHTYPE,MANOEUVER,DRIVACT,DRIVCOND,PEDTYPE,PEDACT,PEDCOND,CYCLISTYPE,CYCACT,CYCCOND,PEDESTRIAN,CYCLIST,AUTOMOBILE,MOTORCYCLE,TRUCK,TRSN_CITY_VEH,EMERG_VEH,PASSENGER,SPEEDING,AG_DRIV,REDLIGHT,ALCOHOL,DISABILITY,HOOD_158,NEIGHBOURHOOD_158,HOOD_140,NEIGHBOURHOOD_140,DIVISION,x,y
13101,80722570,,07/11/2016,2016,805,ANCASTER RD,REGENT RD,,Local,North York,43.731738,-79.465846,At Intersection,No Control,Clear,Daylight,Dry,Non-Fatal Injury,Turning Movement,Driver,30 to 34,Minor,,North,"Automobile, Station Wagon",Going Ahead,Driving Properly,Normal,,,,,,,,,Yes,,,,,Yes,,Yes,,,,155,Downsview,26,Downsview-Roding-CFB (26),D32,623553.2316,4843220.936
13102,80722571,,07/11/2016,2016,805,ANCASTER RD,REGENT RD,,Local,North York,43.731738,-79.465846,At Intersection,No Control,Clear,Daylight,Dry,Non-Fatal Injury,Turning Movement,Passenger,0 to 4,Major,,,,,,,,,,,,,,,Yes,,,,,Yes,,Yes,,,,155,Downsview,26,Downsview-Roding-CFB (26),D32,623553.2316,4843220.936
13103,80632315,,07/11/2016,2016,935,AVENUE RD,ROXBOROUGH ST W,,Major Arterial,Toronto and East York,43.676688,-79.397388,At Intersection,No Control,Clear,Daylight,Dry,Non-Fatal Injury,Pedestrian Collisions,Driver,55 to 59,None,,South,"Automobile, Station Wagon",Turning Left,Failed to Yield Right of Way,Inattentive,,,,,,,Yes,,Yes,,,,,Yes,,Yes,,,,95,Annex,95,Annex (95),D53,629184.7457,4837211.214
13104,80632316,,07/11/2016,2016,935,AVENUE RD,ROXBOROUGH ST W,,Major Arterial,Toronto and East York,43.676688,-79.397388,At Intersection,No Control,Clear,Daylight,Dry,Non-Fatal Injury,Pedestrian Collisions,Driver,50 to 54,Minor,,North,"Automobile, Station Wagon",Going Ahead,Driving Properly,Normal,,,,,,,Yes,,Yes,,,,,Yes,,Yes,,,,95,Annex,95,Annex (95),D53,629184.7457,4837211.214
13105,80632317,,07/11/2016,2016,935,AVENUE RD,ROXBOROUGH ST W,,Major Arterial,Toronto and East York,43.676688,-79.397388,At Intersection,No Control,Clear,Daylight,Dry,Non-Fatal Injury,Pedestrian Collisions,Passenger,55 to 59,Minor,,,"Automobile, Station Wagon",,,,,,,,,,Yes,,Yes,,,,,Yes,,Yes,,,,95,Annex,95,Annex (95),D53,629184.7457,4837211.214
13106,80632318,,07/11/2016,2016,935,AVENUE RD,ROXBOROUGH ST W,,Major Arterial,Toronto and East York,43.676688,-79.397388,At Intersection,No Control,Clear,Daylight,Dry,Non-Fatal Injury,Pedestrian Collisions,Pedestrian,25 to 29,Major,,Unknown,,,,,Pedestrian hit on sidewalk or shoulder,,Unknown,,,,Yes,,Yes,,,,,Yes,,Yes,,,,95,Annex,95,Annex (95),D53,629184.7457,4837211.214
13107,80721812,,07/11/2016,2016,1911,ISLINGTON AVE,CORDOVA AVE,50 m South o,Major Arterial,Etobicoke York,43.647818,-79.524829,Non Intersection,No Control,Clear,Dark,Dry,Non-Fatal Injury,Pedestrian Collisions,Driver,40 to 44,None,,North,"Automobile, Station Wagon",Going Ahead,Driving Properly,Normal,,,,,,,Yes,,Yes,,,,,Yes,,,,,,158,Islington,14,Islington-City Centre West (14),D22,618968.7894,4833814.234
13108,80721813,,07/11/2016,2016,1911,ISLINGTON AVE,CORDOVA AVE,50 m South o,Major Arterial,Etobicoke York,43.647818,-79.524829,Non Intersection,No Control,Clear,Dark,Dry,Non-Fatal Injury,Pedestrian Collisions,Driver,50 to 54,None,,South,Pick Up Truck,Going Ahead,Driving Properly,Normal,,,,,,,Yes,,Yes,,,,,Yes,,,,,,158,Islington,14,Islington-City Centre West (14),D22,618968.7894,4833814.234
13109,80721814,,07/11/2016,2016,1911,ISLINGTON AVE,CORDOVA AVE,50 m South o,Major Arterial,Etobicoke York,43.647818,-79.524829,Non Intersection,No Control,Clear,Dark,Dry,Non-Fatal Injury,Pedestrian Collisions,Driver,45 to 49,None,,North,"Automobile, Station Wagon",Going Ahead,Driving Properly,Normal,,,,,,,Yes,,Yes,,,,,Yes,,,,,,158,Islington,14,Islington-City Centre West (14),D22,618968.7894,4833814.234
13110,80721815,,07/11/2016,2016,1911,ISLINGTON AVE,CORDOVA AVE,50 m South o,Major Arterial,Etobicoke York,43.647818,-79.524829,Non Intersection,No Control,Clear,Dark,Dry,Non-Fatal Injury,Pedestrian Collisions,Driver,30 to 34,None,,North,"Automobile, Station Wagon",Going Ahead,Driving Properly,Normal,,,,,,,Yes,,Yes,,,,,Yes,,,,,,158,Islington,14,Islington-City Centre West (14),D22,618968.7894,4833814.234
13111,80721816,,07/11/2016,2016,1911,ISLINGTON AVE,CORDOVA AVE,50 m South o,Major Arterial,Etobicoke York,43.647818,-79.524829,Non Intersection,No Control,Clear,Dark,Dry,Non-Fatal Injury,Pedestrian Collisions,Pedestrian,50 to 54,Major,,Unknown,,,,,Pedestrian hit at mid-block,"Crossing, no Traffic Control",Normal,,,,Yes,,Yes,,,,,Yes,,,,,,158,Islington,14,Islington-City Centre West (14),D22,618968.7894,4833814.234
13112,80721817,,07/11/2016,2016,1911,ISLINGTON AVE,CORDOVA AVE,50 m South o,Major Arterial,Etobicoke York,43.647818,-79.524829,Non Intersection,No Control,Clear,Dark,Dry,Non-Fatal Injury,Pedestrian Collisions,Passenger,10 to 14,None,,,,,,,,,,,,,Yes,,Yes,,,,,Yes,,,,,,158,Islington,14,Islington-City Centre West (14),D22,618968.7894,4833814.234
13113,80721818,,07/11/2016,2016,1911,ISLINGTON AVE,CORDOVA AVE,50 m South o,Major Arterial,Etobicoke York,43.647818,-79.524829,Non Intersection,No Control,Clear,Dark,Dry,Non-Fatal Injury,Pedestrian Collisions,Passenger,5 to 9,None,,,,,,,,,,,,,Yes,,Yes,,,,,Yes,,,,,,158,Islington,14,Islington-City Centre West (14),D22,618968.7894,4833814.234
13114,80632326,,08/11/2016,2016,1833,ISLINGTON AVE,SUMMITCREST DR,,Major Arterial,Etobicoke York,43.683188,-79.540462,At Intersection,Traffic Signal,Rain,"Dark, artificial",Wet,Non-Fatal Injury,Pedestrian Collisions,Driver,65 to 69,None,,East,"Automobile, Station Wagon",Turning Left,Failed to Yield Right of Way,Inattentive,,,,,,,Yes,,Yes,,,,,,,Yes,,,,7,Willowridge-Martingrove-Richview,7,Willowridge-Martingrove-Richview (7),D23,617638.9106,4837720.24
13115,80632327,,08/11/2016,2016,1833,ISLINGTON AVE,SUMMITCREST DR,,Major Arterial,Etobicoke York,43.683188,-79.540462,At Intersection,Traffic Signal,Rain,"Dark, artificial",Wet,Non-Fatal Injury,Pedestrian Collisions,Pedestrian,15 to 19,Major,,East,,,,,Vehicle turns left while ped crosses with ROW at inter.,Crossing with right of way,Normal,,,,Yes,,Yes,,,,,,,Yes,,,,7,Willowridge-Martingrove-Richview,7,Willowridge-Martingrove-Richview (7),D23,617638.9106,4837720.24
13116,80290628,,10/11/2016,2016,1732,BRIMLEY RD,GAGE AVE,,Major Arterial,Scarborough,43.750491,-79.254108,Non Intersection,No Control,Clear,"Dark, artificial",Dry,Fatal,Pedestrian Collisions,Driver,70 to 74,Minimal,,South,Passenger Van,Going Ahead,Driving Properly,Normal,,,,,,,Yes,,Yes,,,,,,,,,,,157,Bendale South,127,Bendale (127),D41,640561.862,4845641.252
13117,80566422,,10/11/2016,2016,1732,BRIMLEY RD,GAGE AVE,,Major Arterial,Scarborough,43.750491,-79.254108,Non Intersection,No Control,Clear,"Dark, artificial",Dry,Fatal,Pedestrian Collisions,Pedestrian,60 to 64,Fatal,71,West,,,,,Pedestrian hit at mid-block,"Crossing, no Traffic Control",Inattentive,,,,Yes,,Yes,,,,,,,,,,,157,Bendale South,127,Bendale (127),D41,640561.862,4845641.252
13118,80566423,,10/11/2016,2016,1732,BRIMLEY RD,GAGE AVE,,Major Arterial,Scarborough,43.750491,-79.254108,Non Intersection,No Control,Clear,"Dark, artificial",Dry,Fatal,Pedestrian Collisions,Pedestrian,65 to 69,Major,,West,,,,,Pedestrian hit at mid-block,"Crossing, no Traffic Control",Unknown,,,,Yes,,Yes,,,,,,,,,,,157,Bendale South,127,Bendale (127),D41,640561.862,4845641.252
13119,80632328,,12/11/2016,2016,1241,WILLOWDALE AVE,ABITIBI AVE,,Minor Arterial,North York,43.797526,-79.413745,At Intersection,Traffic Signal,Clear,Daylight,Dry,Non-Fatal Injury,Turning Movement,Driver,50 to 54,None,,South,"Automobile, Station Wagon",Turning Left,Failed to Yield Right of Way,Inattentive,,,,,,,,,Yes,Yes,,,,,,Yes,,,,50,Newtonbrook East,50,Newtonbrook East (50),D32,627609.2692,4850606.691
13120,80632329,,12/11/2016,2016,1241,WILLOWDALE AVE,ABITIBI AVE,,Minor Arterial,North York,43.797526,-79.413745,At Intersection,Traffic Signal,Clear,Daylight,Dry,Non-Fatal Injury,Turning Movement,Motorcycle Driver,55 to 59,Major,,North,Motorcycle,Going Ahead,Driving Properly,Normal,,,,,,,,,Yes,Yes,,,,,,Yes,,,,50,Newtonbrook East,50,Newtonbrook East (50),D32,627609.2692,4850606.691
13121,80722541,,13/11/2016,2016,2225,SHEPPARD AVE W,ARLETA AVE,,Major Arterial,Etobicoke York,43.741427,-79.50146,At Intersection,Traffic Signal,Clear,"Dark, artificial",Dry,Non-Fatal Injury,Turning Movement,Driver,25 to 29,None,,North,"Automobile, Station Wagon",Turning Left,Failed to Yield Right of Way,Inattentive,,,,,,,,,Yes,Yes,,,,,Yes,Yes,,,,25,Glenfield-Jane Heights,25,Glenfield-Jane Heights (25),D31,620665.5693,4844244.552
13122,80722594,,13/11/2016,2016,2225,SHEPPARD AVE W,ARLETA AVE,,Major Arterial,Etobicoke York,43.741427,-79.50146,At Intersection,Traffic Signal,Clear,"Dark, artificial",Dry,Non-Fatal Injury,Turning Movement,Motorcycle Driver,45 to 49,Major,,West,Motorcycle,Going Ahead,Speed too Fast For Condition,Normal,,,,,,,,,Yes,Yes,,,,,Yes,Yes,,,,25,Glenfield-Jane Heights,25,Glenfield-Jane Heights (25),D31,620665.5693,4844244.552
13123,80722595,,13/11/2016,2016,2225,SHEPPARD AVE W,ARLETA AVE,,Major Arterial,Etobicoke York,43.741427,-79.50146,At Intersection,Traffic Signal,Clear,"Dark, artificial",Dry,Non-Fatal Injury,Turning Movement,Driver,50 to 54,None,,West,"Automobile, Station Wagon",Going Ahead,Driving Properly,Normal,,,,,,,,,Yes,Yes,,,,,Yes,Yes,,,,25,Glenfield-Jane Heights,25,Glenfield-Jane Heights (25),D31,620665.5693,4844244.552
13124,80566413,,14/11/2016,2016,814,ARAGON AVE,SHEPPARD AVE E,,Major Arterial,Scarborough,43.77949,-79.304355,At Intersection,Traffic Signal,Clear,Daylight,Dry,Fatal,Pedestrian Collisions,Driver,unknown,None,,North,Pick Up Truck,Turning Right,Failed to Yield Right of Way,Unknown,,,,,,,Yes,,Yes,,,,,,,Yes,,,,118,Tam O'Shanter-Sullivan,118,Tam O'Shanter-Sullivan (118),D42,636450.477,4848777.994
13125,80566635,,14/11/2016,2016,814,ARAGON AVE,SHEPPARD AVE E,,Major Arterial,Scarborough,43.77949,-79.304355,At Intersection,Traffic Signal,Clear,Daylight,Dry,Fatal,Pedestrian Collisions,Pedestrian,75 to 79,Fatal,72,East,,,,,Vehicle turns right while ped crosses with ROW at inter.,Crossing with right of way,Normal,,,,Yes,,Yes,,,,,,,Yes,,,,118,Tam O'Shanter-Sullivan,118,Tam O'Shanter-Sullivan (118),D42,636450.477,4848777.994
13126,80632335,,18/11/2016,2016,318,SHEPPARD AVE E,YONGE ST,,Major Arterial,North York,43.761435,-79.410892,At Intersection,Traffic Signal,Clear,"Dark, artificial",Dry,Non-Fatal Injury,Pedestrian Collisions,Driver,45 to 49,None,,North,Intercity Bus,Going Ahead,Driving Properly,Unknown,,,,,,,Yes,,,,,Yes,,,,,,,,153,Avondale,51,Willowdale East (51),D32,627915.7264,4846602.634
13127,80632336,,18/11/2016,2016,318,SHEPPARD AVE E,YONGE ST,,Major Arterial,North York,43.761435,-79.410892,At Intersection,Traffic Signal,Clear,"Dark, artificial",Dry,Non-Fatal Injury,Pedestrian Collisions,Pedestrian,20 to 24,Major,,East,Intercity Bus,Going Ahead,,,Vehicle is going straight thru inter.while ped cross without ROW,Running onto Roadway,Inattentive,,,,Yes,,,,,Yes,,,,,,,,153,Avondale,51,Willowdale East (51),D32,627915.7264,4846602.634
13128,80632337,,18/11/2016,2016,1354,BLOOR ST W,RENFORTH DR,10 m West of,Major Arterial,Etobicoke York,43.635283,-79.563747,Intersection Related,No Control,Clear,Daylight,Dry,Non-Fatal Injury,Pedestrian Collisions,Driver,20 to 24,None,,West,"Automobile, Station Wagon",Going Ahead,Driving Properly,Normal,,,,,,,Yes,,Yes,,,,,,,,,,,12,Markland Wood,12,Markland Wood (12),D22,615854.2168,4832367.012
13129,80632338,,18/11/2016,2016,1354,BLOOR ST W,RENFORTH DR,10 m West of,Major Arterial,Etobicoke York,43.635283,-79.563747,Intersection Related,No Control,Clear,Daylight,Dry,Non-Fatal Injury,Pedestrian Collisions,Pedestrian,80 to 84,Major,,North,,Going Ahead,,,Vehicle is going straight thru inter.while ped cross without ROW,Crossing without right of way,Inattentive,,,,Yes,,Yes,,,,,,,,,,,12,Markland Wood,12,Markland Wood (12),D22,615854.2168,4832367.012
13130,80768564,,19/11/2016,2016,1807,KENNEDY RD,MCNICOLL AVE,,Major Arterial,Scarborough,43.812064,-79.301906,At Intersection,Traffic Signal,Clear,"Dark, artificial",Dry,Non-Fatal Injury,Cyclist Collisions,Driver,70 to 74,None,,South,"Automobile, Station Wagon",Turning Left,Improper Turn,Inattentive,,,,,,,,Yes,Yes,,,,,,,,,,,130,Milliken,130,Milliken (130),D42,636573.3227,4852399.895
13131,80768565,,19/11/2016,2016,1807,KENNEDY RD,MCNICOLL AVE,,Major Arterial,Scarborough,43.812064,-79.301906,At Intersection,Traffic Signal,Clear,"Dark, artificial",Dry,Non-Fatal Injury,Cyclist Collisions,Cyclist,55 to 59,Major,,South,Bicycle,Going Ahead,,,,,,Motorist turned left across cyclists path.,Driving Properly,Normal,,Yes,Yes,,,,,,,,,,,130,Milliken,130,Milliken (130),D42,636573.3227,4852399.895
13132,80632339,,22/11/2016,2016,649,DEANS DR,WARDEN AVE,,Major Arterial,Scarborough,43.716109,-79.282733,At Intersection,Traffic Signal,Clear,"Dark, artificial",Wet,Non-Fatal Injury,Pedestrian Collisions,Driver,35 to 39,None,,East,"Automobile, Station Wagon",Turning Left,Improper Turn,Inattentive,,,,,,,Yes,,Yes,,,,,Yes,,,,,,120,Clairlea-Birchmount,120,Clairlea-Birchmount (120),D41,638336.3798,4841774.441
13133,80632340,,22/11/2016,2016,649,DEANS DR,WARDEN AVE,,Major Arterial,Scarborough,43.716109,-79.282733,At Intersection,Traffic Signal,Clear,"Dark, artificial",Wet,Non-Fatal Injury,Pedestrian Collisions,Pedestrian,70 to 74,Major,,West,,,,,Vehicle turns left while ped crosses with ROW at inter.,Crossing with right of way,Normal,,,,Yes,,Yes,,,,,Yes,,,,,,120,Clairlea-Birchmount,120,Clairlea-Birchmount (120),D41,638336.3798,4841774.441
13134,80632341,,22/11/2016,2016,649,DEANS DR,WARDEN AVE,,Major Arterial,Scarborough,43.716109,-79.282733,At Intersection,Traffic Signal,Clear,"Dark, artificial",Wet,Non-Fatal Injury,Pedestrian Collisions,Passenger,50 to 54,None,,,,,,,,,,,,,Yes,,Yes,,,,,Yes,,,,,,120,Clairlea-Birchmount,120,Clairlea-Birchmount (120),D41,638336.3798,4841774.441
13135,80632342,,22/11/2016,2016,2040,MELROSE ST,GARROCH PL,,Local,Etobicoke York,43.618716,-79.506374,At Intersection,No Control,Clear,"Dark, artificial",Dry,Non-Fatal Injury,Pedestrian Collisions,Driver,25 to 29,None,,East,"Automobile, Station Wagon",Turning Left,Failed to Yield Right of Way,Inattentive,,,,,,,Yes,,Yes,,,,,,,Yes,,,,160,Mimico-Queensway,17,Mimico (includes Humber Bay Shores) (17),D22,620515.3051,4830608.714
13136,80632343,,22/11/2016,2016,2040,MELROSE ST,GARROCH PL,,Local,Etobicoke York,43.618716,-79.506374,At Intersection,No Control,Clear,"Dark, artificial",Dry,Non-Fatal Injury,Pedestrian Collisions,Pedestrian,85 to 89,Major,,East,,,,,Vehicle turns left while ped crosses with ROW at inter.,Crossing with right of way,Normal,,,,Yes,,Yes,,,,,,,Yes,,,,160,Mimico-Queensway,17,Mimico (includes Humber Bay Shores) (17),D22,620515.3051,4830608.714
13137,80723212,,23/11/2016,2016,1515,CENTENNIAL PARK BLVD,EGLINTON AVE W,,Major Arterial,Etobicoke York,43.65576,-79.598361,At Intersection,Traffic Signal,Clear,Daylight,Dry,Non-Fatal Injury,Turning Movement,Driver,55 to 59,None,,South,"Automobile, Station Wagon",Going Ahead,Driving Properly,Normal,,,,,,,,,Yes,,,,,,,,,,,11,Eringate-Centennial-West Deane,11,Eringate-Centennial-West Deane (11),D22,613023.6787,4834593.513
13138,80723213,,23/11/2016,2016,1515,CENTENNIAL PARK BLVD,EGLINTON AVE W,,Major Arterial,Etobicoke York,43.65576,-79.598361,At Intersection,Traffic Signal,Clear,Daylight,Dry,Non-Fatal Injury,Turning Movement,Driver,20 to 24,Major,,South,"Automobile, Station Wagon",Going Ahead,Driving Properly,Normal,,,,,,,,,Yes,,,,,,,,,,,11,Eringate-Centennial-West Deane,11,Eringate-Centennial-West Deane (11),D22,613023.6787,4834593.513
13139,80566636,,24/11/2016,2016,2010,300 GEORGE ST,,,Local,Toronto and East York,43.657778,-79.373676,At/Near Private Drive,No Control,Clear,Dark,Wet,Fatal,Pedestrian Collisions,Pedestrian,70 to 74,Fatal,73,Unknown,,,,,Pedestrian hit at private driveway,Other,Unknown,,,,Yes,,Yes,,,,,,,,,,,73,Moss Park,73,Moss Park (73),D51,631137.3358,4835148.209
13140,80566637,,24/11/2016,2016,2010,300 GEORGE ST,,,Local,Toronto and East York,43.657778,-79.373676,At/Near Private Drive,No Control,Clear,Dark,Wet,Fatal,Pedestrian Collisions,Driver,35 to 39,None,,East,"Automobile, Station Wagon",Going Ahead,Other,Normal,,,,,,,Yes,,Yes,,,,,,,,,,,73,Moss Park,73,Moss Park (73),D51,631137.3358,4835148.209
13141,80722731,,25/11/2016,2016,251,FINCH AVE E,MIDLAND AVE,,Major Arterial,Scarborough,43.803679,-79.28625,At Intersection,Traffic Signal,"Fog, Mist, Smoke, Dust","Dark, artificial",Wet,Non-Fatal Injury,Turning Movement,Driver,20 to 24,None,,West,"Automobile, Station Wagon",Going Ahead,Exceeding Speed Limit,Normal,,,,,,,,,Yes,,,,,Yes,Yes,Yes,,,,129,Agincourt North,129,Agincourt North (129),D42,637851.7961,4851494.568
13142,80722732,,25/11/2016,2016,251,FINCH AVE E,MIDLAND AVE,,Major Arterial,Scarborough,43.803679,-79.28625,At Intersection,Traffic Signal,"Fog, Mist, Smoke, Dust","Dark, artificial",Wet,Non-Fatal Injury,Turning Movement,Driver,20 to 24,Major,,East,"Automobile, Station Wagon",Turning Left,Driving Properly,Normal,,,,,,,,,Yes,,,,,Yes,Yes,Yes,,,,129,Agincourt North,129,Agincourt North (129),D42,637851.7961,4851494.568
13143,80722733,,25/11/2016,2016,251,FINCH AVE E,MIDLAND AVE,,Major Arterial,Scarborough,43.803679,-79.28625,At Intersection,Traffic Signal,"Fog, Mist, Smoke, Dust","Dark, artificial",Wet,Non-Fatal Injury,Turning Movement,Passenger,20 to 24,Minimal,,,,,,,,,,,,,,,Yes,,,,,Yes,Yes,Yes,,,,129,Agincourt North,129,Agincourt North (129),D42,637851.7961,4851494.568
13144,80722734,,25/11/2016,2016,251,FINCH AVE E,MIDLAND AVE,,Major Arterial,Scarborough,43.803679,-79.28625,At Intersection,Traffic Signal,"Fog, Mist, Smoke, Dust","Dark, artificial",Wet,Non-Fatal Injury,Turning Movement,Passenger,15 to 19,None,,,,,,,,,,,,,,,Yes,,,,,Yes,Yes,Yes,,,,129,Agincourt North,129,Agincourt North (129),D42,637851.7961,4851494.568
13145,80722735,,25/11/2016,2016,251,FINCH AVE E,MIDLAND AVE,,Major Arterial,Scarborough,43.803679,-79.28625,At Intersection,Traffic Signal,"Fog, Mist, Smoke, Dust","Dark, artificial",Wet,Non-Fatal Injury,Turning Movement,Passenger,25 to 29,None,,,,,,,,,,,,,,,Yes,,,,,Yes,Yes,Yes,,,,129,Agincourt North,129,Agincourt North (129),D42,637851.7961,4851494.568
13146,80722736,,25/11/2016,2016,251,FINCH AVE E,MIDLAND AVE,,Major Arterial,Scarborough,43.803679,-79.28625,At Intersection,Traffic Signal,"Fog, Mist, Smoke, Dust","Dark, artificial",Wet,Non-Fatal Injury,Turning Movement,Passenger,15 to 19,Minimal,,,,,,,,,,,,,,,Yes,,,,,Yes,Yes,Yes,,,,129,Agincourt North,129,Agincourt North (129),D42,637851.7961,4851494.568
13147,80722876,,25/11/2016,2016,1403,DUNDAS ST W,CORDOVA AVE,34 m East of,Major Arterial,Etobicoke York,43.649054,-79.528392,Intersection Related,No Control,Clear,Daylight,Dry,Non-Fatal Injury,Approaching,Driver,40 to 44,Minor,,West,"Automobile, Station Wagon",Going Ahead,Lost control,Unknown,,,,,,,,,Yes,,,,,Yes,Yes,Yes,,,,158,Islington,14,Islington-City Centre West (14),D22,618679.006,4833946.406
13148,80722877,,25/11/2016,2016,1403,DUNDAS ST W,CORDOVA AVE,34 m East of,Major Arterial,Etobicoke York,43.649054,-79.528392,Intersection Related,No Control,Clear,Daylight,Dry,Non-Fatal Injury,Approaching,Driver,85 to 89,Major,,East,"Automobile, Station Wagon",Going Ahead,Driving Properly,Normal,,,,,,,,,Yes,,,,,Yes,Yes,Yes,,,,158,Islington,14,Islington-City Centre West (14),D22,618679.006,4833946.406
13149,80722878,,25/11/2016,2016,1403,DUNDAS ST W,CORDOVA AVE,34 m East of,Major Arterial,Etobicoke York,43.649054,-79.528392,Intersection Related,No Control,Clear,Daylight,Dry,Non-Fatal Injury,Approaching,Driver,55 to 59,Minor,,East,"Automobile, Station Wagon",Going Ahead,Driving Properly,Normal,,,,,,,,,Yes,,,,,Yes,Yes,Yes,,,,158,Islington,14,Islington-City Centre West (14),D22,618679.006,4833946.406
13150,80722879,,25/11/2016,2016,1403,DUNDAS ST W,CORDOVA AVE,34 m East of,Major Arterial,Etobicoke York,43.649054,-79.528392,Intersection Related,No Control,Clear,Daylight,Dry,Non-Fatal Injury,Approaching,Driver,20 to 24,None,,East,"Automobile, Station Wagon",Going Ahead,Driving Properly,Normal,,,,,,,,,Yes,,,,,Yes,Yes,Yes,,,,158,Islington,14,Islington-City Centre West (14),D22,618679.006,4833946.406
13151,80722880,,25/11/2016,2016,1403,DUNDAS ST W,CORDOVA AVE,34 m East of,Major Arterial,Etobicoke York,43.649054,-79.528392,Intersection Related,No Control,Clear,Daylight,Dry,Non-Fatal Injury,Approaching,Passenger,65 to 69,Minor,,,,,,,,,,,,,,,Yes,,,,,Yes,Yes,Yes,,,,158,Islington,14,Islington-City Centre West (14),D22,618679.006,4833946.406
13152,80722881,,25/11/2016,2016,1403,DUNDAS ST W,CORDOVA AVE,34 m East of,Major Arterial,Etobicoke York,43.649054,-79.528392,Intersection Related,No Control,Clear,Daylight,Dry,Non-Fatal Injury,Approaching,Passenger,75 to 79,Minor,,,,,,,,,,,,,,,Yes,,,,,Yes,Yes,Yes,,,,158,Islington,14,Islington-City Centre West (14),D22,618679.006,4833946.406
13153,80632358,,26/11/2016,2016,1807,YORK MILLS RD,SCARSDALE RD,8 m West of,Major Arterial,North York,43.753421,-79.357456,At Intersection,Traffic Signal,Rain,"Dark, artificial",Wet,Non-Fatal Injury,Pedestrian Collisions,Driver,40 to 44,None,,North,"Automobile, Station Wagon",Turning Left,Failed to Yield Right of Way,Inattentive,,,,,,,Yes,,Yes,,,,,,,Yes,,,,42,Banbury-Don Mills,42,Banbury-Don Mills (42),D33,632234.7673,4845796.483
13154,80632359,,26/11/2016,2016,1807,YORK MILLS RD,SCARSDALE RD,8 m West of,Major Arterial,North York,43.753421,-79.357456,At Intersection,Traffic Signal,Rain,"Dark, artificial",Wet,Non-Fatal Injury,Pedestrian Collisions,Pedestrian,60 to 64,Major,,South,,,,,Vehicle turns left while ped crosses with ROW at inter.,Crossing with right of way,Normal,,,,Yes,,Yes,,,,,,,Yes,,,,42,Banbury-Don Mills,42,Banbury-Don Mills (42),D33,632234.7673,4845796.483
13155,80632360,,26/11/2016,2016,1807,YORK MILLS RD,SCARSDALE RD,8 m West of,Major Arterial,North York,43.753421,-79.357456,At Intersection,Traffic Signal,Rain,"Dark, artificial",Wet,Non-Fatal Injury,Pedestrian Collisions,Pedestrian,65 to 69,Minor,,South,,,,,Vehicle turns left while ped crosses with ROW at inter.,Crossing with right of way,Unknown,,,,Yes,,Yes,,,,,,,Yes,,,,42,Banbury-Don Mills,42,Banbury-Don Mills (42),D33,632234.7673,4845796.483
13156,80723902,,28/11/2016,2016,124,1595 BATHURST ST,LONSMOUNT DR,63 m North o,Major Arterial,Toronto and East York,43.689776,-79.421008,Non Intersection,No Control,Clear,"Dark, artificial",Dry,Non-Fatal Injury,Pedestrian Collisions,Driver,60 to 64,None,,South,"Automobile, Station Wagon",Going Ahead,Driving Properly,Normal,,,,,,,Yes,,Yes,,,,,,,,,,,106,Humewood-Cedarvale,106,Humewood-Cedarvale (106),D13,627253.0707,4838628.297
13157,80723903,,28/11/2016,2016,124,1595 BATHURST ST,LONSMOUNT DR,63 m North o,Major Arterial,Toronto and East York,43.689776,-79.421008,Non Intersection,No Control,Clear,"Dark, artificial",Dry,Non-Fatal Injury,Pedestrian Collisions,Pedestrian,70 to 74,Major,,West,,,,,Pedestrian hit at mid-block,"Crossing, no Traffic Control",Had Been Drinking,,,,Yes,,Yes,,,,,,,,,,,106,Humewood-Cedarvale,106,Humewood-Cedarvale (106),D13,627253.0707,4838628.297
13158,80566641,,28/11/2016,2016,2153,BLOOR ST E,PARLIAMENT ST,,Major Arterial,Toronto and East York,43.671935,-79.370654,At Intersection,Traffic Signal,Clear,Dark,Dry,Fatal,SMV Other,Driver,20 to 24,None,,East,"Automobile, Station Wagon",Going Ahead,Lost control,"Ability Impaired, Drugs",,,,,,,,,Yes,,,,,Yes,Yes,Yes,,,,71,Cabbagetown-South St.James Town,71,Cabbagetown-South St.James Town (71),D51,631350.1351,4836725.314
13159,80566642,,28/11/2016,2016,2153,BLOOR ST E,PARLIAMENT ST,,Major Arterial,Toronto and East York,43.671935,-79.370654,At Intersection,Traffic Signal,Clear,Dark,Dry,Fatal,SMV Other,Passenger,25 to 29,Fatal,74,,,,,,,,,,,,,,Yes,,,,,Yes,Yes,Yes,,,,71,Cabbagetown-South St.James Town,71,Cabbagetown-South St.James Town (71),D51,631350.1351,4836725.314