OBJECTID,INDEX,ACCNUM,DATE,ACCIDENT_YEAR,TIME,STREET1,STREET2,OFFSET,ROAD_CLASS,DISTRICT,LATITUDE,LONGITUDE,ACCLOC,TRAFFCTL,VISIBILITY,LIGHT,RDSFCOND,ACCLASS,IMPACTYPE,INVTYPE,INVAGE,INJURY,FATAL_NO,INITDIR,VEHTYPE,MANOEUVER,DRIVACT,DRIVCOND,PEDTYPE,PEDACT,PEDCOND,CYCLISTYPE,CYCACT,CYCCOND,PEDESTRIAN,CYCLIST,AUTOMOBILE,MOTORCYCLE,TRUCK,TRSN_CITY_VEH,EMERG_VEH,PASSENGER,SPEEDING,AG_DRIV,REDLIGHT,ALCOHOL,DISABILITY,HOOD_158,NEIGHBOURHOOD_158,HOOD_140,NEIGHBOURHOOD_140,DIVISION,x,y
13217,80725135,,21/12/2016,2016,1340,F G GARDINER XY  W,JAMESON AVE,16 m West of,,Toronto and East York,43.633063,-79.434955,Non Intersection,No Control,Clear,Daylight,Dry,Non-Fatal Injury,Rear End,Driver,60 to 64,None,,West,"Automobile, Station Wagon",Slowing or Stopping,Driving Properly,Normal,,,,,,,,,Yes,,,,,Yes,,Yes,,,,85,South Parkdale,85,South Parkdale (85),D14,626247.8654,4832308.264
13218,80725136,,21/12/2016,2016,1340,F G GARDINER XY  W,JAMESON AVE,16 m West of,,Toronto and East York,43.633063,-79.434955,Non Intersection,No Control,Clear,Daylight,Dry,Non-Fatal Injury,Rear End,Passenger,25 to 29,None,,,,,,,,,,,,,,,Yes,,,,,Yes,,Yes,,,,85,South Parkdale,85,South Parkdale (85),D14,626247.8654,4832308.264
13219,80725137,,21/12/2016,2016,1340,F G GARDINER XY  W,JAMESON AVE,16 m West of,,Toronto and East York,43.633063,-79.434955,Non Intersection,No Control,Clear,Daylight,Dry,Non-Fatal Injury,Rear End,Passenger,25 to 29,None,,,,,,,,,,,,,,,Yes,,,,,Yes,,Yes,,,,85,South Parkdale,85,South Parkdale (85),D14,626247.8654,4832308.264
13220,80725138,,21/12/2016,2016,1340,F G GARDINER XY  W,JAMESON AVE,16 m West of,,Toronto and East York,43.633063,-79.434955,Non Intersection,No Control,Clear,Daylight,Dry,Non-Fatal Injury,Rear End,Passenger,30 to 34,None,,,,,,,,,,,,,,,Yes,,,,,Yes,,Yes,,,,85,South Parkdale,85,South Parkdale (85),D14,626247.8654,4832308.264
13221,80725139,,21/12/2016,2016,1340,F G GARDINER XY  W,JAMESON AVE,16 m West of,,Toronto and East York,43.633063,-79.434955,Non Intersection,No Control,Clear,Daylight,Dry,Non-Fatal Injury,Rear End,Passenger,35 to 39,None,,,,,,,,,,,,,,,Yes,,,,,Yes,,Yes,,,,85,South Parkdale,85,South Parkdale (85),D14,626247.8654,4832308.264
13222,80768883,,21/12/2016,2016,2030,BIRCHMOUNT RD,CHALDEAN ST,9 m South of,Major Arterial,Scarborough,43.793257,-79.303493,Intersection Related,Stop Sign,Clear,"Dark, artificial",Wet,Non-Fatal Injury,Pedestrian Collisions,Driver,60 to 64,None,,South,"Automobile, Station Wagon",Going Ahead,Driving Properly,Normal,,,,,,,Yes,,Yes,,,,,,,,,,,148,East L'Amoreaux,117,L'Amoreaux (117),D42,636488.5061,4850308.458
13223,80768884,,21/12/2016,2016,2030,BIRCHMOUNT RD,CHALDEAN ST,9 m South of,Major Arterial,Scarborough,43.793257,-79.303493,Intersection Related,Stop Sign,Clear,"Dark, artificial",Wet,Non-Fatal Injury,Pedestrian Collisions,Pedestrian,55 to 59,Major,,West,,,,,Vehicle is going straight thru inter.while ped cross without ROW,"Crossing, no Traffic Control",Normal,,,,Yes,,Yes,,,,,,,,,,,148,East L'Amoreaux,117,L'Amoreaux (117),D42,636488.5061,4850308.458
13224,80725697,,24/12/2016,2016,356,DUFFERIN ST,DOLOMITE DR,,Major Arterial,North York,43.780772,-79.469775,At Intersection,Traffic Signal,Rain,"Dark, artificial",Slush,Non-Fatal Injury,SMV Other,Driver,25 to 29,Major,,South,"Automobile, Station Wagon",Going Ahead,Lost control,"Ability Impaired, Alcohol",,,,,,,,,Yes,,,,,,Yes,Yes,,Yes,,34,Bathurst Manor,34,Bathurst Manor (34),D32,623136.1923,4848661.036
13225,80725839,,25/12/2016,2016,705,55 BELMONT ST,,,Minor Arterial,Toronto and East York,43.674994,-79.390941,Non Intersection,No Control,Clear,"Dark, artificial",Dry,Non-Fatal Injury,Pedestrian Collisions,Driver,25 to 29,None,,East,"Automobile, Station Wagon",Going Ahead,Driving Properly,Normal,,,,,,,Yes,,Yes,,,,,,,,,,,95,Annex,95,Annex (95),D53,629708.0862,4837033.133
13226,80725840,,25/12/2016,2016,705,55 BELMONT ST,,,Minor Arterial,Toronto and East York,43.674994,-79.390941,Non Intersection,No Control,Clear,"Dark, artificial",Dry,Non-Fatal Injury,Pedestrian Collisions,Pedestrian,65 to 69,Major,,South,,,,,Pedestrian hit at mid-block,"Crossing, no Traffic Control",Inattentive,,,,Yes,,Yes,,,,,,,,,,,95,Annex,95,Annex (95),D53,629708.0862,4837033.133
13227,80632413,,25/12/2016,2016,2141,LESLIE ST,401 C W LESLIE S RAMP,11 m North o,Major Arterial,North York,43.767161,-79.36362,Intersection Related,Traffic Signal,Clear,"Dark, artificial",Dry,Non-Fatal Injury,Pedestrian Collisions,Driver,30 to 34,None,,West,"Automobile, Station Wagon",Turning Right,Failed to Yield Right of Way,Inattentive,,,,,,,Yes,,Yes,,,,,,,Yes,,,,52,Bayview Village,52,Bayview Village (52),D33,631708.3702,4847312.695
13228,80632414,,25/12/2016,2016,2141,LESLIE ST,401 C W LESLIE S RAMP,11 m North o,Major Arterial,North York,43.767161,-79.36362,Intersection Related,Traffic Signal,Clear,"Dark, artificial",Dry,Non-Fatal Injury,Pedestrian Collisions,Pedestrian,75 to 79,Major,,West,,,,,Vehicle turns right while ped crosses with ROW at inter.,Crossing with right of way,Normal,,,,Yes,,Yes,,,,,,,Yes,,,,52,Bayview Village,52,Bayview Village (52),D33,631708.3702,4847312.695
13229,80768321,,27/12/2016,2016,230,TAPSCOTT RD,PASSMORE AVE,5 m South of,Minor Arterial,Scarborough,43.831568,-79.2457,At Intersection,Stop Sign,Clear,"Dark, artificial",Dry,Non-Fatal Injury,SMV Other,Driver,20 to 24,Minor,,South,"Automobile, Station Wagon",Going Ahead,Lost control,Had Been Drinking,,,,,,,,,Yes,,,,,Yes,,,,,,144,Morningside Heights,131,Rouge (131),D42,641047.936,4854660.452
13230,80768322,,27/12/2016,2016,230,TAPSCOTT RD,PASSMORE AVE,5 m South of,Minor Arterial,Scarborough,43.831568,-79.2457,At Intersection,Stop Sign,Clear,"Dark, artificial",Dry,Non-Fatal Injury,SMV Other,Passenger,20 to 24,Major,,,,,,,,,,,,,,,Yes,,,,,Yes,,,,,,144,Morningside Heights,131,Rouge (131),D42,641047.936,4854660.452
13231,80632415,,28/12/2016,2016,1919,CALEDONIA RD,EGLINTON AVE W,,Major Arterial,North York,43.692958,-79.462169,Intersection Related,Traffic Signal,Clear,"Dark, artificial",Dry,Non-Fatal Injury,Pedestrian Collisions,Driver,unknown,None,,North,"Automobile, Station Wagon",Turning Left,Failed to Yield Right of Way,Unknown,,,,,,,Yes,,Yes,,,,,,,Yes,,,,109,Caledonia-Fairbank,109,Caledonia-Fairbank (109),D13,623929.2666,4838919.362
13232,80632416,,28/12/2016,2016,1919,CALEDONIA RD,EGLINTON AVE W,,Major Arterial,North York,43.692958,-79.462169,Intersection Related,Traffic Signal,Clear,"Dark, artificial",Dry,Non-Fatal Injury,Pedestrian Collisions,Pedestrian,25 to 29,Major,,South,,,,,Vehicle turns left while ped crosses with ROW at inter.,Crossing with right of way,Normal,,,,Yes,,Yes,,,,,,,Yes,,,,109,Caledonia-Fairbank,109,Caledonia-Fairbank (109),D13,623929.2666,4838919.362
13233,80768434,,31/12/2016,2016,2022,EGLINTON AVE E,BERMONDSEY RD,,Major Arterial,North York,43.725951,-79.313487,Intersection Related,Traffic Signal,Clear,"Dark, artificial",Wet,Non-Fatal Injury,Turning Movement,Driver,25 to 29,None,,West,"Automobile, Station Wagon",Turning Left,Improper Turn,Normal,,,,,,,,,Yes,,,,,Yes,,,,,,43,Victoria Village,43,Victoria Village (43),D55,635836.6841,4842816.667
13234,80768435,,31/12/2016,2016,2022,EGLINTON AVE E,BERMONDSEY RD,,Major Arterial,North York,43.725951,-79.313487,Intersection Related,Traffic Signal,Clear,"Dark, artificial",Wet,Non-Fatal Injury,Turning Movement,Driver,50 to 54,None,,East,"Automobile, Station Wagon",Going Ahead,Driving Properly,Normal,,,,,,,,,Yes,,,,,Yes,,,,,,43,Victoria Village,43,Victoria Village (43),D55,635836.6841,4842816.667
13235,80768436,,31/12/2016,2016,2022,EGLINTON AVE E,BERMONDSEY RD,,Major Arterial,North York,43.725951,-79.313487,Intersection Related,Traffic Signal,Clear,"Dark, artificial",Wet,Non-Fatal Injury,Turning Movement,Passenger,25 to 29,None,,,,,,,,,,,,,,,Yes,,,,,Yes,,,,,,43,Victoria Village,43,Victoria Village (43),D55,635836.6841,4842816.667
13236,80768473,,31/12/2016,2016,2022,EGLINTON AVE E,BERMONDSEY RD,,Major Arterial,North York,43.725951,-79.313487,Intersection Related,Traffic Signal,Clear,"Dark, artificial",Wet,Non-Fatal Injury,Turning Movement,Passenger,20 to 24,Minor,,,,,,,,,,,,,,,Yes,,,,,Yes,,,,,,43,Victoria Village,43,Victoria Village (43),D55,635836.6841,4842816.667
13237,80768474,,31/12/2016,2016,2022,EGLINTON AVE E,BERMONDSEY RD,,Major Arterial,North York,43.725951,-79.313487,Intersection Related,Traffic Signal,Clear,"Dark, artificial",Wet,Non-Fatal Injury,Turning Movement,Passenger,15 to 19,Major,,,,,,,,,,,,,,,Yes,,,,,Yes,,,,,,43,Victoria Village,43,Victoria Village (43),D55,635836.6841,4842816.667
13238,80768475,,31/12/2016,2016,2022,EGLINTON AVE E,BERMONDSEY RD,,Major Arterial,North York,43.725951,-79.313487,Intersection Related,Traffic Signal,Clear,"Dark, artificial",Wet,Non-Fatal Injury,Turning Movement,Passenger,50 to 54,Minor,,,,,,,,,,,,,,,Yes,,,,,Yes,,,,,,43,Victoria Village,43,Victoria Village (43),D55,635836.6841,4842816.667
13239,80734609,,01/01/2017,2017,1405,57 BIMINI CRES,,9 m South of,Local,Etobicoke York,43.766555,-79.526157,Non Intersection,No Control,Clear,Daylight,Other,Non-Fatal Injury,SMV Other,Driver,85 to 89,Major,,West,"Automobile, Station Wagon",Reversing,Other,Inattentive,,,,,,,,,Yes,,,,,,,,,,,24,Black Creek,24,Black Creek (24),D31,618627.2421,4846999.711
13240,80890115,,03/01/2017,2017,10,F G GARDINER XY  E,KIPLING AVE,900 m West o,,Etobicoke York,43.615851,-79.535251,Non Intersection,No Control,Rain,"Dark, artificial",Wet,Non-Fatal Injury,Rear End,Passenger,20 to 24,Major,,,,,,,,,,,,,,,Yes,,,,,Yes,Yes,Yes,,,,20,Alderwood,20,Alderwood (20),D22,618190.9169,4830249.015
13241,80890116,,03/01/2017,2017,10,F G GARDINER XY  E,KIPLING AVE,900 m West o,,Etobicoke York,43.615851,-79.535251,Non Intersection,No Control,Rain,"Dark, artificial",Wet,Non-Fatal Injury,Rear End,Passenger,15 to 19,Major,,,,,,,,,,,,,,,Yes,,,,,Yes,Yes,Yes,,,,20,Alderwood,20,Alderwood (20),D22,618190.9169,4830249.015
13242,80890117,,03/01/2017,2017,10,F G GARDINER XY  E,KIPLING AVE,900 m West o,,Etobicoke York,43.615851,-79.535251,Non Intersection,No Control,Rain,"Dark, artificial",Wet,Non-Fatal Injury,Rear End,Passenger,unknown,Minor,,,,,,,,,,,,,,,Yes,,,,,Yes,Yes,Yes,,,,20,Alderwood,20,Alderwood (20),D22,618190.9169,4830249.015
13243,80890118,,03/01/2017,2017,10,F G GARDINER XY  E,KIPLING AVE,900 m West o,,Etobicoke York,43.615851,-79.535251,Non Intersection,No Control,Rain,"Dark, artificial",Wet,Non-Fatal Injury,Rear End,Passenger,50 to 54,Minor,,,,,,,,,,,,,,,Yes,,,,,Yes,Yes,Yes,,,,20,Alderwood,20,Alderwood (20),D22,618190.9169,4830249.015
13244,80890119,,03/01/2017,2017,10,F G GARDINER XY  E,KIPLING AVE,900 m West o,,Etobicoke York,43.615851,-79.535251,Non Intersection,No Control,Rain,"Dark, artificial",Wet,Non-Fatal Injury,Rear End,Passenger,45 to 49,Minor,,,,,,,,,,,,,,,Yes,,,,,Yes,Yes,Yes,,,,20,Alderwood,20,Alderwood (20),D22,618190.9169,4830249.015
13245,80890120,,03/01/2017,2017,10,F G GARDINER XY  E,KIPLING AVE,900 m West o,,Etobicoke York,43.615851,-79.535251,Non Intersection,No Control,Rain,"Dark, artificial",Wet,Non-Fatal Injury,Rear End,Driver,25 to 29,Major,,East,"Automobile, Station Wagon",Slowing or Stopping,Driving Properly,Normal,,,,,,,,,Yes,,,,,Yes,Yes,Yes,,,,20,Alderwood,20,Alderwood (20),D22,618190.9169,4830249.015
13246,80890121,,03/01/2017,2017,10,F G GARDINER XY  E,KIPLING AVE,900 m West o,,Etobicoke York,43.615851,-79.535251,Non Intersection,No Control,Rain,"Dark, artificial",Wet,Non-Fatal Injury,Rear End,Driver,75 to 79,Minimal,,East,"Automobile, Station Wagon",Going Ahead,Speed too Fast For Condition,Inattentive,,,,,,,,,Yes,,,,,Yes,Yes,Yes,,,,20,Alderwood,20,Alderwood (20),D22,618190.9169,4830249.015
13247,80609322,,03/01/2017,2017,717,LOWER SHERBOURNE ST,THE ESPLANADE,,Minor Arterial,Toronto and East York,43.648974,-79.367259,At Intersection,Traffic Signal,Rain,Dark,Wet,Fatal,Pedestrian Collisions,Driver,35 to 39,None,,South,"Automobile, Station Wagon",Going Ahead,Driving Properly,Normal,,,,,,,Yes,,Yes,,,,,,,,,,,166,St Lawrence-East Bayfront-The Islands,77,Waterfront Communities-The Island (77),D51,631674.0106,4834180.57
13248,80609323,,03/01/2017,2017,717,LOWER SHERBOURNE ST,THE ESPLANADE,,Minor Arterial,Toronto and East York,43.648974,-79.367259,At Intersection,Traffic Signal,Rain,Dark,Wet,Fatal,Pedestrian Collisions,Pedestrian,80 to 84,Fatal,1,West,,,,,Vehicle is going straight thru inter.while ped cross without ROW,Crossing without right of way,Normal,,,,Yes,,Yes,,,,,,,,,,,166,St Lawrence-East Bayfront-The Islands,77,Waterfront Communities-The Island (77),D51,631674.0106,4834180.57
13249,80931233,,07/01/2017,2017,16,DUFFERIN ST,STEELES AVE W,,Major Arterial,North York,43.787211,-79.470042,At Intersection,Traffic Signal,Clear,"Dark, artificial",Dry,Non-Fatal Injury,Angle,Driver,20 to 24,None,,North,"Automobile, Station Wagon",Going Ahead,Driving Properly,Normal,,,,,,,,,Yes,,,,,,Yes,Yes,Yes,Yes,,34,Bathurst Manor,34,Bathurst Manor (34),D32,623101.49,4849375.789
13250,80931234,,07/01/2017,2017,16,DUFFERIN ST,STEELES AVE W,,Major Arterial,North York,43.787211,-79.470042,At Intersection,Traffic Signal,Clear,"Dark, artificial",Dry,Non-Fatal Injury,Angle,Driver,65 to 69,Major,,North,Pick Up Truck,Going Ahead,Driving Properly,Normal,,,,,,,,,Yes,,,,,,Yes,Yes,Yes,Yes,,34,Bathurst Manor,34,Bathurst Manor (34),D32,623101.49,4849375.789
13251,80931235,,07/01/2017,2017,16,DUFFERIN ST,STEELES AVE W,,Major Arterial,North York,43.787211,-79.470042,At Intersection,Traffic Signal,Clear,"Dark, artificial",Dry,Non-Fatal Injury,Angle,Driver,35 to 39,Minimal,,East,"Automobile, Station Wagon",Going Ahead,Disobeyed Traffic Control,"Ability Impaired, Alcohol Over .08",,,,,,,,,Yes,,,,,,Yes,Yes,Yes,Yes,,34,Bathurst Manor,34,Bathurst Manor (34),D32,623101.49,4849375.789
13252,80734974,,07/01/2017,2017,2222,ISLINGTON AVE,ABERFOYLE CRES,5 m South of,Major Arterial,Etobicoke York,43.645438,-79.523776,At Intersection,No Control,Clear,"Dark, artificial",Dry,Non-Fatal Injury,Rear End,Driver,20 to 24,Minor,,North,"Automobile, Station Wagon",Going Ahead,Following too Close,Inattentive,,,,,,,,,Yes,,,,,Yes,,Yes,,,,158,Islington,14,Islington-City Centre West (14),D22,619058.4135,4833551.414
13253,80734975,,07/01/2017,2017,2222,ISLINGTON AVE,ABERFOYLE CRES,5 m South of,Major Arterial,Etobicoke York,43.645438,-79.523776,At Intersection,No Control,Clear,"Dark, artificial",Dry,Non-Fatal Injury,Rear End,Driver,60 to 64,None,,North,Pick Up Truck,Slowing or Stopping,Driving Properly,Normal,,,,,,,,,Yes,,,,,Yes,,Yes,,,,158,Islington,14,Islington-City Centre West (14),D22,619058.4135,4833551.414
13254,80734976,,07/01/2017,2017,2222,ISLINGTON AVE,ABERFOYLE CRES,5 m South of,Major Arterial,Etobicoke York,43.645438,-79.523776,At Intersection,No Control,Clear,"Dark, artificial",Dry,Non-Fatal Injury,Rear End,Passenger,20 to 24,Major,,,,,,,,,,,,,,,Yes,,,,,Yes,,Yes,,,,158,Islington,14,Islington-City Centre West (14),D22,619058.4135,4833551.414
13255,80734977,,07/01/2017,2017,2222,ISLINGTON AVE,ABERFOYLE CRES,5 m South of,Major Arterial,Etobicoke York,43.645438,-79.523776,At Intersection,No Control,Clear,"Dark, artificial",Dry,Non-Fatal Injury,Rear End,Passenger,60 to 64,None,,,,,,,,,,,,,,,Yes,,,,,Yes,,Yes,,,,158,Islington,14,Islington-City Centre West (14),D22,619058.4135,4833551.414
13256,80776087,,08/01/2017,2017,1311,BATHURST ST,NINA ST,,Major Arterial,Toronto and East York,43.679816,-79.416942,At Intersection,Traffic Signal,Clear,Daylight,Dry,Non-Fatal Injury,Pedestrian Collisions,Driver,55 to 59,None,,West,"Automobile, Station Wagon",Turning Left,Failed to Yield Right of Way,Inattentive,,,,,,,Yes,,Yes,,,,,,,Yes,,,,96,Casa Loma,96,Casa Loma (96),D13,627601.8736,4837528.351
13257,80776088,,08/01/2017,2017,1311,BATHURST ST,NINA ST,,Major Arterial,Toronto and East York,43.679816,-79.416942,At Intersection,Traffic Signal,Clear,Daylight,Dry,Non-Fatal Injury,Pedestrian Collisions,Pedestrian,65 to 69,Major,,East,,,,,Vehicle turns left while ped crosses with ROW at inter.,Crossing with right of way,Normal,,,,Yes,,Yes,,,,,,,Yes,,,,96,Casa Loma,96,Casa Loma (96),D13,627601.8736,4837528.351
13258,80776089,,08/01/2017,2017,1311,BATHURST ST,NINA ST,,Major Arterial,Toronto and East York,43.679816,-79.416942,At Intersection,Traffic Signal,Clear,Daylight,Dry,Non-Fatal Injury,Pedestrian Collisions,Pedestrian,55 to 59,Major,,East,,,,,Vehicle turns left while ped crosses with ROW at inter.,Crossing with right of way,Normal,,,,Yes,,Yes,,,,,,,Yes,,,,96,Casa Loma,96,Casa Loma (96),D13,627601.8736,4837528.351
13259,80609325,,08/01/2017,2017,1829,ELLESMERE RD,MONDEO DR,,Major Arterial,Scarborough,43.764189,-79.287677,At Intersection,Traffic Signal,Clear,"Dark, artificial",Dry,Fatal,Pedestrian Collisions,Driver,25 to 29,None,,West,"Automobile, Station Wagon",Going Ahead,Driving Properly,Normal,,,,,,,Yes,,Yes,,,,,,,,,,,126,Dorset Park,126,Dorset Park (126),D41,637827.7343,4847106.205
13260,80609326,,08/01/2017,2017,1829,ELLESMERE RD,MONDEO DR,,Major Arterial,Scarborough,43.764189,-79.287677,At Intersection,Traffic Signal,Clear,"Dark, artificial",Dry,Fatal,Pedestrian Collisions,Pedestrian,75 to 79,Fatal,2,North,,,,,Vehicle is going straight thru inter.while ped cross without ROW,Crossing without right of way,Inattentive,,,,Yes,,Yes,,,,,,,,,,,126,Dorset Park,126,Dorset Park (126),D41,637827.7343,4847106.205
13261,80774962,,10/01/2017,2017,2003,ADELAIDE ST E,CHURCH ST,,Major Arterial,Toronto and East York,43.651179,-79.374912,At Intersection,Traffic Signal,Rain,"Dark, artificial",Wet,Non-Fatal Injury,Pedestrian Collisions,Driver,55 to 59,None,,East,"Automobile, Station Wagon",Going Ahead,Driving Properly,Normal,,,,,,,Yes,,Yes,,,,,Yes,,,,,,168,Downtown Yonge East,75,Church-Yonge Corridor (75),D51,631052.0245,4834413.35
13262,80774963,,10/01/2017,2017,2003,ADELAIDE ST E,CHURCH ST,,Major Arterial,Toronto and East York,43.651179,-79.374912,At Intersection,Traffic Signal,Rain,"Dark, artificial",Wet,Non-Fatal Injury,Pedestrian Collisions,Pedestrian,50 to 54,Major,,North,,,,,Vehicle is going straight thru inter.while ped cross without ROW,Crossing without right of way,Normal,,,,Yes,,Yes,,,,,Yes,,,,,,168,Downtown Yonge East,75,Church-Yonge Corridor (75),D51,631052.0245,4834413.35
13263,80774964,,10/01/2017,2017,2003,ADELAIDE ST E,CHURCH ST,,Major Arterial,Toronto and East York,43.651179,-79.374912,At Intersection,Traffic Signal,Rain,"Dark, artificial",Wet,Non-Fatal Injury,Pedestrian Collisions,Passenger,15 to 19,None,,,,,,,,,,,,,Yes,,Yes,,,,,Yes,,,,,,168,Downtown Yonge East,75,Church-Yonge Corridor (75),D51,631052.0245,4834413.35
13264,80734850,,12/01/2017,2017,2258,WESTON RD,VEROBEACH BLVD,252 m South ,Major Arterial,Etobicoke York,43.736796,-79.538928,Non Intersection,No Control,Clear,"Dark, artificial",Dry,Non-Fatal Injury,SMV Other,Truck Driver,55 to 59,Major,,North,"Truck - Closed (Blazer, etc)",Going Ahead,Lost control,Medical or Physical Disability,,,,,,,,,,,Yes,,,,,,,,Yes,22,Humbermede,22,Humbermede (22),D31,617657.6151,4843676.326
13265,80943362,,14/01/2017,2017,1902,NEILSON RD,CROW TRL,,Minor Arterial,Scarborough,43.812148,-79.225711,At Intersection,Traffic Signal,Clear,"Dark, artificial",Dry,Non-Fatal Injury,Turning Movement,Passenger,10 to 14,Major,,,,,,,,,,,,,,,Yes,,,,,Yes,,,,,,145,Malvern West,132,Malvern (132),D42,642701.3589,4852537.823
13266,80943363,,14/01/2017,2017,1902,NEILSON RD,CROW TRL,,Minor Arterial,Scarborough,43.812148,-79.225711,At Intersection,Traffic Signal,Clear,"Dark, artificial",Dry,Non-Fatal Injury,Turning Movement,Passenger,5 to 9,Major,,,,,,,,,,,,,,,Yes,,,,,Yes,,,,,,145,Malvern West,132,Malvern (132),D42,642701.3589,4852537.823
13267,80943364,,14/01/2017,2017,1902,NEILSON RD,CROW TRL,,Minor Arterial,Scarborough,43.812148,-79.225711,At Intersection,Traffic Signal,Clear,"Dark, artificial",Dry,Non-Fatal Injury,Turning Movement,Passenger,10 to 14,Minor,,,,,,,,,,,,,,,Yes,,,,,Yes,,,,,,145,Malvern West,132,Malvern (132),D42,642701.3589,4852537.823
13268,80943365,,14/01/2017,2017,1902,NEILSON RD,CROW TRL,,Minor Arterial,Scarborough,43.812148,-79.225711,At Intersection,Traffic Signal,Clear,"Dark, artificial",Dry,Non-Fatal Injury,Turning Movement,Passenger,15 to 19,Minimal,,,,,,,,,,,,,,,Yes,,,,,Yes,,,,,,145,Malvern West,132,Malvern (132),D42,642701.3589,4852537.823
13269,80943366,,14/01/2017,2017,1902,NEILSON RD,CROW TRL,,Minor Arterial,Scarborough,43.812148,-79.225711,At Intersection,Traffic Signal,Clear,"Dark, artificial",Dry,Non-Fatal Injury,Turning Movement,Driver,20 to 24,Minimal,,South,"Automobile, Station Wagon",Going Ahead,Driving Properly,Normal,,,,,,,,,Yes,,,,,Yes,,,,,,145,Malvern West,132,Malvern (132),D42,642701.3589,4852537.823
13270,80943367,,14/01/2017,2017,1902,NEILSON RD,CROW TRL,,Minor Arterial,Scarborough,43.812148,-79.225711,At Intersection,Traffic Signal,Clear,"Dark, artificial",Dry,Non-Fatal Injury,Turning Movement,Driver,75 to 79,Minimal,,North,Pick Up Truck,Turning Left,Improper Turn,Inattentive,,,,,,,,,Yes,,,,,Yes,,,,,,145,Malvern West,132,Malvern (132),D42,642701.3589,4852537.823
13271,80920091,,15/01/2017,2017,2033,YONGE  ST,ALBERTUS AVE,6 m South of,Major Arterial,North York,43.714495,-79.399997,Intersection Related,No Control,Clear,"Dark, artificial",Dry,Non-Fatal Injury,Pedestrian Collisions,Pedestrian,45 to 49,Major,,West,,,,,Vehicle is going straight thru inter.while ped cross without ROW,Crossing without right of way,Inattentive,,,,Yes,,Yes,,,,,,,,,,,99,Mount Pleasant East,99,Mount Pleasant East (99),D53,628893.4089,4841406.146
13272,80920092,,15/01/2017,2017,2033,YONGE  ST,ALBERTUS AVE,6 m South of,Major Arterial,North York,43.714495,-79.399997,Intersection Related,No Control,Clear,"Dark, artificial",Dry,Non-Fatal Injury,Pedestrian Collisions,Driver,55 to 59,None,,North,"Automobile, Station Wagon",Going Ahead,Driving Properly,Normal,,,,,,,Yes,,Yes,,,,,,,,,,,99,Mount Pleasant East,99,Mount Pleasant East (99),D53,628893.4089,4841406.146
13273,80734207,,19/01/2017,2017,553,KING ST W,BAY ST,,Major Arterial,Toronto and East York,43.648577,-79.380237,At Intersection,Traffic Signal,Clear,"Dark, artificial",Dry,Non-Fatal Injury,Pedestrian Collisions,Truck Driver,60 to 64,None,,East,"Truck - Closed (Blazer, etc)",Turning Right,Other,Normal,,,,,,,Yes,,,,Yes,,,,,,,,,170,Yonge-Bay Corridor,76,Bay Street Corridor (76),D52,630628.2364,4834115.968
13274,80734257,,19/01/2017,2017,553,KING ST W,BAY ST,,Major Arterial,Toronto and East York,43.648577,-79.380237,At Intersection,Traffic Signal,Clear,"Dark, artificial",Dry,Non-Fatal Injury,Pedestrian Collisions,Pedestrian,40 to 44,Major,,Unknown,,,,,Pedestrian hit on sidewalk or shoulder,Other,Inattentive,,,,Yes,,,,Yes,,,,,,,,,170,Yonge-Bay Corridor,76,Bay Street Corridor (76),D52,630628.2364,4834115.968
13275,80734346,,19/01/2017,2017,1755,COLLINSGROVE RD,LAWRENCE AV E,113 m North ,Collector,Scarborough,43.769919,-79.183154,Non Intersection,No Control,Clear,"Dark, artificial",Dry,Non-Fatal Injury,Pedestrian Collisions,Driver,65 to 69,None,,North,"Automobile, Station Wagon",Going Ahead,Driving Properly,Normal,,,,,,,Yes,,Yes,,,,,,,,,,,136,West Hill,136,West Hill (136),D43,646227.1047,4847921.894
13276,80734347,,19/01/2017,2017,1755,COLLINSGROVE RD,LAWRENCE AV E,113 m North ,Collector,Scarborough,43.769919,-79.183154,Non Intersection,No Control,Clear,"Dark, artificial",Dry,Non-Fatal Injury,Pedestrian Collisions,Pedestrian,55 to 59,Major,,East,,,,,Pedestrian hit at mid-block,"Crossing, no Traffic Control",Normal,,,,Yes,,Yes,,,,,,,,,,,136,West Hill,136,West Hill (136),D43,646227.1047,4847921.894
13277,80734404,,19/01/2017,2017,1828,KENNEDY RD,MERRIAN RD,30 m North o,Major Arterial,Scarborough,43.727336,-79.26588,At Intersection,Traffic Controller,Clear,"Dark, artificial",Wet,Non-Fatal Injury,Rear End,Driver,20 to 24,None,,South,"Automobile, Station Wagon",Going Ahead,Exceeding Speed Limit,Normal,,,,,,,,,Yes,,,,,,Yes,Yes,,,,124,Kennedy Park,124,Kennedy Park (124),D41,639667.9165,4843049.632