OBJECTID,INDEX,ACCNUM,DATE,ACCIDENT_YEAR,TIME,STREET1,STREET2,OFFSET,ROAD_CLASS,DISTRICT,LATITUDE,LONGITUDE,ACCLOC,TRAFFCTL,VISIBILITY,LIGHT,RDSFCOND,ACCLASS,IMPACTYPE,INVTYPE,INVAGE,INJURY,FATAL_NO,INITDIR,VEHTYPE,MANOEUVER,DRIVACT,DRIVCOND,PEDTYPE,PEDACT,PEDCOND,CYCLISTYPE,CYCACT,CYCCOND,PEDESTRIAN,CYCLIST,AUTOMOBILE,MOTORCYCLE,TRUCK,TRSN_CITY_VEH,EMERG_VEH,PASSENGER,SPEEDING,AG_DRIV,REDLIGHT,ALCOHOL,DISABILITY,HOOD_158,NEIGHBOURHOOD_158,HOOD_140,NEIGHBOURHOOD_140,DIVISION,x,y
13394,80775800,,21/03/2017,2017,905,EGLINTON AVE E,BRIMLEY RD,,Major Arterial,Scarborough,43.736624,-79.24805,At Intersection,Traffic Signal,Clear,Daylight,Dry,Non-Fatal Injury,Pedestrian Collisions,Pedestrian,75 to 79,Major,,North,,,,,Vehicle turns left while ped crosses with ROW at inter.,Crossing with right of way,Normal,,,,Yes,,Yes,,,,,,,Yes,,,,124,Kennedy Park,124,Kennedy Park (124),D41,641082.1697,4844111.411
13395,80788373,,21/03/2017,2017,1606,401 C E VICTORIA PR N RAMP,VICTORIA PARK AVE,,Major Arterial,North York,43.766852,-79.319141,At Intersection,Traffic Signal,Clear,Daylight,Dry,Non-Fatal Injury,Pedestrian Collisions,Driver,50 to 54,None,,East,"Automobile, Station Wagon",Turning Right,Failed to Yield Right of Way,Inattentive,,,,,,,Yes,,Yes,,,,,,,Yes,,,,119,Wexford/Maryvale,119,Wexford/Maryvale (119),D41,635289.1137,4847350.084
13396,80788374,,21/03/2017,2017,1606,401 C E VICTORIA PR N RAMP,VICTORIA PARK AVE,,Major Arterial,North York,43.766852,-79.319141,At Intersection,Traffic Signal,Clear,Daylight,Dry,Non-Fatal Injury,Pedestrian Collisions,Pedestrian,65 to 69,Major,,North,,,,,Vehicle turns right while ped crosses with ROW at inter.,Crossing with right of way,Normal,,,,Yes,,Yes,,,,,,,Yes,,,,119,Wexford/Maryvale,119,Wexford/Maryvale (119),D41,635289.1137,4847350.084
13397,80942134,,22/03/2017,2017,1440,CARLAW AVE,RIVERDALE AVE,,Minor Arterial,Toronto and East York,43.670687,-79.343982,At Intersection,No Control,Clear,Daylight,Dry,Non-Fatal Injury,Pedestrian Collisions,Pedestrian,60 to 64,Major,,North,,,,,Vehicle is going straight thru inter.while ped cross with ROW,Crossing with right of way,Normal,,,,Yes,,Yes,,,,,,,,,,,68,North Riverdale,68,North Riverdale (68),D55,633503.0957,4836629.287
13398,80942135,,22/03/2017,2017,1440,CARLAW AVE,RIVERDALE AVE,,Minor Arterial,Toronto and East York,43.670687,-79.343982,At Intersection,No Control,Clear,Daylight,Dry,Non-Fatal Injury,Pedestrian Collisions,Driver,unknown,None,,North,Delivery Van,Going Ahead,Lost control,Unknown,,,,,,,Yes,,Yes,,,,,,,,,,,68,North Riverdale,68,North Riverdale (68),D55,633503.0957,4836629.287
13399,80776079,,23/03/2017,2017,653,MARTIN GROVE RD,BRUNELLO GT,,Minor Arterial,Etobicoke York,43.755927,-79.601611,At Intersection,Stop Sign,Clear,Dawn,Dry,Non-Fatal Injury,Turning Movement,Driver,55 to 59,Major,,East,"Automobile, Station Wagon",Turning Left,Failed to Yield Right of Way,Inattentive,,,,,,,,,Yes,,,,,,,Yes,,,,1,West Humber-Clairville,1,West Humber-Clairville (1),D23,612573.9617,4845713.997
13400,80776080,,23/03/2017,2017,653,MARTIN GROVE RD,BRUNELLO GT,,Minor Arterial,Etobicoke York,43.755927,-79.601611,At Intersection,Stop Sign,Clear,Dawn,Dry,Non-Fatal Injury,Turning Movement,Driver,25 to 29,Minimal,,South,"Automobile, Station Wagon",Going Ahead,Driving Properly,Normal,,,,,,,,,Yes,,,,,,,Yes,,,,1,West Humber-Clairville,1,West Humber-Clairville (1),D23,612573.9617,4845713.997
13401,80775260,,24/03/2017,2017,2213,FINCH AVE E,DORIS AVE,,Major Arterial,North York,43.780406,-79.412273,At Intersection,Traffic Signal,Rain,"Dark, artificial",Wet,Non-Fatal Injury,Cyclist Collisions,Driver,50 to 54,None,,North,"Automobile, Station Wagon",Turning Left,Improper Turn,Inattentive,,,,,,,,Yes,Yes,,,,,,,,,,,152,East Willowdale,51,Willowdale East (51),D32,627764.1597,4848707.52
13402,80775261,,24/03/2017,2017,2213,FINCH AVE E,DORIS AVE,,Major Arterial,North York,43.780406,-79.412273,At Intersection,Traffic Signal,Rain,"Dark, artificial",Wet,Non-Fatal Injury,Cyclist Collisions,Cyclist,20 to 24,Major,,South,Bicycle,Going Ahead,,,,,,Motorist turned left across cyclists path.,Disobeyed Traffic Control,Inattentive,,Yes,Yes,,,,,,,,,,,152,East Willowdale,51,Willowdale East (51),D32,627764.1597,4848707.52
13403,80775274,,26/03/2017,2017,254,LAWRENCE  AVE W,WESTON RD,,Major Arterial,Etobicoke York,43.700087,-79.516155,At Intersection,Traffic Signal,Rain,"Dark, artificial",Wet,Non-Fatal Injury,Pedestrian Collisions,Driver,70 to 74,None,,West,"Automobile, Station Wagon",Going Ahead,Driving Properly,Normal,,,,,,,Yes,,Yes,,,,,,,,,,,113,Weston,113,Weston (113),D12,619564.4888,4839631.867
13404,80775275,,26/03/2017,2017,254,LAWRENCE  AVE W,WESTON RD,,Major Arterial,Etobicoke York,43.700087,-79.516155,At Intersection,Traffic Signal,Rain,"Dark, artificial",Wet,Non-Fatal Injury,Pedestrian Collisions,Pedestrian,30 to 34,Major,,South,,,,,Vehicle is going straight thru inter.while ped cross without ROW,Crossing without right of way,"Ability Impaired, Drugs",,,,Yes,,Yes,,,,,,,,,,,113,Weston,113,Weston (113),D12,619564.4888,4839631.867
13405,80782606,,26/03/2017,2017,1310,ELLESMERE RD,DOLLY VARDEN BLVD,,Major Arterial,Scarborough,43.775668,-79.234958,At Intersection,Traffic Signal,Clear,Daylight,Wet,Non-Fatal Injury,Turning Movement,Driver,65 to 69,Minimal,,West,"Automobile, Station Wagon",Going Ahead,Disobeyed Traffic Control,Inattentive,,,,,,,,,Yes,,,,,Yes,,Yes,Yes,,,142,Woburn North,137,Woburn (137),D43,642044.0466,4848470.225
13406,80782607,,26/03/2017,2017,1310,ELLESMERE RD,DOLLY VARDEN BLVD,,Major Arterial,Scarborough,43.775668,-79.234958,At Intersection,Traffic Signal,Clear,Daylight,Wet,Non-Fatal Injury,Turning Movement,Driver,25 to 29,None,,East,"Automobile, Station Wagon",Turning Left,Driving Properly,Normal,,,,,,,,,Yes,,,,,Yes,,Yes,Yes,,,142,Woburn North,137,Woburn (137),D43,642044.0466,4848470.225
13407,80782608,,26/03/2017,2017,1310,ELLESMERE RD,DOLLY VARDEN BLVD,,Major Arterial,Scarborough,43.775668,-79.234958,At Intersection,Traffic Signal,Clear,Daylight,Wet,Non-Fatal Injury,Turning Movement,Passenger,20 to 24,Minimal,,,,,,,,,,,,,,,Yes,,,,,Yes,,Yes,Yes,,,142,Woburn North,137,Woburn (137),D43,642044.0466,4848470.225
13408,80782609,,26/03/2017,2017,1310,ELLESMERE RD,DOLLY VARDEN BLVD,,Major Arterial,Scarborough,43.775668,-79.234958,At Intersection,Traffic Signal,Clear,Daylight,Wet,Non-Fatal Injury,Turning Movement,Passenger,20 to 24,Minimal,,,,,,,,,,,,,,,Yes,,,,,Yes,,Yes,Yes,,,142,Woburn North,137,Woburn (137),D43,642044.0466,4848470.225
13409,80782610,,26/03/2017,2017,1310,ELLESMERE RD,DOLLY VARDEN BLVD,,Major Arterial,Scarborough,43.775668,-79.234958,At Intersection,Traffic Signal,Clear,Daylight,Wet,Non-Fatal Injury,Turning Movement,Passenger,20 to 24,Major,,,,,,,,,,,,,,,Yes,,,,,Yes,,Yes,Yes,,,142,Woburn North,137,Woburn (137),D43,642044.0466,4848470.225
13410,80782611,,26/03/2017,2017,1310,ELLESMERE RD,DOLLY VARDEN BLVD,,Major Arterial,Scarborough,43.775668,-79.234958,At Intersection,Traffic Signal,Clear,Daylight,Wet,Non-Fatal Injury,Turning Movement,Passenger,70 to 74,Minimal,,,,,,,,,,,,,,,Yes,,,,,Yes,,Yes,Yes,,,142,Woburn North,137,Woburn (137),D43,642044.0466,4848470.225
13411,80782612,,26/03/2017,2017,1310,ELLESMERE RD,DOLLY VARDEN BLVD,,Major Arterial,Scarborough,43.775668,-79.234958,At Intersection,Traffic Signal,Clear,Daylight,Wet,Non-Fatal Injury,Turning Movement,Passenger,0 to 4,None,,,,,,,,,,,,,,,Yes,,,,,Yes,,Yes,Yes,,,142,Woburn North,137,Woburn (137),D43,642044.0466,4848470.225
13412,80782613,,26/03/2017,2017,1310,ELLESMERE RD,DOLLY VARDEN BLVD,,Major Arterial,Scarborough,43.775668,-79.234958,At Intersection,Traffic Signal,Clear,Daylight,Wet,Non-Fatal Injury,Turning Movement,Passenger,0 to 4,None,,,,,,,,,,,,,,,Yes,,,,,Yes,,Yes,Yes,,,142,Woburn North,137,Woburn (137),D43,642044.0466,4848470.225
13413,80775490,,27/03/2017,2017,855,EGLINTON AVE W,RUSSELL HILL RD,3 m East of,Major Arterial,North York,43.703047,-79.415462,Non Intersection,Traffic Controller,Clear,Daylight,Wet,Non-Fatal Injury,Other,Driver,45 to 49,Major,,East,Municipal Transit Bus (TTC),Going Ahead,Driving Properly,Normal,,,,,,,,,,,,Yes,,Yes,,,,,,101,Forest Hill South,101,Forest Hill South (101),D53,627671.8674,4840110.751
13414,80775491,,27/03/2017,2017,855,EGLINTON AVE W,RUSSELL HILL RD,3 m East of,Major Arterial,North York,43.703047,-79.415462,Non Intersection,Traffic Controller,Clear,Daylight,Wet,Non-Fatal Injury,Other,Passenger,25 to 29,Minor,,,,,,,,,,,,,,,,,,Yes,,Yes,,,,,,101,Forest Hill South,101,Forest Hill South (101),D53,627671.8674,4840110.751
13415,80914570,,28/03/2017,2017,600,2800 WARDEN AVE,,,Major Arterial,Scarborough,43.794673,-79.314952,Non Intersection,Pedestrian Crossover,Clear,Dark,Dry,Non-Fatal Injury,Pedestrian Collisions,Pedestrian,65 to 69,Major,,East,,,,,Pedestrian hit a PXO/ped. Mid-block signal,"Crossing, Pedestrian Crossover",Normal,,,,Yes,,Yes,,,,,,,Yes,,,,147,L'Amoreaux West,117,L'Amoreaux (117),D42,635563.3876,4850446.894
13416,80914571,,28/03/2017,2017,600,2800 WARDEN AVE,,,Major Arterial,Scarborough,43.794673,-79.314952,Non Intersection,Pedestrian Crossover,Clear,Dark,Dry,Non-Fatal Injury,Pedestrian Collisions,Driver,25 to 29,None,,North,"Automobile, Station Wagon",Going Ahead,Disobeyed Traffic Control,Inattentive,,,,,,,Yes,,Yes,,,,,,,Yes,,,,147,L'Amoreaux West,117,L'Amoreaux (117),D42,635563.3876,4850446.894
13417,80783074,,30/03/2017,2017,15,SCARBOROUGH GOLF CLUB RD,LAWRENCE AVE E,,Major Arterial,Scarborough,43.761779,-79.215801,At Intersection,Traffic Signal,Clear,"Dark, artificial",Dry,Non-Fatal Injury,Angle,Driver,15 to 19,Major,,North,"Automobile, Station Wagon",Going Ahead,Disobeyed Traffic Control,Unknown,,,,,,,,,Yes,,,,,Yes,Yes,Yes,Yes,,,141,Golfdale-Cedarbrae-Woburn,137,Woburn (137),D43,643618.9897,4846960.681
13418,80783179,,30/03/2017,2017,15,SCARBOROUGH GOLF CLUB RD,LAWRENCE AVE E,,Major Arterial,Scarborough,43.761779,-79.215801,At Intersection,Traffic Signal,Clear,"Dark, artificial",Dry,Non-Fatal Injury,Angle,Driver,55 to 59,Minor,,East,"Automobile, Station Wagon",Going Ahead,Driving Properly,Normal,,,,,,,,,Yes,,,,,Yes,Yes,Yes,Yes,,,141,Golfdale-Cedarbrae-Woburn,137,Woburn (137),D43,643618.9897,4846960.681
13419,80783180,,30/03/2017,2017,15,SCARBOROUGH GOLF CLUB RD,LAWRENCE AVE E,,Major Arterial,Scarborough,43.761779,-79.215801,At Intersection,Traffic Signal,Clear,"Dark, artificial",Dry,Non-Fatal Injury,Angle,Passenger,70 to 74,None,,,,,,,,,,,,,,,Yes,,,,,Yes,Yes,Yes,Yes,,,141,Golfdale-Cedarbrae-Woburn,137,Woburn (137),D43,643618.9897,4846960.681
13420,80782614,,31/03/2017,2017,1050,PASSMORE  AVE,SILVER STAR  BLVD,,Collector,Scarborough,43.819899,-79.298061,At Intersection,Traffic Signal,Clear,Daylight,Dry,Non-Fatal Injury,Turning Movement,Driver,60 to 64,Major,,South,Passenger Van,Turning Left,Disobeyed Traffic Control,Normal,,,,,,,,,Yes,,,,,,,Yes,Yes,,,130,Milliken,130,Milliken (130),D42,636864.6677,4853276.453
13421,80782615,,31/03/2017,2017,1050,PASSMORE  AVE,SILVER STAR  BLVD,,Collector,Scarborough,43.819899,-79.298061,At Intersection,Traffic Signal,Clear,Daylight,Dry,Non-Fatal Injury,Turning Movement,Driver,45 to 49,Minor,,West,Passenger Van,Going Ahead,Driving Properly,Normal,,,,,,,,,Yes,,,,,,,Yes,Yes,,,130,Milliken,130,Milliken (130),D42,636864.6677,4853276.453
13422,80774387,,01/04/2017,2017,208,MARGUERETTA ST,BLOOR  ST W,34 m South o,Local,Toronto and East York,43.658438,-79.440212,Non Intersection,No Control,Clear,"Dark, artificial",Wet,Non-Fatal Injury,Pedestrian Collisions,Driver,unknown,None,,South,"Automobile, Station Wagon",Going Ahead,Other,Unknown,,,,,,,Yes,,Yes,,,,,,,,,,,83,Dufferin Grove,83,Dufferin Grove (83),D11,625770.8274,4835118.503
13423,80774388,,01/04/2017,2017,208,MARGUERETTA ST,BLOOR  ST W,34 m South o,Local,Toronto and East York,43.658438,-79.440212,Non Intersection,No Control,Clear,"Dark, artificial",Wet,Non-Fatal Injury,Pedestrian Collisions,Pedestrian,20 to 24,Major,,North,,,,,Pedestrian hit at mid-block,Running onto Roadway,Normal,,,,Yes,,Yes,,,,,,,,,,,83,Dufferin Grove,83,Dufferin Grove (83),D11,625770.8274,4835118.503
13424,80774605,,02/04/2017,2017,4,MARTIN GROVE RD,JEFFCOAT DR,120 m South ,Major Arterial,Etobicoke York,43.717608,-79.582813,Non Intersection,No Control,Clear,"Dark, artificial",Dry,Non-Fatal Injury,SMV Other,Driver,60 to 64,Major,,South,"Automobile, Station Wagon",Unknown,Speed too Fast For Condition,Inattentive,,,,,,,,,Yes,,,,,,Yes,Yes,,,,1,West Humber-Clairville,1,West Humber-Clairville (1),D23,614160.0503,4841483.849
13425,80774687,,02/04/2017,2017,905,PHARMACY AVE,STEELES AVE E,,Major Arterial,Scarborough,43.816786,-79.336421,At Intersection,Traffic Signal,Clear,Daylight,Dry,Non-Fatal Injury,Pedestrian Collisions,Driver,65 to 69,None,,South,"Automobile, Station Wagon",Turning Left,Failed to Yield Right of Way,Inattentive,,,,,,,Yes,,Yes,,,,,,,Yes,,,,116,Steeles,116,Steeles (116),D42,633786.7971,4852867.955
13426,80774688,,02/04/2017,2017,905,PHARMACY AVE,STEELES AVE E,,Major Arterial,Scarborough,43.816786,-79.336421,At Intersection,Traffic Signal,Clear,Daylight,Dry,Non-Fatal Injury,Pedestrian Collisions,Pedestrian,60 to 64,Major,,Unknown,,,,,Vehicle turns left while ped crosses with ROW at inter.,Crossing with right of way,Normal,,,,Yes,,Yes,,,,,,,Yes,,,,116,Steeles,116,Steeles (116),D42,633786.7971,4852867.955
13427,80774895,,03/04/2017,2017,1053,THE EAST MALL,BURNHAMTHORPE RD,,Major Arterial,Etobicoke York,43.646231,-79.559947,Intersection Related,Traffic Signal,Clear,Daylight,Dry,Non-Fatal Injury,Pedestrian Collisions,Driver,80 to 84,None,,North,"Automobile, Station Wagon",Turning Left,Improper Turn,Normal,,,,,,,Yes,,Yes,,,,,Yes,,,,,,158,Islington,14,Islington-City Centre West (14),D22,616139.648,4833588.235
13428,80774896,,03/04/2017,2017,1053,THE EAST MALL,BURNHAMTHORPE RD,,Major Arterial,Etobicoke York,43.646231,-79.559947,Intersection Related,Traffic Signal,Clear,Daylight,Dry,Non-Fatal Injury,Pedestrian Collisions,Passenger,90 to 94,None,,,,,,,,,,,,,Yes,,Yes,,,,,Yes,,,,,,158,Islington,14,Islington-City Centre West (14),D22,616139.648,4833588.235
13429,80774897,,03/04/2017,2017,1053,THE EAST MALL,BURNHAMTHORPE RD,,Major Arterial,Etobicoke York,43.646231,-79.559947,Intersection Related,Traffic Signal,Clear,Daylight,Dry,Non-Fatal Injury,Pedestrian Collisions,Pedestrian,50 to 54,Major,,South,,,,,Vehicle turns left while ped crosses with ROW at inter.,Crossing with right of way,Normal,,,,Yes,,Yes,,,,,Yes,,,,,,158,Islington,14,Islington-City Centre West (14),D22,616139.648,4833588.235
13430,80775044,,04/04/2017,2017,10,MCLEVIN AVE,TAPSCOTT RD,,Minor Arterial,Scarborough,43.80511,-79.22665,At Intersection,Traffic Signal,Rain,"Dark, artificial",Wet,Non-Fatal Injury,Pedestrian Collisions,Driver,40 to 44,None,,East,Pick Up Truck,Turning Left,Improper Turn,Inattentive,,,,,,,Yes,,Yes,,,,,,,,,,,145,Malvern West,132,Malvern (132),D42,642642.5903,4851754.519
13431,80775045,,04/04/2017,2017,10,MCLEVIN AVE,TAPSCOTT RD,,Minor Arterial,Scarborough,43.80511,-79.22665,At Intersection,Traffic Signal,Rain,"Dark, artificial",Wet,Non-Fatal Injury,Pedestrian Collisions,Pedestrian,15 to 19,Major,,North,,,,,Vehicle turns left while ped crosses with ROW at inter.,Crossing with right of way,Normal,,,,Yes,,Yes,,,,,,,,,,,145,Malvern West,132,Malvern (132),D42,642642.5903,4851754.519
13432,80775113,,04/04/2017,2017,853,DUFFERIN ST,DUNDAS ST W,,Minor Arterial,Toronto and East York,43.649577,-79.431415,At Intersection,Traffic Signal,Rain,Daylight,Wet,Non-Fatal Injury,Pedestrian Collisions,Driver,30 to 34,None,,South,"Automobile, Station Wagon",Turning Left,Failed to Yield Right of Way,Normal,,,,,,,Yes,,Yes,,,,,,,Yes,,,,84,Little Portugal,84,Little Portugal (84),D14,626498.7684,4834147.745
13433,80775114,,04/04/2017,2017,853,DUFFERIN ST,DUNDAS ST W,,Minor Arterial,Toronto and East York,43.649577,-79.431415,At Intersection,Traffic Signal,Rain,Daylight,Wet,Non-Fatal Injury,Pedestrian Collisions,Pedestrian,65 to 69,Major,,South,,,,,Vehicle turns left while ped crosses with ROW at inter.,Crossing with right of way,Normal,,,,Yes,,Yes,,,,,,,Yes,,,,84,Little Portugal,84,Little Portugal (84),D14,626498.7684,4834147.745
13434,80774328,,05/04/2017,2017,1454,4 RIDGEMOUNT RD,CHAPMAN RD,2 m East of,Local,Etobicoke York,43.688971,-79.522189,At/Near Private Drive,No Control,Clear,Daylight,Dry,Non-Fatal Injury,Pedestrian Collisions,Driver,35 to 39,None,,West,"Automobile, Station Wagon",Reversing,Other,,,,,,,,Yes,,Yes,,,,,,,,,,,8,Humber Heights-Westmount,8,Humber Heights-Westmount (8),D23,619100.2831,4838388.601
13435,80774329,,05/04/2017,2017,1454,4 RIDGEMOUNT RD,CHAPMAN RD,2 m East of,Local,Etobicoke York,43.688971,-79.522189,At/Near Private Drive,No Control,Clear,Daylight,Dry,Non-Fatal Injury,Pedestrian Collisions,Pedestrian,55 to 59,Minimal,,North,,,,,Vehicle is reversing and hits pedestrian,Other,Normal,,,,Yes,,Yes,,,,,,,,,,,8,Humber Heights-Westmount,8,Humber Heights-Westmount (8),D23,619100.2831,4838388.601
13436,80774330,,05/04/2017,2017,1454,4 RIDGEMOUNT RD,CHAPMAN RD,2 m East of,Local,Etobicoke York,43.688971,-79.522189,At/Near Private Drive,No Control,Clear,Daylight,Dry,Non-Fatal Injury,Pedestrian Collisions,Pedestrian,85 to 89,Major,,North,,,,,Vehicle is reversing and hits pedestrian,Other,Normal,,,,Yes,,Yes,,,,,,,,,,,8,Humber Heights-Westmount,8,Humber Heights-Westmount (8),D23,619100.2831,4838388.601
13437,80741710,,06/04/2017,2017,1403,CLIFFSIDE DR,FOLCROFT AVE,10 m North o,Local,Scarborough,43.701213,-79.251239,Intersection Related,No Control,Rain,Daylight,Wet,Fatal,Other,Passenger,55 to 59,Fatal,15,,,,,,,,,,,,,,,,Yes,,,Yes,,,,,,122,Birchcliffe-Cliffside,122,Birchcliffe-Cliffside (122),D41,640908.348,4840173.073
13438,80741748,,06/04/2017,2017,1403,CLIFFSIDE DR,FOLCROFT AVE,10 m North o,Local,Scarborough,43.701213,-79.251239,Intersection Related,No Control,Rain,Daylight,Wet,Fatal,Other,Truck Driver,50 to 54,None,,North,"Truck - Closed (Blazer, etc)",Going Ahead,Driving Properly,Normal,,,,,,,,,,,Yes,,,Yes,,,,,,122,Birchcliffe-Cliffside,122,Birchcliffe-Cliffside (122),D41,640908.348,4840173.073
13439,80910053,,06/04/2017,2017,1549,NASSAU ST,BATHURST ST,,Major Arterial,Toronto and East York,43.654212,-79.406795,At Intersection,Traffic Signal,Rain,Daylight,Wet,Non-Fatal Injury,Pedestrian Collisions,Pedestrian,75 to 79,Major,,East,,,,,Vehicle turns left while ped crosses with ROW at inter.,Crossing with right of way,Normal,,,,Yes,,Yes,,,,,Yes,,Yes,,,,78,Kensington-Chinatown,78,Kensington-Chinatown (78),D14,628474.3886,4834700.346
13440,80910054,,06/04/2017,2017,1549,NASSAU ST,BATHURST ST,,Major Arterial,Toronto and East York,43.654212,-79.406795,At Intersection,Traffic Signal,Rain,Daylight,Wet,Non-Fatal Injury,Pedestrian Collisions,Passenger,40 to 44,None,,,,,,,,,,,,,Yes,,Yes,,,,,Yes,,Yes,,,,78,Kensington-Chinatown,78,Kensington-Chinatown (78),D14,628474.3886,4834700.346
13441,80910055,,06/04/2017,2017,1549,NASSAU ST,BATHURST ST,,Major Arterial,Toronto and East York,43.654212,-79.406795,At Intersection,Traffic Signal,Rain,Daylight,Wet,Non-Fatal Injury,Pedestrian Collisions,Driver,50 to 54,None,,West,"Automobile, Station Wagon",Turning Left,Failed to Yield Right of Way,Inattentive,,,,,,,Yes,,Yes,,,,,Yes,,Yes,,,,78,Kensington-Chinatown,78,Kensington-Chinatown (78),D14,628474.3886,4834700.346
13442,80774627,,06/04/2017,2017,2315,MARKHAM RD,PAINTED POST DR,10 m West of,Major Arterial,Scarborough,43.767493,-79.22832,At Intersection,Traffic Signal,Rain,"Dark, artificial",Wet,Non-Fatal Injury,Pedestrian Collisions,Driver,25 to 29,None,,South,"Automobile, Station Wagon",Going Ahead,Driving Properly,Normal,,,,,,,Yes,,Yes,,,,,,,,,,,142,Woburn North,137,Woburn (137),D43,642597.6832,4847573.674
13443,80774628,,06/04/2017,2017,2315,MARKHAM RD,PAINTED POST DR,10 m West of,Major Arterial,Scarborough,43.767493,-79.22832,At Intersection,Traffic Signal,Rain,"Dark, artificial",Wet,Non-Fatal Injury,Pedestrian Collisions,Pedestrian,25 to 29,Major,,West,,,,,Vehicle is going straight thru inter.while ped cross without ROW,Crossing without right of way,Inattentive,,,,Yes,,Yes,,,,,,,,,,,142,Woburn North,137,Woburn (137),D43,642597.6832,4847573.674
13444,80774281,,10/04/2017,2017,1610,MARTIN GROVE RD,DOSCO RD,7 m South of,Major Arterial,Etobicoke York,43.695151,-79.572528,At Intersection,No Control,Clear,Daylight,Wet,Non-Fatal Injury,Turning Movement,Driver,45 to 49,None,,East,Passenger Van,Turning Left,Failed to Yield Right of Way,Inattentive,,,,,,,,,Yes,,,,,,Yes,Yes,,,,1,West Humber-Clairville,1,West Humber-Clairville (1),D23,615031.4988,4839003.909
13445,80774282,,10/04/2017,2017,1610,MARTIN GROVE RD,DOSCO RD,7 m South of,Major Arterial,Etobicoke York,43.695151,-79.572528,At Intersection,No Control,Clear,Daylight,Wet,Non-Fatal Injury,Turning Movement,Driver,20 to 24,Major,,South,"Automobile, Station Wagon",Going Ahead,Driving Properly,Inattentive,,,,,,,,,Yes,,,,,,Yes,Yes,,,,1,West Humber-Clairville,1,West Humber-Clairville (1),D23,615031.4988,4839003.909
13446,80774351,,10/04/2017,2017,2229,ST CLAIR AVE W,GUNNS RD,90 m West of,Major Arterial,Etobicoke York,43.671408,-79.472408,Non Intersection,No Control,Rain,Dark,Wet,Non-Fatal Injury,Pedestrian Collisions,Driver,35 to 39,None,,West,"Automobile, Station Wagon",Going Ahead,Driving Properly,Normal,,,,,,,Yes,,Yes,,,,,,,Yes,,,,90,Junction Area,90,Junction Area (90),D11,623148.2113,4836510.693
13447,80774352,,10/04/2017,2017,2229,ST CLAIR AVE W,GUNNS RD,90 m West of,Major Arterial,Etobicoke York,43.671408,-79.472408,Non Intersection,No Control,Rain,Dark,Wet,Non-Fatal Injury,Pedestrian Collisions,Pedestrian,50 to 54,Major,,West,,,,,Pedestrian hit at mid-block,Running onto Roadway,Inattentive,,,,Yes,,Yes,,,,,,,Yes,,,,90,Junction Area,90,Junction Area (90),D11,623148.2113,4836510.693
13448,80741712,,11/04/2017,2017,1056,WILSON AVE,DUFFERIN ST,10 m west,Major Arterial,North York,43.73202,-79.458873,At Intersection,Traffic Signal,Clear,Daylight,Dry,Fatal,Pedestrian Collisions,Pedestrian,50 to 54,Fatal,16,East,,,,,Vehicle turns right while ped crosses with ROW at inter.,Crossing with right of way,Normal,,,,Yes,,,,Yes,,,,,Yes,,,,33,Clanton Park,33,Clanton Park (33),D32,624114.2251,4843262.677
13449,80741715,,11/04/2017,2017,1056,WILSON AVE,DUFFERIN ST,10 m west,Major Arterial,North York,43.73202,-79.458873,At Intersection,Traffic Signal,Clear,Daylight,Dry,Fatal,Pedestrian Collisions,Truck Driver,60 to 64,None,,East,"Truck - Closed (Blazer, etc)",Turning Right,Failed to Yield Right of Way,Inattentive,,,,,,,Yes,,,,Yes,,,,,Yes,,,,33,Clanton Park,33,Clanton Park (33),D32,624114.2251,4843262.677
13450,80774493,,11/04/2017,2017,1919,GERRARD ST E,SACKVILLE ST,37 m East of,Minor Arterial,Toronto and East York,43.66265,-79.363513,Non Intersection,No Control,Clear,Daylight,Dry,Non-Fatal Injury,Pedestrian Collisions,Driver,40 to 44,None,,East,"Automobile, Station Wagon",Going Ahead,Driving Properly,Normal,,,,,,,Yes,,Yes,,,,,,,,,,,72,Regent Park,72,Regent Park (72),D51,631946.1573,4835705.422
13451,80774494,,11/04/2017,2017,1919,GERRARD ST E,SACKVILLE ST,37 m East of,Minor Arterial,Toronto and East York,43.66265,-79.363513,Non Intersection,No Control,Clear,Daylight,Dry,Non-Fatal Injury,Pedestrian Collisions,Pedestrian,40 to 44,Major,,Unknown,,,,,Pedestrian hit at mid-block,"Crossing, no Traffic Control",Other,,,,Yes,,Yes,,,,,,,,,,,72,Regent Park,72,Regent Park (72),D51,631946.1573,4835705.422
13452,80741713,,13/04/2017,2017,144,CUMMER AVE,SNOWCREST AVE,150 m East,Collector,North York,43.795336,-79.380786,Non Intersection,No Control,Clear,"Dark, artificial",Dry,Fatal,SMV Other,Passenger,25 to 29,Major,,,,,,,,,,,,,,,Yes,,,,,Yes,Yes,Yes,,,,49,Bayview Woods-Steeles,49,Bayview Woods-Steeles (49),D33,630265.5008,4850414.804
13453,80741716,,13/04/2017,2017,144,CUMMER AVE,SNOWCREST AVE,150 m East,Collector,North York,43.795336,-79.380786,Non Intersection,No Control,Clear,"Dark, artificial",Dry,Fatal,SMV Other,Driver,25 to 29,Fatal,17,East,"Automobile, Station Wagon",Going Ahead,Lost control,Unknown,,,,,,,,,Yes,,,,,Yes,Yes,Yes,,,,49,Bayview Woods-Steeles,49,Bayview Woods-Steeles (49),D33,630265.5008,4850414.804