OBJECTID,INDEX,ACCNUM,DATE,ACCIDENT_YEAR,TIME,STREET1,STREET2,OFFSET,ROAD_CLASS,DISTRICT,LATITUDE,LONGITUDE,ACCLOC,TRAFFCTL,VISIBILITY,LIGHT,RDSFCOND,ACCLASS,IMPACTYPE,INVTYPE,INVAGE,INJURY,FATAL_NO,INITDIR,VEHTYPE,MANOEUVER,DRIVACT,DRIVCOND,PEDTYPE,PEDACT,PEDCOND,CYCLISTYPE,CYCACT,CYCCOND,PEDESTRIAN,CYCLIST,AUTOMOBILE,MOTORCYCLE,TRUCK,TRSN_CITY_VEH,EMERG_VEH,PASSENGER,SPEEDING,AG_DRIV,REDLIGHT,ALCOHOL,DISABILITY,HOOD_158,NEIGHBOURHOOD_158,HOOD_140,NEIGHBOURHOOD_140,DIVISION,x,y
13753,80901160,,16/07/2017,2017,2033,1450 CASTLEFIELD AVE,,20 m West of,Collector,Etobicoke York,43.697581,-79.466968,Non Intersection,No Control,Clear,Daylight,Dry,Non-Fatal Injury,Sideswipe,Motorcycle Driver,25 to 29,Major,,West,Motorcycle,Going Ahead,Driving Properly,Normal,,,,,,,,,,Yes,,,,,Yes,Yes,,,,112,Beechborough-Greenbrook,112,Beechborough-Greenbrook (112),D12,623533.0331,4839425.648
13754,80901161,,16/07/2017,2017,2033,1450 CASTLEFIELD AVE,,20 m West of,Collector,Etobicoke York,43.697581,-79.466968,Non Intersection,No Control,Clear,Daylight,Dry,Non-Fatal Injury,Sideswipe,Motorcycle Driver,unknown,None,,West,Motorcycle,Going Ahead,Lost control,Unknown,,,,,,,,,,Yes,,,,,Yes,Yes,,,,112,Beechborough-Greenbrook,112,Beechborough-Greenbrook (112),D12,623533.0331,4839425.648
13755,80773465,,18/07/2017,2017,737,YONGE ST,CAMERON AVE,40 m North o,Major Arterial,North York,43.757689,-79.409946,Non Intersection,No Control,Clear,Daylight,Dry,Non-Fatal Injury,Cyclist Collisions,Truck Driver,55 to 59,None,,South,Truck - Dump,Changing Lanes,Improper Lane Change,Inattentive,,,,,,,,Yes,,,Yes,,,,,,,,,153,Avondale,51,Willowdale East (51),D32,627999.8633,4846188.046
13756,80773466,,18/07/2017,2017,737,YONGE ST,CAMERON AVE,40 m North o,Major Arterial,North York,43.757689,-79.409946,Non Intersection,No Control,Clear,Daylight,Dry,Non-Fatal Injury,Cyclist Collisions,Cyclist,40 to 44,Major,,South,Bicycle,Going Ahead,,,,,,Cyclist and Driver travelling in same direction. One vehicle sideswipes the other.,Driving Properly,Normal,,Yes,,,Yes,,,,,,,,,153,Avondale,51,Willowdale East (51),D32,627999.8633,4846188.046
13757,80773471,,18/07/2017,2017,825,VICTORIA PARK AVE,FINCH AVE E,,Major Arterial,North York,43.793036,-79.331371,At Intersection,Traffic Signal,Clear,Daylight,Dry,Non-Fatal Injury,Pedestrian Collisions,Driver,35 to 39,None,,South,Delivery Van,Going Ahead,Driving Properly,Normal,,,,,,,Yes,,Yes,,,,,Yes,,,,,,147,L'Amoreaux West,117,L'Amoreaux (117),D42,634246.1187,4850238.316
13758,80773472,,18/07/2017,2017,825,VICTORIA PARK AVE,FINCH AVE E,,Major Arterial,North York,43.793036,-79.331371,At Intersection,Traffic Signal,Clear,Daylight,Dry,Non-Fatal Injury,Pedestrian Collisions,Pedestrian,15 to 19,Major,,East,,,,,Vehicle is going straight thru inter.while ped cross without ROW,Crossing without right of way,Inattentive,,,,Yes,,Yes,,,,,Yes,,,,,,147,L'Amoreaux West,117,L'Amoreaux (117),D42,634246.1187,4850238.316
13759,80773473,,18/07/2017,2017,825,VICTORIA PARK AVE,FINCH AVE E,,Major Arterial,North York,43.793036,-79.331371,At Intersection,Traffic Signal,Clear,Daylight,Dry,Non-Fatal Injury,Pedestrian Collisions,Passenger,45 to 49,None,,,,,,,,,,,,,Yes,,Yes,,,,,Yes,,,,,,147,L'Amoreaux West,117,L'Amoreaux (117),D42,634246.1187,4850238.316
13760,80757181,,18/07/2017,2017,1054,EGLINTON AVE E,MIDLAND AVE,150 m West o,Major Arterial,Scarborough,43.734023,-79.260021,Non Intersection,No Control,Clear,Daylight,Dry,Fatal,Pedestrian Collisions,Pedestrian,70 to 74,Fatal,30,Unknown,,,,,Pedestrian involved in a collision with transit vehicle anywhere along roadway,Person Getting on/off Vehicle,Normal,,,,Yes,,,,,Yes,,,,,,,,124,Kennedy Park,124,Kennedy Park (124),D41,640124.2165,4843802.215
13761,80757190,,18/07/2017,2017,1054,EGLINTON AVE E,MIDLAND AVE,150 m West o,Major Arterial,Scarborough,43.734023,-79.260021,Non Intersection,No Control,Clear,Daylight,Dry,Fatal,Pedestrian Collisions,Driver,55 to 59,None,,West,Municipal Transit Bus (TTC),Pulling Away from Shoulder or Curb,Other,Inattentive,,,,,,,Yes,,,,,Yes,,,,,,,,124,Kennedy Park,124,Kennedy Park (124),D41,640124.2165,4843802.215
13762,80757191,,18/07/2017,2017,1504,BLOOR ST W,JANE ST,,Major Arterial,Toronto and East York,43.64926,-79.484439,At Intersection,Traffic Signal,Clear,Daylight,Dry,Fatal,Rear End,Motorcycle Driver,70 to 74,Fatal,31,East,Motorcycle,Going Ahead,Driving Properly,Unknown,,,,,,,,,,Yes,Yes,,,,,,,,,87,High Park-Swansea,87,High Park-Swansea (87),D11,622223.2438,4834033.079
13763,80757198,,18/07/2017,2017,1504,BLOOR ST W,JANE ST,,Major Arterial,Toronto and East York,43.64926,-79.484439,At Intersection,Traffic Signal,Clear,Daylight,Dry,Fatal,Rear End,Truck Driver,40 to 44,None,,East,Truck - Dump,Going Ahead,Other,Normal,,,,,,,,,,Yes,Yes,,,,,,,,,87,High Park-Swansea,87,High Park-Swansea (87),D11,622223.2438,4834033.079
13764,80942161,,18/07/2017,2017,2115,BATHURST ST,BRENTHALL AVE,20 m  of,Major Arterial,North York,43.774478,-79.443141,At Intersection,Stop Sign,Clear,"Daylight, artificial",Dry,Non-Fatal Injury,Turning Movement,Motorcycle Driver,45 to 49,Major,,North,Motorcycle,Going Ahead,Driving Properly,Normal,,,,,,,,,Yes,Yes,,,,,,,,,,36,Newtonbrook West,36,Newtonbrook West (36),D32,625292.5754,4848001.951
13765,80942162,,18/07/2017,2017,2115,BATHURST ST,BRENTHALL AVE,20 m  of,Major Arterial,North York,43.774478,-79.443141,At Intersection,Stop Sign,Clear,"Daylight, artificial",Dry,Non-Fatal Injury,Turning Movement,Driver,unknown,None,,West,"Automobile, Station Wagon",Turning Left,Improper Turn,Unknown,,,,,,,,,Yes,Yes,,,,,,,,,,36,Newtonbrook West,36,Newtonbrook West (36),D32,625292.5754,4848001.951
13766,80925535,,19/07/2017,2017,1548,SPADINA RD,MACPHERSON AVE,7 m East of,Minor Arterial,Toronto and East York,43.675795,-79.407451,At Intersection,No Control,Clear,Daylight,Dry,Non-Fatal Injury,Turning Movement,Driver,25 to 29,None,,South,"Automobile, Station Wagon",Going Ahead,Driving Properly,Normal,,,,,,,,,Yes,,,,,,,Yes,,,,96,Casa Loma,96,Casa Loma (96),D53,628375.4748,4837096.41
13767,80925536,,19/07/2017,2017,1548,SPADINA RD,MACPHERSON AVE,7 m East of,Minor Arterial,Toronto and East York,43.675795,-79.407451,At Intersection,No Control,Clear,Daylight,Dry,Non-Fatal Injury,Turning Movement,Driver,10 to 14,Major,,North,Other,Turning Left,Improper Turn,Normal,,,,,,,,,Yes,,,,,,,Yes,,,,96,Casa Loma,96,Casa Loma (96),D53,628375.4748,4837096.41
13768,80890669,,19/07/2017,2017,1659,ELLESMERE RD,KENNEDY RD,,Major Arterial,Scarborough,43.765731,-79.28104,At Intersection,Traffic Signal,Clear,Daylight,Dry,Non-Fatal Injury,Other,Passenger,55 to 59,Major,,,,,,,,,,,,,,,,,,Yes,,Yes,,,,,,126,Dorset Park,126,Dorset Park (126),D41,638358.4083,4847288.536
13769,80890670,,19/07/2017,2017,1659,ELLESMERE RD,KENNEDY RD,,Major Arterial,Scarborough,43.765731,-79.28104,At Intersection,Traffic Signal,Clear,Daylight,Dry,Non-Fatal Injury,Other,Driver,35 to 39,None,,West,Municipal Transit Bus (TTC),Pulling Away from Shoulder or Curb,Driving Properly,Normal,,,,,,,,,,,,Yes,,Yes,,,,,,126,Dorset Park,126,Dorset Park (126),D41,638358.4083,4847288.536
13770,80773902,,20/07/2017,2017,624,BREMNER BLVD,SPADINA AVE,,Major Arterial,Toronto and East York,43.64049,-79.392963,At Intersection,Traffic Signal,Clear,Daylight,Dry,Non-Fatal Injury,Pedestrian Collisions,Driver,20 to 24,None,,West,"Automobile, Station Wagon",Going Ahead,Driving Properly,Normal,,,,,,,Yes,,Yes,,,,,,,,,,,165,Harbourfront-CityPlace,77,Waterfront Communities-The Island (77),D52,629619.3096,4833197.848
13771,80773903,,20/07/2017,2017,624,BREMNER BLVD,SPADINA AVE,,Major Arterial,Toronto and East York,43.64049,-79.392963,At Intersection,Traffic Signal,Clear,Daylight,Dry,Non-Fatal Injury,Pedestrian Collisions,Pedestrian,30 to 34,Major,,North,,,,,Vehicle is going straight thru inter.while ped cross without ROW,Crossing without right of way,Normal,,,,Yes,,Yes,,,,,,,,,,,165,Harbourfront-CityPlace,77,Waterfront Communities-The Island (77),D52,629619.3096,4833197.848
13772,80772923,,22/07/2017,2017,2134,ALBION RD,ISLINGTON AVE,,Major Arterial,Etobicoke York,43.737166,-79.565257,At Intersection,Traffic Signal,Rain,"Dark, artificial",Wet,Non-Fatal Injury,Turning Movement,Driver,45 to 49,None,,East,"Automobile, Station Wagon",Turning Left,Improper Turn,Inattentive,,,,,,,,,Yes,Yes,,,,Yes,,,,,,3,Thistletown-Beaumond Heights,3,Thistletown-Beaumond Heights (3),D23,615536.6595,4843680.369
13773,80772924,,22/07/2017,2017,2134,ALBION RD,ISLINGTON AVE,,Major Arterial,Etobicoke York,43.737166,-79.565257,At Intersection,Traffic Signal,Rain,"Dark, artificial",Wet,Non-Fatal Injury,Turning Movement,Motorcycle Driver,55 to 59,Major,,West,Motorcycle,Going Ahead,Driving Properly,Normal,,,,,,,,,Yes,Yes,,,,Yes,,,,,,3,Thistletown-Beaumond Heights,3,Thistletown-Beaumond Heights (3),D23,615536.6595,4843680.369
13774,80772925,,22/07/2017,2017,2134,ALBION RD,ISLINGTON AVE,,Major Arterial,Etobicoke York,43.737166,-79.565257,At Intersection,Traffic Signal,Rain,"Dark, artificial",Wet,Non-Fatal Injury,Turning Movement,Passenger,45 to 49,Minimal,,,,,,,,,,,,,,,Yes,Yes,,,,Yes,,,,,,3,Thistletown-Beaumond Heights,3,Thistletown-Beaumond Heights (3),D23,615536.6595,4843680.369
13775,80772926,,22/07/2017,2017,2134,ALBION RD,ISLINGTON AVE,,Major Arterial,Etobicoke York,43.737166,-79.565257,At Intersection,Traffic Signal,Rain,"Dark, artificial",Wet,Non-Fatal Injury,Turning Movement,Passenger,5 to 9,None,,,,,,,,,,,,,,,Yes,Yes,,,,Yes,,,,,,3,Thistletown-Beaumond Heights,3,Thistletown-Beaumond Heights (3),D23,615536.6595,4843680.369
13776,80757070,,22/07/2017,2017,2305,SCARBOROUGH GOLF CLUB RD,LAWRENCE AVE E,95 m South o,Minor Arterial,Scarborough,43.760802,-79.215762,Non Intersection,No Control,Clear,"Dark, artificial",Dry,Fatal,Pedestrian Collisions,Passenger,45 to 49,None,,,,,,,,,,,,,Yes,,Yes,,,,,Yes,,,,,,141,Golfdale-Cedarbrae-Woburn,137,Woburn (137),D43,643624.467,4846852.237
13777,80757199,,22/07/2017,2017,2305,SCARBOROUGH GOLF CLUB RD,LAWRENCE AVE E,95 m South o,Minor Arterial,Scarborough,43.760802,-79.215762,Non Intersection,No Control,Clear,"Dark, artificial",Dry,Fatal,Pedestrian Collisions,Pedestrian,80 to 84,Fatal,32,East,,,,,Pedestrian hit at mid-block,"Crossing, no Traffic Control",Normal,,,,Yes,,Yes,,,,,Yes,,,,,,141,Golfdale-Cedarbrae-Woburn,137,Woburn (137),D43,643624.467,4846852.237
13778,80757200,,22/07/2017,2017,2305,SCARBOROUGH GOLF CLUB RD,LAWRENCE AVE E,95 m South o,Minor Arterial,Scarborough,43.760802,-79.215762,Non Intersection,No Control,Clear,"Dark, artificial",Dry,Fatal,Pedestrian Collisions,Driver,25 to 29,None,,North,"Automobile, Station Wagon",Going Ahead,Driving Properly,Normal,,,,,,,Yes,,Yes,,,,,Yes,,,,,,141,Golfdale-Cedarbrae-Woburn,137,Woburn (137),D43,643624.467,4846852.237
13779,80757201,,22/07/2017,2017,2305,SCARBOROUGH GOLF CLUB RD,LAWRENCE AVE E,95 m South o,Minor Arterial,Scarborough,43.760802,-79.215762,Non Intersection,No Control,Clear,"Dark, artificial",Dry,Fatal,Pedestrian Collisions,Passenger,20 to 24,None,,,,,,,,,,,,,Yes,,Yes,,,,,Yes,,,,,,141,Golfdale-Cedarbrae-Woburn,137,Woburn (137),D43,643624.467,4846852.237
13780,80907679,,23/07/2017,2017,620,114 TORYORK  DR,,20 m East of,Collector,Etobicoke York,43.756503,-79.551357,Non Intersection,No Control,Clear,Dawn,Dry,Non-Fatal Injury,SMV Other,Driver,30 to 34,Major,,East,"Automobile, Station Wagon",Going Ahead,Lost control,Unknown,,,,,,,,,Yes,,,,,,Yes,Yes,,,,21,Humber Summit,21,Humber Summit (21),D31,616618.4482,4845847.499
13781,80773433,,26/07/2017,2017,746,LAWRENCE AVE E,CARNFORTH RD,20 m East of,Major Arterial,North York,43.741427,-79.314204,At Intersection,Traffic Signal,Clear,Daylight,Dry,Non-Fatal Injury,Rear End,Motorcycle Driver,50 to 54,Major,,West,Motorcycle,Going Ahead,Following too Close,Normal,,,,,,,,,Yes,Yes,,,,,,Yes,,,,43,Victoria Village,43,Victoria Village (43),D33,635743.9627,4844534.331
13782,80773434,,26/07/2017,2017,746,LAWRENCE AVE E,CARNFORTH RD,20 m East of,Major Arterial,North York,43.741427,-79.314204,At Intersection,Traffic Signal,Clear,Daylight,Dry,Non-Fatal Injury,Rear End,Driver,20 to 24,None,,West,"Automobile, Station Wagon",Slowing or Stopping,Driving Properly,Normal,,,,,,,,,Yes,Yes,,,,,,Yes,,,,43,Victoria Village,43,Victoria Village (43),D33,635743.9627,4844534.331
13783,80908731,,26/07/2017,2017,1751,DUNDAS ST W,CARLYLE ST,,Major Arterial,Toronto and East York,43.652083,-79.404804,At Intersection,No Control,Clear,Daylight,Dry,Non-Fatal Injury,Cyclist Collisions,Cyclist,60 to 64,Major,,West,Bicycle,Going Ahead,,,,,,Motorist turned left across cyclists path.,Driving Properly,Normal,,Yes,Yes,,,,,,,,,,,78,Kensington-Chinatown,78,Kensington-Chinatown (78),D14,628639.4879,4834466.977
13784,80908732,,26/07/2017,2017,1751,DUNDAS ST W,CARLYLE ST,,Major Arterial,Toronto and East York,43.652083,-79.404804,At Intersection,No Control,Clear,Daylight,Dry,Non-Fatal Injury,Cyclist Collisions,Driver,50 to 54,None,,East,"Automobile, Station Wagon",Turning Left,Improper Turn,Inattentive,,,,,,,,Yes,Yes,,,,,,,,,,,78,Kensington-Chinatown,78,Kensington-Chinatown (78),D14,628639.4879,4834466.977
13785,80933497,,26/07/2017,2017,2100,EGLINTON AVE E,VICTORIA PARK AVE,,Major Arterial,North York,43.72465,-79.302608,At Intersection,Traffic Signal,Rain,"Dark, artificial",Wet,Non-Fatal Injury,Pedestrian Collisions,Pedestrian,65 to 69,Major,,West,,,,,Vehicle turns left while ped crosses with ROW at inter.,Crossing with right of way,Normal,,,,Yes,,Yes,,,,,,,Yes,,,,120,Clairlea-Birchmount,120,Clairlea-Birchmount (120),D41,636715.88,4842690.063
13786,80933498,,26/07/2017,2017,2100,EGLINTON AVE E,VICTORIA PARK AVE,,Major Arterial,North York,43.72465,-79.302608,At Intersection,Traffic Signal,Rain,"Dark, artificial",Wet,Non-Fatal Injury,Pedestrian Collisions,Driver,55 to 59,None,,East,"Automobile, Station Wagon",Turning Left,Failed to Yield Right of Way,Inattentive,,,,,,,Yes,,Yes,,,,,,,Yes,,,,120,Clairlea-Birchmount,120,Clairlea-Birchmount (120),D41,636715.88,4842690.063
13787,80912628,,27/07/2017,2017,1540,QUEEN ST W,YONGE  ST,11 m West of,Major Arterial,Toronto and East York,43.652369,-79.379222,At Intersection,Traffic Signal,Clear,Daylight,Dry,Non-Fatal Injury,Other,Passenger,65 to 69,Major,,,,,,,,,,,,,,,,,,Yes,,Yes,,,,,,168,Downtown Yonge East,75,Church-Yonge Corridor (75),D51,630701.8679,4834538.717
13788,80912629,,27/07/2017,2017,1540,QUEEN ST W,YONGE  ST,11 m West of,Major Arterial,Toronto and East York,43.652369,-79.379222,At Intersection,Traffic Signal,Clear,Daylight,Dry,Non-Fatal Injury,Other,Driver,40 to 44,None,,East,Municipal Transit Bus (TTC),Pulling Away from Shoulder or Curb,Driving Properly,Normal,,,,,,,,,,,,Yes,,Yes,,,,,,168,Downtown Yonge East,75,Church-Yonge Corridor (75),D51,630701.8679,4834538.717
13789,80779758,,28/07/2017,2017,1830,YONGE ST,BOGERT AVE,7 m North of,Major Arterial,North York,43.760642,-79.410709,At Intersection,No Control,Clear,Daylight,Dry,Non-Fatal Injury,Sideswipe,Driver,55 to 59,None,,South,"Automobile, Station Wagon",Changing Lanes,Improper Lane Change,Inattentive,,,,,,,,,Yes,Yes,,,,Yes,,,,,,153,Avondale,51,Willowdale East (51),D32,627932.1473,4846514.842
13790,80779759,,28/07/2017,2017,1830,YONGE ST,BOGERT AVE,7 m North of,Major Arterial,North York,43.760642,-79.410709,At Intersection,No Control,Clear,Daylight,Dry,Non-Fatal Injury,Sideswipe,Motorcycle Driver,50 to 54,Major,,South,Motorcycle,Going Ahead,Driving Properly,Normal,,,,,,,,,Yes,Yes,,,,Yes,,,,,,153,Avondale,51,Willowdale East (51),D32,627932.1473,4846514.842
13791,80779760,,28/07/2017,2017,1830,YONGE ST,BOGERT AVE,7 m North of,Major Arterial,North York,43.760642,-79.410709,At Intersection,No Control,Clear,Daylight,Dry,Non-Fatal Injury,Sideswipe,Passenger,55 to 59,None,,,,,,,,,,,,,,,Yes,Yes,,,,Yes,,,,,,153,Avondale,51,Willowdale East (51),D32,627932.1473,4846514.842
13792,80779761,,28/07/2017,2017,1830,YONGE ST,BOGERT AVE,7 m North of,Major Arterial,North York,43.760642,-79.410709,At Intersection,No Control,Clear,Daylight,Dry,Non-Fatal Injury,Sideswipe,Passenger,25 to 29,None,,,,,,,,,,,,,,,Yes,Yes,,,,Yes,,,,,,153,Avondale,51,Willowdale East (51),D32,627932.1473,4846514.842
13793,80779762,,28/07/2017,2017,1830,YONGE ST,BOGERT AVE,7 m North of,Major Arterial,North York,43.760642,-79.410709,At Intersection,No Control,Clear,Daylight,Dry,Non-Fatal Injury,Sideswipe,Passenger,15 to 19,None,,,,,,,,,,,,,,,Yes,Yes,,,,Yes,,,,,,153,Avondale,51,Willowdale East (51),D32,627932.1473,4846514.842
13794,80779763,,28/07/2017,2017,1830,YONGE ST,BOGERT AVE,7 m North of,Major Arterial,North York,43.760642,-79.410709,At Intersection,No Control,Clear,Daylight,Dry,Non-Fatal Injury,Sideswipe,Passenger,15 to 19,None,,,,,,,,,,,,,,,Yes,Yes,,,,Yes,,,,,,153,Avondale,51,Willowdale East (51),D32,627932.1473,4846514.842
13795,80782301,,30/07/2017,2017,237,DUNDAS ST W,KEELE ST,,Major Arterial,Toronto and East York,43.665332,-79.464519,At Intersection,Traffic Signal,Clear,Dark,Dry,Non-Fatal Injury,Angle,Driver,55 to 59,Minimal,,North,"Automobile, Station Wagon",Going Ahead,Other,"Ability Impaired, Alcohol Over .08",,,,,,,,,Yes,,,,,,Yes,Yes,,Yes,,90,Junction Area,90,Junction Area (90),D11,623796.686,4835847.614
13796,80782302,,30/07/2017,2017,237,DUNDAS ST W,KEELE ST,,Major Arterial,Toronto and East York,43.665332,-79.464519,At Intersection,Traffic Signal,Clear,Dark,Dry,Non-Fatal Injury,Angle,Driver,60 to 64,Major,,East,"Automobile, Station Wagon",Going Ahead,Driving Properly,Normal,,,,,,,,,Yes,,,,,,Yes,Yes,,Yes,,90,Junction Area,90,Junction Area (90),D11,623796.686,4835847.614
13797,80934479,,31/07/2017,2017,139,BATHURST ST,FINCH AVE W,,Major Arterial,,43.773787,-79.442966,At Intersection,Traffic Signal,Clear,"Daylight, artificial",Dry,Non-Fatal Injury,Angle,Passenger,70 to 74,Major,,,,,,,,,,,,,,,Yes,,,,,Yes,,Yes,Yes,,,37,Willowdale West,37,Willowdale West (37),D32,625308.1023,4847925.47
13798,80934480,,31/07/2017,2017,139,BATHURST ST,FINCH AVE W,,Major Arterial,,43.773787,-79.442966,At Intersection,Traffic Signal,Clear,"Daylight, artificial",Dry,Non-Fatal Injury,Angle,Passenger,25 to 29,None,,,,,,,,,,,,,,,Yes,,,,,Yes,,Yes,Yes,,,37,Willowdale West,37,Willowdale West (37),D32,625308.1023,4847925.47
13799,80934481,,31/07/2017,2017,139,BATHURST ST,FINCH AVE W,,Major Arterial,,43.773787,-79.442966,At Intersection,Traffic Signal,Clear,"Daylight, artificial",Dry,Non-Fatal Injury,Angle,Driver,75 to 79,Major,,South,"Automobile, Station Wagon",Going Ahead,Driving Properly,Normal,,,,,,,,,Yes,,,,,Yes,,Yes,Yes,,,37,Willowdale West,37,Willowdale West (37),D32,625308.1023,4847925.47
13800,80934482,,31/07/2017,2017,139,BATHURST ST,FINCH AVE W,,Major Arterial,,43.773787,-79.442966,At Intersection,Traffic Signal,Clear,"Daylight, artificial",Dry,Non-Fatal Injury,Angle,Driver,30 to 34,None,,West,"Automobile, Station Wagon",Going Ahead,Disobeyed Traffic Control,Normal,,,,,,,,,Yes,,,,,Yes,,Yes,Yes,,,37,Willowdale West,37,Willowdale West (37),D32,625308.1023,4847925.47
13801,80757203,,31/07/2017,2017,713,SHERBOURNE ST,DUNDAS ST E,,Major Arterial,Toronto and East York,43.658221,-79.37099,At Intersection,Traffic Signal,Clear,Daylight,Dry,Fatal,Pedestrian Collisions,Pedestrian,45 to 49,Major,,Unknown,,,,,Other / Undefined,Crossing with right of way,Normal,,,,Yes,,Yes,,,,,,Yes,Yes,,,,73,Moss Park,73,Moss Park (73),D51,631352.9556,4835201.658
13802,80757204,,31/07/2017,2017,713,SHERBOURNE ST,DUNDAS ST E,,Major Arterial,Toronto and East York,43.658221,-79.37099,At Intersection,Traffic Signal,Clear,Daylight,Dry,Fatal,Pedestrian Collisions,Pedestrian,70 to 74,Fatal,33,Unknown,,,,,Pedestrian hit on sidewalk or shoulder,On Sidewalk or Shoulder,Normal,,,,Yes,,Yes,,,,,,Yes,Yes,,,,73,Moss Park,73,Moss Park (73),D51,631352.9556,4835201.658
13803,80780912,,31/07/2017,2017,713,SHERBOURNE ST,DUNDAS ST E,,Major Arterial,Toronto and East York,43.658221,-79.37099,At Intersection,Traffic Signal,Clear,Daylight,Dry,Fatal,Pedestrian Collisions,Driver,25 to 29,None,,South,"Automobile, Station Wagon",Going Ahead,Lost control,Fatigue,,,,,,,Yes,,Yes,,,,,,Yes,Yes,,,,73,Moss Park,73,Moss Park (73),D51,631352.9556,4835201.658
13804,80903122,,31/07/2017,2017,1345,MARTIN GROVE RD,WESTHUMBER  BLVD,,Major Arterial,Etobicoke York,43.725955,-79.586673,At Intersection,Traffic Signal,Clear,Daylight,Dry,Non-Fatal Injury,Turning Movement,Passenger,65 to 69,Minimal,,,,,,,,,,,,,,,Yes,,,Yes,,Yes,,,,,,1,West Humber-Clairville,1,West Humber-Clairville (1),D23,613833.3015,4842405.59
13805,80903123,,31/07/2017,2017,1345,MARTIN GROVE RD,WESTHUMBER  BLVD,,Major Arterial,Etobicoke York,43.725955,-79.586673,At Intersection,Traffic Signal,Clear,Daylight,Dry,Non-Fatal Injury,Turning Movement,Driver,25 to 29,Major,,North,"Automobile, Station Wagon",Going Ahead,Driving Properly,Normal,,,,,,,,,Yes,,,Yes,,Yes,,,,,,1,West Humber-Clairville,1,West Humber-Clairville (1),D23,613833.3015,4842405.59
13806,80903124,,31/07/2017,2017,1345,MARTIN GROVE RD,WESTHUMBER  BLVD,,Major Arterial,Etobicoke York,43.725955,-79.586673,At Intersection,Traffic Signal,Clear,Daylight,Dry,Non-Fatal Injury,Turning Movement,Driver,45 to 49,None,,South,Municipal Transit Bus (TTC),Turning Left,Improper Turn,Normal,,,,,,,,,Yes,,,Yes,,Yes,,,,,,1,West Humber-Clairville,1,West Humber-Clairville (1),D23,613833.3015,4842405.59
13807,80779926,,01/08/2017,2017,1648,YONGE  ST,WEDGEWOOD  DR,,Major Arterial,North York,43.788905,-79.417781,At Intersection,No Control,Clear,Daylight,Dry,Non-Fatal Injury,Turning Movement,Driver,20 to 24,None,,South,"Automobile, Station Wagon",Turning Left,Failed to Yield Right of Way,Normal,,,,,,,,,Yes,,,,,Yes,,Yes,,,,50,Newtonbrook East,50,Newtonbrook East (50),D32,627302.8862,4849642.98
13808,80779927,,01/08/2017,2017,1648,YONGE  ST,WEDGEWOOD  DR,,Major Arterial,North York,43.788905,-79.417781,At Intersection,No Control,Clear,Daylight,Dry,Non-Fatal Injury,Turning Movement,Driver,60 to 64,None,,North,"Automobile, Station Wagon",Going Ahead,Driving Properly,Normal,,,,,,,,,Yes,,,,,Yes,,Yes,,,,50,Newtonbrook East,50,Newtonbrook East (50),D32,627302.8862,4849642.98
13809,80779928,,01/08/2017,2017,1648,YONGE  ST,WEDGEWOOD  DR,,Major Arterial,North York,43.788905,-79.417781,At Intersection,No Control,Clear,Daylight,Dry,Non-Fatal Injury,Turning Movement,Passenger,35 to 39,Major,,,,,,,,,,,,,,,Yes,,,,,Yes,,Yes,,,,50,Newtonbrook East,50,Newtonbrook East (50),D32,627302.8862,4849642.98
13810,80779940,,01/08/2017,2017,1735,GRANGE AVE,LARCH ST,3 m West of,Local,Toronto and East York,43.652007,-79.396526,At Intersection,No Control,Clear,Daylight,Dry,Non-Fatal Injury,Cyclist Collisions,Cyclist,30 to 34,Major,,East,Bicycle,Going Ahead,,,,,,Cyclist and Driver travelling in same direction. One vehicle rear-ended the other.,Failed to Yield Right of Way,Inattentive,,Yes,Yes,,,,,,,,,,,78,Kensington-Chinatown,78,Kensington-Chinatown (78),D52,629307.2107,4834471.403
13811,80779941,,01/08/2017,2017,1735,GRANGE AVE,LARCH ST,3 m West of,Local,Toronto and East York,43.652007,-79.396526,At Intersection,No Control,Clear,Daylight,Dry,Non-Fatal Injury,Cyclist Collisions,Driver,60 to 64,None,,East,"Automobile, Station Wagon",Slowing or Stopping,Driving Properly,Normal,,,,,,,,Yes,Yes,,,,,,,,,,,78,Kensington-Chinatown,78,Kensington-Chinatown (78),D52,629307.2107,4834471.403
13812,80887678,,02/08/2017,2017,123,BRIMLEY RD,SHEPPARD AVE E,,Major Arterial,Scarborough,43.787505,-79.268276,At Intersection,Traffic Signal,Clear,"Dark, artificial",Dry,Non-Fatal Injury,Turning Movement,Driver,20 to 24,None,,North,"Automobile, Station Wagon",Going Ahead,Driving Properly,Normal,,,,,,,,,Yes,,,,,,,Yes,,,,128,Agincourt South-Malvern West,128,Agincourt South-Malvern West (128),D42,639335.2048,4849728.286
13813,80887679,,02/08/2017,2017,123,BRIMLEY RD,SHEPPARD AVE E,,Major Arterial,Scarborough,43.787505,-79.268276,At Intersection,Traffic Signal,Clear,"Dark, artificial",Dry,Non-Fatal Injury,Turning Movement,Driver,55 to 59,Major,,South,"Automobile, Station Wagon",Turning Left,Improper Turn,Inattentive,,,,,,,,,Yes,,,,,,,Yes,,,,128,Agincourt South-Malvern West,128,Agincourt South-Malvern West (128),D42,639335.2048,4849728.286