OBJECTID,INDEX,ACCNUM,DATE,ACCIDENT_YEAR,TIME,STREET1,STREET2,OFFSET,ROAD_CLASS,DISTRICT,LATITUDE,LONGITUDE,ACCLOC,TRAFFCTL,VISIBILITY,LIGHT,RDSFCOND,ACCLASS,IMPACTYPE,INVTYPE,INVAGE,INJURY,FATAL_NO,INITDIR,VEHTYPE,MANOEUVER,DRIVACT,DRIVCOND,PEDTYPE,PEDACT,PEDCOND,CYCLISTYPE,CYCACT,CYCCOND,PEDESTRIAN,CYCLIST,AUTOMOBILE,MOTORCYCLE,TRUCK,TRSN_CITY_VEH,EMERG_VEH,PASSENGER,SPEEDING,AG_DRIV,REDLIGHT,ALCOHOL,DISABILITY,HOOD_158,NEIGHBOURHOOD_158,HOOD_140,NEIGHBOURHOOD_140,DIVISION,x,y
13991,80784057,,01/10/2017,2017,1815,BLOOR ST W,SPADINA AVE,,Major Arterial,Toronto and East York,43.666583,-79.403827,At Intersection,Traffic Signal,Clear,Daylight,Dry,Non-Fatal Injury,Cyclist Collisions,Cyclist,20 to 24,Major,,East,Bicycle,Overtaking,,,,,,Motorist turning right on green or amber at signalized intersection strikes cyclist.,Failed to Yield Right of Way,Inattentive,,Yes,,,Yes,,,Yes,,,,,,79,University,79,University (79),D14,628687.2952,4836078.909
13992,80784058,,01/10/2017,2017,1815,BLOOR ST W,SPADINA AVE,,Major Arterial,Toronto and East York,43.666583,-79.403827,At Intersection,Traffic Signal,Clear,Daylight,Dry,Non-Fatal Injury,Cyclist Collisions,Truck Driver,25 to 29,None,,East,Truck - Open,Turning Right,Driving Properly,Normal,,,,,,,,Yes,,,Yes,,,Yes,,,,,,79,University,79,University (79),D14,628687.2952,4836078.909
13993,80784059,,01/10/2017,2017,1815,BLOOR ST W,SPADINA AVE,,Major Arterial,Toronto and East York,43.666583,-79.403827,At Intersection,Traffic Signal,Clear,Daylight,Dry,Non-Fatal Injury,Cyclist Collisions,Passenger,20 to 24,None,,,,,,,,,,,,,,Yes,,,Yes,,,Yes,,,,,,79,University,79,University (79),D14,628687.2952,4836078.909
13994,80784060,,01/10/2017,2017,1815,BLOOR ST W,SPADINA AVE,,Major Arterial,Toronto and East York,43.666583,-79.403827,At Intersection,Traffic Signal,Clear,Daylight,Dry,Non-Fatal Injury,Cyclist Collisions,Passenger,20 to 24,None,,,,,,,,,,,,,,Yes,,,Yes,,,Yes,,,,,,79,University,79,University (79),D14,628687.2952,4836078.909
13995,80784063,,02/10/2017,2017,645,WHITMORE AVE,DUFFERIN ST,,Major Arterial,North York,43.697844,-79.451099,At Intersection,Traffic Signal,Clear,Daylight,Dry,Non-Fatal Injury,Pedestrian Collisions,Driver,35 to 39,None,,North,"Automobile, Station Wagon",Going Ahead,Driving Properly,Normal,,,,,,,Yes,,Yes,,,,,,Yes,Yes,,,,108,Briar Hill-Belgravia,108,Briar Hill-Belgravia (108),D13,624811.2365,4839478.623
13996,80784064,,02/10/2017,2017,645,WHITMORE AVE,DUFFERIN ST,,Major Arterial,North York,43.697844,-79.451099,At Intersection,Traffic Signal,Clear,Daylight,Dry,Non-Fatal Injury,Pedestrian Collisions,Pedestrian,35 to 39,Major,,East,,,,,Vehicle is going straight thru inter.while ped cross without ROW,Crossing marked crosswalk without ROW,Inattentive,,,,Yes,,Yes,,,,,,Yes,Yes,,,,108,Briar Hill-Belgravia,108,Briar Hill-Belgravia (108),D13,624811.2365,4839478.623
13997,80910514,,02/10/2017,2017,1327,SEWELLS RD,STEELES AVE E,,Minor Arterial,Scarborough,43.846129,-79.209255,At Intersection,Stop Sign,Clear,Daylight,Dry,Non-Fatal Injury,Turning Movement,Driver,35 to 39,Major,,East,"Automobile, Station Wagon",Going Ahead,Driving Properly,Normal,,,,,,,,,Yes,,,,,,,Yes,,,,144,Morningside Heights,131,Rouge (131),D42,643943.1725,4856340.497
13998,80910515,,02/10/2017,2017,1327,SEWELLS RD,STEELES AVE E,,Minor Arterial,Scarborough,43.846129,-79.209255,At Intersection,Stop Sign,Clear,Daylight,Dry,Non-Fatal Injury,Turning Movement,Driver,25 to 29,Minimal,,North,"Automobile, Station Wagon",Turning Left,Failed to Yield Right of Way,Inattentive,,,,,,,,,Yes,,,,,,,Yes,,,,144,Morningside Heights,131,Rouge (131),D42,643943.1725,4856340.497
13999,80886129,,02/10/2017,2017,1915,QUEEN ST E,BROADVIEW AVE,25 m East of,Major Arterial,Toronto and East York,43.658805,-79.349811,Intersection Related,No Control,Clear,"Dark, artificial",Dry,Non-Fatal Injury,SMV Unattended Vehicle,Driver,25 to 29,Major,,East,"Automobile, Station Wagon",Going Ahead,Lost control,"Ability Impaired, Drugs",,,,,,,,,Yes,,,,,,,,,,,70,South Riverdale,70,South Riverdale (70),D55,633059.4236,4835300.266
14000,80939026,,02/10/2017,2017,1925,STEELES AVE E,LAURELEAF RD S,,Major Arterial,North York,43.805499,-79.385745,At Intersection,Traffic Signal,Clear,"Dark, artificial",Dry,Non-Fatal Injury,Pedestrian Collisions,Driver,Over 95,None,,West,"Automobile, Station Wagon",Going Ahead,Driving Properly,Normal,,,,,,,Yes,,Yes,,,,,Yes,,,,,,49,Bayview Woods-Steeles,49,Bayview Woods-Steeles (49),D33,629844.529,4851535.773
14001,80939027,,02/10/2017,2017,1925,STEELES AVE E,LAURELEAF RD S,,Major Arterial,North York,43.805499,-79.385745,At Intersection,Traffic Signal,Clear,"Dark, artificial",Dry,Non-Fatal Injury,Pedestrian Collisions,Passenger,Over 95,None,,,,,,,,,,,,,Yes,,Yes,,,,,Yes,,,,,,49,Bayview Woods-Steeles,49,Bayview Woods-Steeles (49),D33,629844.529,4851535.773
14002,80939028,,02/10/2017,2017,1925,STEELES AVE E,LAURELEAF RD S,,Major Arterial,North York,43.805499,-79.385745,At Intersection,Traffic Signal,Clear,"Dark, artificial",Dry,Non-Fatal Injury,Pedestrian Collisions,Pedestrian,55 to 59,Major,,North,,,,,Vehicle is going straight thru inter.while ped cross without ROW,Crossing without right of way,Inattentive,,,,Yes,,Yes,,,,,Yes,,,,,,49,Bayview Woods-Steeles,49,Bayview Woods-Steeles (49),D33,629844.529,4851535.773
14003,80782624,,03/10/2017,2017,1623,SENTINEL RD,ASSINIBOINE RD,15 m South o,Minor Arterial,Etobicoke York,43.768195,-79.501659,At Intersection,No Control,Clear,Daylight,Dry,Fatal,Pedestrian Collisions,Pedestrian,20 to 24,Fatal,47,East,,,,,Pedestrian hit at mid-block,"Crossing, no Traffic Control",Unknown,,,,Yes,,Yes,,,,,,,,,,,27,York University Heights,27,York University Heights (27),D31,620595.7657,4847217.243
14004,80783693,,03/10/2017,2017,1623,SENTINEL RD,ASSINIBOINE RD,15 m South o,Minor Arterial,Etobicoke York,43.768195,-79.501659,At Intersection,No Control,Clear,Daylight,Dry,Fatal,Pedestrian Collisions,Driver,20 to 24,None,,South,"Automobile, Station Wagon",Going Ahead,Driving Properly,Unknown,,,,,,,Yes,,Yes,,,,,,,,,,,27,York University Heights,27,York University Heights (27),D31,620595.7657,4847217.243
14005,80784027,,04/10/2017,2017,830,KENNEDY RD,FOXRIDGE DR,,Major Arterial,Scarborough,43.724085,-79.264446,At Intersection,No Control,Clear,Daylight,Dry,Non-Fatal Injury,Cyclist Collisions,Driver,80 to 84,None,,North,"Automobile, Station Wagon",Turning Left,Failed to Yield Right of Way,Inattentive,,,,,,,,Yes,Yes,,,,,,,Yes,,,,124,Kennedy Park,124,Kennedy Park (124),D41,639790.976,4842690.979
14006,80784028,,04/10/2017,2017,830,KENNEDY RD,FOXRIDGE DR,,Major Arterial,Scarborough,43.724085,-79.264446,At Intersection,No Control,Clear,Daylight,Dry,Non-Fatal Injury,Cyclist Collisions,Cyclist,30 to 34,Major,,South,Bicycle,Going Ahead,,,,,,Motorist turned left across cyclists path.,Driving Properly,Normal,,Yes,Yes,,,,,,,Yes,,,,124,Kennedy Park,124,Kennedy Park (124),D41,639790.976,4842690.979
14007,80784301,,04/10/2017,2017,1147,BLOOR ST W,SPADINA RD,,Major Arterial,Toronto and East York,43.666583,-79.403827,At Intersection,Traffic Signal,Clear,Daylight,Dry,Non-Fatal Injury,Cyclist Collisions,Cyclist,25 to 29,None,,West,Bicycle,Overtaking,,,,,,Cyclist and Driver travelling in same direction. One vehicle sideswipes the other.,Improper Passing,Other,,Yes,Yes,,,,,,,,,,,79,University,79,University (79),D14,628687.2952,4836078.909
14008,80784302,,04/10/2017,2017,1147,BLOOR ST W,SPADINA RD,,Major Arterial,Toronto and East York,43.666583,-79.403827,At Intersection,Traffic Signal,Clear,Daylight,Dry,Non-Fatal Injury,Cyclist Collisions,Driver,35 to 39,None,,West,"Automobile, Station Wagon",Going Ahead,Driving Properly,Normal,,,,,,,,Yes,Yes,,,,,,,,,,,79,University,79,University (79),D14,628687.2952,4836078.909
14009,80784303,,04/10/2017,2017,1147,BLOOR ST W,SPADINA RD,,Major Arterial,Toronto and East York,43.666583,-79.403827,At Intersection,Traffic Signal,Clear,Daylight,Dry,Non-Fatal Injury,Cyclist Collisions,Cyclist,50 to 54,Major,,West,Bicycle,Going Ahead,,,,,,Cyclist and Driver travelling in same direction. One vehicle sideswipes the other.,Driving Properly,Normal,,Yes,Yes,,,,,,,,,,,79,University,79,University (79),D14,628687.2952,4836078.909
14010,80783697,,04/10/2017,2017,2308,900 YORK MILLS RD,,,Major Arterial,North York,43.755549,-79.34798,Non Intersection,No Control,Clear,Dark,Dry,Fatal,Pedestrian Collisions,Driver,unknown,None,,West,"Automobile, Station Wagon",Going Ahead,Lost control,"Ability Impaired, Alcohol Over .08",,,,,,,Yes,,Yes,,,,,,,,,Yes,,42,Banbury-Don Mills,42,Banbury-Don Mills (42),D33,632992.9365,4846048.001
14011,80783698,,04/10/2017,2017,2308,900 YORK MILLS RD,,,Major Arterial,North York,43.755549,-79.34798,Non Intersection,No Control,Clear,Dark,Dry,Fatal,Pedestrian Collisions,Pedestrian,60 to 64,Fatal,48,East,,,,,Pedestrian hit on sidewalk or shoulder,On Sidewalk or Shoulder,Unknown,,,,Yes,,Yes,,,,,,,,,Yes,,42,Banbury-Don Mills,42,Banbury-Don Mills (42),D33,632992.9365,4846048.001
14012,80783699,,05/10/2017,2017,331,YONGE ST,LAWRENCE AVE W,100 m North ,Major Arterial,North York,43.725344,-79.40224,Non Intersection,No Control,Clear,Dark,Dry,Fatal,Pedestrian Collisions,Pedestrian,20 to 24,Fatal,49,West,,,,,Pedestrian hit at mid-block,"Crossing, no Traffic Control",Normal,,,,Yes,,Yes,,,,,,,,,,,105,Lawrence Park North,105,Lawrence Park North (105),D32,628689.4862,4842607.597
14013,80783700,,05/10/2017,2017,331,YONGE ST,LAWRENCE AVE W,100 m North ,Major Arterial,North York,43.725344,-79.40224,Non Intersection,No Control,Clear,Dark,Dry,Fatal,Pedestrian Collisions,Pedestrian,unknown,None,,West,,,,,Pedestrian hit at mid-block,"Crossing, no Traffic Control",Normal,,,,Yes,,Yes,,,,,,,,,,,105,Lawrence Park North,105,Lawrence Park North (105),D32,628689.4862,4842607.597
14014,80783701,,05/10/2017,2017,331,YONGE ST,LAWRENCE AVE W,100 m North ,Major Arterial,North York,43.725344,-79.40224,Non Intersection,No Control,Clear,Dark,Dry,Fatal,Pedestrian Collisions,Driver,25 to 29,None,,South,"Automobile, Station Wagon",Changing Lanes,Improper Lane Change,Normal,,,,,,,Yes,,Yes,,,,,,,,,,,105,Lawrence Park North,105,Lawrence Park North (105),D32,628689.4862,4842607.597
14015,80920314,,05/10/2017,2017,1310,WARDEN AVE,CIVIC  RD,37 m South o,Major Arterial,Scarborough,43.726473,-79.287074,Non Intersection,No Control,Clear,Daylight,Dry,Non-Fatal Injury,Pedestrian Collisions,Pedestrian,60 to 64,Major,,South,,,,,Pedestrian hit on sidewalk or shoulder,On Sidewalk or Shoulder,Normal,,,,Yes,,Yes,,,,,,,,,,,120,Clairlea-Birchmount,120,Clairlea-Birchmount (120),D41,637962.8901,4842918.279
14016,80920315,,05/10/2017,2017,1310,WARDEN AVE,CIVIC  RD,37 m South o,Major Arterial,Scarborough,43.726473,-79.287074,Non Intersection,No Control,Clear,Daylight,Dry,Non-Fatal Injury,Pedestrian Collisions,Pedestrian,65 to 69,Minor,,South,,,,,Pedestrian hit on sidewalk or shoulder,On Sidewalk or Shoulder,Normal,,,,Yes,,Yes,,,,,,,,,,,120,Clairlea-Birchmount,120,Clairlea-Birchmount (120),D41,637962.8901,4842918.279
14017,80920316,,05/10/2017,2017,1310,WARDEN AVE,CIVIC  RD,37 m South o,Major Arterial,Scarborough,43.726473,-79.287074,Non Intersection,No Control,Clear,Daylight,Dry,Non-Fatal Injury,Pedestrian Collisions,Driver,65 to 69,None,,East,"Automobile, Station Wagon",Turning Right,Lost control,Unknown,,,,,,,Yes,,Yes,,,,,,,,,,,120,Clairlea-Birchmount,120,Clairlea-Birchmount (120),D41,637962.8901,4842918.279
14018,80912807,,05/10/2017,2017,1330,QUEEN ST W,PORTLAND ST,3 m East of,Major Arterial,Toronto and East York,43.647635,-79.40137,At Intersection,Traffic Signal,Clear,Daylight,Dry,Non-Fatal Injury,Turning Movement,Motorcycle Driver,30 to 34,Major,,West,Motorcycle,Going Ahead,Driving Properly,Normal,,,,,,,,,Yes,Yes,,,,,,,,,,164,Wellington Place,77,Waterfront Communities-The Island (77),D14,628925.9312,4833978.298
14019,80912808,,05/10/2017,2017,1330,QUEEN ST W,PORTLAND ST,3 m East of,Major Arterial,Toronto and East York,43.647635,-79.40137,At Intersection,Traffic Signal,Clear,Daylight,Dry,Non-Fatal Injury,Turning Movement,Driver,30 to 34,None,,West,"Automobile, Station Wagon",Making U Turn,Improper Turn,Normal,,,,,,,,,Yes,Yes,,,,,,,,,,164,Wellington Place,77,Waterfront Communities-The Island (77),D14,628925.9312,4833978.298
14020,80886170,,06/10/2017,2017,1825,SHEPPARD  AVE E,PROVOST DR,,Major Arterial,North York,43.770285,-79.371227,At Intersection,Traffic Signal,Clear,Daylight,Dry,Non-Fatal Injury,Pedestrian Collisions,Pedestrian,60 to 64,Major,,Unknown,,,,,Pedestrian hit on sidewalk or shoulder,On Sidewalk or Shoulder,Normal,,,,Yes,,Yes,,,,,Yes,,Yes,Yes,,,52,Bayview Village,52,Bayview Village (52),D33,631089.2699,4847647.592
14021,80886171,,06/10/2017,2017,1825,SHEPPARD  AVE E,PROVOST DR,,Major Arterial,North York,43.770285,-79.371227,At Intersection,Traffic Signal,Clear,Daylight,Dry,Non-Fatal Injury,Pedestrian Collisions,Passenger,70 to 74,Minimal,,,,,,,,,,,,,Yes,,Yes,,,,,Yes,,Yes,Yes,,,52,Bayview Village,52,Bayview Village (52),D33,631089.2699,4847647.592
14022,80886172,,06/10/2017,2017,1825,SHEPPARD  AVE E,PROVOST DR,,Major Arterial,North York,43.770285,-79.371227,At Intersection,Traffic Signal,Clear,Daylight,Dry,Non-Fatal Injury,Pedestrian Collisions,Passenger,75 to 79,Minimal,,,,,,,,,,,,,Yes,,Yes,,,,,Yes,,Yes,Yes,,,52,Bayview Village,52,Bayview Village (52),D33,631089.2699,4847647.592
14023,80886173,,06/10/2017,2017,1825,SHEPPARD  AVE E,PROVOST DR,,Major Arterial,North York,43.770285,-79.371227,At Intersection,Traffic Signal,Clear,Daylight,Dry,Non-Fatal Injury,Pedestrian Collisions,Driver,30 to 34,Minimal,,North,"Automobile, Station Wagon",Stopped,Driving Properly,Normal,,,,,,,Yes,,Yes,,,,,Yes,,Yes,Yes,,,52,Bayview Village,52,Bayview Village (52),D33,631089.2699,4847647.592
14024,80886174,,06/10/2017,2017,1825,SHEPPARD  AVE E,PROVOST DR,,Major Arterial,North York,43.770285,-79.371227,At Intersection,Traffic Signal,Clear,Daylight,Dry,Non-Fatal Injury,Pedestrian Collisions,Driver,20 to 24,Minimal,,East,"Automobile, Station Wagon",Going Ahead,Disobeyed Traffic Control,Normal,,,,,,,Yes,,Yes,,,,,Yes,,Yes,Yes,,,52,Bayview Village,52,Bayview Village (52),D33,631089.2699,4847647.592
14025,80886175,,06/10/2017,2017,1825,SHEPPARD  AVE E,PROVOST DR,,Major Arterial,North York,43.770285,-79.371227,At Intersection,Traffic Signal,Clear,Daylight,Dry,Non-Fatal Injury,Pedestrian Collisions,Driver,30 to 34,Minimal,,West,"Automobile, Station Wagon",Turning Left,Failed to Yield Right of Way,Normal,,,,,,,Yes,,Yes,,,,,Yes,,Yes,Yes,,,52,Bayview Village,52,Bayview Village (52),D33,631089.2699,4847647.592
14026,80886415,,07/10/2017,2017,2025,UNIVERSITY AVE,EDWARD ST,,Major Arterial,Toronto and East York,43.655394,-79.388561,At Intersection,No Control,Clear,"Daylight, artificial",Dry,Non-Fatal Injury,Turning Movement,Motorcycle Passenger,15 to 19,Minimal,,,,,,,,,,,,,,,Yes,Yes,,,,Yes,,Yes,,,,170,Yonge-Bay Corridor,76,Bay Street Corridor (76),D52,629942.2252,4834860.016
14027,80886416,,07/10/2017,2017,2025,UNIVERSITY AVE,EDWARD ST,,Major Arterial,Toronto and East York,43.655394,-79.388561,At Intersection,No Control,Clear,"Daylight, artificial",Dry,Non-Fatal Injury,Turning Movement,Passenger,30 to 34,None,,,,,,,,,,,,,,,Yes,Yes,,,,Yes,,Yes,,,,170,Yonge-Bay Corridor,76,Bay Street Corridor (76),D52,629942.2252,4834860.016
14028,80886417,,07/10/2017,2017,2025,UNIVERSITY AVE,EDWARD ST,,Major Arterial,Toronto and East York,43.655394,-79.388561,At Intersection,No Control,Clear,"Daylight, artificial",Dry,Non-Fatal Injury,Turning Movement,Motorcycle Driver,25 to 29,Major,,North,Motorcycle,Going Ahead,Driving Properly,Normal,,,,,,,,,Yes,Yes,,,,Yes,,Yes,,,,170,Yonge-Bay Corridor,76,Bay Street Corridor (76),D52,629942.2252,4834860.016
14029,80886418,,07/10/2017,2017,2025,UNIVERSITY AVE,EDWARD ST,,Major Arterial,Toronto and East York,43.655394,-79.388561,At Intersection,No Control,Clear,"Daylight, artificial",Dry,Non-Fatal Injury,Turning Movement,Driver,30 to 34,None,,South,"Automobile, Station Wagon",Turning Left,Failed to Yield Right of Way,Normal,,,,,,,,,Yes,Yes,,,,Yes,,Yes,,,,170,Yonge-Bay Corridor,76,Bay Street Corridor (76),D52,629942.2252,4834860.016
14030,80902404,,08/10/2017,2017,1230,F G GARDINER XY  E,GARDINER E LOWER JARVIS RAMP,3 m North of,Major Arterial,Toronto and East York,43.641997,-79.379878,Non Intersection,No Control,Clear,Daylight,Dry,Non-Fatal Injury,Rear End,Motorcycle Driver,25 to 29,Major,,East,Motorcycle,Going Ahead,Driving Properly,Normal,,,,,,,,,Yes,Yes,,,,,,,,,,166,St Lawrence-East Bayfront-The Islands,77,Waterfront Communities-The Island (77),D52,630671.4549,4833385.738
14031,80902405,,08/10/2017,2017,1230,F G GARDINER XY  E,GARDINER E LOWER JARVIS RAMP,3 m North of,Major Arterial,Toronto and East York,43.641997,-79.379878,Non Intersection,No Control,Clear,Daylight,Dry,Non-Fatal Injury,Rear End,Driver,40 to 44,None,,East,"Automobile, Station Wagon",Changing Lanes,Improper Lane Change,Normal,,,,,,,,,Yes,Yes,,,,,,,,,,166,St Lawrence-East Bayfront-The Islands,77,Waterfront Communities-The Island (77),D52,630671.4549,4833385.738
14032,80894131,,09/10/2017,2017,1545,TRANSIT RD,WILSON AVE,84 m North o,Minor Arterial,North York,43.735114,-79.452129,Non Intersection,No Control,Clear,Daylight,Dry,Non-Fatal Injury,SMV Other,Motorcycle Driver,35 to 39,Major,,North,Motorcycle,Going Ahead,Lost control,Inattentive,,,,,,,,,,Yes,,,,,,,,,,33,Clanton Park,33,Clanton Park (33),D32,624650.9367,4843616.434
14033,80913662,,09/10/2017,2017,1628,YONGE ST,FRICHOT AVE,95 m South o,Major Arterial,Toronto and East York,43.673964,-79.388301,Non Intersection,No Control,Clear,Daylight,Dry,Non-Fatal Injury,Sideswipe,Driver,30 to 34,None,,North,"Automobile, Station Wagon",Going Ahead,Driving Properly,Normal,,,,,,,,,Yes,,,,,,,,,,,98,Rosedale-Moore Park,98,Rosedale-Moore Park (98),D53,629923.1245,4836922.87
14034,80913663,,09/10/2017,2017,1628,YONGE ST,FRICHOT AVE,95 m South o,Major Arterial,Toronto and East York,43.673964,-79.388301,Non Intersection,No Control,Clear,Daylight,Dry,Non-Fatal Injury,Sideswipe,Driver,60 to 64,Major,,North,"Automobile, Station Wagon",Changing Lanes,Improper Lane Change,Inattentive,,,,,,,,,Yes,,,,,,,,,,,98,Rosedale-Moore Park,98,Rosedale-Moore Park (98),D53,629923.1245,4836922.87
14035,80784451,,10/10/2017,2017,2100,3358 MCCOWAN RD,,,Major Arterial,Scarborough,43.825011,-79.275089,At/Near Private Drive,Traffic Signal,Clear,"Dark, artificial",Dry,Non-Fatal Injury,Pedestrian Collisions,Driver,20 to 24,None,,South,"Automobile, Station Wagon",Going Ahead,Driving Properly,Normal,,,,,,,Yes,,Yes,,,,,,,,,,,130,Milliken,130,Milliken (130),D42,638700.1853,4853882.488
14036,80784452,,10/10/2017,2017,2100,3358 MCCOWAN RD,,,Major Arterial,Scarborough,43.825011,-79.275089,At/Near Private Drive,Traffic Signal,Clear,"Dark, artificial",Dry,Non-Fatal Injury,Pedestrian Collisions,Pedestrian,65 to 69,Major,,East,,,,,Vehicle is going straight thru inter.while ped cross without ROW,Crossing without right of way,Normal,,,,Yes,,Yes,,,,,,,,,,,130,Milliken,130,Milliken (130),D42,638700.1853,4853882.488
14037,80884911,,11/10/2017,2017,1140,KIPLING AVE,THE WESTWAY,153 m North ,Major Arterial,Etobicoke York,43.686839,-79.555232,Non Intersection,No Control,Clear,Daylight,Dry,Non-Fatal Injury,Sideswipe,Passenger,20 to 24,Minimal,,,,,,,,,,,,,,,Yes,,,,,Yes,,,,,,6,Kingsview Village-The Westway,6,Kingsview Village-The Westway (6),D23,616441.3743,4838104.889
14038,80884912,,11/10/2017,2017,1140,KIPLING AVE,THE WESTWAY,153 m North ,Major Arterial,Etobicoke York,43.686839,-79.555232,Non Intersection,No Control,Clear,Daylight,Dry,Non-Fatal Injury,Sideswipe,Driver,55 to 59,Major,,South,Passenger Van,Going Ahead,Driving Properly,Normal,,,,,,,,,Yes,,,,,Yes,,,,,,6,Kingsview Village-The Westway,6,Kingsview Village-The Westway (6),D23,616441.3743,4838104.889
14039,80884913,,11/10/2017,2017,1140,KIPLING AVE,THE WESTWAY,153 m North ,Major Arterial,Etobicoke York,43.686839,-79.555232,Non Intersection,No Control,Clear,Daylight,Dry,Non-Fatal Injury,Sideswipe,Driver,45 to 49,None,,North,Delivery Van,Going Ahead,Driving Properly,Normal,,,,,,,,,Yes,,,,,Yes,,,,,,6,Kingsview Village-The Westway,6,Kingsview Village-The Westway (6),D23,616441.3743,4838104.889
14040,80884914,,11/10/2017,2017,1140,KIPLING AVE,THE WESTWAY,153 m North ,Major Arterial,Etobicoke York,43.686839,-79.555232,Non Intersection,No Control,Clear,Daylight,Dry,Non-Fatal Injury,Sideswipe,Driver,15 to 19,None,,North,"Automobile, Station Wagon",Changing Lanes,Improper Lane Change,Inattentive,,,,,,,,,Yes,,,,,Yes,,,,,,6,Kingsview Village-The Westway,6,Kingsview Village-The Westway (6),D23,616441.3743,4838104.889
14041,80889982,,11/10/2017,2017,1847,GERRARD  ST E,SHERBOURNE ST,22 m West of,Minor Arterial,Toronto and East York,43.661154,-79.372196,At Intersection,Traffic Signal,Clear,"Dark, artificial",Dry,Non-Fatal Injury,SMV Other,Driver,60 to 64,Major,,East,"Bus (Other) (Go Bus, Gray Coa",Going Ahead,Lost control,Unknown,,,,,,,,,,,,Yes,,,,,,,,73,Moss Park,73,Moss Park (73),D51,631249.3195,4835525.499
14042,80937337,,11/10/2017,2017,1928,OLD PARK  RD,WEMBLEY  RD,4 m West of,Collector,North York,43.700614,-79.431331,At Intersection,Stop Sign,Rain,"Dark, artificial",Wet,Non-Fatal Injury,Pedestrian Collisions,Pedestrian,80 to 84,Major,,North,,,,,Vehicle turns left while ped crosses with ROW at inter.,Crossing with right of way,Normal,,,,Yes,,Yes,,,,,,,Yes,,,,102,Forest Hill North,102,Forest Hill North (102),D13,626398.3463,4839816.217
14043,80937359,,11/10/2017,2017,1928,OLD PARK  RD,WEMBLEY  RD,4 m West of,Collector,North York,43.700614,-79.431331,At Intersection,Stop Sign,Rain,"Dark, artificial",Wet,Non-Fatal Injury,Pedestrian Collisions,Driver,55 to 59,None,,North,"Automobile, Station Wagon",Turning Left,Failed to Yield Right of Way,Normal,,,,,,,Yes,,Yes,,,,,,,Yes,,,,102,Forest Hill North,102,Forest Hill North (102),D13,626398.3463,4839816.217
14044,80933834,,16/10/2017,2017,1800,LAWRENCE AVE E,GREENCEDAR CRCT,,Major Arterial,Scarborough,43.758113,-79.233043,At Intersection,Traffic Signal,Clear,"Dark, artificial",Dry,Non-Fatal Injury,Turning Movement,Passenger,45 to 49,Major,,,,,,,,,,,,,,,Yes,,,,,Yes,,Yes,Yes,,,141,Golfdale-Cedarbrae-Woburn,137,Woburn (137),D43,642239.7666,4846523.756
14045,80933835,,16/10/2017,2017,1800,LAWRENCE AVE E,GREENCEDAR CRCT,,Major Arterial,Scarborough,43.758113,-79.233043,At Intersection,Traffic Signal,Clear,"Dark, artificial",Dry,Non-Fatal Injury,Turning Movement,Passenger,15 to 19,None,,,,,,,,,,,,,,,Yes,,,,,Yes,,Yes,Yes,,,141,Golfdale-Cedarbrae-Woburn,137,Woburn (137),D43,642239.7666,4846523.756
14046,80933836,,16/10/2017,2017,1800,LAWRENCE AVE E,GREENCEDAR CRCT,,Major Arterial,Scarborough,43.758113,-79.233043,At Intersection,Traffic Signal,Clear,"Dark, artificial",Dry,Non-Fatal Injury,Turning Movement,Driver,50 to 54,Minor,,West,"Automobile, Station Wagon",Turning Left,Driving Properly,Normal,,,,,,,,,Yes,,,,,Yes,,Yes,Yes,,,141,Golfdale-Cedarbrae-Woburn,137,Woburn (137),D43,642239.7666,4846523.756
14047,80933837,,16/10/2017,2017,1800,LAWRENCE AVE E,GREENCEDAR CRCT,,Major Arterial,Scarborough,43.758113,-79.233043,At Intersection,Traffic Signal,Clear,"Dark, artificial",Dry,Non-Fatal Injury,Turning Movement,Driver,45 to 49,Minor,,East,"Automobile, Station Wagon",Going Ahead,Disobeyed Traffic Control,Inattentive,,,,,,,,,Yes,,,,,Yes,,Yes,Yes,,,141,Golfdale-Cedarbrae-Woburn,137,Woburn (137),D43,642239.7666,4846523.756
14048,80784701,,17/10/2017,2017,1143,COXWELL AVE,MORTIMER AVE,,Minor Arterial,Toronto and East York,43.690516,-79.326534,At Intersection,Traffic Signal,Clear,Daylight,Dry,Non-Fatal Injury,Pedestrian Collisions,Driver,65 to 69,None,,South,"Automobile, Station Wagon",Turning Left,Failed to Yield Right of Way,Normal,,,,,,,Yes,,Yes,,,,,,,Yes,,,,59,Danforth East York,59,Danforth East York (59),D55,634865.2792,4838859.8