OBJECTID,INDEX,ACCNUM,DATE,ACCIDENT_YEAR,TIME,STREET1,STREET2,OFFSET,ROAD_CLASS,DISTRICT,LATITUDE,LONGITUDE,ACCLOC,TRAFFCTL,VISIBILITY,LIGHT,RDSFCOND,ACCLASS,IMPACTYPE,INVTYPE,INVAGE,INJURY,FATAL_NO,INITDIR,VEHTYPE,MANOEUVER,DRIVACT,DRIVCOND,PEDTYPE,PEDACT,PEDCOND,CYCLISTYPE,CYCACT,CYCCOND,PEDESTRIAN,CYCLIST,AUTOMOBILE,MOTORCYCLE,TRUCK,TRSN_CITY_VEH,EMERG_VEH,PASSENGER,SPEEDING,AG_DRIV,REDLIGHT,ALCOHOL,DISABILITY,HOOD_158,NEIGHBOURHOOD_158,HOOD_140,NEIGHBOURHOOD_140,DIVISION,x,y
14107,80787361,,10/11/2017,2017,900,YONGE ST,CHURCH AVE,,Major Arterial,North York,43.773707,-79.413989,At Intersection,Traffic Signal,Clear,Daylight,Wet,Non-Fatal Injury,Pedestrian Collisions,Pedestrian,65 to 69,Major,,Unknown,,,,,Pedestrian hit on sidewalk or shoulder,On Sidewalk or Shoulder,Normal,,,,Yes,,Yes,,,,,Yes,,,,,,151,Yonge-Doris,51,Willowdale East (51),D32,627640.3249,4847960.847
14108,80787362,,10/11/2017,2017,900,YONGE ST,CHURCH AVE,,Major Arterial,North York,43.773707,-79.413989,At Intersection,Traffic Signal,Clear,Daylight,Wet,Non-Fatal Injury,Pedestrian Collisions,Passenger,35 to 39,None,,,,,,,,,,,,,Yes,,Yes,,,,,Yes,,,,,,151,Yonge-Doris,51,Willowdale East (51),D32,627640.3249,4847960.847
14109,80787363,,10/11/2017,2017,900,YONGE ST,CHURCH AVE,,Major Arterial,North York,43.773707,-79.413989,At Intersection,Traffic Signal,Clear,Daylight,Wet,Non-Fatal Injury,Pedestrian Collisions,Passenger,45 to 49,None,,,,,,,,,,,,,Yes,,Yes,,,,,Yes,,,,,,151,Yonge-Doris,51,Willowdale East (51),D32,627640.3249,4847960.847
14110,80891695,,10/11/2017,2017,1850,O CONNOR DR,PAPE AVE,,Major Arterial,Toronto and East York,43.693171,-79.350253,At Intersection,Traffic Signal,Clear,"Dark, artificial",Dry,Non-Fatal Injury,Pedestrian Collisions,Pedestrian,50 to 54,Major,,West,,,,,Vehicle turns left while ped crosses with ROW at inter.,Crossing with right of way,Normal,,,,Yes,,Yes,,,,,,,Yes,,,,58,Old East York,58,Old East York (58),D55,632947.8681,4839116.371
14111,80891696,,10/11/2017,2017,1850,O CONNOR DR,PAPE AVE,,Major Arterial,Toronto and East York,43.693171,-79.350253,At Intersection,Traffic Signal,Clear,"Dark, artificial",Dry,Non-Fatal Injury,Pedestrian Collisions,Driver,unknown,None,,West,"Automobile, Station Wagon",Turning Left,Failed to Yield Right of Way,Unknown,,,,,,,Yes,,Yes,,,,,,,Yes,,,,58,Old East York,58,Old East York (58),D55,632947.8681,4839116.371
14112,80787041,,10/11/2017,2017,2233,WARDEN AVE,WAYNE AVE,147 M North,Major Arterial,Scarborough,43.738906,-79.292102,Non Intersection,No Control,Clear,"Dark, artificial",Dry,Fatal,Pedestrian Collisions,Pedestrian,55 to 59,Fatal,53,West,,,,,Pedestrian hit at mid-block,"Crossing, no Traffic Control",Normal,,,,Yes,,Yes,,,,,,,,,,,119,Wexford/Maryvale,119,Wexford/Maryvale (119),D41,637529.4559,4844290.789
14113,80789132,,10/11/2017,2017,2233,WARDEN AVE,WAYNE AVE,147 M North,Major Arterial,Scarborough,43.738906,-79.292102,Non Intersection,No Control,Clear,"Dark, artificial",Dry,Fatal,Pedestrian Collisions,Driver,20 to 24,None,,South,Passenger Van,Going Ahead,Driving Properly,Normal,,,,,,,Yes,,Yes,,,,,,,,,,,119,Wexford/Maryvale,119,Wexford/Maryvale (119),D41,637529.4559,4844290.789
14114,80918084,,12/11/2017,2017,138,BROCK AVE,SEAFORTH  AVE,21 m North o,Collector,Toronto and East York,43.64363,-79.433177,At Intersection,No Control,Clear,"Dark, artificial",Dry,Non-Fatal Injury,Pedestrian Collisions,Pedestrian,65 to 69,Major,,Unknown,,,,,Pedestrian hit at mid-block,Walking on Roadway with Traffic,Had Been Drinking,,,,Yes,,Yes,,,,,,,,,,,86,Roncesvalles,86,Roncesvalles (86),D11,626369.1398,4833484.57
14115,80918085,,12/11/2017,2017,138,BROCK AVE,SEAFORTH  AVE,21 m North o,Collector,Toronto and East York,43.64363,-79.433177,At Intersection,No Control,Clear,"Dark, artificial",Dry,Non-Fatal Injury,Pedestrian Collisions,Driver,25 to 29,None,,South,"Automobile, Station Wagon",Going Ahead,Other,Had Been Drinking,,,,,,,Yes,,Yes,,,,,,,,,,,86,Roncesvalles,86,Roncesvalles (86),D11,626369.1398,4833484.57
14116,80940842,,14/11/2017,2017,1054,STEELES AVE E,SHADLOCK ST,20 m East of,Major Arterial,Scarborough,43.834231,-79.261112,At Intersection,Traffic Signal,Clear,Daylight,Dry,Non-Fatal Injury,Rear End,Driver,40 to 44,Major,,West,"Automobile, Station Wagon",Going Ahead,Following too Close,Normal,,,,,,,,,Yes,,,Yes,,,,Yes,,,,130,Milliken,130,Milliken (130),D42,639802.5596,4854930.054
14117,80940843,,14/11/2017,2017,1054,STEELES AVE E,SHADLOCK ST,20 m East of,Major Arterial,Scarborough,43.834231,-79.261112,At Intersection,Traffic Signal,Clear,Daylight,Dry,Non-Fatal Injury,Rear End,Driver,50 to 54,None,,West,"Bus (Other) (Go Bus, Gray Coa",Stopped,Driving Properly,Normal,,,,,,,,,Yes,,,Yes,,,,Yes,,,,130,Milliken,130,Milliken (130),D42,639802.5596,4854930.054
14118,80894480,,15/11/2017,2017,2100,MURRAY ROSS PKWY,SENTINEL RD,,Minor Arterial,Etobicoke York,43.764743,-79.501285,At Intersection,Traffic Signal,Clear,"Dark, artificial",Dry,Non-Fatal Injury,Pedestrian Collisions,Pedestrian,15 to 19,Major,,North,,,,,Vehicle turns left while ped crosses with ROW at inter.,Crossing with right of way,Normal,,,,Yes,,Yes,,,,,,,Yes,,,,27,York University Heights,27,York University Heights (27),D31,620632.8064,4846834.391
14119,80894481,,15/11/2017,2017,2100,MURRAY ROSS PKWY,SENTINEL RD,,Minor Arterial,Etobicoke York,43.764743,-79.501285,At Intersection,Traffic Signal,Clear,"Dark, artificial",Dry,Non-Fatal Injury,Pedestrian Collisions,Driver,unknown,None,,North,"Automobile, Station Wagon",Turning Left,Failed to Yield Right of Way,Unknown,,,,,,,Yes,,Yes,,,,,,,Yes,,,,27,York University Heights,27,York University Heights (27),D31,620632.8064,4846834.391
14120,80943064,,16/11/2017,2017,1120,FINCH AVE E,RAVEL RD,,Major Arterial,North York,43.79027,-79.365299,At Intersection,No Control,Clear,Daylight,Dry,Non-Fatal Injury,Pedestrian Collisions,Pedestrian,80 to 84,Major,,North,,,,,Vehicle is going straight thru inter.while ped cross without ROW,"Crossing, no Traffic Control",Normal,,,,Yes,,Yes,,,,,,,,,,,47,Don Valley Village,47,Don Valley Village (47),D33,631522.5519,4849876.638
14121,80943065,,16/11/2017,2017,1120,FINCH AVE E,RAVEL RD,,Major Arterial,North York,43.79027,-79.365299,At Intersection,No Control,Clear,Daylight,Dry,Non-Fatal Injury,Pedestrian Collisions,Pedestrian,80 to 84,Major,,North,,,,,Vehicle is going straight thru inter.while ped cross without ROW,"Crossing, no Traffic Control",Normal,,,,Yes,,Yes,,,,,,,,,,,47,Don Valley Village,47,Don Valley Village (47),D33,631522.5519,4849876.638
14122,80943066,,16/11/2017,2017,1120,FINCH AVE E,RAVEL RD,,Major Arterial,North York,43.79027,-79.365299,At Intersection,No Control,Clear,Daylight,Dry,Non-Fatal Injury,Pedestrian Collisions,Driver,70 to 74,None,,West,"Automobile, Station Wagon",Going Ahead,Driving Properly,Normal,,,,,,,Yes,,Yes,,,,,,,,,,,47,Don Valley Village,47,Don Valley Village (47),D33,631522.5519,4849876.638
14123,80790482,,19/11/2017,2017,145,MARKHAM RD,HIGHWAY 401 C E,,Major Arterial,Scarborough,43.78385,-79.234683,At Intersection,Traffic Signal,Rain,"Dark, artificial",Wet,Non-Fatal Injury,Turning Movement,Driver,30 to 34,Minor,,South,"Automobile, Station Wagon",Going Ahead,Disobeyed Traffic Control,Normal,,,,,,,,,Yes,,,,,,,Yes,Yes,,,142,Woburn North,137,Woburn (137),D43,642046.7997,4849379.438
14124,80790483,,19/11/2017,2017,145,MARKHAM RD,HIGHWAY 401 C E,,Major Arterial,Scarborough,43.78385,-79.234683,At Intersection,Traffic Signal,Rain,"Dark, artificial",Wet,Non-Fatal Injury,Turning Movement,Driver,30 to 34,Minimal,,East,"Automobile, Station Wagon",Turning Left,Driving Properly,Normal,,,,,,,,,Yes,,,,,,,Yes,Yes,,,142,Woburn North,137,Woburn (137),D43,642046.7997,4849379.438
14125,80790484,,19/11/2017,2017,145,MARKHAM RD,HIGHWAY 401 C E,,Major Arterial,Scarborough,43.78385,-79.234683,At Intersection,Traffic Signal,Rain,"Dark, artificial",Wet,Non-Fatal Injury,Turning Movement,Driver,35 to 39,None,,East,"Automobile, Station Wagon",Turning Left,Driving Properly,Normal,,,,,,,,,Yes,,,,,,,Yes,Yes,,,142,Woburn North,137,Woburn (137),D43,642046.7997,4849379.438
14126,80790485,,19/11/2017,2017,145,MARKHAM RD,HIGHWAY 401 C E,,Major Arterial,Scarborough,43.78385,-79.234683,At Intersection,Traffic Signal,Rain,"Dark, artificial",Wet,Non-Fatal Injury,Turning Movement,Other,5 to 9,Minor,,,,,,,,,,,,,,,Yes,,,,,,,Yes,Yes,,,142,Woburn North,137,Woburn (137),D43,642046.7997,4849379.438
14127,80790486,,19/11/2017,2017,145,MARKHAM RD,HIGHWAY 401 C E,,Major Arterial,Scarborough,43.78385,-79.234683,At Intersection,Traffic Signal,Rain,"Dark, artificial",Wet,Non-Fatal Injury,Turning Movement,Other,0 to 4,Major,,,,,,,,,,,,,,,Yes,,,,,,,Yes,Yes,,,142,Woburn North,137,Woburn (137),D43,642046.7997,4849379.438
14128,80894766,,20/11/2017,2017,1809,MORNINGSIDE AVE,CASEBRIDGE CRT,10 m North o,Major Arterial,Scarborough,43.808863,-79.202686,At Intersection,Traffic Signal,Clear,"Dark, artificial",Dry,Non-Fatal Injury,Turning Movement,Passenger,60 to 64,Major,,,,,,,,,,,,,,,Yes,,,,,Yes,,Yes,,,,144,Morningside Heights,131,Rouge (131),D42,644561.1464,4852212.941
14129,80894767,,20/11/2017,2017,1809,MORNINGSIDE AVE,CASEBRIDGE CRT,10 m North o,Major Arterial,Scarborough,43.808863,-79.202686,At Intersection,Traffic Signal,Clear,"Dark, artificial",Dry,Non-Fatal Injury,Turning Movement,Driver,25 to 29,None,,North,"Automobile, Station Wagon",Going Ahead,Driving Properly,Normal,,,,,,,,,Yes,,,,,Yes,,Yes,,,,144,Morningside Heights,131,Rouge (131),D42,644561.1464,4852212.941
14130,80894768,,20/11/2017,2017,1809,MORNINGSIDE AVE,CASEBRIDGE CRT,10 m North o,Major Arterial,Scarborough,43.808863,-79.202686,At Intersection,Traffic Signal,Clear,"Dark, artificial",Dry,Non-Fatal Injury,Turning Movement,Driver,60 to 64,Minimal,,South,"Automobile, Station Wagon",Turning Left,Failed to Yield Right of Way,Normal,,,,,,,,,Yes,,,,,Yes,,Yes,,,,144,Morningside Heights,131,Rouge (131),D42,644561.1464,4852212.941
14131,80788717,,21/11/2017,2017,2319,LAKE SHORE BLVD W,LOWER SIMCOE ST,,Expressway,Toronto and East York,43.640258,-79.383151,At Intersection,Traffic Signal,Clear,"Dark, artificial",Dry,Non-Fatal Injury,Pedestrian Collisions,Driver,55 to 59,None,,North,"Automobile, Station Wagon",Turning Left,Failed to Yield Right of Way,Normal,,,,,,,Yes,,Yes,,,,,,,Yes,,,,165,Harbourfront-CityPlace,77,Waterfront Communities-The Island (77),D52,630411.2296,4833187.452
14132,80788718,,21/11/2017,2017,2319,LAKE SHORE BLVD W,LOWER SIMCOE ST,,Expressway,Toronto and East York,43.640258,-79.383151,At Intersection,Traffic Signal,Clear,"Dark, artificial",Dry,Non-Fatal Injury,Pedestrian Collisions,Pedestrian,60 to 64,Major,,North,,,,,Vehicle turns left while ped crosses with ROW at inter.,Crossing with right of way,Normal,,,,Yes,,Yes,,,,,,,Yes,,,,165,Harbourfront-CityPlace,77,Waterfront Communities-The Island (77),D52,630411.2296,4833187.452
14133,80788719,,21/11/2017,2017,2319,LAKE SHORE BLVD W,LOWER SIMCOE ST,,Expressway,Toronto and East York,43.640258,-79.383151,At Intersection,Traffic Signal,Clear,"Dark, artificial",Dry,Non-Fatal Injury,Pedestrian Collisions,Pedestrian,25 to 29,None,,North,,,,,Vehicle turns left while ped crosses with ROW at inter.,Crossing with right of way,Normal,,,,Yes,,Yes,,,,,,,Yes,,,,165,Harbourfront-CityPlace,77,Waterfront Communities-The Island (77),D52,630411.2296,4833187.452
14134,80790060,178057130,22/11/2017,2017,1110,BAYVIEW AVE,LAWRENCE AVE E,,Major Arterial,North York,43.730132,-79.381397,Non Intersection,No Control,Clear,Daylight,Dry,Non-Fatal Injury,SMV Other,Driver,30 to 34,Major,,South,"Automobile, Station Wagon",Going Ahead,Driving Properly,Normal,,,,,,,,,Yes,,,,,,,,,,,41,Bridle Path-Sunnybrook-York Mills,41,Bridle Path-Sunnybrook-York Mills (41),D53,630357.8879,4843171.952
14135,80927502,,23/11/2017,2017,1630,MILNER  AVE,EXECUTIVE CRT,18 m East of,Minor Arterial,Scarborough,43.786635,-79.242137,Intersection Related,No Control,Clear,Dusk,Dry,Non-Fatal Injury,Pedestrian Collisions,Pedestrian,50 to 54,Major,,North,,,,,Pedestrian hit at mid-block,"Crossing, no Traffic Control",Inattentive,,,,Yes,,Yes,,,,,,,,,,,128,Agincourt South-Malvern West,128,Agincourt South-Malvern West (128),D42,641440.4354,4849675.992
14136,80927503,,23/11/2017,2017,1630,MILNER  AVE,EXECUTIVE CRT,18 m East of,Minor Arterial,Scarborough,43.786635,-79.242137,Intersection Related,No Control,Clear,Dusk,Dry,Non-Fatal Injury,Pedestrian Collisions,Driver,55 to 59,None,,East,"Automobile, Station Wagon",Going Ahead,Driving Properly,Normal,,,,,,,Yes,,Yes,,,,,,,,,,,128,Agincourt South-Malvern West,128,Agincourt South-Malvern West (128),D42,641440.4354,4849675.992
14137,80901586,,23/11/2017,2017,1856,KINGSTON RD,BALSAM AVE,,Major Arterial,Toronto and East York,43.680293,-79.289165,At Intersection,No Control,Clear,Dark,Dry,Non-Fatal Injury,Cyclist Collisions,Cyclist,55 to 59,Major,,East,Bicycle,Going Ahead,,,,,,Motorist turned left across cyclists path.,Driving Properly,Normal,,Yes,Yes,,,,,,,,,,,63,The Beaches,63,The Beaches (63),D55,637900.3203,4837785.85
14138,80901587,,23/11/2017,2017,1856,KINGSTON RD,BALSAM AVE,,Major Arterial,Toronto and East York,43.680293,-79.289165,At Intersection,No Control,Clear,Dark,Dry,Non-Fatal Injury,Cyclist Collisions,Driver,15 to 19,None,,West,"Automobile, Station Wagon",Turning Left,Improper Turn,Inattentive,,,,,,,,Yes,Yes,,,,,,,,,,,63,The Beaches,63,The Beaches (63),D55,637900.3203,4837785.85
14139,80788907,,24/11/2017,2017,840,VEROBEACH BLVD,INDRIO RD,,Local,Etobicoke York,43.73778,-79.542117,At Intersection,Stop Sign,Clear,Daylight,Dry,Non-Fatal Injury,Pedestrian Collisions,Driver,40 to 44,None,,South,Pick Up Truck,Turning Left,Failed to Yield Right of Way,Inattentive,,,,,,,Yes,,Yes,,,,,,,Yes,,,,22,Humbermede,22,Humbermede (22),D31,617398.8856,4843781.09
14140,80788908,,24/11/2017,2017,840,VEROBEACH BLVD,INDRIO RD,,Local,Etobicoke York,43.73778,-79.542117,At Intersection,Stop Sign,Clear,Daylight,Dry,Non-Fatal Injury,Pedestrian Collisions,Pedestrian,80 to 84,Major,,North,,,,,Vehicle turns left while ped crosses with ROW at inter.,Crossing with right of way,Normal,,,,Yes,,Yes,,,,,,,Yes,,,,22,Humbermede,22,Humbermede (22),D31,617398.8856,4843781.09
14141,80788909,,24/11/2017,2017,840,VEROBEACH BLVD,INDRIO RD,,Local,Etobicoke York,43.73778,-79.542117,At Intersection,Stop Sign,Clear,Daylight,Dry,Non-Fatal Injury,Pedestrian Collisions,Pedestrian,75 to 79,Major,,North,,,,,Vehicle turns left while ped crosses with ROW at inter.,Crossing with right of way,Normal,,,,Yes,,Yes,,,,,,,Yes,,,,22,Humbermede,22,Humbermede (22),D31,617398.8856,4843781.09
14142,80785464,,24/11/2017,2017,1148,SHEPPARD AVE E,VICTORIA PARK AVE,,Major Arterial,Scarborough,43.775355,-79.322238,Non Intersection,No Control,Clear,Daylight,Dry,Fatal,Pedestrian Collisions,Truck Driver,25 to 29,None,,West,Truck-Tractor,Going Ahead,Driving Properly,Unknown,,,,,,,Yes,,Yes,,Yes,,,,,,,,,118,Tam O'Shanter-Sullivan,118,Tam O'Shanter-Sullivan (118),D42,635020.7035,4848289.418
14143,80789133,,24/11/2017,2017,1148,SHEPPARD AVE E,VICTORIA PARK AVE,,Major Arterial,Scarborough,43.775355,-79.322238,Non Intersection,No Control,Clear,Daylight,Dry,Fatal,Pedestrian Collisions,Pedestrian,70 to 74,Fatal,54,South,Passenger Van,,,,Pedestrian hit at mid-block,"Crossing, no Traffic Control",Unknown,,,,Yes,,Yes,,Yes,,,,,,,,,118,Tam O'Shanter-Sullivan,118,Tam O'Shanter-Sullivan (118),D42,635020.7035,4848289.418
14144,80788857,,25/11/2017,2017,2351,DUNDAS ST W,THE EAST MALL,,Major Arterial,Etobicoke York,43.629279,-79.553577,Non Intersection,No Control,Clear,"Dark, artificial",Dry,Non-Fatal Injury,Cyclist Collisions,Cyclist,35 to 39,None,,West,Bicycle,Changing Lanes,,,,,,"Cyclist without ROW rides into path of motorist at inter, lnwy, dwy-Cyclist not turn.",Improper Lane Change,Normal,,Yes,Yes,,,,,,,,,,,159,Etobicoke City Centre,14,Islington-City Centre West (14),D22,616686.1964,4831714.438
14145,80788858,,25/11/2017,2017,2351,DUNDAS ST W,THE EAST MALL,,Major Arterial,Etobicoke York,43.629279,-79.553577,Non Intersection,No Control,Clear,"Dark, artificial",Dry,Non-Fatal Injury,Cyclist Collisions,Driver,55 to 59,Major,,North,"Automobile, Station Wagon",Going Ahead,Driving Properly,Normal,,,,,,,,Yes,Yes,,,,,,,,,,,159,Etobicoke City Centre,14,Islington-City Centre West (14),D22,616686.1964,4831714.438
14146,80935083,,26/11/2017,2017,327,MARKHAM  RD,MCNICOLL AVE,,Major Arterial,Scarborough,43.823924,-79.247775,At Intersection,Traffic Signal,Clear,"Dark, artificial",Dry,Non-Fatal Injury,Turning Movement,Passenger,55 to 59,Major,,,,,,,,,,,,,,,Yes,,,,,Yes,,Yes,,,,144,Morningside Heights,131,Rouge (131),D42,640899.087,4853807.922
14147,80935084,,26/11/2017,2017,327,MARKHAM  RD,MCNICOLL AVE,,Major Arterial,Scarborough,43.823924,-79.247775,At Intersection,Traffic Signal,Clear,"Dark, artificial",Dry,Non-Fatal Injury,Turning Movement,Passenger,85 to 89,Minor,,,,,,,,,,,,,,,Yes,,,,,Yes,,Yes,,,,144,Morningside Heights,131,Rouge (131),D42,640899.087,4853807.922
14148,80935085,,26/11/2017,2017,327,MARKHAM  RD,MCNICOLL AVE,,Major Arterial,Scarborough,43.823924,-79.247775,At Intersection,Traffic Signal,Clear,"Dark, artificial",Dry,Non-Fatal Injury,Turning Movement,Driver,60 to 64,Minor,,North,"Automobile, Station Wagon",Going Ahead,Driving Properly,Normal,,,,,,,,,Yes,,,,,Yes,,Yes,,,,144,Morningside Heights,131,Rouge (131),D42,640899.087,4853807.922
14149,80935086,,26/11/2017,2017,327,MARKHAM  RD,MCNICOLL AVE,,Major Arterial,Scarborough,43.823924,-79.247775,At Intersection,Traffic Signal,Clear,"Dark, artificial",Dry,Non-Fatal Injury,Turning Movement,Driver,unknown,None,,South,"Automobile, Station Wagon",Turning Left,Improper Turn,Unknown,,,,,,,,,Yes,,,,,Yes,,Yes,,,,144,Morningside Heights,131,Rouge (131),D42,640899.087,4853807.922
14150,80927971,,28/11/2017,2017,558,FINCH  AVE W,NORFINCH  DR,,Major Arterial,Etobicoke York,43.755858,-79.524242,At Intersection,Traffic Signal,Clear,"Dark, artificial",Dry,Non-Fatal Injury,Turning Movement,Driver,20 to 24,None,,West,"Automobile, Station Wagon",Going Ahead,Driving Properly,Normal,,,,,,,,,Yes,,,,,Yes,,Yes,,,,25,Glenfield-Jane Heights,25,Glenfield-Jane Heights (25),D31,618802.5482,4845814.396
14151,80927972,,28/11/2017,2017,558,FINCH  AVE W,NORFINCH  DR,,Major Arterial,Etobicoke York,43.755858,-79.524242,At Intersection,Traffic Signal,Clear,"Dark, artificial",Dry,Non-Fatal Injury,Turning Movement,Driver,35 to 39,Major,,East,"Automobile, Station Wagon",Turning Left,Failed to Yield Right of Way,Inattentive,,,,,,,,,Yes,,,,,Yes,,Yes,,,,25,Glenfield-Jane Heights,25,Glenfield-Jane Heights (25),D31,618802.5482,4845814.396
14152,80927973,,28/11/2017,2017,558,FINCH  AVE W,NORFINCH  DR,,Major Arterial,Etobicoke York,43.755858,-79.524242,At Intersection,Traffic Signal,Clear,"Dark, artificial",Dry,Non-Fatal Injury,Turning Movement,Passenger,50 to 54,None,,,,,,,,,,,,,,,Yes,,,,,Yes,,Yes,,,,25,Glenfield-Jane Heights,25,Glenfield-Jane Heights (25),D31,618802.5482,4845814.396
14153,80927974,,28/11/2017,2017,558,FINCH  AVE W,NORFINCH  DR,,Major Arterial,Etobicoke York,43.755858,-79.524242,At Intersection,Traffic Signal,Clear,"Dark, artificial",Dry,Non-Fatal Injury,Turning Movement,Other,35 to 39,None,,,,,,,,,,,,,,,Yes,,,,,Yes,,Yes,,,,25,Glenfield-Jane Heights,25,Glenfield-Jane Heights (25),D31,618802.5482,4845814.396
14154,80789141,,28/11/2017,2017,1212,EDITH DR,ORCHARD VIEW BLVD,,Collector,North York,43.707171,-79.40327,At Intersection,Stop Sign,Clear,Daylight,Dry,Fatal,Pedestrian Collisions,Driver,50 to 54,None,,West,Pick Up Truck,Turning Left,Disobeyed Traffic Control,Inattentive,,,,,,,Yes,,Yes,,,,,,,Yes,,,,100,Yonge-Eglinton,100,Yonge-Eglinton (100),D53,628645.408,4840587.627
14155,81070509,,28/11/2017,2017,1212,EDITH DR,ORCHARD VIEW BLVD,,Collector,North York,43.707171,-79.40327,At Intersection,Stop Sign,Clear,Daylight,Dry,Fatal,Pedestrian Collisions,Pedestrian,80 to 84,Fatal,56,East,,,,,Vehicle turns left while ped crosses with ROW at inter.,Crossing with right of way,Unknown,,,,Yes,,Yes,,,,,,,Yes,,,,100,Yonge-Eglinton,100,Yonge-Eglinton (100),D53,628645.408,4840587.627
14156,80789073,,28/11/2017,2017,1431,KIPLING AVE,BIRMINGHAM ST,,Major Arterial,Etobicoke York,43.600611,-79.517978,At Intersection,Traffic Signal,Clear,Daylight,Dry,Non-Fatal Injury,Pedestrian Collisions,Driver,50 to 54,None,,West,"Automobile, Station Wagon",Turning Left,Failed to Yield Right of Way,Normal,,,,,,,Yes,,Yes,,,,,,,Yes,,,,18,New Toronto,18,New Toronto (18),D22,619614.8942,4828581.16
14157,80789074,,28/11/2017,2017,1431,KIPLING AVE,BIRMINGHAM ST,,Major Arterial,Etobicoke York,43.600611,-79.517978,At Intersection,Traffic Signal,Clear,Daylight,Dry,Non-Fatal Injury,Pedestrian Collisions,Pedestrian,30 to 34,Major,,East,,,,,Vehicle turns left while ped crosses with ROW at inter.,Crossing with right of way,Normal,,,,Yes,,Yes,,,,,,,Yes,,,,18,New Toronto,18,New Toronto (18),D22,619614.8942,4828581.16
14158,80900384,,30/11/2017,2017,1709,WARDEN  AVE,BAMBURGH  CRCL,,Major Arterial,Scarborough,43.811564,-79.323375,At Intersection,Traffic Signal,Rain,Dusk,Wet,Non-Fatal Injury,Cyclist Collisions,Cyclist,60 to 64,Major,,South,Bicycle,Going Ahead,,,,,,Motorist turned left across cyclists path.,Disobeyed Traffic Control,Inattentive,,Yes,Yes,,,,,,,,,,,116,Steeles,116,Steeles (116),D42,634847.7342,4852309.147
14159,80900385,,30/11/2017,2017,1709,WARDEN  AVE,BAMBURGH  CRCL,,Major Arterial,Scarborough,43.811564,-79.323375,At Intersection,Traffic Signal,Rain,Dusk,Wet,Non-Fatal Injury,Cyclist Collisions,Driver,60 to 64,None,,North,"Automobile, Station Wagon",Turning Left,Improper Turn,Inattentive,,,,,,,,Yes,Yes,,,,,,,,,,,116,Steeles,116,Steeles (116),D42,634847.7342,4852309.147
14160,80885074,,30/11/2017,2017,1825,LAWRENCE  AVE W,GLENMOUNT AVE,,Major Arterial,North York,43.718421,-79.432933,At Intersection,Traffic Signal,Clear,"Dark, artificial",Dry,Non-Fatal Injury,Pedestrian Collisions,Pedestrian,65 to 69,Major,,South,,,,,Vehicle turns left while ped crosses with ROW at inter.,Crossing with right of way,Normal,,,,Yes,,Yes,,,,,,,Yes,,,,32,Englemount-Lawrence,32,Englemount-Lawrence (32),D13,626231.8743,4841791.494
14161,80885075,,30/11/2017,2017,1825,LAWRENCE  AVE W,GLENMOUNT AVE,,Major Arterial,North York,43.718421,-79.432933,At Intersection,Traffic Signal,Clear,"Dark, artificial",Dry,Non-Fatal Injury,Pedestrian Collisions,Driver,70 to 74,None,,North,"Automobile, Station Wagon",Turning Left,Failed to Yield Right of Way,Inattentive,,,,,,,Yes,,Yes,,,,,,,Yes,,,,32,Englemount-Lawrence,32,Englemount-Lawrence (32),D13,626231.8743,4841791.494
14162,80790062,,01/12/2017,2017,2330,BIRCHMOUNT RD,MERRYFIELD DR,,Major Arterial,Scarborough,43.751868,-79.286601,At Intersection,No Control,Clear,Dark,Dry,Fatal,Pedestrian Collisions,Driver,55 to 59,None,,North,Passenger Van,Going Ahead,Driving Properly,Normal,,,,,,,Yes,,Yes,,,,,,,,,,,126,Dorset Park,126,Dorset Park (126),D41,637942.6552,4845739.561
14163,80790894,,01/12/2017,2017,2330,BIRCHMOUNT RD,MERRYFIELD DR,,Major Arterial,Scarborough,43.751868,-79.286601,At Intersection,No Control,Clear,Dark,Dry,Fatal,Pedestrian Collisions,Pedestrian,65 to 69,Fatal,55,East,,,,,Vehicle is going straight thru inter.while ped cross without ROW,"Crossing, no Traffic Control",Normal,,,,Yes,,Yes,,,,,,,,,,,126,Dorset Park,126,Dorset Park (126),D41,637942.6552,4845739.561
14164,80793709,,03/12/2017,2017,1253,PRICE ST,YONGE ST,75 m East,Local,Toronto and East York,43.679961,-79.389858,Non Intersection,No Control,Clear,Daylight,Dry,Fatal,Pedestrian Collisions,Pedestrian,75 to 79,Fatal,63,South,,,,,Vehicle is reversing and hits pedestrian,Other,Normal,,,,Yes,,Yes,,,,,,,,,,,98,Rosedale-Moore Park,98,Rosedale-Moore Park (98),D53,629784.68,4837586.48
14165,80973937,,03/12/2017,2017,1253,PRICE ST,YONGE ST,75 m East,Local,Toronto and East York,43.679961,-79.389858,Non Intersection,No Control,Clear,Daylight,Dry,Fatal,Pedestrian Collisions,Driver,45 to 49,None,,North,"Automobile, Station Wagon",Reversing,Other,Normal,,,,,,,Yes,,Yes,,,,,,,,,,,98,Rosedale-Moore Park,98,Rosedale-Moore Park (98),D53,629784.68,4837586.48