OBJECTID,INDEX,ACCNUM,DATE,ACCIDENT_YEAR,TIME,STREET1,STREET2,OFFSET,ROAD_CLASS,DISTRICT,LATITUDE,LONGITUDE,ACCLOC,TRAFFCTL,VISIBILITY,LIGHT,RDSFCOND,ACCLASS,IMPACTYPE,INVTYPE,INVAGE,INJURY,FATAL_NO,INITDIR,VEHTYPE,MANOEUVER,DRIVACT,DRIVCOND,PEDTYPE,PEDACT,PEDCOND,CYCLISTYPE,CYCACT,CYCCOND,PEDESTRIAN,CYCLIST,AUTOMOBILE,MOTORCYCLE,TRUCK,TRSN_CITY_VEH,EMERG_VEH,PASSENGER,SPEEDING,AG_DRIV,REDLIGHT,ALCOHOL,DISABILITY,HOOD_158,NEIGHBOURHOOD_158,HOOD_140,NEIGHBOURHOOD_140,DIVISION,x,y
14342,80941032,,20/02/2018,2018,1640,QUEEN ST E,ONTARIO ST,,Major Arterial,North York,43.654944,-79.367168,At Intersection,Pedestrian Crossover,Clear,"Dusk, artificial",Wet,Non-Fatal Injury,Pedestrian Collisions,Driver,65 to 69,None,,East,Pick Up Truck,Going Ahead,Failed to Yield Right of Way,Inattentive,,,,,,,Yes,,Yes,,,,,,,Yes,,,,73,Moss Park,73,Moss Park (73),D51,631668.3027,4834843.762
14343,80941033,,20/02/2018,2018,1640,QUEEN ST E,ONTARIO ST,,Major Arterial,North York,43.654944,-79.367168,At Intersection,Pedestrian Crossover,Clear,"Dusk, artificial",Wet,Non-Fatal Injury,Pedestrian Collisions,Pedestrian,25 to 29,Major,,North,,,,,Pedestrian hit a PXO/ped. Mid-block signal,"Crossing, Pedestrian Crossover",Normal,,,,Yes,,Yes,,,,,,,Yes,,,,73,Moss Park,73,Moss Park (73),D51,631668.3027,4834843.762
14344,80793691,,20/02/2018,2018,1645,BATHURST ST,ELLERSLIE AVE,,Major Arterial,North York,43.765391,-79.440891,At Intersection,Traffic Signal,Rain,Daylight,Wet,Fatal,Pedestrian Collisions,Pedestrian,65 to 69,Fatal,11,West,,,,,Vehicle turns left while ped crosses with ROW at inter.,Crossing with right of way,Normal,,,,Yes,,,,Yes,,,,,Yes,,,,37,Willowdale West,37,Willowdale West (37),D32,625492.6548,4846996.109
14345,80793695,,20/02/2018,2018,1645,BATHURST ST,ELLERSLIE AVE,,Major Arterial,North York,43.765391,-79.440891,At Intersection,Traffic Signal,Rain,Daylight,Wet,Fatal,Pedestrian Collisions,Truck Driver,20 to 24,None,,East,"Truck - Closed (Blazer, etc)",Turning Left,Failed to Yield Right of Way,Normal,,,,,,,Yes,,,,Yes,,,,,Yes,,,,37,Willowdale West,37,Willowdale West (37),D32,625492.6548,4846996.109
14346,80793692,,21/02/2018,2018,1838,37 WILLIAM KITCHEN RD,,,Collector,Scarborough,43.773322,-79.282741,Non Intersection,No Control,Clear,"Dark, artificial",Dry,Fatal,Pedestrian Collisions,Pedestrian,40 to 44,Fatal,12,North,,,,,Pedestrian hit at mid-block,"Crossing, no Traffic Control",Inattentive,,,,Yes,,,,Yes,,,,,,,,,126,Dorset Park,126,Dorset Park (126),D41,638204.0085,4848128.793
14347,80793693,,21/02/2018,2018,1838,37 WILLIAM KITCHEN RD,,,Collector,Scarborough,43.773322,-79.282741,Non Intersection,No Control,Clear,"Dark, artificial",Dry,Fatal,Pedestrian Collisions,Truck Driver,30 to 34,None,,East,Truck-Tractor,Going Ahead,Driving Properly,Normal,,,,,,,Yes,,,,Yes,,,,,,,,,126,Dorset Park,126,Dorset Park (126),D41,638204.0085,4848128.793
14348,81117398,,22/02/2018,2018,1430,AVENUE RD,BRIAR HILL AVE,,Major Arterial,North York,43.711116,-79.411449,At Intersection,Stop Sign,Clear,Daylight,Dry,Non-Fatal Injury,Angle,Driver,60 to 64,None,,West,"Automobile, Station Wagon",Going Ahead,Failed to Yield Right of Way,Normal,,,,,,,,,Yes,,,,,Yes,,Yes,,,,100,Yonge-Eglinton,100,Yonge-Eglinton (100),D53,627978.0393,4841013.115
14349,81117399,,22/02/2018,2018,1430,AVENUE RD,BRIAR HILL AVE,,Major Arterial,North York,43.711116,-79.411449,At Intersection,Stop Sign,Clear,Daylight,Dry,Non-Fatal Injury,Angle,Driver,75 to 79,Minor,,South,"Automobile, Station Wagon",Going Ahead,Driving Properly,Normal,,,,,,,,,Yes,,,,,Yes,,Yes,,,,100,Yonge-Eglinton,100,Yonge-Eglinton (100),D53,627978.0393,4841013.115
14350,81117400,,22/02/2018,2018,1430,AVENUE RD,BRIAR HILL AVE,,Major Arterial,North York,43.711116,-79.411449,At Intersection,Stop Sign,Clear,Daylight,Dry,Non-Fatal Injury,Angle,Passenger,80 to 84,Major,,,,,,,,,,,,,,,Yes,,,,,Yes,,Yes,,,,100,Yonge-Eglinton,100,Yonge-Eglinton (100),D53,627978.0393,4841013.115
14351,80941912,,23/02/2018,2018,118,931 PROGRESS AVE,,5 m West of,Minor Arterial,Scarborough,43.783801,-79.231838,Intersection Related,Traffic Signal,Clear,"Dark, artificial",Dry,Non-Fatal Injury,SMV Other,Passenger,20 to 24,Major,,,,,,,,,,,,,,,Yes,,,,,Yes,,,,Yes,,142,Woburn North,137,Woburn (137),D43,642275.8425,4849378.881
14352,80941913,,23/02/2018,2018,118,931 PROGRESS AVE,,5 m West of,Minor Arterial,Scarborough,43.783801,-79.231838,Intersection Related,Traffic Signal,Clear,"Dark, artificial",Dry,Non-Fatal Injury,SMV Other,Passenger,20 to 24,Major,,,,,,,,,,,,,,,Yes,,,,,Yes,,,,Yes,,142,Woburn North,137,Woburn (137),D43,642275.8425,4849378.881
14353,80941914,,23/02/2018,2018,118,931 PROGRESS AVE,,5 m West of,Minor Arterial,Scarborough,43.783801,-79.231838,Intersection Related,Traffic Signal,Clear,"Dark, artificial",Dry,Non-Fatal Injury,SMV Other,Driver,25 to 29,Minor,,North,"Automobile, Station Wagon",Going Ahead,Other,"Ability Impaired, Alcohol Over .08",,,,,,,,,Yes,,,,,Yes,,,,Yes,,142,Woburn North,137,Woburn (137),D43,642275.8425,4849378.881
14354,81133876,,23/02/2018,2018,612,EGLINTON AVE W,SCARLETT RD,,Major Arterial,Etobicoke York,43.68389,-79.511417,Intersection Related,Traffic Signal,Clear,Dark,Dry,Non-Fatal Injury,Pedestrian Collisions,Driver,50 to 54,None,,South,"Automobile, Station Wagon",Turning Left,Driving Properly,Normal,,,,,,,Yes,,Yes,,,,,,,,,,,9,Edenbridge-Humber Valley,9,Edenbridge-Humber Valley (9),D22,619978.56,4837839.814
14355,81133877,,23/02/2018,2018,612,EGLINTON AVE W,SCARLETT RD,,Major Arterial,Etobicoke York,43.68389,-79.511417,Intersection Related,Traffic Signal,Clear,Dark,Dry,Non-Fatal Injury,Pedestrian Collisions,Pedestrian,50 to 54,Major,,North,,,,,Vehicle turns left while ped crosses with ROW at inter.,Crossing with right of way,Inattentive,,,,Yes,,Yes,,,,,,,,,,,9,Edenbridge-Humber Valley,9,Edenbridge-Humber Valley (9),D22,619978.56,4837839.814
14356,80931178,,24/02/2018,2018,849,ROYAL YORK RD,STRATH HUMBER CRT,15 m South o,Minor Arterial,Etobicoke York,43.661315,-79.517551,At Intersection,No Control,Clear,Daylight,Dry,Non-Fatal Injury,Pedestrian Collisions,Pedestrian,65 to 69,Major,,West,,,,,Pedestrian hit at mid-block,"Crossing, no Traffic Control",Normal,,,,Yes,,Yes,,,,,,,Yes,,,,9,Edenbridge-Humber Valley,9,Edenbridge-Humber Valley (9),D22,619528.9669,4835323.708
14357,80931179,,24/02/2018,2018,849,ROYAL YORK RD,STRATH HUMBER CRT,15 m South o,Minor Arterial,Etobicoke York,43.661315,-79.517551,At Intersection,No Control,Clear,Daylight,Dry,Non-Fatal Injury,Pedestrian Collisions,Driver,20 to 24,None,,North,"Automobile, Station Wagon",Going Ahead,Improper Passing,Unknown,,,,,,,Yes,,Yes,,,,,,,Yes,,,,9,Edenbridge-Humber Valley,9,Edenbridge-Humber Valley (9),D22,619528.9669,4835323.708
14358,80915927,,24/02/2018,2018,1950,ROYAL YORK RD,BLOOR ST W,,Major Arterial,Etobicoke York,43.647292,-79.511325,At Intersection,Traffic Signal,Clear,Dark,Dry,Non-Fatal Injury,Pedestrian Collisions,Pedestrian,80 to 84,Major,,West,,,,,Vehicle turns right while ped crosses with ROW at inter.,Crossing with right of way,Normal,,,,Yes,,Yes,,,,,,,Yes,,,,16,Stonegate-Queensway,16,Stonegate-Queensway (16),D22,620058.9097,4833775.261
14359,80915928,,24/02/2018,2018,1950,ROYAL YORK RD,BLOOR ST W,,Major Arterial,Etobicoke York,43.647292,-79.511325,At Intersection,Traffic Signal,Clear,Dark,Dry,Non-Fatal Injury,Pedestrian Collisions,Driver,70 to 74,None,,North,"Automobile, Station Wagon",Turning Right,Failed to Yield Right of Way,Normal,,,,,,,Yes,,Yes,,,,,,,Yes,,,,16,Stonegate-Queensway,16,Stonegate-Queensway (16),D22,620058.9097,4833775.261
14360,80942126,,26/02/2018,2018,842,COLLIER ST,CHURCH ST,,Local,,43.672366,-79.386119,At Intersection,Stop Sign,Clear,Daylight,Dry,Non-Fatal Injury,SMV Unattended Vehicle,Driver,60 to 64,Major,,East,"Automobile, Station Wagon",Parked,,,,,,,,,,,Yes,,,,,,,,,,,98,Rosedale-Moore Park,98,Rosedale-Moore Park (98),D53,630102.4759,4836748.81
14361,80942127,,26/02/2018,2018,842,COLLIER ST,CHURCH ST,,Local,,43.672366,-79.386119,At Intersection,Stop Sign,Clear,Daylight,Dry,Non-Fatal Injury,SMV Unattended Vehicle,Driver,55 to 59,None,,East,"Automobile, Station Wagon",Going Ahead,Lost control,Normal,,,,,,,,,Yes,,,,,,,,,,,98,Rosedale-Moore Park,98,Rosedale-Moore Park (98),D53,630102.4759,4836748.81
14362,80793697,,27/02/2018,2018,1530,CANONGATE TRL,OCKWELL MANOR  DR,,Collector,Scarborough,43.818522,-79.306857,At Intersection,No Control,Clear,Daylight,Dry,Fatal,Pedestrian Collisions,Pedestrian,10 to 14,Fatal,13,East,,,,,Vehicle is going straight thru inter.while ped cross without ROW,Crossing without right of way,Normal,,,,Yes,,Yes,,,,,,,,,,,116,Steeles,116,Steeles (116),D42,636160.4435,4853109
14363,80793699,,27/02/2018,2018,1530,CANONGATE TRL,OCKWELL MANOR  DR,,Collector,Scarborough,43.818522,-79.306857,At Intersection,No Control,Clear,Daylight,Dry,Fatal,Pedestrian Collisions,Driver,75 to 79,None,,North,Passenger Van,Going Ahead,Driving Properly,Normal,,,,,,,Yes,,Yes,,,,,,,,,,,116,Steeles,116,Steeles (116),D42,636160.4435,4853109
14364,80793700,,27/02/2018,2018,1530,CANONGATE TRL,OCKWELL MANOR  DR,,Collector,Scarborough,43.818522,-79.306857,At Intersection,No Control,Clear,Daylight,Dry,Fatal,Pedestrian Collisions,Driver,75 to 79,None,,North,Passenger Van,Going Ahead,Driving Properly,Normal,,,,,,,Yes,,Yes,,,,,,,,,,,116,Steeles,116,Steeles (116),D42,636160.4435,4853109
14365,80943319,,27/02/2018,2018,2128,ALBION RD,CARRIER DR,50 m East of,Major Arterial,Etobicoke York,43.745268,-79.613452,Non Intersection,No Control,Clear,"Dark, artificial",Dry,Non-Fatal Injury,Rear End,Driver,55 to 59,Minor,,West,"Automobile, Station Wagon",Going Ahead,Driving Properly,Normal,,,,,,,,,Yes,,,,,,,Yes,,Yes,,1,West Humber-Clairville,1,West Humber-Clairville (1),D23,611640.5394,4844514.137
14366,80943320,,27/02/2018,2018,2128,ALBION RD,CARRIER DR,50 m East of,Major Arterial,Etobicoke York,43.745268,-79.613452,Non Intersection,No Control,Clear,"Dark, artificial",Dry,Non-Fatal Injury,Rear End,Driver,30 to 34,Major,,West,"Automobile, Station Wagon",Stopped,Following too Close,"Ability Impaired, Alcohol",,,,,,,,,Yes,,,,,,,Yes,,Yes,,1,West Humber-Clairville,1,West Humber-Clairville (1),D23,611640.5394,4844514.137
14367,80901807,,28/02/2018,2018,2117,FINCH AVE W,HUMBERLINE DR,,Major Arterial,Etobicoke York,43.734969,-79.617831,At Intersection,Traffic Signal,Clear,"Dusk, artificial",Dry,Non-Fatal Injury,Pedestrian Collisions,Passenger,0 to 4,None,,,,,,,,,,,,,Yes,,Yes,,,,,Yes,,,,,,1,West Humber-Clairville,1,West Humber-Clairville (1),D23,611307.0353,4843364.396
14368,80901808,,28/02/2018,2018,2117,FINCH AVE W,HUMBERLINE DR,,Major Arterial,Etobicoke York,43.734969,-79.617831,At Intersection,Traffic Signal,Clear,"Dusk, artificial",Dry,Non-Fatal Injury,Pedestrian Collisions,Passenger,20 to 24,None,,,,,,,,,,,,,Yes,,Yes,,,,,Yes,,,,,,1,West Humber-Clairville,1,West Humber-Clairville (1),D23,611307.0353,4843364.396
14369,80901809,,28/02/2018,2018,2117,FINCH AVE W,HUMBERLINE DR,,Major Arterial,Etobicoke York,43.734969,-79.617831,At Intersection,Traffic Signal,Clear,"Dusk, artificial",Dry,Non-Fatal Injury,Pedestrian Collisions,Pedestrian,20 to 24,Major,,North,,,,,Vehicle is going straight thru inter.while ped cross without ROW,Crossing without right of way,Inattentive,,,,Yes,,Yes,,,,,Yes,,,,,,1,West Humber-Clairville,1,West Humber-Clairville (1),D23,611307.0353,4843364.396
14370,80901810,,28/02/2018,2018,2117,FINCH AVE W,HUMBERLINE DR,,Major Arterial,Etobicoke York,43.734969,-79.617831,At Intersection,Traffic Signal,Clear,"Dusk, artificial",Dry,Non-Fatal Injury,Pedestrian Collisions,Driver,60 to 64,None,,East,"Automobile, Station Wagon",Going Ahead,Driving Properly,Normal,,,,,,,Yes,,Yes,,,,,Yes,,,,,,1,West Humber-Clairville,1,West Humber-Clairville (1),D23,611307.0353,4843364.396
14371,80885750,,02/03/2018,2018,649,DON VALLEY PARKWAY  S,LAWRENCE AVE E,200 m South ,Expressway,North York,43.737506,-79.332217,Non Intersection,No Control,Clear,Daylight,Wet,Non-Fatal Injury,Rear End,Passenger,50 to 54,None,,,,,,,,,,,,,,,Yes,,,,,Yes,,Yes,,,,42,Banbury-Don Mills,42,Banbury-Don Mills (42),D33,634302.2678,4844069.488
14372,80885751,,02/03/2018,2018,649,DON VALLEY PARKWAY  S,LAWRENCE AVE E,200 m South ,Expressway,North York,43.737506,-79.332217,Non Intersection,No Control,Clear,Daylight,Wet,Non-Fatal Injury,Rear End,Driver,50 to 54,None,,South,"Automobile, Station Wagon",Stopped,Driving Properly,Normal,,,,,,,,,Yes,,,,,Yes,,Yes,,,,42,Banbury-Don Mills,42,Banbury-Don Mills (42),D33,634302.2678,4844069.488
14373,80885752,,02/03/2018,2018,649,DON VALLEY PARKWAY  S,LAWRENCE AVE E,200 m South ,Expressway,North York,43.737506,-79.332217,Non Intersection,No Control,Clear,Daylight,Wet,Non-Fatal Injury,Rear End,Driver,30 to 34,None,,South,"Automobile, Station Wagon",Stopped,Driving Properly,Normal,,,,,,,,,Yes,,,,,Yes,,Yes,,,,42,Banbury-Don Mills,42,Banbury-Don Mills (42),D33,634302.2678,4844069.488
14374,80885753,,02/03/2018,2018,649,DON VALLEY PARKWAY  S,LAWRENCE AVE E,200 m South ,Expressway,North York,43.737506,-79.332217,Non Intersection,No Control,Clear,Daylight,Wet,Non-Fatal Injury,Rear End,Driver,50 to 54,Major,,South,"Automobile, Station Wagon",Stopped,Driving Properly,Normal,,,,,,,,,Yes,,,,,Yes,,Yes,,,,42,Banbury-Don Mills,42,Banbury-Don Mills (42),D33,634302.2678,4844069.488
14375,80885754,,02/03/2018,2018,649,DON VALLEY PARKWAY  S,LAWRENCE AVE E,200 m South ,Expressway,North York,43.737506,-79.332217,Non Intersection,No Control,Clear,Daylight,Wet,Non-Fatal Injury,Rear End,Driver,40 to 44,None,,South,School Bus,Going Ahead,Following too Close,Normal,,,,,,,,,Yes,,,,,Yes,,Yes,,,,42,Banbury-Don Mills,42,Banbury-Don Mills (42),D33,634302.2678,4844069.488
14376,80919371,,02/03/2018,2018,1435,2083 LAWRENCE AVE W,,,Major Arterial,Etobicoke York,43.699755,-79.517535,Non Intersection,No Control,Clear,Daylight,Dry,Non-Fatal Injury,Pedestrian Collisions,Pedestrian,20 to 24,Major,,North,,,,,Pedestrian hit at mid-block,"Crossing, no Traffic Control",Inattentive,,,,Yes,,Yes,,,,,,,,,,,113,Weston,113,Weston (113),D12,619453.9503,4839593.005
14377,80919372,,02/03/2018,2018,1435,2083 LAWRENCE AVE W,,,Major Arterial,Etobicoke York,43.699755,-79.517535,Non Intersection,No Control,Clear,Daylight,Dry,Non-Fatal Injury,Pedestrian Collisions,Driver,50 to 54,None,,West,"Automobile, Station Wagon",Going Ahead,Driving Properly,Normal,,,,,,,Yes,,Yes,,,,,,,,,,,113,Weston,113,Weston (113),D12,619453.9503,4839593.005
14378,80793696,,02/03/2018,2018,1914,GREENCEDAR CRCT,DAPHNE RD,,Collector,Scarborough,43.756827,-79.22932,At Intersection,No Control,Other,Dark,Other,Fatal,Pedestrian Collisions,Pedestrian,65 to 69,Fatal,14,North,,,,,Vehicle is going straight thru inter.while ped cross without ROW,"Crossing, no Traffic Control",Unknown,,,,Yes,,Yes,,,,,,,,,,,141,Golfdale-Cedarbrae-Woburn,137,Woburn (137),D43,642542.5249,4846387.327
14379,80793698,,02/03/2018,2018,1914,GREENCEDAR CRCT,DAPHNE RD,,Collector,Scarborough,43.756827,-79.22932,At Intersection,No Control,Other,Dark,Other,Fatal,Pedestrian Collisions,Driver,65 to 69,None,,West,"Automobile, Station Wagon",Going Ahead,Driving Properly,Unknown,,,,,,,Yes,,Yes,,,,,,,,,,,141,Golfdale-Cedarbrae-Woburn,137,Woburn (137),D43,642542.5249,4846387.327
14380,81144518,,03/03/2018,2018,1111,WELLINGTON ST W,YORK ST,52 m East of,Minor Arterial,Toronto and East York,43.646697,-79.382236,Non Intersection,No Control,Clear,Daylight,Dry,Non-Fatal Injury,Turning Movement,Driver,15 to 19,Major,,West,"Automobile, Station Wagon",Making U Turn,Improper Turn,Inattentive,,,,,,,,,Yes,,Yes,,,Yes,,,,,,170,Yonge-Bay Corridor,76,Bay Street Corridor (76),D52,630471.0925,4833904.024
14381,81144519,,03/03/2018,2018,1111,WELLINGTON ST W,YORK ST,52 m East of,Minor Arterial,Toronto and East York,43.646697,-79.382236,Non Intersection,No Control,Clear,Daylight,Dry,Non-Fatal Injury,Turning Movement,Truck Driver,35 to 39,None,,West,"Truck - Closed (Blazer, etc)",Going Ahead,Driving Properly,Normal,,,,,,,,,Yes,,Yes,,,Yes,,,,,,170,Yonge-Bay Corridor,76,Bay Street Corridor (76),D52,630471.0925,4833904.024
14382,81144520,,03/03/2018,2018,1111,WELLINGTON ST W,YORK ST,52 m East of,Minor Arterial,Toronto and East York,43.646697,-79.382236,Non Intersection,No Control,Clear,Daylight,Dry,Non-Fatal Injury,Turning Movement,Passenger,20 to 24,None,,,,,,,,,,,,,,,Yes,,Yes,,,Yes,,,,,,170,Yonge-Bay Corridor,76,Bay Street Corridor (76),D52,630471.0925,4833904.024
14383,81125351,,03/03/2018,2018,1515,BATHURST ST,STEELES AVE W,10 m South o,Major Arterial,North York,43.792338,-79.445712,Intersection Related,Traffic Signal,Clear,Daylight,Dry,Non-Fatal Injury,Angle,Driver,45 to 49,None,,West,Passenger Van,Going Ahead,Failed to Yield Right of Way,Normal,,,,,,,,,Yes,,,,,Yes,,Yes,,,,36,Newtonbrook West,36,Newtonbrook West (36),D32,625048.4226,4849981.691
14384,81125352,,03/03/2018,2018,1515,BATHURST ST,STEELES AVE W,10 m South o,Major Arterial,North York,43.792338,-79.445712,Intersection Related,Traffic Signal,Clear,Daylight,Dry,Non-Fatal Injury,Angle,Driver,80 to 84,Minimal,,North,"Automobile, Station Wagon",Going Ahead,Driving Properly,Normal,,,,,,,,,Yes,,,,,Yes,,Yes,,,,36,Newtonbrook West,36,Newtonbrook West (36),D32,625048.4226,4849981.691
14385,81125353,,03/03/2018,2018,1515,BATHURST ST,STEELES AVE W,10 m South o,Major Arterial,North York,43.792338,-79.445712,Intersection Related,Traffic Signal,Clear,Daylight,Dry,Non-Fatal Injury,Angle,Passenger,75 to 79,Major,,,,,,,,,,,,,,,Yes,,,,,Yes,,Yes,,,,36,Newtonbrook West,36,Newtonbrook West (36),D32,625048.4226,4849981.691
14386,80930458,,05/03/2018,2018,820,DUFFERIN ST,CASTLEFIELD AVE,28 m North o,Major Arterial,North York,43.700686,-79.451724,Intersection Related,Traffic Signal,Clear,Daylight,Dry,Non-Fatal Injury,Pedestrian Collisions,Pedestrian,75 to 79,Major,,East,,,,,Pedestrian hit at mid-block,"Crossing, no Traffic Control",Normal,,,,Yes,,Yes,,,,,Yes,,,,,,108,Briar Hill-Belgravia,108,Briar Hill-Belgravia (108),D13,624754.9791,4839793.326
14387,80930459,,05/03/2018,2018,820,DUFFERIN ST,CASTLEFIELD AVE,28 m North o,Major Arterial,North York,43.700686,-79.451724,Intersection Related,Traffic Signal,Clear,Daylight,Dry,Non-Fatal Injury,Pedestrian Collisions,Passenger,50 to 54,None,,,,,,,,,,,,,Yes,,Yes,,,,,Yes,,,,,,108,Briar Hill-Belgravia,108,Briar Hill-Belgravia (108),D13,624754.9791,4839793.326
14388,80930460,,05/03/2018,2018,820,DUFFERIN ST,CASTLEFIELD AVE,28 m North o,Major Arterial,North York,43.700686,-79.451724,Intersection Related,Traffic Signal,Clear,Daylight,Dry,Non-Fatal Injury,Pedestrian Collisions,Passenger,20 to 24,None,,,,,,,,,,,,,Yes,,Yes,,,,,Yes,,,,,,108,Briar Hill-Belgravia,108,Briar Hill-Belgravia (108),D13,624754.9791,4839793.326
14389,80930461,,05/03/2018,2018,820,DUFFERIN ST,CASTLEFIELD AVE,28 m North o,Major Arterial,North York,43.700686,-79.451724,Intersection Related,Traffic Signal,Clear,Daylight,Dry,Non-Fatal Injury,Pedestrian Collisions,Driver,50 to 54,None,,South,"Automobile, Station Wagon",Slowing or Stopping,Driving Properly,Normal,,,,,,,Yes,,Yes,,,,,Yes,,,,,,108,Briar Hill-Belgravia,108,Briar Hill-Belgravia (108),D13,624754.9791,4839793.326
14390,81239610,,05/03/2018,2018,1505,BATHURST ST,DEWBOURNE AVE,45 m  of,Major Arterial,Toronto and East York,43.698359,-79.424472,Non Intersection,No Control,Clear,Daylight,Dry,Non-Fatal Injury,Rear End,Driver,70 to 74,Minimal,,North,"Automobile, Station Wagon",Going Ahead,Following too Close,Normal,,,,,,,,,Yes,,,,,Yes,,Yes,,,,101,Forest Hill South,101,Forest Hill South (101),D13,626955.787,4839576.248
14391,81239611,,05/03/2018,2018,1505,BATHURST ST,DEWBOURNE AVE,45 m  of,Major Arterial,Toronto and East York,43.698359,-79.424472,Non Intersection,No Control,Clear,Daylight,Dry,Non-Fatal Injury,Rear End,Driver,25 to 29,None,,North,"Automobile, Station Wagon",Going Ahead,Driving Properly,Normal,,,,,,,,,Yes,,,,,Yes,,Yes,,,,101,Forest Hill South,101,Forest Hill South (101),D13,626955.787,4839576.248
14392,81239612,,05/03/2018,2018,1505,BATHURST ST,DEWBOURNE AVE,45 m  of,Major Arterial,Toronto and East York,43.698359,-79.424472,Non Intersection,No Control,Clear,Daylight,Dry,Non-Fatal Injury,Rear End,Driver,45 to 49,None,,North,"Automobile, Station Wagon",Going Ahead,Driving Properly,Normal,,,,,,,,,Yes,,,,,Yes,,Yes,,,,101,Forest Hill South,101,Forest Hill South (101),D13,626955.787,4839576.248
14393,81239613,,05/03/2018,2018,1505,BATHURST ST,DEWBOURNE AVE,45 m  of,Major Arterial,Toronto and East York,43.698359,-79.424472,Non Intersection,No Control,Clear,Daylight,Dry,Non-Fatal Injury,Rear End,Passenger,20 to 24,None,,,,,,,,,,,,,,,Yes,,,,,Yes,,Yes,,,,101,Forest Hill South,101,Forest Hill South (101),D13,626955.787,4839576.248
14394,81239614,,05/03/2018,2018,1505,BATHURST ST,DEWBOURNE AVE,45 m  of,Major Arterial,Toronto and East York,43.698359,-79.424472,Non Intersection,No Control,Clear,Daylight,Dry,Non-Fatal Injury,Rear End,Passenger,50 to 54,Major,,,,,,,,,,,,,,,Yes,,,,,Yes,,Yes,,,,101,Forest Hill South,101,Forest Hill South (101),D13,626955.787,4839576.248
14395,81239615,,05/03/2018,2018,1505,BATHURST ST,DEWBOURNE AVE,45 m  of,Major Arterial,Toronto and East York,43.698359,-79.424472,Non Intersection,No Control,Clear,Daylight,Dry,Non-Fatal Injury,Rear End,Passenger,10 to 14,None,,,,,,,,,,,,,,,Yes,,,,,Yes,,Yes,,,,101,Forest Hill South,101,Forest Hill South (101),D13,626955.787,4839576.248
14396,81239616,,05/03/2018,2018,1505,BATHURST ST,DEWBOURNE AVE,45 m  of,Major Arterial,Toronto and East York,43.698359,-79.424472,Non Intersection,No Control,Clear,Daylight,Dry,Non-Fatal Injury,Rear End,Passenger,15 to 19,None,,,,,,,,,,,,,,,Yes,,,,,Yes,,Yes,,,,101,Forest Hill South,101,Forest Hill South (101),D13,626955.787,4839576.248
14397,81474456,,05/03/2018,2018,1525,EGLINTON AVE W,KIPLING AVE,192 m West o,Major Arterial,Etobicoke York,43.676662,-79.553142,Non Intersection,No Control,Clear,Daylight,Dry,Non-Fatal Injury,Approaching,Driver,20 to 24,Major,,West,"Automobile, Station Wagon",Going Ahead,Lost control,Inattentive,,,,,,,,,Yes,,,,,,Yes,Yes,,,,10,Princess-Rosethorn,7,Willowridge-Martingrove-Richview (7),D22,616629.5368,4836977.535
14398,81474457,,05/03/2018,2018,1525,EGLINTON AVE W,KIPLING AVE,192 m West o,Major Arterial,Etobicoke York,43.676662,-79.553142,Non Intersection,No Control,Clear,Daylight,Dry,Non-Fatal Injury,Approaching,Driver,55 to 59,Major,,East,Passenger Van,Going Ahead,Driving Properly,Normal,,,,,,,,,Yes,,,,,,Yes,Yes,,,,10,Princess-Rosethorn,7,Willowridge-Martingrove-Richview (7),D22,616629.5368,4836977.535
14399,81474458,,05/03/2018,2018,1525,EGLINTON AVE W,KIPLING AVE,192 m West o,Major Arterial,Etobicoke York,43.676662,-79.553142,Non Intersection,No Control,Clear,Daylight,Dry,Non-Fatal Injury,Approaching,Driver,60 to 64,Minor,,East,"Automobile, Station Wagon",Going Ahead,Driving Properly,Normal,,,,,,,,,Yes,,,,,,Yes,Yes,,,,10,Princess-Rosethorn,7,Willowridge-Martingrove-Richview (7),D22,616629.5368,4836977.535
14400,81474459,,05/03/2018,2018,1525,EGLINTON AVE W,KIPLING AVE,192 m West o,Major Arterial,Etobicoke York,43.676662,-79.553142,Non Intersection,No Control,Clear,Daylight,Dry,Non-Fatal Injury,Approaching,Driver,25 to 29,None,,East,"Automobile, Station Wagon",Going Ahead,Driving Properly,Normal,,,,,,,,,Yes,,,,,,Yes,Yes,,,,10,Princess-Rosethorn,7,Willowridge-Martingrove-Richview (7),D22,616629.5368,4836977.535
14401,80897472,,08/03/2018,2018,2240,STEELES AVE E,FOUNDERS RD,185 m East o,Major Arterial,Etobicoke York,43.779681,-79.502116,Non Intersection,No Control,Clear,"Dark, artificial",Dry,Non-Fatal Injury,Pedestrian Collisions,Pedestrian,20 to 24,Major,,South,,,,,Pedestrian hit at mid-block,Running onto Roadway,"Ability Impaired, Alcohol",,,,Yes,,Yes,,,,,,,Yes,,,,27,York University Heights,27,York University Heights (27),D31,620535.9057,4848492.271
14402,80897473,,08/03/2018,2018,2240,STEELES AVE E,FOUNDERS RD,185 m East o,Major Arterial,Etobicoke York,43.779681,-79.502116,Non Intersection,No Control,Clear,"Dark, artificial",Dry,Non-Fatal Injury,Pedestrian Collisions,Driver,20 to 24,None,,West,"Automobile, Station Wagon",Going Ahead,Driving Properly,Normal,,,,,,,Yes,,Yes,,,,,,,Yes,,,,27,York University Heights,27,York University Heights (27),D31,620535.9057,4848492.271