OBJECTID,INDEX,ACCNUM,DATE,ACCIDENT_YEAR,TIME,STREET1,STREET2,OFFSET,ROAD_CLASS,DISTRICT,LATITUDE,LONGITUDE,ACCLOC,TRAFFCTL,VISIBILITY,LIGHT,RDSFCOND,ACCLASS,IMPACTYPE,INVTYPE,INVAGE,INJURY,FATAL_NO,INITDIR,VEHTYPE,MANOEUVER,DRIVACT,DRIVCOND,PEDTYPE,PEDACT,PEDCOND,CYCLISTYPE,CYCACT,CYCCOND,PEDESTRIAN,CYCLIST,AUTOMOBILE,MOTORCYCLE,TRUCK,TRSN_CITY_VEH,EMERG_VEH,PASSENGER,SPEEDING,AG_DRIV,REDLIGHT,ALCOHOL,DISABILITY,HOOD_158,NEIGHBOURHOOD_158,HOOD_140,NEIGHBOURHOOD_140,DIVISION,x,y
14460,80916955,,12/04/2018,2018,2000,WILSON AVE,LEXFIELD AVE,,Major Arterial,North York,43.723284,-79.49673,At Intersection,Traffic Signal,Clear,Dark,Dry,Non-Fatal Injury,Turning Movement,Passenger,20 to 24,None,,,,,,,,,,,,,,,Yes,,,,,Yes,,Yes,Yes,,,154,Oakdale-Beverley Heights,26,Downsview-Roding-CFB (26),D31,621082.9978,4842236.413
14461,80916956,,12/04/2018,2018,2000,WILSON AVE,LEXFIELD AVE,,Major Arterial,North York,43.723284,-79.49673,At Intersection,Traffic Signal,Clear,Dark,Dry,Non-Fatal Injury,Turning Movement,Driver,20 to 24,None,,East,"Automobile, Station Wagon",Turning Left,Driving Properly,Normal,,,,,,,,,Yes,,,,,Yes,,Yes,Yes,,,154,Oakdale-Beverley Heights,26,Downsview-Roding-CFB (26),D31,621082.9978,4842236.413
14462,80916957,,12/04/2018,2018,2000,WILSON AVE,LEXFIELD AVE,,Major Arterial,North York,43.723284,-79.49673,At Intersection,Traffic Signal,Clear,Dark,Dry,Non-Fatal Injury,Turning Movement,Driver,20 to 24,Major,,West,"Automobile, Station Wagon",Going Ahead,Disobeyed Traffic Control,Inattentive,,,,,,,,,Yes,,,,,Yes,,Yes,Yes,,,154,Oakdale-Beverley Heights,26,Downsview-Roding-CFB (26),D31,621082.9978,4842236.413
14463,80875567,,13/04/2018,2018,1512,JANE ST,BEVERLY HILLS DR,,Major Arterial,Etobicoke York,43.719008,-79.508113,At Intersection,Traffic Signal,,Daylight,,Fatal,Pedestrian Collisions,Driver,55 to 59,Minor,,North,Passenger Van,Turning Left,Failed to Yield Right of Way,Unknown,,,,,,,Yes,,Yes,,,,,,Yes,Yes,,,,154,Oakdale-Beverley Heights,26,Downsview-Roding-CFB (26),D31,620174.6793,4841744.935
14464,80875568,,13/04/2018,2018,1512,JANE ST,BEVERLY HILLS DR,,Major Arterial,Etobicoke York,43.719008,-79.508113,At Intersection,Traffic Signal,,Daylight,,Fatal,Pedestrian Collisions,Pedestrian,40 to 44,Fatal,19,South,,,,,Vehicle turns left while ped crosses with ROW at inter.,Crossing with right of way,Normal,,,,Yes,,Yes,,,,,,Yes,Yes,,,,154,Oakdale-Beverley Heights,26,Downsview-Roding-CFB (26),D31,620174.6793,4841744.935
14465,80913986,,13/04/2018,2018,1918,THE WESTWAY,KIPLING AVE,11 m South o,Major Arterial,Etobicoke York,43.685553,-79.55466,At Intersection,Traffic Signal,Rain,"Dark, artificial",Wet,Non-Fatal Injury,Cyclist Collisions,Driver,50 to 54,None,,North,"Automobile, Station Wagon",Going Ahead,Driving Properly,Normal,,,,,,,,Yes,Yes,,,,,,,,,,,7,Willowridge-Martingrove-Richview,7,Willowridge-Martingrove-Richview (7),D23,616489.9643,4837962.865
14466,80913987,,13/04/2018,2018,1918,THE WESTWAY,KIPLING AVE,11 m South o,Major Arterial,Etobicoke York,43.685553,-79.55466,At Intersection,Traffic Signal,Rain,"Dark, artificial",Wet,Non-Fatal Injury,Cyclist Collisions,Cyclist,20 to 24,Major,,East,Bicycle,Turning Left,,,,,,Cyclist turned left across motorists path.,Disobeyed Traffic Control,Normal,,Yes,Yes,,,,,,,,,,,7,Willowridge-Martingrove-Richview,7,Willowridge-Martingrove-Richview (7),D23,616489.9643,4837962.865
14467,80943288,,21/04/2018,2018,1,HIGHWAY 2A  E,LAWSON RD,400 m East o,Expressway,Scarborough,43.785132,-79.164089,Non Intersection,No Control,Clear,Dark,Dry,Non-Fatal Injury,Rear End,Passenger,50 to 54,None,,,,,,,,,,,,,,,Yes,,,,,Yes,Yes,Yes,,,,133,Centennial Scarborough,133,Centennial Scarborough (133),D43,647724.0823,4849645.388
14468,80943289,,21/04/2018,2018,1,HIGHWAY 2A  E,LAWSON RD,400 m East o,Expressway,Scarborough,43.785132,-79.164089,Non Intersection,No Control,Clear,Dark,Dry,Non-Fatal Injury,Rear End,Passenger,60 to 64,Minimal,,,,,,,,,,,,,,,Yes,,,,,Yes,Yes,Yes,,,,133,Centennial Scarborough,133,Centennial Scarborough (133),D43,647724.0823,4849645.388
14469,80943290,,21/04/2018,2018,1,HIGHWAY 2A  E,LAWSON RD,400 m East o,Expressway,Scarborough,43.785132,-79.164089,Non Intersection,No Control,Clear,Dark,Dry,Non-Fatal Injury,Rear End,Passenger,60 to 64,None,,,,,,,,,,,,,,,Yes,,,,,Yes,Yes,Yes,,,,133,Centennial Scarborough,133,Centennial Scarborough (133),D43,647724.0823,4849645.388
14470,80943291,,21/04/2018,2018,1,HIGHWAY 2A  E,LAWSON RD,400 m East o,Expressway,Scarborough,43.785132,-79.164089,Non Intersection,No Control,Clear,Dark,Dry,Non-Fatal Injury,Rear End,Passenger,70 to 74,Major,,,,,,,,,,,,,,,Yes,,,,,Yes,Yes,Yes,,,,133,Centennial Scarborough,133,Centennial Scarborough (133),D43,647724.0823,4849645.388
14471,80943292,,21/04/2018,2018,1,HIGHWAY 2A  E,LAWSON RD,400 m East o,Expressway,Scarborough,43.785132,-79.164089,Non Intersection,No Control,Clear,Dark,Dry,Non-Fatal Injury,Rear End,Driver,70 to 74,None,,East,"Automobile, Station Wagon",Going Ahead,Driving Properly,Normal,,,,,,,,,Yes,,,,,Yes,Yes,Yes,,,,133,Centennial Scarborough,133,Centennial Scarborough (133),D43,647724.0823,4849645.388
14472,80943293,,21/04/2018,2018,1,HIGHWAY 2A  E,LAWSON RD,400 m East o,Expressway,Scarborough,43.785132,-79.164089,Non Intersection,No Control,Clear,Dark,Dry,Non-Fatal Injury,Rear End,Driver,20 to 24,Minimal,,East,"Automobile, Station Wagon",Going Ahead,Exceeding Speed Limit,Had Been Drinking,,,,,,,,,Yes,,,,,Yes,Yes,Yes,,,,133,Centennial Scarborough,133,Centennial Scarborough (133),D43,647724.0823,4849645.388
14473,80877056,,21/04/2018,2018,2341,SEWELLS RD,HUPFIELD TRL,,Minor Arterial,Scarborough,43.814105,-79.213535,Non Intersection,No Control,Clear,"Dark, artificial",Dry,Fatal,SMV Other,Driver,25 to 29,Fatal,20,East,"Automobile, Station Wagon",Going Ahead,Lost control,Unknown,,,,,,,,,Yes,,,,,,Yes,Yes,,,,146,Malvern East,132,Malvern (132),D42,643675.9604,4852776.253
14474,80942257,,22/04/2018,2018,1706,1854 KEELE ST,,,Major Arterial,North York,43.689555,-79.474803,Non Intersection,No Control,Clear,"Dark, artificial",Dry,Non-Fatal Injury,Pedestrian Collisions,Pedestrian,60 to 64,Major,,West,,,,,Pedestrian hit at mid-block,"Crossing, no Traffic Control",Other,,,,Yes,,,Yes,,,,,Yes,Yes,,,,110,Keelesdale-Eglinton West,110,Keelesdale-Eglinton West (110),D12,622918.0723,4838522.608
14475,80942258,,22/04/2018,2018,1706,1854 KEELE ST,,,Major Arterial,North York,43.689555,-79.474803,Non Intersection,No Control,Clear,"Dark, artificial",Dry,Non-Fatal Injury,Pedestrian Collisions,Motorcycle Driver,unknown,None,,South,Motorcycle,Going Ahead,Exceeding Speed Limit,Other,,,,,,,Yes,,,Yes,,,,,Yes,Yes,,,,110,Keelesdale-Eglinton West,110,Keelesdale-Eglinton West (110),D12,622918.0723,4838522.608
14476,80877058,,23/04/2018,2018,20,FINCH AVE W,SIGNET DR,,Major Arterial,Etobicoke York,43.753218,-79.53622,At Intersection,Traffic Signal,Clear,"Dark, artificial",Dry,Fatal,Angle,Driver,15 to 19,Minor,,South,"Automobile, Station Wagon",Going Ahead,Driving Properly,Normal,,,,,,,,,Yes,,,,,,Yes,Yes,Yes,,,22,Humbermede,22,Humbermede (22),D31,617843.4611,4845504.075
14477,80877059,,23/04/2018,2018,20,FINCH AVE W,SIGNET DR,,Major Arterial,Etobicoke York,43.753218,-79.53622,At Intersection,Traffic Signal,Clear,"Dark, artificial",Dry,Fatal,Angle,Driver,55 to 59,None,,Unknown,"Automobile, Station Wagon",,,,,,,,,,,,Yes,,,,,,Yes,Yes,Yes,,,22,Humbermede,22,Humbermede (22),D31,617843.4611,4845504.075
14478,80877067,,23/04/2018,2018,20,FINCH AVE W,SIGNET DR,,Major Arterial,Etobicoke York,43.753218,-79.53622,At Intersection,Traffic Signal,Clear,"Dark, artificial",Dry,Fatal,Angle,Driver,40 to 44,Fatal,21,West,"Automobile, Station Wagon",Going Ahead,Disobeyed Traffic Control,Normal,,,,,,,,,Yes,,,,,,Yes,Yes,Yes,,,22,Humbermede,22,Humbermede (22),D31,617843.4611,4845504.075
14479,81140215,,23/04/2018,2018,801,HORNER AVE,BETA ST,25 m West of,Minor Arterial,Etobicoke York,43.603137,-79.538493,At Intersection,No Control,Clear,Daylight,Dry,Non-Fatal Injury,Pedestrian Collisions,Driver,25 to 29,None,,East,"Automobile, Station Wagon",Slowing or Stopping,Driving Properly,Normal,,,,,,,Yes,,Yes,,,,,,,,,,,20,Alderwood,20,Alderwood (20),D22,617954.1658,4828832.364
14480,81140216,,23/04/2018,2018,801,HORNER AVE,BETA ST,25 m West of,Minor Arterial,Etobicoke York,43.603137,-79.538493,At Intersection,No Control,Clear,Daylight,Dry,Non-Fatal Injury,Pedestrian Collisions,Pedestrian,20 to 24,Major,,South,,,,,Pedestrian hit at mid-block,"Crossing, no Traffic Control",Inattentive,,,,Yes,,Yes,,,,,,,,,,,20,Alderwood,20,Alderwood (20),D22,617954.1658,4828832.364
14481,80937743,,23/04/2018,2018,1220,BAY ST,GROSVENOR ST,,Major Arterial,Toronto and East York,43.662398,-79.38634,At Intersection,Traffic Signal,Clear,Daylight,Dry,Non-Fatal Injury,Pedestrian Collisions,Driver,35 to 39,None,,East,"Automobile, Station Wagon",Turning Left,Failed to Yield Right of Way,Normal,,,,,,,Yes,,Yes,,,,,,,Yes,,,,169,Bay-Cloverhill,76,Bay Street Corridor (76),D52,630106.1941,4835641.383
14482,80937744,,23/04/2018,2018,1220,BAY ST,GROSVENOR ST,,Major Arterial,Toronto and East York,43.662398,-79.38634,At Intersection,Traffic Signal,Clear,Daylight,Dry,Non-Fatal Injury,Pedestrian Collisions,Pedestrian,85 to 89,Major,,West,,,,,Vehicle turns left while ped crosses with ROW at inter.,Crossing with right of way,Normal,,,,Yes,,Yes,,,,,,,Yes,,,,169,Bay-Cloverhill,76,Bay Street Corridor (76),D52,630106.1941,4835641.383
14483,80935242,,23/04/2018,2018,2358,BLOOR ST W,STERLING RD,2 m North of,Major Arterial,Toronto and East York,43.657233,-79.447734,At Intersection,Traffic Signal,Rain,"Dark, artificial",Wet,Non-Fatal Injury,Pedestrian Collisions,Pedestrian,60 to 64,Major,,East,,,,,Vehicle turns left while ped crosses with ROW at inter.,Crossing with right of way,Medical or Physical Disability,,,,Yes,,Yes,,,,,,,Yes,,,,83,Dufferin Grove,83,Dufferin Grove (83),D11,625166.8018,4834973.297
14484,80935243,,23/04/2018,2018,2358,BLOOR ST W,STERLING RD,2 m North of,Major Arterial,Toronto and East York,43.657233,-79.447734,At Intersection,Traffic Signal,Rain,"Dark, artificial",Wet,Non-Fatal Injury,Pedestrian Collisions,Driver,70 to 74,None,,East,"Automobile, Station Wagon",Turning Left,Failed to Yield Right of Way,Normal,,,,,,,Yes,,Yes,,,,,,,Yes,,,,83,Dufferin Grove,83,Dufferin Grove (83),D11,625166.8018,4834973.297
14485,80888885,,24/04/2018,2018,1401,VICTORIA PARK AVE,JONESVILLE CRES,,Major Arterial,North York,43.726615,-79.303432,At Intersection,Traffic Signal,Clear,Daylight,Dry,Non-Fatal Injury,Turning Movement,Driver,45 to 49,None,,South,"Automobile, Station Wagon",Going Ahead,Driving Properly,Normal,,,,,,,,,Yes,,,,,,,Yes,,,,119,Wexford/Maryvale,119,Wexford/Maryvale (119),D41,636645.0424,4842906.946
14486,80888886,,24/04/2018,2018,1401,VICTORIA PARK AVE,JONESVILLE CRES,,Major Arterial,North York,43.726615,-79.303432,At Intersection,Traffic Signal,Clear,Daylight,Dry,Non-Fatal Injury,Turning Movement,Driver,40 to 44,Major,,North,"Automobile, Station Wagon",Turning Left,Failed to Yield Right of Way,Normal,,,,,,,,,Yes,,,,,,,Yes,,,,119,Wexford/Maryvale,119,Wexford/Maryvale (119),D41,636645.0424,4842906.946
14487,80888289,,25/04/2018,2018,1100,BATHURST ST,VERWOOD AVE,,Major Arterial,North York,43.751422,-79.43748,At Intersection,Stop Sign,Rain,Daylight,Wet,Non-Fatal Injury,Pedestrian Collisions,Pedestrian,75 to 79,Major,,South,,,,,Vehicle turns right while ped crosses with ROW at inter.,Crossing with right of way,Normal,,,,Yes,,Yes,,,,,,,Yes,,,,38,Lansing-Westgate,38,Lansing-Westgate (38),D32,625796.4783,4845449.818
14488,80888290,,25/04/2018,2018,1100,BATHURST ST,VERWOOD AVE,,Major Arterial,North York,43.751422,-79.43748,At Intersection,Stop Sign,Rain,Daylight,Wet,Non-Fatal Injury,Pedestrian Collisions,Driver,unknown,None,,East,Delivery Van,Turning Right,Failed to Yield Right of Way,Unknown,,,,,,,Yes,,Yes,,,,,,,Yes,,,,38,Lansing-Westgate,38,Lansing-Westgate (38),D32,625796.4783,4845449.818
14489,80973692,,26/04/2018,2018,105,SCARLETT RD,LAWRENCE AVE W,,Major Arterial,Etobicoke York,43.698107,-79.52325,At Intersection,Traffic Signal,Rain,"Dark, artificial",Wet,Non-Fatal Injury,Turning Movement,Driver,20 to 24,Major,,North,"Automobile, Station Wagon",Going Ahead,Exceeding Speed Limit,Inattentive,,,,,,,,,Yes,,,Yes,,Yes,Yes,Yes,,,,8,Humber Heights-Westmount,8,Humber Heights-Westmount (8),D23,618996.7038,4839401.754
14490,80973693,,26/04/2018,2018,105,SCARLETT RD,LAWRENCE AVE W,,Major Arterial,Etobicoke York,43.698107,-79.52325,At Intersection,Traffic Signal,Rain,"Dark, artificial",Wet,Non-Fatal Injury,Turning Movement,Driver,50 to 54,None,,South,Municipal Transit Bus (TTC),Turning Left,Driving Properly,Normal,,,,,,,,,Yes,,,Yes,,Yes,Yes,Yes,,,,8,Humber Heights-Westmount,8,Humber Heights-Westmount (8),D23,618996.7038,4839401.754
14491,80973694,,26/04/2018,2018,105,SCARLETT RD,LAWRENCE AVE W,,Major Arterial,Etobicoke York,43.698107,-79.52325,At Intersection,Traffic Signal,Rain,"Dark, artificial",Wet,Non-Fatal Injury,Turning Movement,Passenger,unknown,Minor,,,,,,,,,,,,,,,Yes,,,Yes,,Yes,Yes,Yes,,,,8,Humber Heights-Westmount,8,Humber Heights-Westmount (8),D23,618996.7038,4839401.754
14492,80973695,,26/04/2018,2018,105,SCARLETT RD,LAWRENCE AVE W,,Major Arterial,Etobicoke York,43.698107,-79.52325,At Intersection,Traffic Signal,Rain,"Dark, artificial",Wet,Non-Fatal Injury,Turning Movement,Passenger,20 to 24,Minor,,,,,,,,,,,,,,,Yes,,,Yes,,Yes,Yes,Yes,,,,8,Humber Heights-Westmount,8,Humber Heights-Westmount (8),D23,618996.7038,4839401.754
14493,80973696,,26/04/2018,2018,105,SCARLETT RD,LAWRENCE AVE W,,Major Arterial,Etobicoke York,43.698107,-79.52325,At Intersection,Traffic Signal,Rain,"Dark, artificial",Wet,Non-Fatal Injury,Turning Movement,Passenger,60 to 64,Minor,,,,,,,,,,,,,,,Yes,,,Yes,,Yes,Yes,Yes,,,,8,Humber Heights-Westmount,8,Humber Heights-Westmount (8),D23,618996.7038,4839401.754
14494,81474606,,26/04/2018,2018,1942,ISLINGTON AVE,ALBION RD,,Major Arterial,Etobicoke York,43.737166,-79.565257,At Intersection,Traffic Signal,Clear,"Dusk, artificial",Dry,Non-Fatal Injury,Turning Movement,Driver,25 to 29,None,,South,"Automobile, Station Wagon",Turning Left,Failed to Yield Right of Way,Inattentive,,,,,,,,,Yes,,,,,Yes,,Yes,,,,3,Thistletown-Beaumond Heights,3,Thistletown-Beaumond Heights (3),D23,615536.6595,4843680.369
14495,81474607,,26/04/2018,2018,1942,ISLINGTON AVE,ALBION RD,,Major Arterial,Etobicoke York,43.737166,-79.565257,At Intersection,Traffic Signal,Clear,"Dusk, artificial",Dry,Non-Fatal Injury,Turning Movement,Driver,20 to 24,Major,,North,"Automobile, Station Wagon",Going Ahead,Driving Properly,Normal,,,,,,,,,Yes,,,,,Yes,,Yes,,,,3,Thistletown-Beaumond Heights,3,Thistletown-Beaumond Heights (3),D23,615536.6595,4843680.369
14496,81474608,,26/04/2018,2018,1942,ISLINGTON AVE,ALBION RD,,Major Arterial,Etobicoke York,43.737166,-79.565257,At Intersection,Traffic Signal,Clear,"Dusk, artificial",Dry,Non-Fatal Injury,Turning Movement,Passenger,25 to 29,None,,,,,,,,,,,,,,,Yes,,,,,Yes,,Yes,,,,3,Thistletown-Beaumond Heights,3,Thistletown-Beaumond Heights (3),D23,615536.6595,4843680.369
14497,81474609,,26/04/2018,2018,1942,ISLINGTON AVE,ALBION RD,,Major Arterial,Etobicoke York,43.737166,-79.565257,At Intersection,Traffic Signal,Clear,"Dusk, artificial",Dry,Non-Fatal Injury,Turning Movement,Passenger,0 to 4,Minor,,,,,,,,,,,,,,,Yes,,,,,Yes,,Yes,,,,3,Thistletown-Beaumond Heights,3,Thistletown-Beaumond Heights (3),D23,615536.6595,4843680.369
14498,81474610,,26/04/2018,2018,1942,ISLINGTON AVE,ALBION RD,,Major Arterial,Etobicoke York,43.737166,-79.565257,At Intersection,Traffic Signal,Clear,"Dusk, artificial",Dry,Non-Fatal Injury,Turning Movement,Passenger,5 to 9,None,,,,,,,,,,,,,,,Yes,,,,,Yes,,Yes,,,,3,Thistletown-Beaumond Heights,3,Thistletown-Beaumond Heights (3),D23,615536.6595,4843680.369
14499,81474611,,26/04/2018,2018,1942,ISLINGTON AVE,ALBION RD,,Major Arterial,Etobicoke York,43.737166,-79.565257,At Intersection,Traffic Signal,Clear,"Dusk, artificial",Dry,Non-Fatal Injury,Turning Movement,Passenger,5 to 9,None,,,,,,,,,,,,,,,Yes,,,,,Yes,,Yes,,,,3,Thistletown-Beaumond Heights,3,Thistletown-Beaumond Heights (3),D23,615536.6595,4843680.369
14500,81474612,,26/04/2018,2018,1942,ISLINGTON AVE,ALBION RD,,Major Arterial,Etobicoke York,43.737166,-79.565257,At Intersection,Traffic Signal,Clear,"Dusk, artificial",Dry,Non-Fatal Injury,Turning Movement,Passenger,20 to 24,None,,,,,,,,,,,,,,,Yes,,,,,Yes,,Yes,,,,3,Thistletown-Beaumond Heights,3,Thistletown-Beaumond Heights (3),D23,615536.6595,4843680.369
14501,80935738,,27/04/2018,2018,2300,STEELES AVE W,ROSSDEAN DR,,Major Arterial,Etobicoke York,43.771422,-79.540614,At Intersection,Traffic Signal,Rain,"Dark, artificial",Wet,Non-Fatal Injury,Pedestrian Collisions,Passenger,10 to 14,None,,,,,,,,,,,,,Yes,,Yes,,,,,Yes,,,,,,21,Humber Summit,21,Humber Summit (21),D31,617454.0867,4847519.656
14502,80935739,,27/04/2018,2018,2300,STEELES AVE W,ROSSDEAN DR,,Major Arterial,Etobicoke York,43.771422,-79.540614,At Intersection,Traffic Signal,Rain,"Dark, artificial",Wet,Non-Fatal Injury,Pedestrian Collisions,Passenger,10 to 14,None,,,,,,,,,,,,,Yes,,Yes,,,,,Yes,,,,,,21,Humber Summit,21,Humber Summit (21),D31,617454.0867,4847519.656
14503,80935740,,27/04/2018,2018,2300,STEELES AVE W,ROSSDEAN DR,,Major Arterial,Etobicoke York,43.771422,-79.540614,At Intersection,Traffic Signal,Rain,"Dark, artificial",Wet,Non-Fatal Injury,Pedestrian Collisions,Pedestrian,60 to 64,Major,,South,,,,,Vehicle turns left while ped crosses without ROW at inter.,Crossing without right of way,Normal,,,,Yes,,Yes,,,,,Yes,,,,,,21,Humber Summit,21,Humber Summit (21),D31,617454.0867,4847519.656
14504,80935741,,27/04/2018,2018,2300,STEELES AVE W,ROSSDEAN DR,,Major Arterial,Etobicoke York,43.771422,-79.540614,At Intersection,Traffic Signal,Rain,"Dark, artificial",Wet,Non-Fatal Injury,Pedestrian Collisions,Driver,35 to 39,None,,West,"Automobile, Station Wagon",Going Ahead,Driving Properly,Normal,,,,,,,Yes,,Yes,,,,,Yes,,,,,,21,Humber Summit,21,Humber Summit (21),D31,617454.0867,4847519.656
14505,80912090,,01/05/2018,2018,1905,DANFORTH AVE,BIRCHMOUNT RD,180 m East o,Minor Arterial,Scarborough,43.697734,-79.261806,Non Intersection,No Control,Clear,Daylight,Dry,Non-Fatal Injury,Rear End,Motorcycle Driver,50 to 54,None,,East,Motorcycle,Going Ahead,Driving Properly,Normal,,,,,,,,,,Yes,,,,,Yes,Yes,,,,122,Birchcliffe-Cliffside,122,Birchcliffe-Cliffside (122),D41,640064.9908,4839768.774
14506,80912091,,01/05/2018,2018,1905,DANFORTH AVE,BIRCHMOUNT RD,180 m East o,Minor Arterial,Scarborough,43.697734,-79.261806,Non Intersection,No Control,Clear,Daylight,Dry,Non-Fatal Injury,Rear End,Motorcycle Driver,25 to 29,Major,,East,Motorcycle,Going Ahead,Exceeding Speed Limit,Inattentive,,,,,,,,,,Yes,,,,,Yes,Yes,,,,122,Birchcliffe-Cliffside,122,Birchcliffe-Cliffside (122),D41,640064.9908,4839768.774
14507,80943078,,02/05/2018,2018,1616,KINGSTON RD,RYLANDER BLVD,,Major Arterial,Scarborough,43.796981,-79.149135,At Intersection,Traffic Signal,Clear,Daylight,Dry,Non-Fatal Injury,Turning Movement,Motorcycle Driver,15 to 19,Major,,West,Motorcycle,Going Ahead,Driving Properly,Normal,,,,,,,,,Yes,Yes,,,,,,Yes,,,,133,Centennial Scarborough,133,Centennial Scarborough (133),D42,648897.9212,4850988.209
14508,80943079,,02/05/2018,2018,1616,KINGSTON RD,RYLANDER BLVD,,Major Arterial,Scarborough,43.796981,-79.149135,At Intersection,Traffic Signal,Clear,Daylight,Dry,Non-Fatal Injury,Turning Movement,Driver,55 to 59,None,,North,"Automobile, Station Wagon",Turning Left,Failed to Yield Right of Way,Inattentive,,,,,,,,,Yes,Yes,,,,,,Yes,,,,133,Centennial Scarborough,133,Centennial Scarborough (133),D42,648897.9212,4850988.209
14509,80877057,,04/05/2018,2018,2354,DIXON RD,27 S DIXON W RAMP,,Major Arterial,Etobicoke York,43.688479,-79.583987,Overpass or Bridge,No Control,,Dark,,Fatal,Pedestrian Collisions,Pedestrian,60 to 64,Fatal,22,North,,,,,Pedestrian hit at mid-block,"Crossing, no Traffic Control",Unknown,,,,Yes,,Yes,,,,,,,,,,,1,West Humber-Clairville,1,West Humber-Clairville (1),D23,614120.7326,4838247.062
14510,80877080,,04/05/2018,2018,2354,DIXON RD,27 S DIXON W RAMP,,Major Arterial,Etobicoke York,43.688479,-79.583987,Overpass or Bridge,No Control,,Dark,,Fatal,Pedestrian Collisions,Driver,25 to 29,None,,West,"Automobile, Station Wagon",Going Ahead,Driving Properly,Unknown,,,,,,,Yes,,Yes,,,,,,,,,,,1,West Humber-Clairville,1,West Humber-Clairville (1),D23,614120.7326,4838247.062
14511,80945990,,05/05/2018,2018,407,LAWRENCE AVE E,KENNEDY RD,,Major Arterial,Scarborough,43.749427,-79.274898,At Intersection,Traffic Signal,Clear,"Dark, artificial",Dry,Non-Fatal Injury,Angle,Driver,20 to 24,Minimal,,West,"Automobile, Station Wagon",Going Ahead,Failed to Yield Right of Way,Normal,,,,,,,,,Yes,,,,,Yes,,Yes,,,,126,Dorset Park,126,Dorset Park (126),D41,638890.4997,4845488.008
14512,80945991,,05/05/2018,2018,407,LAWRENCE AVE E,KENNEDY RD,,Major Arterial,Scarborough,43.749427,-79.274898,At Intersection,Traffic Signal,Clear,"Dark, artificial",Dry,Non-Fatal Injury,Angle,Driver,25 to 29,Minimal,,North,"Automobile, Station Wagon",Going Ahead,Driving Properly,Normal,,,,,,,,,Yes,,,,,Yes,,Yes,,,,126,Dorset Park,126,Dorset Park (126),D41,638890.4997,4845488.008
14513,80945992,,05/05/2018,2018,407,LAWRENCE AVE E,KENNEDY RD,,Major Arterial,Scarborough,43.749427,-79.274898,At Intersection,Traffic Signal,Clear,"Dark, artificial",Dry,Non-Fatal Injury,Angle,Passenger,25 to 29,Major,,,,,,,,,,,,,,,Yes,,,,,Yes,,Yes,,,,126,Dorset Park,126,Dorset Park (126),D41,638890.4997,4845488.008
14514,80917076,,05/05/2018,2018,1803,KEELE ST,COLVILLE RD,77 m South o,Major Arterial,Etobicoke York,43.707888,-79.477847,Non Intersection,Stop Sign,Clear,Daylight,Dry,Non-Fatal Injury,Pedestrian Collisions,Pedestrian,80 to 84,Major,,East,,,,,Pedestrian hit at mid-block,"Crossing, no Traffic Control",Normal,,,,Yes,,Yes,,,,,,,,,,,30,Brookhaven-Amesbury,30,Brookhaven-Amesbury (30),D12,622635.3695,4840554.232
14515,80917077,,05/05/2018,2018,1803,KEELE ST,COLVILLE RD,77 m South o,Major Arterial,Etobicoke York,43.707888,-79.477847,Non Intersection,Stop Sign,Clear,Daylight,Dry,Non-Fatal Injury,Pedestrian Collisions,Driver,40 to 44,None,,South,"Automobile, Station Wagon",Going Ahead,Driving Properly,Normal,,,,,,,Yes,,Yes,,,,,,,,,,,30,Brookhaven-Amesbury,30,Brookhaven-Amesbury (30),D12,622635.3695,4840554.232
14516,80888708,,05/05/2018,2018,2215,MARKHAM RD,ELLESMERE RD,7 m West of,Major Arterial,Scarborough,43.776362,-79.231723,At Intersection,Traffic Signal,Clear,"Dark, artificial",Dry,Non-Fatal Injury,Turning Movement,Passenger,5 to 9,Major,,,,,,,,,,,,,,,Yes,,,,,Yes,,Yes,,,,141,Golfdale-Cedarbrae-Woburn,137,Woburn (137),D43,642302.7443,4848552.86
14517,80888709,,05/05/2018,2018,2215,MARKHAM RD,ELLESMERE RD,7 m West of,Major Arterial,Scarborough,43.776362,-79.231723,At Intersection,Traffic Signal,Clear,"Dark, artificial",Dry,Non-Fatal Injury,Turning Movement,Passenger,0 to 4,Major,,,,,,,,,,,,,,,Yes,,,,,Yes,,Yes,,,,141,Golfdale-Cedarbrae-Woburn,137,Woburn (137),D43,642302.7443,4848552.86
14518,80888710,,05/05/2018,2018,2215,MARKHAM RD,ELLESMERE RD,7 m West of,Major Arterial,Scarborough,43.776362,-79.231723,At Intersection,Traffic Signal,Clear,"Dark, artificial",Dry,Non-Fatal Injury,Turning Movement,Passenger,0 to 4,None,,,,,,,,,,,,,,,Yes,,,,,Yes,,Yes,,,,141,Golfdale-Cedarbrae-Woburn,137,Woburn (137),D43,642302.7443,4848552.86
14519,80888711,,05/05/2018,2018,2215,MARKHAM RD,ELLESMERE RD,7 m West of,Major Arterial,Scarborough,43.776362,-79.231723,At Intersection,Traffic Signal,Clear,"Dark, artificial",Dry,Non-Fatal Injury,Turning Movement,Passenger,30 to 34,None,,,,,,,,,,,,,,,Yes,,,,,Yes,,Yes,,,,141,Golfdale-Cedarbrae-Woburn,137,Woburn (137),D43,642302.7443,4848552.86
14520,80888712,,05/05/2018,2018,2215,MARKHAM RD,ELLESMERE RD,7 m West of,Major Arterial,Scarborough,43.776362,-79.231723,At Intersection,Traffic Signal,Clear,"Dark, artificial",Dry,Non-Fatal Injury,Turning Movement,Passenger,55 to 59,None,,,,,,,,,,,,,,,Yes,,,,,Yes,,Yes,,,,141,Golfdale-Cedarbrae-Woburn,137,Woburn (137),D43,642302.7443,4848552.86