OBJECTID,INDEX,ACCNUM,DATE,ACCIDENT_YEAR,TIME,STREET1,STREET2,OFFSET,ROAD_CLASS,DISTRICT,LATITUDE,LONGITUDE,ACCLOC,TRAFFCTL,VISIBILITY,LIGHT,RDSFCOND,ACCLASS,IMPACTYPE,INVTYPE,INVAGE,INJURY,FATAL_NO,INITDIR,VEHTYPE,MANOEUVER,DRIVACT,DRIVCOND,PEDTYPE,PEDACT,PEDCOND,CYCLISTYPE,CYCACT,CYCCOND,PEDESTRIAN,CYCLIST,AUTOMOBILE,MOTORCYCLE,TRUCK,TRSN_CITY_VEH,EMERG_VEH,PASSENGER,SPEEDING,AG_DRIV,REDLIGHT,ALCOHOL,DISABILITY,HOOD_158,NEIGHBOURHOOD_158,HOOD_140,NEIGHBOURHOOD_140,DIVISION,x,y
14997,80972828,,26/09/2018,2018,900,MELITA AVE,CHRISTIE ST,,Minor Arterial,Toronto and East York,43.674388,-79.42258,At Intersection,No Control,Clear,Daylight,Dry,Non-Fatal Injury,Cyclist Collisions,Driver,35 to 39,None,,North,"Automobile, Station Wagon",Turning Left,Driving Properly,Normal,,,,,,,,Yes,Yes,,,,,,,,,,,94,Wychwood,94,Wychwood (94),D13,627158.8849,4836916.84
14998,80972829,,26/09/2018,2018,900,MELITA AVE,CHRISTIE ST,,Minor Arterial,Toronto and East York,43.674388,-79.42258,At Intersection,No Control,Clear,Daylight,Dry,Non-Fatal Injury,Cyclist Collisions,Cyclist,20 to 24,Major,,South,Bicycle,Going Ahead,,,,,,"Cyclist without ROW rides into path of motorist at inter, lnwy, dwy-Cyclist not turn.",Speed too Fast For Condition,Normal,,Yes,Yes,,,,,,,,,,,94,Wychwood,94,Wychwood (94),D13,627158.8849,4836916.84
14999,80972190,,26/09/2018,2018,1755,BRIMLEY RD,BRIMWOOD BLVD,,Major Arterial,Scarborough,43.810984,-79.279712,At Intersection,Traffic Signal,Clear,Daylight,Dry,Non-Fatal Injury,Cyclist Collisions,Cyclist,30 to 34,Major,,South,Bicycle,Turning Left,,,,,,Cyclist turned left across motorists path.,Failed to Yield Right of Way,Inattentive,,Yes,Yes,,,,,,,,,,,129,Agincourt North,129,Agincourt North (129),D42,638360.8419,4852316.818
15000,80972191,,26/09/2018,2018,1755,BRIMLEY RD,BRIMWOOD BLVD,,Major Arterial,Scarborough,43.810984,-79.279712,At Intersection,Traffic Signal,Clear,Daylight,Dry,Non-Fatal Injury,Cyclist Collisions,Driver,45 to 49,None,,North,"Automobile, Station Wagon",Going Ahead,Driving Properly,Normal,,,,,,,,Yes,Yes,,,,,,,,,,,129,Agincourt North,129,Agincourt North (129),D42,638360.8419,4852316.818
15001,80972086,,26/09/2018,2018,2053,3850 SHEPPARD AVE E,,90 m East of,Major Arterial,Scarborough,43.782229,-79.292499,Non Intersection,No Control,Clear,"Dark, artificial",Dry,Fatal,Pedestrian Collisions,Driver,unknown,None,,East,"Automobile, Station Wagon",Going Ahead,Failed to Yield Right of Way,Unknown,,,,,,,Yes,,Yes,,,,,,,Yes,,,,118,Tam O'Shanter-Sullivan,118,Tam O'Shanter-Sullivan (118),D42,637398.2785,4849101.813
15002,80972617,,26/09/2018,2018,2053,3850 SHEPPARD AVE E,,90 m East of,Major Arterial,Scarborough,43.782229,-79.292499,Non Intersection,No Control,Clear,"Dark, artificial",Dry,Fatal,Pedestrian Collisions,Pedestrian,75 to 79,Fatal,52,South,,,,,Pedestrian hit at mid-block,"Crossing, no Traffic Control",Inattentive,,,,Yes,,Yes,,,,,,,Yes,,,,118,Tam O'Shanter-Sullivan,118,Tam O'Shanter-Sullivan (118),D42,637398.2785,4849101.813
15003,80972182,,28/09/2018,2018,806,EGLINTON AVE E,ROSEMOUNT DR,,Major Arterial,Scarborough,43.730773,-79.273853,At Intersection,Traffic Signal,Clear,Daylight,Dry,Non-Fatal Injury,Pedestrian Collisions,Driver,unknown,None,,East,Delivery Van,Going Ahead,Driving Properly,Unknown,,,,,,,Yes,,Yes,,,,,,,,,,,125,Ionview,125,Ionview (125),D41,639017.8028,4843417.954
15004,80972183,,28/09/2018,2018,806,EGLINTON AVE E,ROSEMOUNT DR,,Major Arterial,Scarborough,43.730773,-79.273853,At Intersection,Traffic Signal,Clear,Daylight,Dry,Non-Fatal Injury,Pedestrian Collisions,Pedestrian,25 to 29,Major,,North,,,,,Vehicle is going straight thru inter.while ped cross without ROW,Crossing without right of way,Inattentive,,,,Yes,,Yes,,,,,,,,,,,125,Ionview,125,Ionview (125),D41,639017.8028,4843417.954
15005,80972485,,28/09/2018,2018,1018,1277 JANE ST,,4 m North of,Major Arterial,Etobicoke York,43.691409,-79.500911,Intersection Related,No Control,Clear,Daylight,Dry,Non-Fatal Injury,Pedestrian Collisions,Driver,40 to 44,None,,North,Pick Up Truck,Going Ahead,Driving Properly,Normal,,,,,,,Yes,,Yes,,,,,,,,,,,115,Mount Dennis,115,Mount Dennis (115),D12,620810.2466,4838690.153
15006,80972486,,28/09/2018,2018,1018,1277 JANE ST,,4 m North of,Major Arterial,Etobicoke York,43.691409,-79.500911,Intersection Related,No Control,Clear,Daylight,Dry,Non-Fatal Injury,Pedestrian Collisions,Pedestrian,70 to 74,Major,,North,,,,,Vehicle is going straight thru inter.while ped cross without ROW,Running onto Roadway,Inattentive,,,,Yes,,Yes,,,,,,,,,,,115,Mount Dennis,115,Mount Dennis (115),D12,620810.2466,4838690.153
15007,80972244,,28/09/2018,2018,1723,AVENUE RD,FARNHAM AVE,4 m West of,Major Arterial,Toronto and East York,43.683455,-79.400165,At Intersection,Stop Sign,Clear,Daylight,Dry,Non-Fatal Injury,Turning Movement,Driver,25 to 29,Minor,,North,"Automobile, Station Wagon",Turning Left,Failed to Yield Right of Way,Normal,,,,,,,,,Yes,,,,,Yes,Yes,Yes,,,,97,Yonge-St.Clair,97,Yonge-St.Clair (97),D53,628946.3956,4837958.46
15008,80972245,,28/09/2018,2018,1723,AVENUE RD,FARNHAM AVE,4 m West of,Major Arterial,Toronto and East York,43.683455,-79.400165,At Intersection,Stop Sign,Clear,Daylight,Dry,Non-Fatal Injury,Turning Movement,Driver,35 to 39,None,,South,"Automobile, Station Wagon",Going Ahead,Speed too Fast For Condition,Normal,,,,,,,,,Yes,,,,,Yes,Yes,Yes,,,,97,Yonge-St.Clair,97,Yonge-St.Clair (97),D53,628946.3956,4837958.46
15009,80972246,,28/09/2018,2018,1723,AVENUE RD,FARNHAM AVE,4 m West of,Major Arterial,Toronto and East York,43.683455,-79.400165,At Intersection,Stop Sign,Clear,Daylight,Dry,Non-Fatal Injury,Turning Movement,Passenger,50 to 54,Major,,,,,,,,,,,,,,,Yes,,,,,Yes,Yes,Yes,,,,97,Yonge-St.Clair,97,Yonge-St.Clair (97),D53,628946.3956,4837958.46
15010,80972286,,29/09/2018,2018,820,ESQUIRE RD,VICTORIA PARK AVE,,Major Arterial,Scarborough,43.773429,-79.32217,At Intersection,No Control,Clear,Daylight,Dry,Non-Fatal Injury,Pedestrian Collisions,Driver,unknown,None,,East,"Automobile, Station Wagon",Unknown,Failed to Yield Right of Way,Unknown,,,,,,,Yes,,Yes,,,,,,,Yes,,,,118,Tam O'Shanter-Sullivan,118,Tam O'Shanter-Sullivan (118),D42,635030.5109,4848075.617
15011,80972287,,29/09/2018,2018,820,ESQUIRE RD,VICTORIA PARK AVE,,Major Arterial,Scarborough,43.773429,-79.32217,At Intersection,No Control,Clear,Daylight,Dry,Non-Fatal Injury,Pedestrian Collisions,Pedestrian,80 to 84,Major,,North,,,,,Vehicle is going straight thru inter.while ped cross with ROW,Crossing with right of way,Normal,,,,Yes,,Yes,,,,,,,Yes,,,,118,Tam O'Shanter-Sullivan,118,Tam O'Shanter-Sullivan (118),D42,635030.5109,4848075.617
15012,80972590,,29/09/2018,2018,1730,161 BATHURST ST,,,Major Arterial,Etobicoke York,43.646399,-79.403751,At Intersection,Traffic Signal,Clear,Daylight,Dry,Non-Fatal Injury,Pedestrian Collisions,Driver,55 to 59,None,,North,"Automobile, Station Wagon",Going Ahead,Other,Normal,,,,,,,Yes,,Yes,,,,,,,,,,,162,West Queen West,82,Niagara (82),D14,628736.5473,4833837.328
15013,80972591,,29/09/2018,2018,1730,161 BATHURST ST,,,Major Arterial,Etobicoke York,43.646399,-79.403751,At Intersection,Traffic Signal,Clear,Daylight,Dry,Non-Fatal Injury,Pedestrian Collisions,Pedestrian,25 to 29,Major,,Unknown,,,,,Other / Undefined,Person Getting on/off Vehicle,Normal,,,,Yes,,Yes,,,,,,,,,,,162,West Queen West,82,Niagara (82),D14,628736.5473,4833837.328
15014,80972765,,30/09/2018,2018,310,BATHURST ST,FRONT ST W,,Major Arterial,Toronto and East York,43.640677,-79.401378,At Intersection,Traffic Signal,Clear,"Dark, artificial",Dry,Non-Fatal Injury,Pedestrian Collisions,Driver,75 to 79,None,,South,"Automobile, Station Wagon",Going Ahead,Driving Properly,Normal,,,,,,,Yes,,Yes,,,,,,,,,,,165,Harbourfront-CityPlace,77,Waterfront Communities-The Island (77),D14,628940.1711,4833205.51
15015,80972766,,30/09/2018,2018,310,BATHURST ST,FRONT ST W,,Major Arterial,Toronto and East York,43.640677,-79.401378,At Intersection,Traffic Signal,Clear,"Dark, artificial",Dry,Non-Fatal Injury,Pedestrian Collisions,Pedestrian,30 to 34,Major,,Unknown,,,,,Vehicle is going straight thru inter.while ped cross without ROW,Crossing without right of way,Had Been Drinking,,,,Yes,,Yes,,,,,,,,,,,165,Harbourfront-CityPlace,77,Waterfront Communities-The Island (77),D14,628940.1711,4833205.51
15016,80972220,,01/10/2018,2018,600,STEELES AVE E,FIREBRACE RD,,Major Arterial,Scarborough,43.817809,-79.332042,At Intersection,Traffic Signal,Rain,"Dark, artificial",Wet,Non-Fatal Injury,Sideswipe,Driver,unknown,None,,East,Construction Equipment,Changing Lanes,Improper Lane Change,Unknown,,,,,,,,,,Yes,,,,,,,,,,116,Steeles,116,Steeles (116),D42,634136.6737,4852988.667
15017,80972221,,01/10/2018,2018,600,STEELES AVE E,FIREBRACE RD,,Major Arterial,Scarborough,43.817809,-79.332042,At Intersection,Traffic Signal,Rain,"Dark, artificial",Wet,Non-Fatal Injury,Sideswipe,Motorcycle Driver,25 to 29,Major,,East,Motorcycle,Going Ahead,Driving Properly,Normal,,,,,,,,,,Yes,,,,,,,,,,116,Steeles,116,Steeles (116),D42,634136.6737,4852988.667
15018,80972615,,01/10/2018,2018,622,THE QUEENSWAY,WINDERMERE AVE,,Major Arterial,Toronto and East York,43.637206,-79.469287,Non Intersection,No Control,Rain,"Daylight, artificial",Wet,Fatal,Pedestrian Collisions,Driver,35 to 39,None,,East,Street Car,Going Ahead,Driving Properly,Normal,,,,,,,Yes,,,,,Yes,,,,,,,,87,High Park-Swansea,87,High Park-Swansea (87),D11,623469.8865,4832716.755
15019,80973076,,01/10/2018,2018,622,THE QUEENSWAY,WINDERMERE AVE,,Major Arterial,Toronto and East York,43.637206,-79.469287,Non Intersection,No Control,Rain,"Daylight, artificial",Wet,Fatal,Pedestrian Collisions,Pedestrian,50 to 54,Fatal,50,East,,,,,Pedestrian involved in a collision with transit vehicle anywhere along roadway,Walking on Roadway with Traffic,Inattentive,,,,Yes,,,,,Yes,,,,,,,,87,High Park-Swansea,87,High Park-Swansea (87),D11,623469.8865,4832716.755
15020,81241262,,04/10/2018,2018,700,DUNDAS ST E,LOGAN AVE,35 m East of,Minor Arterial,Toronto and East York,43.66408,-79.343036,Non Intersection,No Control,Rain,Dawn,Wet,Non-Fatal Injury,Cyclist Collisions,Driver,25 to 29,None,,East,"Automobile, Station Wagon",Changing Lanes,Improper Lane Change,Inattentive,,,,,,,,Yes,Yes,,,,,,,,,,,70,South Riverdale,70,South Riverdale (70),D55,633594.0167,4835897.013
15021,81241263,,04/10/2018,2018,700,DUNDAS ST E,LOGAN AVE,35 m East of,Minor Arterial,Toronto and East York,43.66408,-79.343036,Non Intersection,No Control,Rain,Dawn,Wet,Non-Fatal Injury,Cyclist Collisions,Cyclist,20 to 24,Major,,East,Bicycle,Going Ahead,,,,,,Cyclist and Driver travelling in same direction. One vehicle sideswipes the other.,Driving Properly,Normal,,Yes,Yes,,,,,,,,,,,70,South Riverdale,70,South Riverdale (70),D55,633594.0167,4835897.013
15022,80973064,,04/10/2018,2018,1630,5690 STEELES AVE W,,425 m East o,Major Arterial,Etobicoke York,43.767333,-79.560573,Non Intersection,No Control,Clear,Daylight,Dry,Non-Fatal Injury,Pedestrian Collisions,Truck Driver,55 to 59,None,,West,Truck - Open,Going Ahead,Driving Properly,Normal,,,,,,,Yes,,,,Yes,,,,,,,,,21,Humber Summit,21,Humber Summit (21),D31,615855.6326,4847037.395
15023,80973065,,04/10/2018,2018,1630,5690 STEELES AVE W,,425 m East o,Major Arterial,Etobicoke York,43.767333,-79.560573,Non Intersection,No Control,Clear,Daylight,Dry,Non-Fatal Injury,Pedestrian Collisions,Pedestrian,50 to 54,Major,,South,,,,,Pedestrian hit at mid-block,"Crossing, no Traffic Control",Normal,,,,Yes,,,,Yes,,,,,,,,,21,Humber Summit,21,Humber Summit (21),D31,615855.6326,4847037.395
15024,80972995,,05/10/2018,2018,1515,GERRARD ST E,COXWELL AVE,25 m East of,Minor Arterial,Toronto and East York,43.675326,-79.320293,At Intersection,Traffic Signal,Clear,Daylight,Dry,Non-Fatal Injury,SMV Other,Driver,30 to 34,None,,West,Pick Up Truck,Going Ahead,Speed too Fast For Condition,Had Been Drinking,,,,,,,,,Yes,,,,,Yes,Yes,Yes,,,,64,Woodbine Corridor,64,Woodbine Corridor (64),D55,635402.4187,4837182.909
15025,80972996,,05/10/2018,2018,1515,GERRARD ST E,COXWELL AVE,25 m East of,Minor Arterial,Toronto and East York,43.675326,-79.320293,At Intersection,Traffic Signal,Clear,Daylight,Dry,Non-Fatal Injury,SMV Other,Passenger,25 to 29,Major,,,,,,,,,,,,,,,Yes,,,,,Yes,Yes,Yes,,,,64,Woodbine Corridor,64,Woodbine Corridor (64),D55,635402.4187,4837182.909
15026,80972616,,05/10/2018,2018,1852,708 SCARLETT RD,,LEGGETT AVE,Major Arterial,Etobicoke York,43.695372,-79.520099,Non Intersection,No Control,Clear,Daylight,Dry,Fatal,Turning Movement,Driver,45 to 49,None,,North,"Automobile, Station Wagon",Going Ahead,Driving Properly,Normal,,,,,,,,,Yes,Yes,,,,,,Yes,,,,8,Humber Heights-Westmount,8,Humber Heights-Westmount (8),D23,619256.0352,4839102.522
15027,80973077,,05/10/2018,2018,1852,708 SCARLETT RD,,LEGGETT AVE,Major Arterial,Etobicoke York,43.695372,-79.520099,Non Intersection,No Control,Clear,Daylight,Dry,Fatal,Turning Movement,Motorcycle Driver,45 to 49,Fatal,51,South,Motorcycle,Going Ahead,Driving Properly,Unknown,,,,,,,,,Yes,Yes,,,,,,Yes,,,,8,Humber Heights-Westmount,8,Humber Heights-Westmount (8),D23,619256.0352,4839102.522
15028,80973078,,05/10/2018,2018,1852,708 SCARLETT RD,,LEGGETT AVE,Major Arterial,Etobicoke York,43.695372,-79.520099,Non Intersection,No Control,Clear,Daylight,Dry,Fatal,Turning Movement,Driver,55 to 59,None,,North,"Automobile, Station Wagon",Turning Left,Improper Turn,Normal,,,,,,,,,Yes,Yes,,,,,,Yes,,,,8,Humber Heights-Westmount,8,Humber Heights-Westmount (8),D23,619256.0352,4839102.522
15029,80972657,,06/10/2018,2018,125,LAWRENCE AVE E,EAST AVE,,Collector,Scarborough,43.780631,-79.131595,At Intersection,Traffic Signal,Clear,"Dark, artificial",Dry,Non-Fatal Injury,SMV Other,Driver,20 to 24,Major,,East,"Automobile, Station Wagon",Unknown,Lost control,Unknown,,,,,,,,,Yes,,,,,Yes,Yes,Yes,,,,143,West Rouge,131,Rouge (131),D43,650349.9866,4849203.985
15030,80972658,,06/10/2018,2018,125,LAWRENCE AVE E,EAST AVE,,Collector,Scarborough,43.780631,-79.131595,At Intersection,Traffic Signal,Clear,"Dark, artificial",Dry,Non-Fatal Injury,SMV Other,Passenger,20 to 24,Minor,,,,,,,,,,,,,,,Yes,,,,,Yes,Yes,Yes,,,,143,West Rouge,131,Rouge (131),D43,650349.9866,4849203.985
15031,80984079,,06/10/2018,2018,635,VICTORIA PARK AVE,CRESCENT TOWN RD,,Major Arterial,Scarborough,43.696479,-79.290447,At Intersection,Traffic Signal,Rain,"Dawn, artificial",Wet,Non-Fatal Injury,Pedestrian Collisions,Driver,70 to 74,None,,North,"Automobile, Station Wagon",Going Ahead,Driving Properly,Normal,,,,,,,Yes,,Yes,,,,,,,,,,,121,Oakridge,121,Oakridge (121),D41,637759.9238,4839581.402
15032,80984080,,06/10/2018,2018,635,VICTORIA PARK AVE,CRESCENT TOWN RD,,Major Arterial,Scarborough,43.696479,-79.290447,At Intersection,Traffic Signal,Rain,"Dawn, artificial",Wet,Non-Fatal Injury,Pedestrian Collisions,Pedestrian,25 to 29,Major,,East,,,,,Vehicle is going straight thru inter.while ped cross without ROW,Crossing without right of way,Normal,,,,Yes,,Yes,,,,,,,,,,,121,Oakridge,121,Oakridge (121),D41,637759.9238,4839581.402
15033,80973016,,06/10/2018,2018,1630,ANTIBES DR,DON LAKE GATE,15 m East of,Collector,North York,43.780528,-79.446277,Intersection Related,No Control,Clear,Daylight,Dry,Non-Fatal Injury,SMV Other,Driver,30 to 34,Major,,North,"Automobile, Station Wagon",Going Ahead,Lost control,"Ability Impaired, Drugs",,,,,,,,,Yes,,,,,,Yes,Yes,,,,35,Westminster-Branson,35,Westminster-Branson (35),D32,625027.5851,4848669.155
15034,80972681,,06/10/2018,2018,1850,KINGSTON RD,GALLOWAY RD,,Major Arterial,Scarborough,43.761939,-79.194705,At Intersection,Traffic Signal,Clear,Daylight,Dry,Non-Fatal Injury,Turning Movement,Motorcycle Driver,15 to 19,Major,,West,Motorcycle,Going Ahead,Speed too Fast For Condition,Normal,,,,,,,,,Yes,Yes,,,,Yes,Yes,Yes,,,,136,West Hill,136,West Hill (136),D43,645316.745,4847015.255
15035,80972682,,06/10/2018,2018,1850,KINGSTON RD,GALLOWAY RD,,Major Arterial,Scarborough,43.761939,-79.194705,At Intersection,Traffic Signal,Clear,Daylight,Dry,Non-Fatal Injury,Turning Movement,Driver,30 to 34,None,,East,Pick Up Truck,Turning Left,Driving Properly,Normal,,,,,,,,,Yes,Yes,,,,Yes,Yes,Yes,,,,136,West Hill,136,West Hill (136),D43,645316.745,4847015.255
15036,80972683,,06/10/2018,2018,1850,KINGSTON RD,GALLOWAY RD,,Major Arterial,Scarborough,43.761939,-79.194705,At Intersection,Traffic Signal,Clear,Daylight,Dry,Non-Fatal Injury,Turning Movement,Motorcycle Passenger,15 to 19,Major,,,,,,,,,,,,,,,Yes,Yes,,,,Yes,Yes,Yes,,,,136,West Hill,136,West Hill (136),D43,645316.745,4847015.255
15037,80972684,,06/10/2018,2018,1850,KINGSTON RD,GALLOWAY RD,,Major Arterial,Scarborough,43.761939,-79.194705,At Intersection,Traffic Signal,Clear,Daylight,Dry,Non-Fatal Injury,Turning Movement,Passenger,30 to 34,Minimal,,,,,,,,,,,,,,,Yes,Yes,,,,Yes,Yes,Yes,,,,136,West Hill,136,West Hill (136),D43,645316.745,4847015.255
15038,81465007,,07/10/2018,2018,305,DON VALLEY PARKWAY  N,EASTERN AV E DVP N RAMP,80 m South o,Expressway,Toronto and East York,43.6561,-79.351756,Non Intersection,No Control,Rain,"Dark, artificial",Wet,Non-Fatal Injury,Sideswipe,Driver,20 to 24,Major,,North,"Automobile, Station Wagon",Going Ahead,Speed too Fast For Condition,Unknown,,,,,,,,,Yes,,,,,Yes,Yes,Yes,,,,70,South Riverdale,70,South Riverdale (70),D55,632908.5589,4834996.723
15039,81465008,,07/10/2018,2018,305,DON VALLEY PARKWAY  N,EASTERN AV E DVP N RAMP,80 m South o,Expressway,Toronto and East York,43.6561,-79.351756,Non Intersection,No Control,Rain,"Dark, artificial",Wet,Non-Fatal Injury,Sideswipe,Driver,25 to 29,None,,North,"Automobile, Station Wagon",Going Ahead,Driving Properly,Normal,,,,,,,,,Yes,,,,,Yes,Yes,Yes,,,,70,South Riverdale,70,South Riverdale (70),D55,632908.5589,4834996.723
15040,81465009,,07/10/2018,2018,305,DON VALLEY PARKWAY  N,EASTERN AV E DVP N RAMP,80 m South o,Expressway,Toronto and East York,43.6561,-79.351756,Non Intersection,No Control,Rain,"Dark, artificial",Wet,Non-Fatal Injury,Sideswipe,Passenger,20 to 24,None,,,,,,,,,,,,,,,Yes,,,,,Yes,Yes,Yes,,,,70,South Riverdale,70,South Riverdale (70),D55,632908.5589,4834996.723
15041,80972618,,08/10/2018,2018,117,SHEPPARD AVE E,BONNINGTON PL,,Major Arterial,North York,43.762419,-79.406253,Non Intersection,No Control,Clear,"Dark, artificial",Dry,Fatal,Pedestrian Collisions,Pedestrian,30 to 34,Fatal,53,East,,,,,Pedestrian hit at mid-block,Playing or Working on Highway,Unknown,,,,Yes,,Yes,,,,,,,,,,,153,Avondale,51,Willowdale East (51),D32,628287.0443,4846719.098
15042,80973079,,08/10/2018,2018,117,SHEPPARD AVE E,BONNINGTON PL,,Major Arterial,North York,43.762419,-79.406253,Non Intersection,No Control,Clear,"Dark, artificial",Dry,Fatal,Pedestrian Collisions,Driver,unknown,None,,East,"Automobile, Station Wagon",Going Ahead,Other,Unknown,,,,,,,Yes,,Yes,,,,,,,,,,,153,Avondale,51,Willowdale East (51),D32,628287.0443,4846719.098
15043,80972619,,08/10/2018,2018,2015,685 QUEEN ST E,,Near #685,Major Arterial,Toronto and East York,43.658515,-79.35094,At Intersection,No Control,Clear,"Dusk, artificial",Dry,Fatal,Cyclist Collisions,Cyclist,60 to 64,Fatal,54,East,Bicycle,Going Ahead,,,,,,Cyclist strikes a parked vehicle.,Lost control,Unknown,,Yes,Yes,,,Yes,,,,,,,,70,South Riverdale,70,South Riverdale (70),D55,632969.0282,4835266.248
15044,80973080,,08/10/2018,2018,2015,685 QUEEN ST E,,Near #685,Major Arterial,Toronto and East York,43.658515,-79.35094,At Intersection,No Control,Clear,"Dusk, artificial",Dry,Fatal,Cyclist Collisions,Driver,30 to 34,None,,East,Street Car,Going Ahead,Driving Properly,Normal,,,,,,,,Yes,Yes,,,Yes,,,,,,,,70,South Riverdale,70,South Riverdale (70),D55,632969.0282,4835266.248
15045,80973081,,08/10/2018,2018,2015,685 QUEEN ST E,,Near #685,Major Arterial,Toronto and East York,43.658515,-79.35094,At Intersection,No Control,Clear,"Dusk, artificial",Dry,Fatal,Cyclist Collisions,Other,unknown,None,,East,"Automobile, Station Wagon",Parked,,,,,,,,,,Yes,Yes,,,Yes,,,,,,,,70,South Riverdale,70,South Riverdale (70),D55,632969.0282,4835266.248
15046,80972830,,10/10/2018,2018,939,OSSINGTON AVE,COLLEGE ST,,Major Arterial,Toronto and East York,43.654326,-79.422664,At Intersection,Traffic Signal,Clear,Daylight,Dry,Non-Fatal Injury,Pedestrian Collisions,Driver,45 to 49,None,,East,Pick Up Truck,Going Ahead,Driving Properly,Normal,,,,,,,Yes,,Yes,,,,,,,,,,,81,Trinity-Bellwoods,81,Trinity-Bellwoods (81),D14,627194.4755,4834688.56
15047,80972831,,10/10/2018,2018,939,OSSINGTON AVE,COLLEGE ST,,Major Arterial,Toronto and East York,43.654326,-79.422664,At Intersection,Traffic Signal,Clear,Daylight,Dry,Non-Fatal Injury,Pedestrian Collisions,Pedestrian,75 to 79,Major,,South,,,,,Vehicle is going straight thru inter.while ped cross without ROW,Crossing without right of way,Medical or Physical Disability,,,,Yes,,Yes,,,,,,,,,,,81,Trinity-Bellwoods,81,Trinity-Bellwoods (81),D14,627194.4755,4834688.56
15048,80973253,,11/10/2018,2018,2009,RUNNYMEDE RD,BLOOR ST W,,Major Arterial,Etobicoke York,43.651065,-79.47626,At Intersection,Traffic Controller,Clear,"Daylight, artificial",Dry,Non-Fatal Injury,Turning Movement,Driver,20 to 24,None,,North,"Automobile, Station Wagon",Turning Left,Failed to Yield Right of Way,Normal,,,,,,,,,Yes,Yes,,,,,,Yes,,,,87,High Park-Swansea,87,High Park-Swansea (87),D11,622879.1688,4834245.625
15049,80973254,,11/10/2018,2018,2009,RUNNYMEDE RD,BLOOR ST W,,Major Arterial,Etobicoke York,43.651065,-79.47626,At Intersection,Traffic Controller,Clear,"Daylight, artificial",Dry,Non-Fatal Injury,Turning Movement,Motorcycle Driver,25 to 29,Major,,South,Motorcycle,Going Ahead,Driving Properly,Normal,,,,,,,,,Yes,Yes,,,,,,Yes,,,,87,High Park-Swansea,87,High Park-Swansea (87),D11,622879.1688,4834245.625
15050,80973167,,12/10/2018,2018,1335,GERRARD ST E,LAWLOR AVE,,Minor Arterial,Toronto and East York,43.685912,-79.290714,At Intersection,No Control,Clear,Daylight,Dry,Non-Fatal Injury,Pedestrian Collisions,Driver,15 to 19,None,,East,"Automobile, Station Wagon",Changing Lanes,Exceeding Speed Limit,Normal,,,,,,,Yes,,Yes,,,,,Yes,Yes,Yes,,,,62,East End-Danforth,62,East End-Danforth (62),D55,637762.6006,4838407.344
15051,80973168,,12/10/2018,2018,1335,GERRARD ST E,LAWLOR AVE,,Minor Arterial,Toronto and East York,43.685912,-79.290714,At Intersection,No Control,Clear,Daylight,Dry,Non-Fatal Injury,Pedestrian Collisions,Passenger,15 to 19,None,,,,,,,,,,,,,Yes,,Yes,,,,,Yes,Yes,Yes,,,,62,East End-Danforth,62,East End-Danforth (62),D55,637762.6006,4838407.344
15052,80973169,,12/10/2018,2018,1335,GERRARD ST E,LAWLOR AVE,,Minor Arterial,Toronto and East York,43.685912,-79.290714,At Intersection,No Control,Clear,Daylight,Dry,Non-Fatal Injury,Pedestrian Collisions,Pedestrian,20 to 24,Major,,South,,,,,Vehicle is going straight thru inter.while ped cross without ROW,"Crossing, no Traffic Control",Normal,,,,Yes,,Yes,,,,,Yes,Yes,Yes,,,,62,East End-Danforth,62,East End-Danforth (62),D55,637762.6006,4838407.344
15053,80973255,,12/10/2018,2018,1630,BLOOR ST W,RUNNYMEDE RD,,Major Arterial,Etobicoke York,43.651065,-79.47626,At Intersection,Traffic Controller,Clear,Daylight,Dry,Non-Fatal Injury,Cyclist Collisions,Driver,75 to 79,None,,West,"Automobile, Station Wagon",Turning Left,Failed to Yield Right of Way,Normal,,,,,,,,Yes,Yes,,,,,,,Yes,,,,87,High Park-Swansea,87,High Park-Swansea (87),D11,622879.1688,4834245.625
15054,80973256,,12/10/2018,2018,1630,BLOOR ST W,RUNNYMEDE RD,,Major Arterial,Etobicoke York,43.651065,-79.47626,At Intersection,Traffic Controller,Clear,Daylight,Dry,Non-Fatal Injury,Cyclist Collisions,Cyclist,30 to 34,Major,,East,Bicycle,Going Ahead,,,,,,Motorist turned left across cyclists path.,Driving Properly,Normal,,Yes,Yes,,,,,,,Yes,,,,87,High Park-Swansea,87,High Park-Swansea (87),D11,622879.1688,4834245.625
15055,80973145,,13/10/2018,2018,907,BIRCHMOUNT RD,KINGSTON RD,,Major Arterial,Scarborough,43.692973,-79.262294,At Intersection,Traffic Signal,Clear,Daylight,Dry,Non-Fatal Injury,Pedestrian Collisions,Driver,45 to 49,None,,South,"Automobile, Station Wagon",Turning Left,Failed to Yield Right of Way,Normal,,,,,,,Yes,,Yes,,,,,,,Yes,,,,122,Birchcliffe-Cliffside,122,Birchcliffe-Cliffside (122),D41,640036.7491,4839239.173