OBJECTID,INDEX,ACCNUM,DATE,ACCIDENT_YEAR,TIME,STREET1,STREET2,OFFSET,ROAD_CLASS,DISTRICT,LATITUDE,LONGITUDE,ACCLOC,TRAFFCTL,VISIBILITY,LIGHT,RDSFCOND,ACCLASS,IMPACTYPE,INVTYPE,INVAGE,INJURY,FATAL_NO,INITDIR,VEHTYPE,MANOEUVER,DRIVACT,DRIVCOND,PEDTYPE,PEDACT,PEDCOND,CYCLISTYPE,CYCACT,CYCCOND,PEDESTRIAN,CYCLIST,AUTOMOBILE,MOTORCYCLE,TRUCK,TRSN_CITY_VEH,EMERG_VEH,PASSENGER,SPEEDING,AG_DRIV,REDLIGHT,ALCOHOL,DISABILITY,HOOD_158,NEIGHBOURHOOD_158,HOOD_140,NEIGHBOURHOOD_140,DIVISION,x,y
15114,80974830,,01/11/2018,2018,2215,WILSON AVE,DUBRAY AVE,,Major Arterial,North York,43.728091,-79.477702,At Intersection,Traffic Signal,Rain,"Daylight, artificial",Wet,Non-Fatal Injury,Turning Movement,Driver,50 to 54,None,,West,"Automobile, Station Wagon",Making U Turn,Improper Turn,Inattentive,,,,,,,,,Yes,,,,,,,,,,,155,Downsview,26,Downsview-Roding-CFB (26),D31,622605.8406,4842798.274
15115,81456761,,01/11/2018,2018,2222,ALBION RD,HUMBERLINE DR,1 m South of,Major Arterial,Etobicoke York,43.746806,-79.621974,At Intersection,Traffic Signal,Rain,Dark,Wet,Non-Fatal Injury,Pedestrian Collisions,Driver,50 to 54,None,,West,"Automobile, Station Wagon",Turning Left,Driving Properly,Unknown,,,,,,,Yes,,Yes,,,,,,,,,,,1,West Humber-Clairville,1,West Humber-Clairville (1),D23,610951.529,4844673.505
15116,81456762,,01/11/2018,2018,2222,ALBION RD,HUMBERLINE DR,1 m South of,Major Arterial,Etobicoke York,43.746806,-79.621974,At Intersection,Traffic Signal,Rain,Dark,Wet,Non-Fatal Injury,Pedestrian Collisions,Pedestrian,30 to 34,Major,,West,,,,,Vehicle turns left while ped crosses without ROW at inter.,Other,Other,,,,Yes,,Yes,,,,,,,,,,,1,West Humber-Clairville,1,West Humber-Clairville (1),D23,610951.529,4844673.505
15117,80974895,,02/11/2018,2018,1940,MCNICOLL AVE,VICTORIA PARK AVE,100 m East o,Minor Arterial,Scarborough,43.804274,-79.334911,Non Intersection,No Control,Clear,"Dark, artificial",Wet,Non-Fatal Injury,SMV Other,Driver,30 to 34,Major,,East,"Automobile, Station Wagon",Going Ahead,Lost control,"Ability Impaired, Drugs",,,,,,,,,Yes,,,,,,,,,,,116,Steeles,116,Steeles (116),D42,633936.1997,4851480.739
15118,80974776,,05/11/2018,2018,912,BIRCHMOUNT RD,ALLANFORD RD,,Major Arterial,Scarborough,43.774165,-79.295017,At Intersection,Traffic Signal,Rain,Daylight,Wet,Non-Fatal Injury,Pedestrian Collisions,Driver,30 to 34,None,,West,"Automobile, Station Wagon",Turning Left,Improper Turn,Normal,,,,,,,Yes,,Yes,,,,,,,,,,,118,Tam O'Shanter-Sullivan,118,Tam O'Shanter-Sullivan (118),D42,637214.1043,4848202.003
15119,80974777,,05/11/2018,2018,912,BIRCHMOUNT RD,ALLANFORD RD,,Major Arterial,Scarborough,43.774165,-79.295017,At Intersection,Traffic Signal,Rain,Daylight,Wet,Non-Fatal Injury,Pedestrian Collisions,Pedestrian,75 to 79,Major,,East,,,,,Vehicle turns left while ped crosses with ROW at inter.,Crossing with right of way,Normal,,,,Yes,,Yes,,,,,,,,,,,118,Tam O'Shanter-Sullivan,118,Tam O'Shanter-Sullivan (118),D42,637214.1043,4848202.003
15120,80974754,,05/11/2018,2018,1855,DUFFERIN ST,WINGOLD AVE,15 m South o,Major Arterial,North York,43.703753,-79.452434,Intersection Related,No Control,Clear,"Dark, artificial",Wet,Non-Fatal Injury,Pedestrian Collisions,Driver,70 to 74,None,,South,"Automobile, Station Wagon",Going Ahead,Driving Properly,Normal,,,,,,,Yes,,Yes,,,,,,,,,,,31,Yorkdale-Glen Park,31,Yorkdale-Glen Park (31),D13,624691.4108,4840132.891
15121,80974755,,05/11/2018,2018,1855,DUFFERIN ST,WINGOLD AVE,15 m South o,Major Arterial,North York,43.703753,-79.452434,Intersection Related,No Control,Clear,"Dark, artificial",Wet,Non-Fatal Injury,Pedestrian Collisions,Pedestrian,65 to 69,Major,,West,,,,,Pedestrian hit at mid-block,"Crossing, no Traffic Control",Inattentive,,,,Yes,,Yes,,,,,,,,,,,31,Yorkdale-Glen Park,31,Yorkdale-Glen Park (31),D13,624691.4108,4840132.891
15122,80976594,,06/11/2018,2018,2315,STEELES AVE W,ALNESS ST,,Major Arterial,North York,43.784629,-79.481014,At Intersection,Traffic Signal,Rain,"Dark, artificial",Wet,Non-Fatal Injury,Cyclist Collisions,Driver,20 to 24,None,,East,"Automobile, Station Wagon",Turning Left,Improper Turn,Inattentive,,,,,,,,Yes,Yes,,,,,,,,,,,27,York University Heights,27,York University Heights (27),D32,622223.9303,4849072.76
15123,80976595,,06/11/2018,2018,2315,STEELES AVE W,ALNESS ST,,Major Arterial,North York,43.784629,-79.481014,At Intersection,Traffic Signal,Rain,"Dark, artificial",Wet,Non-Fatal Injury,Cyclist Collisions,Cyclist,15 to 19,Major,,East,Bicycle,Going Ahead,,,,,,Motorist turned left across cyclists path.,Driving Properly,Normal,,Yes,Yes,,,,,,,,,,,27,York University Heights,27,York University Heights (27),D32,622223.9303,4849072.76
15124,80974778,,07/11/2018,2018,1850,MIDDLEFIELD RD,ARBOR LOW GT,20 m North o,Minor Arterial,Scarborough,43.811759,-79.258502,Intersection Related,No Control,Clear,"Dark, artificial",Dry,Non-Fatal Injury,Pedestrian Collisions,Driver,80 to 84,None,,North,"Automobile, Station Wagon",Going Ahead,Driving Properly,Normal,,,,,,,Yes,,Yes,,,,,,,,,,,130,Milliken,130,Milliken (130),D42,640064.9455,4852438.583
15125,80974779,,07/11/2018,2018,1850,MIDDLEFIELD RD,ARBOR LOW GT,20 m North o,Minor Arterial,Scarborough,43.811759,-79.258502,Intersection Related,No Control,Clear,"Dark, artificial",Dry,Non-Fatal Injury,Pedestrian Collisions,Pedestrian,65 to 69,Major,,East,,,,,Pedestrian hit at mid-block,"Crossing, no Traffic Control",Inattentive,,,,Yes,,Yes,,,,,,,,,,,130,Milliken,130,Milliken (130),D42,640064.9455,4852438.583
15126,80975220,,08/11/2018,2018,1400,LA ROSE AVE,ROYAL YORK RD,,Minor Arterial,Etobicoke York,43.684085,-79.52737,At Intersection,Traffic Signal,Clear,"Daylight, artificial",Dry,Non-Fatal Injury,Pedestrian Collisions,Driver,30 to 34,None,,West,Delivery Van,Turning Left,Failed to Yield Right of Way,Normal,,,,,,,Yes,,Yes,,,,,,,Yes,,,,8,Humber Heights-Westmount,8,Humber Heights-Westmount (8),D23,618692.3665,4837838.517
15127,80975221,,08/11/2018,2018,1400,LA ROSE AVE,ROYAL YORK RD,,Minor Arterial,Etobicoke York,43.684085,-79.52737,At Intersection,Traffic Signal,Clear,"Daylight, artificial",Dry,Non-Fatal Injury,Pedestrian Collisions,Pedestrian,65 to 69,Major,,West,,,,,Vehicle turns left while ped crosses with ROW at inter.,Crossing with right of way,Normal,,,,Yes,,Yes,,,,,,,Yes,,,,8,Humber Heights-Westmount,8,Humber Heights-Westmount (8),D23,618692.3665,4837838.517
15128,80975432,,08/11/2018,2018,1900,LOWTHER AVE,SPADINA RD,,Minor Arterial,Toronto and East York,43.668891,-79.404735,At Intersection,Traffic Signal,Clear,Dark,Dry,Non-Fatal Injury,Cyclist Collisions,Cyclist,20 to 24,Major,,West,Bicycle,Turning Left,,,,,,Cyclist turned left across motorists path.,Improper Turn,Normal,,Yes,Yes,,,,,,,,,,,95,Annex,95,Annex (95),D53,628609.1601,4836333.835
15129,80975433,,08/11/2018,2018,1900,LOWTHER AVE,SPADINA RD,,Minor Arterial,Toronto and East York,43.668891,-79.404735,At Intersection,Traffic Signal,Clear,Dark,Dry,Non-Fatal Injury,Cyclist Collisions,Driver,25 to 29,None,,West,"Automobile, Station Wagon",Turning Left,Driving Properly,Normal,,,,,,,,Yes,Yes,,,,,,,,,,,95,Annex,95,Annex (95),D53,628609.1601,4836333.835
15130,80974440,,09/11/2018,2018,650,ELLESMERE RD,BIRCHMOUNT RD,,Major Arterial,Scarborough,43.763205,-79.291911,Non Intersection,No Control,Clear,"Dawn, artificial",Dry,Fatal,Pedestrian Collisions,Driver,unknown,None,,West,Municipal Transit Bus (TTC),,,,,,,,,,Yes,,Yes,,,Yes,,,,,,,,119,Wexford/Maryvale,119,Wexford/Maryvale (119),D41,637489.183,4846989.878
15131,80975004,,09/11/2018,2018,650,ELLESMERE RD,BIRCHMOUNT RD,,Major Arterial,Scarborough,43.763205,-79.291911,Non Intersection,No Control,Clear,"Dawn, artificial",Dry,Fatal,Pedestrian Collisions,Pedestrian,30 to 34,Major,,Unknown,,,,,Pedestrian hit on sidewalk or shoulder,On Sidewalk or Shoulder,Normal,,,,Yes,,Yes,,,Yes,,,,,,,,119,Wexford/Maryvale,119,Wexford/Maryvale (119),D41,637489.183,4846989.878
15132,80975005,,09/11/2018,2018,650,ELLESMERE RD,BIRCHMOUNT RD,,Major Arterial,Scarborough,43.763205,-79.291911,Non Intersection,No Control,Clear,"Dawn, artificial",Dry,Fatal,Pedestrian Collisions,Driver,45 to 49,Minor,,West,"Automobile, Station Wagon",Going Ahead,Lost control,Unknown,,,,,,,Yes,,Yes,,,Yes,,,,,,,,119,Wexford/Maryvale,119,Wexford/Maryvale (119),D41,637489.183,4846989.878
15133,80975006,,09/11/2018,2018,650,ELLESMERE RD,BIRCHMOUNT RD,,Major Arterial,Scarborough,43.763205,-79.291911,Non Intersection,No Control,Clear,"Dawn, artificial",Dry,Fatal,Pedestrian Collisions,Pedestrian,55 to 59,Fatal,58,Unknown,,,,,Pedestrian hit on sidewalk or shoulder,On Sidewalk or Shoulder,Unknown,,,,Yes,,Yes,,,Yes,,,,,,,,119,Wexford/Maryvale,119,Wexford/Maryvale (119),D41,637489.183,4846989.878
15134,80975330,,11/11/2018,2018,1420,235 POPLAR RD,,30 m North o,Collector,Scarborough,43.765837,-79.191051,Intersection Related,No Control,Clear,"Daylight, artificial",Dry,Non-Fatal Injury,Pedestrian Collisions,Driver,unknown,None,,North,"Automobile, Station Wagon",Going Ahead,Exceeding Speed Limit,Unknown,,,,,,,Yes,,Yes,,,,,,Yes,Yes,,,,136,West Hill,136,West Hill (136),D43,645601.4189,4847454.607
15135,80975331,,11/11/2018,2018,1420,235 POPLAR RD,,30 m North o,Collector,Scarborough,43.765837,-79.191051,Intersection Related,No Control,Clear,"Daylight, artificial",Dry,Non-Fatal Injury,Pedestrian Collisions,Pedestrian,10 to 14,Major,,West,,,,,Pedestrian hit at mid-block,"Crossing, no Traffic Control",Normal,,,,Yes,,Yes,,,,,,Yes,Yes,,,,136,West Hill,136,West Hill (136),D43,645601.4189,4847454.607
15136,80975191,,12/11/2018,2018,1754,WESTON RD,LAWRENCE AVE W,,Major Arterial,Etobicoke York,43.700087,-79.516155,At Intersection,Traffic Signal,Clear,Dark,Dry,Non-Fatal Injury,Pedestrian Collisions,Driver,75 to 79,None,,North,Pick Up Truck,Turning Left,Failed to Yield Right of Way,Inattentive,,,,,,,Yes,,Yes,,,,,,,Yes,,,,113,Weston,113,Weston (113),D12,619564.4888,4839631.867
15137,80975192,,12/11/2018,2018,1754,WESTON RD,LAWRENCE AVE W,,Major Arterial,Etobicoke York,43.700087,-79.516155,At Intersection,Traffic Signal,Clear,Dark,Dry,Non-Fatal Injury,Pedestrian Collisions,Pedestrian,55 to 59,Major,,South,,,,,Vehicle turns left while ped crosses with ROW at inter.,Crossing with right of way,Normal,,,,Yes,,Yes,,,,,,,Yes,,,,113,Weston,113,Weston (113),D12,619564.4888,4839631.867
15138,80975007,,12/11/2018,2018,1822,ELLESMERE  RD,NEILSON  RD,,Major Arterial,Scarborough,43.783148,-79.202258,Non Intersection,No Control,Clear,"Dark, artificial",Dry,Fatal,Pedestrian Collisions,Driver,75 to 79,None,,East,"Automobile, Station Wagon",Going Ahead,Driving Properly,Normal,,,,,,,Yes,,Yes,,,,,,,,,,,135,Morningside,135,Morningside (135),D43,644657.6128,4849357.622
15139,80975010,,12/11/2018,2018,1822,ELLESMERE  RD,NEILSON  RD,,Major Arterial,Scarborough,43.783148,-79.202258,Non Intersection,No Control,Clear,"Dark, artificial",Dry,Fatal,Pedestrian Collisions,Pedestrian,50 to 54,Fatal,60,Unknown,,,,,Pedestrian hit at mid-block,Other,Unknown,,,,Yes,,Yes,,,,,,,,,,,135,Morningside,135,Morningside (135),D43,644657.6128,4849357.622
15140,80975225,,14/11/2018,2018,827,KEELE ST,FOUR WINDS DR,,Major Arterial,North York,43.765643,-79.491611,At Intersection,Traffic Signal,Clear,Daylight,Dry,Non-Fatal Injury,Pedestrian Collisions,Driver,20 to 24,Minimal,,North,"Automobile, Station Wagon",Turning Left,Failed to Yield Right of Way,Normal,,,,,,,Yes,,Yes,,,,,,,Yes,Yes,,,27,York University Heights,27,York University Heights (27),D31,621409.6601,4846948.487
15141,80975226,,14/11/2018,2018,827,KEELE ST,FOUR WINDS DR,,Major Arterial,North York,43.765643,-79.491611,At Intersection,Traffic Signal,Clear,Daylight,Dry,Non-Fatal Injury,Pedestrian Collisions,Driver,30 to 34,None,,South,Pick Up Truck,Going Ahead,Disobeyed Traffic Control,Normal,,,,,,,Yes,,Yes,,,,,,,Yes,Yes,,,27,York University Heights,27,York University Heights (27),D31,621409.6601,4846948.487
15142,80975227,,14/11/2018,2018,827,KEELE ST,FOUR WINDS DR,,Major Arterial,North York,43.765643,-79.491611,At Intersection,Traffic Signal,Clear,Daylight,Dry,Non-Fatal Injury,Pedestrian Collisions,Pedestrian,50 to 54,Major,,Unknown,,,,,Pedestrian hit on sidewalk or shoulder,On Sidewalk or Shoulder,Normal,,,,Yes,,Yes,,,,,,,Yes,Yes,,,27,York University Heights,27,York University Heights (27),D31,621409.6601,4846948.487
15143,80975228,,14/11/2018,2018,827,KEELE ST,FOUR WINDS DR,,Major Arterial,North York,43.765643,-79.491611,At Intersection,Traffic Signal,Clear,Daylight,Dry,Non-Fatal Injury,Pedestrian Collisions,Pedestrian,10 to 14,Major,,Unknown,,,,,Pedestrian hit on sidewalk or shoulder,On Sidewalk or Shoulder,Normal,,,,Yes,,Yes,,,,,,,Yes,Yes,,,27,York University Heights,27,York University Heights (27),D31,621409.6601,4846948.487
15144,80975670,,14/11/2018,2018,1107,YORK MILLS RD,SCARSDALE RD,,Major Arterial,North York,43.753421,-79.357456,At Intersection,Traffic Signal,Clear,Daylight,Dry,Non-Fatal Injury,Pedestrian Collisions,Truck Driver,45 to 49,None,,North,"Truck - Closed (Blazer, etc)",Turning Right,Failed to Yield Right of Way,Inattentive,,,,,,,Yes,,,,Yes,,,,,Yes,,,,42,Banbury-Don Mills,42,Banbury-Don Mills (42),D33,632234.7673,4845796.483
15145,80975671,,14/11/2018,2018,1107,YORK MILLS RD,SCARSDALE RD,,Major Arterial,North York,43.753421,-79.357456,At Intersection,Traffic Signal,Clear,Daylight,Dry,Non-Fatal Injury,Pedestrian Collisions,Pedestrian,45 to 49,Major,,North,,,,,Vehicle turns right while ped crosses with ROW at inter.,Crossing with right of way,Medical or Physical Disability,,,,Yes,,,,Yes,,,,,Yes,,,,42,Banbury-Don Mills,42,Banbury-Don Mills (42),D33,632234.7673,4845796.483
15146,80975743,,16/11/2018,2018,1011,BRUCEWOOD CRES,COVINGTON RD,4 m South of,Collector,North York,43.720133,-79.433635,At Intersection,Stop Sign,Snow,Daylight,Slush,Non-Fatal Injury,Pedestrian Collisions,Driver,25 to 29,None,,South,Pick Up Truck,Turning Left,Improper Turn,Unknown,,,,,,,Yes,,Yes,,,,,,,,,,,32,Englemount-Lawrence,32,Englemount-Lawrence (32),D32,626171.7322,4841980.567
15147,80975744,,16/11/2018,2018,1011,BRUCEWOOD CRES,COVINGTON RD,4 m South of,Collector,North York,43.720133,-79.433635,At Intersection,Stop Sign,Snow,Daylight,Slush,Non-Fatal Injury,Pedestrian Collisions,Pedestrian,25 to 29,Major,,South,,,,,Vehicle turns left while ped crosses with ROW at inter.,Crossing with right of way,Normal,,,,Yes,,Yes,,,,,,,,,,,32,Englemount-Lawrence,32,Englemount-Lawrence (32),D32,626171.7322,4841980.567
15148,81127590,,16/11/2018,2018,2016,STEELES AVE E,BAYVIEW AVE,,Major Arterial,North York,43.803198,-79.39619,At Intersection,Traffic Signal,Snow,"Dark, artificial",Wet,Non-Fatal Injury,Pedestrian Collisions,Driver,20 to 24,None,,South,"Automobile, Station Wagon",Turning Left,Failed to Yield Right of Way,Normal,,,,,,,Yes,,Yes,,,,,,,Yes,,,,49,Bayview Woods-Steeles,49,Bayview Woods-Steeles (49),D33,629009.3184,4851263.874
15149,81127591,,16/11/2018,2018,2016,STEELES AVE E,BAYVIEW AVE,,Major Arterial,North York,43.803198,-79.39619,At Intersection,Traffic Signal,Snow,"Dark, artificial",Wet,Non-Fatal Injury,Pedestrian Collisions,Pedestrian,15 to 19,Major,,South,,,,,Vehicle turns left while ped crosses with ROW at inter.,Crossing with right of way,Normal,,,,Yes,,Yes,,,,,,,Yes,,,,49,Bayview Woods-Steeles,49,Bayview Woods-Steeles (49),D33,629009.3184,4851263.874
15150,81241031,,18/11/2018,2018,720,BLOOR ST W,AVENUE RD,,Major Arterial,Toronto and East York,43.668646,-79.394099,At Intersection,Traffic Signal,Clear,Daylight,Dry,Non-Fatal Injury,Angle,Driver,20 to 24,Minor,,North,"Automobile, Station Wagon",Going Ahead,Disobeyed Traffic Control,Inattentive,,,,,,,,,Yes,,,,,Yes,,Yes,Yes,,,169,Bay-Cloverhill,76,Bay Street Corridor (76),D52,629467.1625,4836323.169
15151,81241032,,18/11/2018,2018,720,BLOOR ST W,AVENUE RD,,Major Arterial,Toronto and East York,43.668646,-79.394099,At Intersection,Traffic Signal,Clear,Daylight,Dry,Non-Fatal Injury,Angle,Driver,25 to 29,Minimal,,East,Delivery Van,Going Ahead,Driving Properly,Normal,,,,,,,,,Yes,,,,,Yes,,Yes,Yes,,,169,Bay-Cloverhill,76,Bay Street Corridor (76),D52,629467.1625,4836323.169
15152,81241033,,18/11/2018,2018,720,BLOOR ST W,AVENUE RD,,Major Arterial,Toronto and East York,43.668646,-79.394099,At Intersection,Traffic Signal,Clear,Daylight,Dry,Non-Fatal Injury,Angle,Passenger,20 to 24,Major,,,,,,,,,,,,,,,Yes,,,,,Yes,,Yes,Yes,,,169,Bay-Cloverhill,76,Bay Street Corridor (76),D52,629467.1625,4836323.169
15153,81241034,,18/11/2018,2018,720,BLOOR ST W,AVENUE RD,,Major Arterial,Toronto and East York,43.668646,-79.394099,At Intersection,Traffic Signal,Clear,Daylight,Dry,Non-Fatal Injury,Angle,Passenger,30 to 34,Minor,,,,,,,,,,,,,,,Yes,,,,,Yes,,Yes,Yes,,,169,Bay-Cloverhill,76,Bay Street Corridor (76),D52,629467.1625,4836323.169
15154,80975531,,19/11/2018,2018,617,MCCOWAN RD,ALTON TOWERS CRCL,,Major Arterial,Scarborough,43.822432,-79.273952,At Intersection,Traffic Signal,Clear,Dark,Dry,Non-Fatal Injury,Pedestrian Collisions,Driver,60 to 64,None,,East,"Automobile, Station Wagon",Turning Left,Failed to Yield Right of Way,Inattentive,,,,,,,Yes,,Yes,,,,,Yes,,Yes,,,,130,Milliken,130,Milliken (130),D42,638797.5894,4853597.955
15155,80975532,,19/11/2018,2018,617,MCCOWAN RD,ALTON TOWERS CRCL,,Major Arterial,Scarborough,43.822432,-79.273952,At Intersection,Traffic Signal,Clear,Dark,Dry,Non-Fatal Injury,Pedestrian Collisions,Passenger,20 to 24,None,,,,,,,,,,,,,Yes,,Yes,,,,,Yes,,Yes,,,,130,Milliken,130,Milliken (130),D42,638797.5894,4853597.955
15156,80975533,,19/11/2018,2018,617,MCCOWAN RD,ALTON TOWERS CRCL,,Major Arterial,Scarborough,43.822432,-79.273952,At Intersection,Traffic Signal,Clear,Dark,Dry,Non-Fatal Injury,Pedestrian Collisions,Pedestrian,30 to 34,Major,,West,,,,,Vehicle turns left while ped crosses with ROW at inter.,Crossing with right of way,Normal,,,,Yes,,Yes,,,,,Yes,,Yes,,,,130,Milliken,130,Milliken (130),D42,638797.5894,4853597.955
15157,80975912,,19/11/2018,2018,847,WALPOLE AVE,GLENSIDE AVE,9 m West of,Collector,Toronto and East York,43.674464,-79.327205,At Intersection,Stop Sign,Clear,Daylight,Dry,Non-Fatal Injury,Pedestrian Collisions,Driver,60 to 64,None,,North,"Automobile, Station Wagon",Turning Left,Driving Properly,Normal,,,,,,,Yes,,Yes,,,,,,,,,,,65,Greenwood-Coxwell,65,Greenwood-Coxwell (65),D55,634847.1617,4837075.912
15158,80975913,,19/11/2018,2018,847,WALPOLE AVE,GLENSIDE AVE,9 m West of,Collector,Toronto and East York,43.674464,-79.327205,At Intersection,Stop Sign,Clear,Daylight,Dry,Non-Fatal Injury,Pedestrian Collisions,Pedestrian,0 to 4,Major,,North,,,,,Vehicle turns left while ped crosses without ROW at inter.,Running onto Roadway,Inattentive,,,,Yes,,Yes,,,,,,,,,,,65,Greenwood-Coxwell,65,Greenwood-Coxwell (65),D55,634847.1617,4837075.912
15159,81473480,,19/11/2018,2018,1353,828 DUNDAS ST W,,26 m East of,Major Arterial,Toronto and East York,43.65148,-79.409694,Intersection Related,No Control,Clear,Daylight,Dry,Non-Fatal Injury,SMV Other,Driver,65 to 69,Major,,East,"Automobile, Station Wagon",Turning Left,Driving Properly,Medical or Physical Disability,,,,,,,,,Yes,,,,,,,,,,Yes,81,Trinity-Bellwoods,81,Trinity-Bellwoods (81),D14,628246.4289,4834392.437
15160,81514425,,19/11/2018,2018,1353,828 DUNDAS ST W,,26 m East of,Major Arterial,Toronto and East York,43.65148,-79.409694,Intersection Related,No Control,Clear,Daylight,Dry,Non-Fatal Injury,SMV Other,Other,unknown,None,,,,,,,,,,,,,,,Yes,,,,,,,,,,Yes,81,Trinity-Bellwoods,81,Trinity-Bellwoods (81),D14,628246.4289,4834392.437
15161,81241076,,19/11/2018,2018,1837,ST CLAIR AVE W,WINONA DR,,Major Arterial,Etobicoke York,43.680205,-79.43246,At Intersection,Traffic Controller,Clear,"Dark, artificial",Dry,Non-Fatal Injury,Pedestrian Collisions,Driver,65 to 69,None,,East,"Automobile, Station Wagon",Going Ahead,Driving Properly,Normal,,,,,,,Yes,,Yes,,,,,,,,,,,94,Wychwood,94,Wychwood (94),D13,626350.2218,4837547.798
15162,81241077,,19/11/2018,2018,1837,ST CLAIR AVE W,WINONA DR,,Major Arterial,Etobicoke York,43.680205,-79.43246,At Intersection,Traffic Controller,Clear,"Dark, artificial",Dry,Non-Fatal Injury,Pedestrian Collisions,Pedestrian,45 to 49,Major,,North,,,,,Vehicle is going straight thru inter.while ped cross without ROW,Crossing without right of way,Normal,,,,Yes,,Yes,,,,,,,,,,,94,Wychwood,94,Wychwood (94),D13,626350.2218,4837547.798
15163,81335156,,20/11/2018,2018,130,MCCOWAN RD,LAWRENCE AVE E,50 m South o,Major Arterial,Scarborough,43.75495,-79.245265,Non Intersection,No Control,Clear,"Dark, artificial",Dry,Non-Fatal Injury,Pedestrian Collisions,Driver,20 to 24,None,,South,"Automobile, Station Wagon",Going Ahead,Other,Unknown,,,,,,,Yes,,Yes,,,,,,,,,,,157,Bendale South,127,Bendale (127),D43,641263.3288,4846151.537
15164,81335157,,20/11/2018,2018,130,MCCOWAN RD,LAWRENCE AVE E,50 m South o,Major Arterial,Scarborough,43.75495,-79.245265,Non Intersection,No Control,Clear,"Dark, artificial",Dry,Non-Fatal Injury,Pedestrian Collisions,Pedestrian,20 to 24,Major,,West,,,,,Pedestrian hit at mid-block,"Crossing, no Traffic Control",Inattentive,,,,Yes,,Yes,,,,,,,,,,,157,Bendale South,127,Bendale (127),D43,641263.3288,4846151.537
15165,80976179,,20/11/2018,2018,1606,DUFFERIN ST,STEEPROCK DR,52 m North o,Major Arterial,North York,43.761832,-79.465358,Non Intersection,No Control,Clear,"Dusk, artificial",Dry,Non-Fatal Injury,Pedestrian Collisions,Driver,60 to 64,None,,South,"Automobile, Station Wagon",Going Ahead,Driving Properly,Normal,,,,,,,Yes,,Yes,,,,,,,,,,,34,Bathurst Manor,34,Bathurst Manor (34),D32,623530.6148,4846564.043
15166,80976180,,20/11/2018,2018,1606,DUFFERIN ST,STEEPROCK DR,52 m North o,Major Arterial,North York,43.761832,-79.465358,Non Intersection,No Control,Clear,"Dusk, artificial",Dry,Non-Fatal Injury,Pedestrian Collisions,Pedestrian,20 to 24,Major,,East,,,,,Pedestrian hit at mid-block,"Crossing, no Traffic Control",Inattentive,,,,Yes,,Yes,,,,,,,,,,,34,Bathurst Manor,34,Bathurst Manor (34),D32,623530.6148,4846564.043
15167,80975009,,20/11/2018,2018,1804,665 LAWRENCE AVE W,,,Major Arterial,North York,43.715853,-79.444942,At Intersection,Traffic Signal,Clear,"Dark, artificial",Dry,Fatal,Pedestrian Collisions,Driver,50 to 54,Minor,,West,Municipal Transit Bus (TTC),Turning Left,Driving Properly,Inattentive,,,,,,,Yes,,,,,Yes,,,,,,,,31,Yorkdale-Glen Park,31,Yorkdale-Glen Park (31),D13,625269.8562,4841488.061
15168,80975446,,20/11/2018,2018,1804,665 LAWRENCE AVE W,,,Major Arterial,North York,43.715853,-79.444942,At Intersection,Traffic Signal,Clear,"Dark, artificial",Dry,Fatal,Pedestrian Collisions,Pedestrian,55 to 59,Fatal,61,West,,,,,Pedestrian involved in a collision with transit vehicle anywhere along roadway,Crossing marked crosswalk without ROW,Inattentive,,,,Yes,,,,,Yes,,,,,,,,31,Yorkdale-Glen Park,31,Yorkdale-Glen Park (31),D13,625269.8562,4841488.061
15169,80976307,,21/11/2018,2018,1306,EGLINTON  AVE W,WESTON RD,30 m East of,Major Arterial,Etobicoke York,43.686923,-79.48949,Intersection Related,No Control,Clear,Daylight,Loose Sand or Gravel,Non-Fatal Injury,Sideswipe,Driver,45 to 49,None,,West,Construction Equipment,Pulling Away from Shoulder or Curb,Other,Inattentive,,,,,,,,,Yes,,,,,,,,,,,115,Mount Dennis,115,Mount Dennis (115),D12,621739.7377,4838208.624
15170,80976308,,21/11/2018,2018,1306,EGLINTON  AVE W,WESTON RD,30 m East of,Major Arterial,Etobicoke York,43.686923,-79.48949,Intersection Related,No Control,Clear,Daylight,Loose Sand or Gravel,Non-Fatal Injury,Sideswipe,Driver,45 to 49,Major,,West,"Automobile, Station Wagon",Going Ahead,Driving Properly,Normal,,,,,,,,,Yes,,,,,,,,,,,115,Mount Dennis,115,Mount Dennis (115),D12,621739.7377,4838208.624
15171,80975527,,21/11/2018,2018,1952,DANFORTH RD,KENNEDY RD,,Minor Arterial,Scarborough,43.714774,-79.260837,At Intersection,Traffic Signal,Clear,Dark,Wet,Non-Fatal Injury,Pedestrian Collisions,Driver,unknown,None,,North,"Automobile, Station Wagon",Turning Left,Improper Turn,Inattentive,,,,,,,Yes,,Yes,,,,,,,,,,,120,Clairlea-Birchmount,120,Clairlea-Birchmount (120),D41,640103.3691,4841662.95