OBJECTID,INDEX,ACCNUM,DATE,ACCIDENT_YEAR,TIME,STREET1,STREET2,OFFSET,ROAD_CLASS,DISTRICT,LATITUDE,LONGITUDE,ACCLOC,TRAFFCTL,VISIBILITY,LIGHT,RDSFCOND,ACCLASS,IMPACTYPE,INVTYPE,INVAGE,INJURY,FATAL_NO,INITDIR,VEHTYPE,MANOEUVER,DRIVACT,DRIVCOND,PEDTYPE,PEDACT,PEDCOND,CYCLISTYPE,CYCACT,CYCCOND,PEDESTRIAN,CYCLIST,AUTOMOBILE,MOTORCYCLE,TRUCK,TRSN_CITY_VEH,EMERG_VEH,PASSENGER,SPEEDING,AG_DRIV,REDLIGHT,ALCOHOL,DISABILITY,HOOD_158,NEIGHBOURHOOD_158,HOOD_140,NEIGHBOURHOOD_140,DIVISION,x,y
15647,81270536,,16/06/2019,2019,1710,EVANS AVE,HORNER AVE,,Major Arterial,Etobicoke York,43.616923,-79.518802,At Intersection,Traffic Signal,Clear,Daylight,Dry,Non-Fatal Injury,Cyclist Collisions,Cyclist,50 to 54,Major,,East,Bicycle,Going Ahead,,,,,,"Cyclist without ROW rides into path of motorist at inter, lnwy, dwy-Cyclist not turn.",Disobeyed Traffic Control,Normal,,Yes,Yes,,,,,,,,,,,160,Mimico-Queensway,17,Mimico (includes Humber Bay Shores) (17),D22,619516.0779,4830391.617
15648,81270537,,16/06/2019,2019,1710,EVANS AVE,HORNER AVE,,Major Arterial,Etobicoke York,43.616923,-79.518802,At Intersection,Traffic Signal,Clear,Daylight,Dry,Non-Fatal Injury,Cyclist Collisions,Driver,70 to 74,None,,North,"Automobile, Station Wagon",Going Ahead,Driving Properly,Normal,,,,,,,,Yes,Yes,,,,,,,,,,,160,Mimico-Queensway,17,Mimico (includes Humber Bay Shores) (17),D22,619516.0779,4830391.617
15649,81269660,,18/06/2019,2019,1200,THE QUEENSWAY,NORTH QUEEN ST,,Major Arterial,Etobicoke York,43.614146,-79.55611,At Intersection,Traffic Signal,Clear,Daylight,Dry,Fatal,Turning Movement,Driver,15 to 19,None,,East,"Automobile, Station Wagon",Turning Left,Failed to Yield Right of Way,Normal,,,,,,,,,Yes,Yes,,,,Yes,,Yes,,,,159,Etobicoke City Centre,14,Islington-City Centre West (14),D22,616511.0785,4830030.177
15650,81269661,,18/06/2019,2019,1200,THE QUEENSWAY,NORTH QUEEN ST,,Major Arterial,Etobicoke York,43.614146,-79.55611,At Intersection,Traffic Signal,Clear,Daylight,Dry,Fatal,Turning Movement,Motorcycle Driver,75 to 79,Fatal,21,West,Motorcycle,Going Ahead,Driving Properly,Normal,,,,,,,,,Yes,Yes,,,,Yes,,Yes,,,,159,Etobicoke City Centre,14,Islington-City Centre West (14),D22,616511.0785,4830030.177
15651,81270269,,18/06/2019,2019,1200,THE QUEENSWAY,NORTH QUEEN ST,,Major Arterial,Etobicoke York,43.614146,-79.55611,At Intersection,Traffic Signal,Clear,Daylight,Dry,Fatal,Turning Movement,Passenger,15 to 19,None,,,"Automobile, Station Wagon",,,,,,,,,,,,Yes,Yes,,,,Yes,,Yes,,,,159,Etobicoke City Centre,14,Islington-City Centre West (14),D22,616511.0785,4830030.177
15652,81271076,,18/06/2019,2019,1416,LEARMONT DR,SANDWELL DR,,Local,Etobicoke York,43.688468,-79.565227,At Intersection,Stop Sign,Clear,Daylight,Dry,Non-Fatal Injury,SMV Other,Driver,70 to 74,Major,,West,Passenger Van,Going Ahead,Lost control,Normal,,,,,,,,,Yes,,,,,,,,,,,7,Willowridge-Martingrove-Richview,7,Willowridge-Martingrove-Richview (7),D23,615632.6893,4838271.826
15653,81456283,,19/06/2019,2019,925,BIRCHMOUNT RD,FOXRIDGE DR,,Minor Arterial,Scarborough,43.721755,-79.274471,At Intersection,Traffic Signal,Clear,Daylight,Dry,Non-Fatal Injury,Cyclist Collisions,Cyclist,20 to 24,Major,,North,Bicycle,Changing Lanes,,,,,,Cyclist and Driver travelling in same direction. One vehicle sideswipes the other.,Improper Lane Change,Normal,,Yes,Yes,,,,,Yes,,,,,,124,Kennedy Park,124,Kennedy Park (124),D41,638988.8866,4842415.336
15654,81456284,,19/06/2019,2019,925,BIRCHMOUNT RD,FOXRIDGE DR,,Minor Arterial,Scarborough,43.721755,-79.274471,At Intersection,Traffic Signal,Clear,Daylight,Dry,Non-Fatal Injury,Cyclist Collisions,Driver,25 to 29,None,,North,"Automobile, Station Wagon",Going Ahead,Driving Properly,Normal,,,,,,,,Yes,Yes,,,,,Yes,,,,,,124,Kennedy Park,124,Kennedy Park (124),D41,638988.8866,4842415.336
15655,81456285,,19/06/2019,2019,925,BIRCHMOUNT RD,FOXRIDGE DR,,Minor Arterial,Scarborough,43.721755,-79.274471,At Intersection,Traffic Signal,Clear,Daylight,Dry,Non-Fatal Injury,Cyclist Collisions,Passenger,20 to 24,Minimal,,,,,,,,,,,,,,Yes,Yes,,,,,Yes,,,,,,124,Kennedy Park,124,Kennedy Park (124),D41,638988.8866,4842415.336
15656,81431666,,20/06/2019,2019,1315,REGENT PARK BLVD,,,Major Arterial,Toronto and East York,43.660288,-79.361743,At Intersection,Traffic Signal,Clear,Daylight,Dry,Fatal,Pedestrian Collisions,Pedestrian,35 to 39,Fatal,23,Unknown,,,,,Pedestrian hit on sidewalk or shoulder,On Sidewalk or Shoulder,Normal,,,,Yes,,Yes,,,,,,,,,,,72,Regent Park,72,Regent Park (72),D51,632094.0498,4835445.907
15657,81431718,,20/06/2019,2019,1315,REGENT PARK BLVD,,,Major Arterial,Toronto and East York,43.660288,-79.361743,At Intersection,Traffic Signal,Clear,Daylight,Dry,Fatal,Pedestrian Collisions,Driver,40 to 44,None,,East,"Automobile, Station Wagon",Going Ahead,Lost control,"Ability Impaired, Drugs",,,,,,,Yes,,Yes,,,,,,,,,,,72,Regent Park,72,Regent Park (72),D51,632094.0498,4835445.907
15658,81322489,,20/06/2019,2019,1532,DANFORTH AVE,BYRON AVE,110 m West o,Major Arterial,Toronto and East York,43.680533,-79.336284,Non Intersection,No Control,Clear,Daylight,Dry,Non-Fatal Injury,Turning Movement,Driver,70 to 74,None,,East,"Automobile, Station Wagon",Making U Turn,Improper Turn,Normal,,,,,,,,,Yes,Yes,,,,Yes,,,,,,69,Blake-Jones,69,Blake-Jones (69),D55,634101.7576,4837735.238
15659,81322490,,20/06/2019,2019,1532,DANFORTH AVE,BYRON AVE,110 m West o,Major Arterial,Toronto and East York,43.680533,-79.336284,Non Intersection,No Control,Clear,Daylight,Dry,Non-Fatal Injury,Turning Movement,Motorcycle Driver,45 to 49,Major,,West,Motorcycle,Going Ahead,Driving Properly,Normal,,,,,,,,,Yes,Yes,,,,Yes,,,,,,69,Blake-Jones,69,Blake-Jones (69),D55,634101.7576,4837735.238
15660,81322491,,20/06/2019,2019,1532,DANFORTH AVE,BYRON AVE,110 m West o,Major Arterial,Toronto and East York,43.680533,-79.336284,Non Intersection,No Control,Clear,Daylight,Dry,Non-Fatal Injury,Turning Movement,Passenger,65 to 69,None,,,,,,,,,,,,,,,Yes,Yes,,,,Yes,,,,,,69,Blake-Jones,69,Blake-Jones (69),D55,634101.7576,4837735.238
15661,81331474,,20/06/2019,2019,2204,ST CLAIR AVE E,BIRCHMOUNT RD,2 m East of,Major Arterial,Scarborough,43.714087,-79.271083,At Intersection,Traffic Signal,Rain,"Dark, artificial",Wet,Non-Fatal Injury,Pedestrian Collisions,Driver,unknown,None,,East,"Automobile, Station Wagon",Turning Right,Failed to Yield Right of Way,Unknown,,,,,,,Yes,,Yes,,,,,,,Yes,,,,120,Clairlea-Birchmount,120,Clairlea-Birchmount (120),D41,639279.5543,4841569.38
15662,81331475,,20/06/2019,2019,2204,ST CLAIR AVE E,BIRCHMOUNT RD,2 m East of,Major Arterial,Scarborough,43.714087,-79.271083,At Intersection,Traffic Signal,Rain,"Dark, artificial",Wet,Non-Fatal Injury,Pedestrian Collisions,Pedestrian,20 to 24,Major,,Unknown,,,,,Vehicle turns right while ped crosses with ROW at inter.,Crossing with right of way,Normal,,,,Yes,,Yes,,,,,,,Yes,,,,120,Clairlea-Birchmount,120,Clairlea-Birchmount (120),D41,639279.5543,4841569.38
15663,81321892,,21/06/2019,2019,1230,ISLINGTON AVE,MEADOWVALE DR,,Major Arterial,Etobicoke York,43.642836,-79.522624,At Intersection,No Control,Clear,Daylight,Dry,Non-Fatal Injury,Turning Movement,Driver,65 to 69,None,,North,Pick Up Truck,Turning Left,Failed to Yield Right of Way,Inattentive,,,,,,,,,Yes,Yes,,,,,,Yes,,,,16,Stonegate-Queensway,16,Stonegate-Queensway (16),D22,619156.4678,4833264.083
15664,81321893,,21/06/2019,2019,1230,ISLINGTON AVE,MEADOWVALE DR,,Major Arterial,Etobicoke York,43.642836,-79.522624,At Intersection,No Control,Clear,Daylight,Dry,Non-Fatal Injury,Turning Movement,Motorcycle Driver,30 to 34,Major,,South,Motorcycle,Going Ahead,Driving Properly,Normal,,,,,,,,,Yes,Yes,,,,,,Yes,,,,16,Stonegate-Queensway,16,Stonegate-Queensway (16),D22,619156.4678,4833264.083
15665,81270265,,22/06/2019,2019,1909,LAWRENCE AVE E,SCARBOROUGH GOLF CLUB RD,3 metres eas,Major Arterial,Scarborough,43.761779,-79.215801,At Intersection,Traffic Signal,Clear,Daylight,Dry,Fatal,Angle,Passenger,10 to 14,Minor,,,"Automobile, Station Wagon",,,,,,,,,,,,Yes,,,,,Yes,,Yes,Yes,,,141,Golfdale-Cedarbrae-Woburn,137,Woburn (137),D43,643618.9897,4846960.681
15666,81270267,,22/06/2019,2019,1909,LAWRENCE AVE E,SCARBOROUGH GOLF CLUB RD,3 metres eas,Major Arterial,Scarborough,43.761779,-79.215801,At Intersection,Traffic Signal,Clear,Daylight,Dry,Fatal,Angle,Passenger,70 to 74,Minor,,,,,,,,,,,,,,,Yes,,,,,Yes,,Yes,Yes,,,141,Golfdale-Cedarbrae-Woburn,137,Woburn (137),D43,643618.9897,4846960.681
15667,81270756,,22/06/2019,2019,1909,LAWRENCE AVE E,SCARBOROUGH GOLF CLUB RD,3 metres eas,Major Arterial,Scarborough,43.761779,-79.215801,At Intersection,Traffic Signal,Clear,Daylight,Dry,Fatal,Angle,Driver,75 to 79,Fatal,24,South,"Automobile, Station Wagon",Going Ahead,Driving Properly,Normal,,,,,,,,,Yes,,,,,Yes,,Yes,Yes,,,141,Golfdale-Cedarbrae-Woburn,137,Woburn (137),D43,643618.9897,4846960.681
15668,81270757,,22/06/2019,2019,1909,LAWRENCE AVE E,SCARBOROUGH GOLF CLUB RD,3 metres eas,Major Arterial,Scarborough,43.761779,-79.215801,At Intersection,Traffic Signal,Clear,Daylight,Dry,Fatal,Angle,Passenger,20 to 24,Minor,,,"Automobile, Station Wagon",,,,,,,,,,,,Yes,,,,,Yes,,Yes,Yes,,,141,Golfdale-Cedarbrae-Woburn,137,Woburn (137),D43,643618.9897,4846960.681
15669,81270758,,22/06/2019,2019,1909,LAWRENCE AVE E,SCARBOROUGH GOLF CLUB RD,3 metres eas,Major Arterial,Scarborough,43.761779,-79.215801,At Intersection,Traffic Signal,Clear,Daylight,Dry,Fatal,Angle,Driver,20 to 24,None,,West,"Automobile, Station Wagon",Going Ahead,Disobeyed Traffic Control,Unknown,,,,,,,,,Yes,,,,,Yes,,Yes,Yes,,,141,Golfdale-Cedarbrae-Woburn,137,Woburn (137),D43,643618.9897,4846960.681
15670,81465355,,25/06/2019,2019,820,PHARMACY AVE,PRINCEWAY DR,2 m North of,Minor Arterial,Scarborough,43.753077,-79.308605,At Intersection,Stop Sign,Clear,Daylight,Dry,Non-Fatal Injury,Turning Movement,Driver,30 to 34,None,,East,"Automobile, Station Wagon",Turning Left,Improper Turn,Normal,,,,,,,,,Yes,Yes,,,,,,,,,,119,Wexford/Maryvale,119,Wexford/Maryvale (119),D41,636168.3914,4845837.428
15671,81465356,,25/06/2019,2019,820,PHARMACY AVE,PRINCEWAY DR,2 m North of,Minor Arterial,Scarborough,43.753077,-79.308605,At Intersection,Stop Sign,Clear,Daylight,Dry,Non-Fatal Injury,Turning Movement,Motorcycle Driver,30 to 34,Major,,South,Motorcycle,Going Ahead,Driving Properly,Normal,,,,,,,,,Yes,Yes,,,,,,,,,,119,Wexford/Maryvale,119,Wexford/Maryvale (119),D41,636168.3914,4845837.428
15672,81333195,,25/06/2019,2019,1609,NORTHLAND AVE,WESTON RD,,Major Arterial,Etobicoke York,43.678828,-79.474033,At Intersection,Traffic Signal,Clear,Daylight,Dry,Non-Fatal Injury,Cyclist Collisions,Driver,50 to 54,Minimal,,East,Pick Up Truck,Turning Left,Driving Properly,Normal,,,,,,,,Yes,Yes,,,,,,,,,,,90,Junction Area,90,Junction Area (90),D12,623002.049,4837332.371
15673,81333196,,25/06/2019,2019,1609,NORTHLAND AVE,WESTON RD,,Major Arterial,Etobicoke York,43.678828,-79.474033,At Intersection,Traffic Signal,Clear,Daylight,Dry,Non-Fatal Injury,Cyclist Collisions,Cyclist,10 to 14,Major,,West,Bicycle,Going Ahead,,,,,,"Cyclist without ROW rides into path of motorist at inter, lnwy, dwy-Cyclist not turn.",Other,Normal,,Yes,Yes,,,,,,,,,,,90,Junction Area,90,Junction Area (90),D12,623002.049,4837332.371
15674,81278203,,25/06/2019,2019,2002,MIDLAND AVE,MIDWEST RD,,Major Arterial,Scarborough,43.75466,-79.266162,Non Intersection,No Control,Clear,Daylight,Dry,Non-Fatal Injury,Pedestrian Collisions,Driver,20 to 24,None,,North,"Automobile, Station Wagon",Going Ahead,Other,Unknown,,,,,,,Yes,,Yes,,,,,Yes,,,,,,156,Bendale-Glen Andrew,127,Bendale (127),D41,639581.6896,4846083.898
15675,81278204,,25/06/2019,2019,2002,MIDLAND AVE,MIDWEST RD,,Major Arterial,Scarborough,43.75466,-79.266162,Non Intersection,No Control,Clear,Daylight,Dry,Non-Fatal Injury,Pedestrian Collisions,Driver,40 to 44,None,,North,"Automobile, Station Wagon",Going Ahead,Driving Properly,Normal,,,,,,,Yes,,Yes,,,,,Yes,,,,,,156,Bendale-Glen Andrew,127,Bendale (127),D41,639581.6896,4846083.898
15676,81278205,,25/06/2019,2019,2002,MIDLAND AVE,MIDWEST RD,,Major Arterial,Scarborough,43.75466,-79.266162,Non Intersection,No Control,Clear,Daylight,Dry,Non-Fatal Injury,Pedestrian Collisions,Driver,40 to 44,None,,North,Pick Up Truck,Turning Left,Driving Properly,Normal,,,,,,,Yes,,Yes,,,,,Yes,,,,,,156,Bendale-Glen Andrew,127,Bendale (127),D41,639581.6896,4846083.898
15677,81278206,,25/06/2019,2019,2002,MIDLAND AVE,MIDWEST RD,,Major Arterial,Scarborough,43.75466,-79.266162,Non Intersection,No Control,Clear,Daylight,Dry,Non-Fatal Injury,Pedestrian Collisions,Pedestrian,35 to 39,Major,,Unknown,,,,,Pedestrian hit at mid-block,Other,Normal,,,,Yes,,Yes,,,,,Yes,,,,,,156,Bendale-Glen Andrew,127,Bendale (127),D41,639581.6896,4846083.898
15678,81278207,,25/06/2019,2019,2002,MIDLAND AVE,MIDWEST RD,,Major Arterial,Scarborough,43.75466,-79.266162,Non Intersection,No Control,Clear,Daylight,Dry,Non-Fatal Injury,Pedestrian Collisions,Driver,55 to 59,None,,North,Passenger Van,Going Ahead,Driving Properly,Normal,,,,,,,Yes,,Yes,,,,,Yes,,,,,,156,Bendale-Glen Andrew,127,Bendale (127),D41,639581.6896,4846083.898
15679,81278208,,25/06/2019,2019,2002,MIDLAND AVE,MIDWEST RD,,Major Arterial,Scarborough,43.75466,-79.266162,Non Intersection,No Control,Clear,Daylight,Dry,Non-Fatal Injury,Pedestrian Collisions,Passenger,20 to 24,None,,,,,,,,,,,,,Yes,,Yes,,,,,Yes,,,,,,156,Bendale-Glen Andrew,127,Bendale (127),D41,639581.6896,4846083.898
15680,81278209,,25/06/2019,2019,2002,MIDLAND AVE,MIDWEST RD,,Major Arterial,Scarborough,43.75466,-79.266162,Non Intersection,No Control,Clear,Daylight,Dry,Non-Fatal Injury,Pedestrian Collisions,Passenger,20 to 24,None,,,,,,,,,,,,,Yes,,Yes,,,,,Yes,,,,,,156,Bendale-Glen Andrew,127,Bendale (127),D41,639581.6896,4846083.898
15681,81278210,,25/06/2019,2019,2002,MIDLAND AVE,MIDWEST RD,,Major Arterial,Scarborough,43.75466,-79.266162,Non Intersection,No Control,Clear,Daylight,Dry,Non-Fatal Injury,Pedestrian Collisions,Passenger,20 to 24,None,,,,,,,,,,,,,Yes,,Yes,,,,,Yes,,,,,,156,Bendale-Glen Andrew,127,Bendale (127),D41,639581.6896,4846083.898
15682,81271124,,25/06/2019,2019,2213,715 FINCH AVE W,,6 m North of,Major Arterial,North York,43.76932,-79.464435,At/Near Private Drive,No Control,Clear,"Dark, artificial",Dry,Non-Fatal Injury,Turning Movement,Driver,65 to 69,Minimal,,West,"Automobile, Station Wagon",Turning Left,Failed to Yield Right of Way,Inattentive,,,,,,,,,Yes,Yes,,,,,,Yes,,,,34,Bathurst Manor,34,Bathurst Manor (34),D32,623589.4909,4847397.075
15683,81271125,,25/06/2019,2019,2213,715 FINCH AVE W,,6 m North of,Major Arterial,North York,43.76932,-79.464435,At/Near Private Drive,No Control,Clear,"Dark, artificial",Dry,Non-Fatal Injury,Turning Movement,Motorcycle Driver,55 to 59,Major,,East,Motorcycle,Going Ahead,Driving Properly,Normal,,,,,,,,,Yes,Yes,,,,,,Yes,,,,34,Bathurst Manor,34,Bathurst Manor (34),D32,623589.4909,4847397.075
15684,81270264,,26/06/2019,2019,902,VICTORIA ST,QUEEN ST E,,Major Arterial,Toronto and East York,43.65261,-79.378055,At Intersection,Traffic Signal,Clear,Daylight,Dry,Fatal,Pedestrian Collisions,Driver,40 to 44,None,,South,Truck - Open,Going Ahead,Driving Properly,Unknown,,,,,,,Yes,,,,Yes,,,,,,,,,168,Downtown Yonge East,75,Church-Yonge Corridor (75),D51,630795.4543,4834567.322
15685,81270268,,26/06/2019,2019,902,VICTORIA ST,QUEEN ST E,,Major Arterial,Toronto and East York,43.65261,-79.378055,At Intersection,Traffic Signal,Clear,Daylight,Dry,Fatal,Pedestrian Collisions,Pedestrian,55 to 59,Fatal,25,East,,,,,Vehicle is going straight thru inter.while ped cross without ROW,Crossing marked crosswalk without ROW,Unknown,,,,Yes,,,,Yes,,,,,,,,,168,Downtown Yonge East,75,Church-Yonge Corridor (75),D51,630795.4543,4834567.322
15686,81278366,,27/06/2019,2019,1850,LAKE SHORE BLVD W,TENTH ST,6 m West of,Major Arterial,Etobicoke York,43.599944,-79.508594,At Intersection,Traffic Signal,Clear,Daylight,Dry,Non-Fatal Injury,Pedestrian Collisions,Driver,40 to 44,None,,North,Pick Up Truck,Turning Left,Failed to Yield Right of Way,Inattentive,,,,,,,Yes,,Yes,,,,,,,Yes,,,,18,New Toronto,18,New Toronto (18),D22,620373.6193,4828520.638
15687,81278367,,27/06/2019,2019,1850,LAKE SHORE BLVD W,TENTH ST,6 m West of,Major Arterial,Etobicoke York,43.599944,-79.508594,At Intersection,Traffic Signal,Clear,Daylight,Dry,Non-Fatal Injury,Pedestrian Collisions,Pedestrian,80 to 84,Major,,South,,,,,Vehicle turns left while ped crosses with ROW at inter.,Crossing with right of way,Normal,,,,Yes,,Yes,,,,,,,Yes,,,,18,New Toronto,18,New Toronto (18),D22,620373.6193,4828520.638
15688,81278245,,28/06/2019,2019,1222,ADELAIDE ST E,BERKELEY ST,1 m West of,Major Arterial,Toronto and East York,43.652915,-79.364742,At Intersection,Traffic Signal,Clear,Daylight,Dry,Non-Fatal Injury,Cyclist Collisions,Cyclist,60 to 64,Major,,East,Bicycle,Turning Left,,,,,,Cyclist turned left across motorists path.,Improper Turn,Normal,,Yes,Yes,,,,,Yes,,,,,,73,Moss Park,73,Moss Park (73),D51,631868.3735,4834622.267
15689,81278246,,28/06/2019,2019,1222,ADELAIDE ST E,BERKELEY ST,1 m West of,Major Arterial,Toronto and East York,43.652915,-79.364742,At Intersection,Traffic Signal,Clear,Daylight,Dry,Non-Fatal Injury,Cyclist Collisions,Driver,25 to 29,None,,East,"Automobile, Station Wagon",Going Ahead,Driving Properly,Normal,,,,,,,,Yes,Yes,,,,,Yes,,,,,,73,Moss Park,73,Moss Park (73),D51,631868.3735,4834622.267
15690,81278247,,28/06/2019,2019,1222,ADELAIDE ST E,BERKELEY ST,1 m West of,Major Arterial,Toronto and East York,43.652915,-79.364742,At Intersection,Traffic Signal,Clear,Daylight,Dry,Non-Fatal Injury,Cyclist Collisions,Passenger,25 to 29,None,,,,,,,,,,,,,,Yes,Yes,,,,,Yes,,,,,,73,Moss Park,73,Moss Park (73),D51,631868.3735,4834622.267
15691,81278248,,28/06/2019,2019,1222,ADELAIDE ST E,BERKELEY ST,1 m West of,Major Arterial,Toronto and East York,43.652915,-79.364742,At Intersection,Traffic Signal,Clear,Daylight,Dry,Non-Fatal Injury,Cyclist Collisions,Passenger,25 to 29,None,,,,,,,,,,,,,,Yes,Yes,,,,,Yes,,,,,,73,Moss Park,73,Moss Park (73),D51,631868.3735,4834622.267
15692,81334487,,01/07/2019,2019,719,ST CLAIR AVE W,OAKWOOD AVE,,Major Arterial,North York,43.679583,-79.43568,At Intersection,Traffic Signal,Clear,Daylight,Dry,Non-Fatal Injury,Pedestrian Collisions,Driver,55 to 59,None,,West,"Automobile, Station Wagon",Going Ahead,Driving Properly,Normal,,,,,,,Yes,,Yes,,,,,,,,,,,94,Wychwood,94,Wychwood (94),D13,626091.9769,4837473.816
15693,81334488,,01/07/2019,2019,719,ST CLAIR AVE W,OAKWOOD AVE,,Major Arterial,North York,43.679583,-79.43568,At Intersection,Traffic Signal,Clear,Daylight,Dry,Non-Fatal Injury,Pedestrian Collisions,Pedestrian,60 to 64,Major,,South,,,,,Vehicle is going straight thru inter.while ped cross without ROW,Crossing without right of way,Inattentive,,,,Yes,,Yes,,,,,,,,,,,94,Wychwood,94,Wychwood (94),D13,626091.9769,4837473.816
15694,81333134,,02/07/2019,2019,1015,BRIMLEY RD,KINGSTON RD,,Major Arterial,Scarborough,43.718154,-79.240329,At Intersection,Traffic Signal,Clear,Daylight,Dry,Non-Fatal Injury,Angle,Driver,55 to 59,None,,South,"Automobile, Station Wagon",Going Ahead,Disobeyed Traffic Control,Inattentive,,,,,,,,,Yes,,,,,Yes,,Yes,Yes,,,123,Cliffcrest,123,Cliffcrest (123),D43,641747.5013,4842073.219
15695,81333135,,02/07/2019,2019,1015,BRIMLEY RD,KINGSTON RD,,Major Arterial,Scarborough,43.718154,-79.240329,At Intersection,Traffic Signal,Clear,Daylight,Dry,Non-Fatal Injury,Angle,Driver,50 to 54,Minor,,East,"Automobile, Station Wagon",Going Ahead,Driving Properly,Normal,,,,,,,,,Yes,,,,,Yes,,Yes,Yes,,,123,Cliffcrest,123,Cliffcrest (123),D43,641747.5013,4842073.219
15696,81333136,,02/07/2019,2019,1015,BRIMLEY RD,KINGSTON RD,,Major Arterial,Scarborough,43.718154,-79.240329,At Intersection,Traffic Signal,Clear,Daylight,Dry,Non-Fatal Injury,Angle,Driver,30 to 34,None,,North,"Automobile, Station Wagon",Stopped,Driving Properly,Normal,,,,,,,,,Yes,,,,,Yes,,Yes,Yes,,,123,Cliffcrest,123,Cliffcrest (123),D43,641747.5013,4842073.219
15697,81333137,,02/07/2019,2019,1015,BRIMLEY RD,KINGSTON RD,,Major Arterial,Scarborough,43.718154,-79.240329,At Intersection,Traffic Signal,Clear,Daylight,Dry,Non-Fatal Injury,Angle,Passenger,60 to 64,Major,,,,,,,,,,,,,,,Yes,,,,,Yes,,Yes,Yes,,,123,Cliffcrest,123,Cliffcrest (123),D43,641747.5013,4842073.219
15698,81333138,,02/07/2019,2019,1015,BRIMLEY RD,KINGSTON RD,,Major Arterial,Scarborough,43.718154,-79.240329,At Intersection,Traffic Signal,Clear,Daylight,Dry,Non-Fatal Injury,Angle,Passenger,25 to 29,None,,,,,,,,,,,,,,,Yes,,,,,Yes,,Yes,Yes,,,123,Cliffcrest,123,Cliffcrest (123),D43,641747.5013,4842073.219
15699,81408531,,03/07/2019,2019,635,MORTIMER AVE,WOODBINE AVE,19 m East of,Minor Arterial,Toronto and East York,43.692423,-79.3157,At Intersection,Stop Sign,Clear,Daylight,Dry,Non-Fatal Injury,SMV Other,Driver,40 to 44,Major,,East,"Automobile, Station Wagon",Going Ahead,Lost control,Medical or Physical Disability,,,,,,,,,Yes,,,,,,,,,,Yes,60,Woodbine-Lumsden,60,Woodbine-Lumsden (60),D55,635734.1032,4839089.277
15700,81271057,,03/07/2019,2019,735,DAVENPORT RD,HECTOR AVE,,Minor Arterial,Toronto and East York,43.67525,-79.424037,At Intersection,No Control,Clear,"Daylight, artificial",Dry,Non-Fatal Injury,Cyclist Collisions,Driver,40 to 44,None,,West,"Automobile, Station Wagon",Turning Left,Failed to Yield Right of Way,Inattentive,,,,,,,,Yes,Yes,,,,,,,Yes,,,,94,Wychwood,94,Wychwood (94),D13,627039.6133,4837010.344
15701,81271058,,03/07/2019,2019,735,DAVENPORT RD,HECTOR AVE,,Minor Arterial,Toronto and East York,43.67525,-79.424037,At Intersection,No Control,Clear,"Daylight, artificial",Dry,Non-Fatal Injury,Cyclist Collisions,Cyclist,45 to 49,Major,,East,Bicycle,Going Ahead,,,,,,Motorist turned left across cyclists path.,Driving Properly,Normal,,Yes,Yes,,,,,,,Yes,,,,94,Wychwood,94,Wychwood (94),D13,627039.6133,4837010.344
15702,81270923,,03/07/2019,2019,920,LAWRENCE AVE W,KEELE ST,10 m East of,Major Arterial,Etobicoke York,43.708586,-79.478023,Non Intersection,No Control,Clear,Daylight,Dry,Non-Fatal Injury,Pedestrian Collisions,Driver,45 to 49,Minimal,,West,"Automobile, Station Wagon",Going Ahead,Driving Properly,Normal,,,,,,,Yes,,Yes,,,,,,,,,,,30,Brookhaven-Amesbury,30,Brookhaven-Amesbury (30),D12,622619.7663,4840631.494
15703,81270924,,03/07/2019,2019,920,LAWRENCE AVE W,KEELE ST,10 m East of,Major Arterial,Etobicoke York,43.708586,-79.478023,Non Intersection,No Control,Clear,Daylight,Dry,Non-Fatal Injury,Pedestrian Collisions,Pedestrian,50 to 54,Major,,South,,,,,Pedestrian hit at mid-block,Running onto Roadway,Inattentive,,,,Yes,,Yes,,,,,,,,,,,30,Brookhaven-Amesbury,30,Brookhaven-Amesbury (30),D12,622619.7663,4840631.494
15704,81513253,,04/07/2019,2019,910,PHARMACY AVE,LAWRENCE AVE E,,Major Arterial,Scarborough,43.74317,-79.304607,At Intersection,Traffic Signal,Clear,Daylight,Dry,Non-Fatal Injury,Turning Movement,Driver,60 to 64,None,,South,School Bus,Turning Left,Failed to Yield Right of Way,Inattentive,,,,,,,,,,Yes,,,,,,Yes,,,,119,Wexford/Maryvale,119,Wexford/Maryvale (119),D41,636512.7807,4844743.687
15705,81513254,,04/07/2019,2019,910,PHARMACY AVE,LAWRENCE AVE E,,Major Arterial,Scarborough,43.74317,-79.304607,At Intersection,Traffic Signal,Clear,Daylight,Dry,Non-Fatal Injury,Turning Movement,Motorcycle Driver,55 to 59,Major,,North,Motorcycle,Going Ahead,Driving Properly,Normal,,,,,,,,,,Yes,,,,,,Yes,,,,119,Wexford/Maryvale,119,Wexford/Maryvale (119),D41,636512.7807,4844743.687
15706,81321772,,04/07/2019,2019,1915,YONGE ST,ABITIBI AVE,,Major Arterial,North York,43.796252,-79.419589,At Intersection,No Control,Clear,Daylight,Dry,Non-Fatal Injury,Turning Movement,Driver,30 to 34,Major,,North,"Automobile, Station Wagon",Going Ahead,Speed too Fast For Condition,Normal,,,,,,,,,Yes,,,,,Yes,Yes,Yes,,,,50,Newtonbrook East,50,Newtonbrook East (50),D32,627141.8355,4850456.199
15707,81321773,,04/07/2019,2019,1915,YONGE ST,ABITIBI AVE,,Major Arterial,North York,43.796252,-79.419589,At Intersection,No Control,Clear,Daylight,Dry,Non-Fatal Injury,Turning Movement,Driver,70 to 74,Minor,,South,"Automobile, Station Wagon",Turning Left,Driving Properly,Normal,,,,,,,,,Yes,,,,,Yes,Yes,Yes,,,,50,Newtonbrook East,50,Newtonbrook East (50),D32,627141.8355,4850456.199