OBJECTID,INDEX,ACCNUM,DATE,ACCIDENT_YEAR,TIME,STREET1,STREET2,OFFSET,ROAD_CLASS,DISTRICT,LATITUDE,LONGITUDE,ACCLOC,TRAFFCTL,VISIBILITY,LIGHT,RDSFCOND,ACCLASS,IMPACTYPE,INVTYPE,INVAGE,INJURY,FATAL_NO,INITDIR,VEHTYPE,MANOEUVER,DRIVACT,DRIVCOND,PEDTYPE,PEDACT,PEDCOND,CYCLISTYPE,CYCACT,CYCCOND,PEDESTRIAN,CYCLIST,AUTOMOBILE,MOTORCYCLE,TRUCK,TRSN_CITY_VEH,EMERG_VEH,PASSENGER,SPEEDING,AG_DRIV,REDLIGHT,ALCOHOL,DISABILITY,HOOD_158,NEIGHBOURHOOD_158,HOOD_140,NEIGHBOURHOOD_140,DIVISION,x,y
16062,81335257,,28/10/2019,2019,629,EGLINTON  AVE E,DON MILLS  RD,,Major Arterial,North York,43.720427,-79.338832,At Intersection,Traffic Signal,Clear,"Dark, artificial",Dry,Fatal,Pedestrian Collisions,Driver,60 to 64,None,,North,"Automobile, Station Wagon",Turning Right,Lost control,Medical or Physical Disability,Vehicle turns right while ped crosses without ROW at inter.,,,,,,Yes,,Yes,,,,,,,,,,Yes,44,Flemingdon Park,44,Flemingdon Park (44),D55,633807.5996,4842161.914
16063,81401745,,28/10/2019,2019,629,EGLINTON  AVE E,DON MILLS  RD,,Major Arterial,North York,43.720427,-79.338832,At Intersection,Traffic Signal,Clear,"Dark, artificial",Dry,Fatal,Pedestrian Collisions,Pedestrian,70 to 74,Fatal,49,South,,,,,,Crossing without right of way,Normal,,,,Yes,,Yes,,,,,,,,,,Yes,44,Flemingdon Park,44,Flemingdon Park (44),D55,633807.5996,4842161.914
16064,81335258,,28/10/2019,2019,1005,ST CLAIR  AVE W,CASTLETON  AVE,,Major Arterial,Etobicoke York,43.668429,-79.485637,Intersection Related,Stop Sign,Clear,Daylight,Dry,Fatal,Pedestrian Collisions,Pedestrian,80 to 84,Fatal,50,North,,,,,Vehicle turns left while ped crosses without ROW at inter.,"Crossing, no Traffic Control",Normal,,,,Yes,,Yes,,,,,,,,,,,111,Rockcliffe-Smythe,111,Rockcliffe-Smythe (111),D11,622087.7738,4836160.282
16065,81335259,,28/10/2019,2019,1005,ST CLAIR  AVE W,CASTLETON  AVE,,Major Arterial,Etobicoke York,43.668429,-79.485637,Intersection Related,Stop Sign,Clear,Daylight,Dry,Fatal,Pedestrian Collisions,Pedestrian,65 to 69,Major,,North,,,,,Vehicle turns left while ped crosses without ROW at inter.,"Crossing, no Traffic Control",Normal,,,,Yes,,Yes,,,,,,,,,,,111,Rockcliffe-Smythe,111,Rockcliffe-Smythe (111),D11,622087.7738,4836160.282
16066,81335260,,28/10/2019,2019,1005,ST CLAIR  AVE W,CASTLETON  AVE,,Major Arterial,Etobicoke York,43.668429,-79.485637,Intersection Related,Stop Sign,Clear,Daylight,Dry,Fatal,Pedestrian Collisions,Driver,50 to 54,None,,South,Delivery Van,Turning Left,Driving Properly,Normal,,,,,,,Yes,,Yes,,,,,,,,,,,111,Rockcliffe-Smythe,111,Rockcliffe-Smythe (111),D11,622087.7738,4836160.282
16067,81466040,,29/10/2019,2019,715,PROGRESS AVE,KENNEDY RD,5 m South of,Major Arterial,Scarborough,43.769351,-79.282222,At Intersection,Traffic Signal,"Fog, Mist, Smoke, Dust","Dark, artificial",Dry,Non-Fatal Injury,Pedestrian Collisions,Driver,35 to 39,None,,West,"Automobile, Station Wagon",Turning Left,Driving Properly,Normal,,,,,,,Yes,,Yes,,,,,,,,,,,126,Dorset Park,126,Dorset Park (126),D41,638254.9279,4847688.619
16068,81466041,,29/10/2019,2019,715,PROGRESS AVE,KENNEDY RD,5 m South of,Major Arterial,Scarborough,43.769351,-79.282222,At Intersection,Traffic Signal,"Fog, Mist, Smoke, Dust","Dark, artificial",Dry,Non-Fatal Injury,Pedestrian Collisions,Pedestrian,20 to 24,Major,,East,,,,,Vehicle turns left while ped crosses without ROW at inter.,Other,Normal,,,,Yes,,Yes,,,,,,,,,,,126,Dorset Park,126,Dorset Park (126),D41,638254.9279,4847688.619
16069,81461503,,30/10/2019,2019,304,RICHMOND ST E,JARVIS ST,,Major Arterial,Toronto and East York,43.652632,-79.372791,At Intersection,Traffic Signal,Clear,"Dark, artificial",Dry,Non-Fatal Injury,Pedestrian Collisions,Driver,55 to 59,None,,South,"Automobile, Station Wagon",Going Ahead,Failed to Yield Right of Way,Inattentive,,,,,,,Yes,,Yes,,,,,,,Yes,,,,73,Moss Park,73,Moss Park (73),D51,631219.9057,4834578.076
16070,81461504,,30/10/2019,2019,304,RICHMOND ST E,JARVIS ST,,Major Arterial,Toronto and East York,43.652632,-79.372791,At Intersection,Traffic Signal,Clear,"Dark, artificial",Dry,Non-Fatal Injury,Pedestrian Collisions,Pedestrian,60 to 64,Major,,Unknown,,,,,Unknown,Walking on Roadway with Traffic,Inattentive,,,,Yes,,Yes,,,,,,,Yes,,,,73,Moss Park,73,Moss Park (73),D51,631219.9057,4834578.076
16071,81448814,,30/10/2019,2019,2006,MCNICOLL AVE,MCCOWAN RD,,Major Arterial,Scarborough,43.81787,-79.271938,At Intersection,Traffic Signal,Rain,"Dark, artificial",Wet,Non-Fatal Injury,Pedestrian Collisions,Driver,35 to 39,None,,West,"Automobile, Station Wagon",Going Ahead,Driving Properly,Normal,,,,,,,Yes,,Yes,,,,,Yes,,,,,,130,Milliken,130,Milliken (130),D42,638970.1283,4853094.651
16072,81448815,,30/10/2019,2019,2006,MCNICOLL AVE,MCCOWAN RD,,Major Arterial,Scarborough,43.81787,-79.271938,At Intersection,Traffic Signal,Rain,"Dark, artificial",Wet,Non-Fatal Injury,Pedestrian Collisions,Pedestrian,75 to 79,Major,,North,,,,,Vehicle is going straight thru inter.while ped cross without ROW,Crossing without right of way,Normal,,,,Yes,,Yes,,,,,Yes,,,,,,130,Milliken,130,Milliken (130),D42,638970.1283,4853094.651
16073,81448816,,30/10/2019,2019,2006,MCNICOLL AVE,MCCOWAN RD,,Major Arterial,Scarborough,43.81787,-79.271938,At Intersection,Traffic Signal,Rain,"Dark, artificial",Wet,Non-Fatal Injury,Pedestrian Collisions,Passenger,5 to 9,None,,,,,,,,,,,,,Yes,,Yes,,,,,Yes,,,,,,130,Milliken,130,Milliken (130),D42,638970.1283,4853094.651
16074,81335261,,30/10/2019,2019,2015,39 HOWDEN  RD,,,Collector,Scarborough,43.750472,-79.289478,Non Intersection,No Control,Rain,"Dark, artificial",Wet,Fatal,Pedestrian Collisions,Pedestrian,55 to 59,Fatal,51,East,,,,,Pedestrian hit at mid-block,"Crossing, no Traffic Control",Inattentive,,,,Yes,,Yes,,,,,,,,,,,119,Wexford/Maryvale,119,Wexford/Maryvale (119),D41,637714.2324,4845579.727
16075,81337493,,30/10/2019,2019,2015,39 HOWDEN  RD,,,Collector,Scarborough,43.750472,-79.289478,Non Intersection,No Control,Rain,"Dark, artificial",Wet,Fatal,Pedestrian Collisions,Driver,25 to 29,None,,North,"Automobile, Station Wagon",Going Ahead,Driving Properly,Normal,,,,,,,Yes,,Yes,,,,,,,,,,,119,Wexford/Maryvale,119,Wexford/Maryvale (119),D41,637714.2324,4845579.727
16076,81450724,,01/11/2019,2019,1825,SPADINA RD,MACPHERSON AVE,,Minor Arterial,Etobicoke York,43.675864,-79.407459,At Intersection,Stop Sign,Clear,Dusk,Dry,Non-Fatal Injury,Pedestrian Collisions,Driver,25 to 29,None,,East,"Automobile, Station Wagon",Going Ahead,Disobeyed Traffic Control,Normal,,,,,,,Yes,,Yes,,,,,,,Yes,,,,96,Casa Loma,96,Casa Loma (96),D53,628374.6828,4837104.061
16077,81450725,,01/11/2019,2019,1825,SPADINA RD,MACPHERSON AVE,,Minor Arterial,Etobicoke York,43.675864,-79.407459,At Intersection,Stop Sign,Clear,Dusk,Dry,Non-Fatal Injury,Pedestrian Collisions,Pedestrian,45 to 49,Major,,South,,,,,Vehicle is going straight thru inter.while ped cross with ROW,Crossing with right of way,Normal,,,,Yes,,Yes,,,,,,,Yes,,,,96,Casa Loma,96,Casa Loma (96),D53,628374.6828,4837104.061
16078,81457376,,01/11/2019,2019,1941,GERRARD ST E,JONES AVE,,Minor Arterial,Toronto and East York,43.669177,-79.335567,At Intersection,Traffic Signal,Clear,"Dark, artificial",Dry,Non-Fatal Injury,Cyclist Collisions,Cyclist,40 to 44,Major,,South,Bicycle,Going Ahead,,,,,,"Cyclist without ROW rides into path of motorist at inter, lnwy, dwy-Cyclist not turn.",Disobeyed Traffic Control,Unknown,,Yes,Yes,,,,,Yes,,,,,,70,South Riverdale,70,South Riverdale (70),D55,634184.8597,4836475.158
16079,81457377,,01/11/2019,2019,1941,GERRARD ST E,JONES AVE,,Minor Arterial,Toronto and East York,43.669177,-79.335567,At Intersection,Traffic Signal,Clear,"Dark, artificial",Dry,Non-Fatal Injury,Cyclist Collisions,Driver,35 to 39,None,,East,"Automobile, Station Wagon",Going Ahead,Driving Properly,Unknown,,,,,,,,Yes,Yes,,,,,Yes,,,,,,70,South Riverdale,70,South Riverdale (70),D55,634184.8597,4836475.158
16080,81457378,,01/11/2019,2019,1941,GERRARD ST E,JONES AVE,,Minor Arterial,Toronto and East York,43.669177,-79.335567,At Intersection,Traffic Signal,Clear,"Dark, artificial",Dry,Non-Fatal Injury,Cyclist Collisions,Passenger,60 to 64,None,,,,,,,,,,,,,,Yes,Yes,,,,,Yes,,,,,,70,South Riverdale,70,South Riverdale (70),D55,634184.8597,4836475.158
16081,81457379,,01/11/2019,2019,1941,GERRARD ST E,JONES AVE,,Minor Arterial,Toronto and East York,43.669177,-79.335567,At Intersection,Traffic Signal,Clear,"Dark, artificial",Dry,Non-Fatal Injury,Cyclist Collisions,Passenger,20 to 24,None,,,,,,,,,,,,,,Yes,Yes,,,,,Yes,,,,,,70,South Riverdale,70,South Riverdale (70),D55,634184.8597,4836475.158
16082,81470813,,03/11/2019,2019,618,DUFFERIN ST,MARTIN ST,93 m North o,Major Arterial,Toronto and East York,43.689547,-79.447711,Non Intersection,No Control,Clear,Daylight,Dry,Non-Fatal Injury,SMV Unattended Vehicle,Other,unknown,None,,North,Pick Up Truck,Parked,,,,,,,,,,,Yes,,,,,,,Yes,,,,107,Oakwood Village,107,Oakwood Village (107),D13,625101.4964,4838562.233
16083,81666944,,03/11/2019,2019,618,DUFFERIN ST,MARTIN ST,93 m North o,Major Arterial,Toronto and East York,43.689547,-79.447711,Non Intersection,No Control,Clear,Daylight,Dry,Non-Fatal Injury,SMV Unattended Vehicle,Driver,70 to 74,Major,,North,"Automobile, Station Wagon",Going Ahead,Lost control,Normal,,,,,,,,,Yes,,,,,,,Yes,,,,107,Oakwood Village,107,Oakwood Village (107),D13,625101.4964,4838562.233
16084,81450247,,04/11/2019,2019,720,GLENMOUNT AVE,SHELBORNE AVE,,Collector,North York,43.715304,-79.43169,At Intersection,Stop Sign,Rain,Daylight,Wet,Non-Fatal Injury,Pedestrian Collisions,Driver,65 to 69,None,,East,Passenger Van,Turning Left,Failed to Yield Right of Way,Other,,,,,,,Yes,,Yes,,,,,,,Yes,,,,32,Englemount-Lawrence,32,Englemount-Lawrence (32),D13,626338.5529,4841447.201
16085,81450248,,04/11/2019,2019,720,GLENMOUNT AVE,SHELBORNE AVE,,Collector,North York,43.715304,-79.43169,At Intersection,Stop Sign,Rain,Daylight,Wet,Non-Fatal Injury,Pedestrian Collisions,Pedestrian,55 to 59,Major,,West,,,,,Vehicle turns left while ped crosses with ROW at inter.,Crossing with right of way,Other,,,,Yes,,Yes,,,,,,,Yes,,,,32,Englemount-Lawrence,32,Englemount-Lawrence (32),D13,626338.5529,4841447.201
16086,81408981,,06/11/2019,2019,1732,FRONT ST W,WINDSOR ST,28 m East of,Minor Arterial,Toronto and East York,43.64363,-79.389949,At/Near Private Drive,No Control,Clear,"Dark, artificial",Wet,Non-Fatal Injury,Cyclist Collisions,Driver,40 to 44,None,,South,"Automobile, Station Wagon",Turning Left,Failed to Yield Right of Way,Inattentive,,,,,,,,Yes,Yes,,,,,,,Yes,,,,165,Harbourfront-CityPlace,77,Waterfront Communities-The Island (77),D52,629855.6482,4833551.297
16087,81408982,,06/11/2019,2019,1732,FRONT ST W,WINDSOR ST,28 m East of,Minor Arterial,Toronto and East York,43.64363,-79.389949,At/Near Private Drive,No Control,Clear,"Dark, artificial",Wet,Non-Fatal Injury,Cyclist Collisions,Cyclist,50 to 54,Major,,West,Bicycle,Going Ahead,,,,,,Motorist turned left across cyclists path.,Driving Properly,Normal,,Yes,Yes,,,,,,,Yes,,,,165,Harbourfront-CityPlace,77,Waterfront Communities-The Island (77),D52,629855.6482,4833551.297
16088,81450569,,07/11/2019,2019,710,DON MILLS RD W,GOODVIEW RD,168 m South ,Major Arterial,North York,43.782591,-79.352336,At/Near Private Drive,No Control,Clear,"Dawn, artificial",Wet,Non-Fatal Injury,Cyclist Collisions,Cyclist,75 to 79,Major,,South,Bicycle,Changing Lanes,,,,,,Cyclist and Driver travelling in same direction. One vehicle sideswipes the other.,Improper Lane Change,Inattentive,,Yes,Yes,,,,,,,,,,,47,Don Valley Village,47,Don Valley Village (47),D33,632582.4976,4849044.444
16089,81450570,,07/11/2019,2019,710,DON MILLS RD W,GOODVIEW RD,168 m South ,Major Arterial,North York,43.782591,-79.352336,At/Near Private Drive,No Control,Clear,"Dawn, artificial",Wet,Non-Fatal Injury,Cyclist Collisions,Driver,35 to 39,None,,South,"Automobile, Station Wagon",Going Ahead,Driving Properly,Normal,,,,,,,,Yes,Yes,,,,,,,,,,,47,Don Valley Village,47,Don Valley Village (47),D33,632582.4976,4849044.444
16090,81462161,,08/11/2019,2019,558,STEELES AVE E,SILVER STAR BLVD,10 m South o,Major Arterial,Scarborough,43.825247,-79.300037,At Intersection,Traffic Signal,Clear,"Dark, artificial",Dry,Non-Fatal Injury,Angle,Driver,60 to 64,None,,South,"Automobile, Station Wagon",Going Ahead,Disobeyed Traffic Control,Normal,,,,,,,,,Yes,,,,,Yes,,Yes,Yes,,,130,Milliken,130,Milliken (130),D42,636693.5557,4853867.169
16091,81462162,,08/11/2019,2019,558,STEELES AVE E,SILVER STAR BLVD,10 m South o,Major Arterial,Scarborough,43.825247,-79.300037,At Intersection,Traffic Signal,Clear,"Dark, artificial",Dry,Non-Fatal Injury,Angle,Driver,55 to 59,None,,West,Passenger Van,Going Ahead,Driving Properly,Normal,,,,,,,,,Yes,,,,,Yes,,Yes,Yes,,,130,Milliken,130,Milliken (130),D42,636693.5557,4853867.169
16092,81462163,,08/11/2019,2019,558,STEELES AVE E,SILVER STAR BLVD,10 m South o,Major Arterial,Scarborough,43.825247,-79.300037,At Intersection,Traffic Signal,Clear,"Dark, artificial",Dry,Non-Fatal Injury,Angle,Driver,55 to 59,None,,West,"Automobile, Station Wagon",Going Ahead,Driving Properly,Normal,,,,,,,,,Yes,,,,,Yes,,Yes,Yes,,,130,Milliken,130,Milliken (130),D42,636693.5557,4853867.169
16093,81462164,,08/11/2019,2019,558,STEELES AVE E,SILVER STAR BLVD,10 m South o,Major Arterial,Scarborough,43.825247,-79.300037,At Intersection,Traffic Signal,Clear,"Dark, artificial",Dry,Non-Fatal Injury,Angle,Passenger,50 to 54,Major,,,,,,,,,,,,,,,Yes,,,,,Yes,,Yes,Yes,,,130,Milliken,130,Milliken (130),D42,636693.5557,4853867.169
16094,81462165,,08/11/2019,2019,558,STEELES AVE E,SILVER STAR BLVD,10 m South o,Major Arterial,Scarborough,43.825247,-79.300037,At Intersection,Traffic Signal,Clear,"Dark, artificial",Dry,Non-Fatal Injury,Angle,Passenger,45 to 49,Major,,,,,,,,,,,,,,,Yes,,,,,Yes,,Yes,Yes,,,130,Milliken,130,Milliken (130),D42,636693.5557,4853867.169
16095,81337944,,10/11/2019,2019,1445,OLD WESTON RD,ROGERS RD,40 m South o,Minor Arterial,Etobicoke York,43.681376,-79.467296,At/Near Private Drive,No Control,Clear,Daylight,Dry,Non-Fatal Injury,Turning Movement,Driver,40 to 44,None,,East,Passenger Van,Turning Left,Failed to Yield Right of Way,Inattentive,,,,,,,,,Yes,Yes,,,,Yes,,Yes,,,,110,Keelesdale-Eglinton West,110,Keelesdale-Eglinton West (110),D12,623539.8668,4837625.374
16096,81337945,,10/11/2019,2019,1445,OLD WESTON RD,ROGERS RD,40 m South o,Minor Arterial,Etobicoke York,43.681376,-79.467296,At/Near Private Drive,No Control,Clear,Daylight,Dry,Non-Fatal Injury,Turning Movement,Motorcycle Driver,45 to 49,Major,,South,Motorcycle,Going Ahead,Driving Properly,Normal,,,,,,,,,Yes,Yes,,,,Yes,,Yes,,,,110,Keelesdale-Eglinton West,110,Keelesdale-Eglinton West (110),D12,623539.8668,4837625.374
16097,81337946,,10/11/2019,2019,1445,OLD WESTON RD,ROGERS RD,40 m South o,Minor Arterial,Etobicoke York,43.681376,-79.467296,At/Near Private Drive,No Control,Clear,Daylight,Dry,Non-Fatal Injury,Turning Movement,Passenger,35 to 39,None,,,,,,,,,,,,,,,Yes,Yes,,,,Yes,,Yes,,,,110,Keelesdale-Eglinton West,110,Keelesdale-Eglinton West (110),D12,623539.8668,4837625.374
16098,81337947,,10/11/2019,2019,1445,OLD WESTON RD,ROGERS RD,40 m South o,Minor Arterial,Etobicoke York,43.681376,-79.467296,At/Near Private Drive,No Control,Clear,Daylight,Dry,Non-Fatal Injury,Turning Movement,Passenger,5 to 9,None,,,,,,,,,,,,,,,Yes,Yes,,,,Yes,,Yes,,,,110,Keelesdale-Eglinton West,110,Keelesdale-Eglinton West (110),D12,623539.8668,4837625.374
16099,81337948,,10/11/2019,2019,1445,OLD WESTON RD,ROGERS RD,40 m South o,Minor Arterial,Etobicoke York,43.681376,-79.467296,At/Near Private Drive,No Control,Clear,Daylight,Dry,Non-Fatal Injury,Turning Movement,Passenger,5 to 9,None,,,,,,,,,,,,,,,Yes,Yes,,,,Yes,,Yes,,,,110,Keelesdale-Eglinton West,110,Keelesdale-Eglinton West (110),D12,623539.8668,4837625.374
16100,81337929,,13/11/2019,2019,943,960 LAWRENCE AVE W,,9 m South of,Major Arterial,North York,43.71337,-79.457622,Non Intersection,No Control,Clear,Daylight,Dry,Fatal,Angle,Driver,65 to 69,Fatal,55,South,"Automobile, Station Wagon",Going Ahead,Failed to Yield Right of Way,Inattentive,,,,,,,,,Yes,,,,,,,Yes,,,,31,Yorkdale-Glen Park,31,Yorkdale-Glen Park (31),D13,624253.5237,4841193.203
16101,81337930,,13/11/2019,2019,943,960 LAWRENCE AVE W,,9 m South of,Major Arterial,North York,43.71337,-79.457622,Non Intersection,No Control,Clear,Daylight,Dry,Fatal,Angle,Driver,40 to 44,None,,East,Pick Up Truck,Going Ahead,Driving Properly,Normal,,,,,,,,,Yes,,,,,,,Yes,,,,31,Yorkdale-Glen Park,31,Yorkdale-Glen Park (31),D13,624253.5237,4841193.203
16102,81337231,,13/11/2019,2019,1051,KEELE ST,LAWRENCE AVE W,,Major Arterial,Etobicoke York,43.708586,-79.478023,At Intersection,Traffic Signal,Snow,Daylight,Wet,Fatal,Pedestrian Collisions,Truck Driver,60 to 64,None,,East,Truck - Tank,Turning Right,Failed to Yield Right of Way,Inattentive,,,,,,,Yes,,,,Yes,,,,,Yes,,,,30,Brookhaven-Amesbury,30,Brookhaven-Amesbury (30),D12,622619.7663,4840631.494
16103,81337232,,13/11/2019,2019,1051,KEELE ST,LAWRENCE AVE W,,Major Arterial,Etobicoke York,43.708586,-79.478023,At Intersection,Traffic Signal,Snow,Daylight,Wet,Fatal,Pedestrian Collisions,Pedestrian,20 to 24,Fatal,58,East,,,,,Vehicle turns right while ped crosses with ROW at inter.,Crossing with right of way,Normal,,,,Yes,,,,Yes,,,,,Yes,,,,30,Brookhaven-Amesbury,30,Brookhaven-Amesbury (30),D12,622619.7663,4840631.494
16104,81451973,,16/11/2019,2019,1515,QUEEN ST W,BAY ST,36 m East of,Major Arterial,North York,43.651965,-79.381076,Non Intersection,No Control,Clear,Daylight,Dry,Non-Fatal Injury,Pedestrian Collisions,Driver,unknown,None,,West,"Automobile, Station Wagon",Going Ahead,Failed to Yield Right of Way,Unknown,,,,,,,Yes,,Yes,,,,,,,Yes,,,,170,Yonge-Bay Corridor,76,Bay Street Corridor (76),D52,630553.2324,4834490.929
16105,81451974,,16/11/2019,2019,1515,QUEEN ST W,BAY ST,36 m East of,Major Arterial,North York,43.651965,-79.381076,Non Intersection,No Control,Clear,Daylight,Dry,Non-Fatal Injury,Pedestrian Collisions,Pedestrian,50 to 54,Major,,Unknown,,,,,Pedestrian hit at mid-block,Person Getting on/off Vehicle,Normal,,,,Yes,,Yes,,,,,,,Yes,,,,170,Yonge-Bay Corridor,76,Bay Street Corridor (76),D52,630553.2324,4834490.929
16106,81514117,,18/11/2019,2019,1830,MIDLAND AVE,DUXBURY DR,,Major Arterial,Etobicoke York,43.824183,-79.296489,At Intersection,No Control,Rain,"Dark, artificial",Wet,Non-Fatal Injury,Pedestrian Collisions,Driver,unknown,None,,North,"Automobile, Station Wagon",Going Ahead,Other,Unknown,,,,,,,Yes,,Yes,,,,,Yes,,,,,,130,Milliken,130,Milliken (130),D42,636981.286,4853754.864
16107,81514118,,18/11/2019,2019,1830,MIDLAND AVE,DUXBURY DR,,Major Arterial,Etobicoke York,43.824183,-79.296489,At Intersection,No Control,Rain,"Dark, artificial",Wet,Non-Fatal Injury,Pedestrian Collisions,Driver,35 to 39,None,,North,"Automobile, Station Wagon",Going Ahead,Driving Properly,Normal,,,,,,,Yes,,Yes,,,,,Yes,,,,,,130,Milliken,130,Milliken (130),D42,636981.286,4853754.864
16108,81514119,,18/11/2019,2019,1830,MIDLAND AVE,DUXBURY DR,,Major Arterial,Etobicoke York,43.824183,-79.296489,At Intersection,No Control,Rain,"Dark, artificial",Wet,Non-Fatal Injury,Pedestrian Collisions,Pedestrian,45 to 49,Major,,East,,,,,Vehicle is going straight thru inter.while ped cross with ROW,"Crossing, no Traffic Control",Normal,,,,Yes,,Yes,,,,,Yes,,,,,,130,Milliken,130,Milliken (130),D42,636981.286,4853754.864
16109,81514120,,18/11/2019,2019,1830,MIDLAND AVE,DUXBURY DR,,Major Arterial,Etobicoke York,43.824183,-79.296489,At Intersection,No Control,Rain,"Dark, artificial",Wet,Non-Fatal Injury,Pedestrian Collisions,Passenger,5 to 9,None,,,,,,,,,,,,,Yes,,Yes,,,,,Yes,,,,,,130,Milliken,130,Milliken (130),D42,636981.286,4853754.864
16110,81514121,,18/11/2019,2019,1830,MIDLAND AVE,DUXBURY DR,,Major Arterial,Etobicoke York,43.824183,-79.296489,At Intersection,No Control,Rain,"Dark, artificial",Wet,Non-Fatal Injury,Pedestrian Collisions,Passenger,0 to 4,None,,,,,,,,,,,,,Yes,,Yes,,,,,Yes,,,,,,130,Milliken,130,Milliken (130),D42,636981.286,4853754.864
16111,81456845,,20/11/2019,2019,951,WARDEN AVE,BOEM AVE,,Major Arterial,Scarborough,43.748374,-79.29597,At Intersection,No Control,Clear,Daylight,Dry,Non-Fatal Injury,Turning Movement,Driver,80 to 84,Minimal,,North,"Automobile, Station Wagon",Turning Left,Failed to Yield Right of Way,Normal,,,,,,,,,Yes,,,,,,,Yes,,,,119,Wexford/Maryvale,119,Wexford/Maryvale (119),D41,637196.3489,4845335.939
16112,81456846,,20/11/2019,2019,951,WARDEN AVE,BOEM AVE,,Major Arterial,Scarborough,43.748374,-79.29597,At Intersection,No Control,Clear,Daylight,Dry,Non-Fatal Injury,Turning Movement,Driver,20 to 24,Major,,South,"Automobile, Station Wagon",Going Ahead,Driving Properly,Normal,,,,,,,,,Yes,,,,,,,Yes,,,,119,Wexford/Maryvale,119,Wexford/Maryvale (119),D41,637196.3489,4845335.939
16113,81338621,,21/11/2019,2019,1340,MCCOWAN RD,SANDHURST CRCL,,Major Arterial,Scarborough,43.811545,-79.269183,At Intersection,Traffic Signal,Clear,Daylight,Wet,Fatal,Cyclist Collisions,Cyclist,65 to 69,Fatal,57,South,Bicycle,,,,,,,"Cyclist without ROW rides into path of motorist at inter, lnwy, dwy-Cyclist not turn.",Disobeyed Traffic Control,Normal,,Yes,Yes,,,,,,,,,,,129,Agincourt North,129,Agincourt North (129),D42,639206.3834,4852396.788
16114,81338622,,21/11/2019,2019,1340,MCCOWAN RD,SANDHURST CRCL,,Major Arterial,Scarborough,43.811545,-79.269183,At Intersection,Traffic Signal,Clear,Daylight,Wet,Fatal,Cyclist Collisions,Driver,80 to 84,None,,South,"Automobile, Station Wagon",Turning Right,Driving Properly,Unknown,,,,,,,,Yes,Yes,,,,,,,,,,,129,Agincourt North,129,Agincourt North (129),D42,639206.3834,4852396.788
16115,81338179,,21/11/2019,2019,1800,EGLINTON AVE W,GUESTVILLE AVE,,Major Arterial,Etobicoke York,43.686656,-79.490619,At Intersection,No Control,Rain,"Dark, artificial",Wet,Non-Fatal Injury,Pedestrian Collisions,Driver,35 to 39,None,,West,"Automobile, Station Wagon",Turning Left,Failed to Yield Right of Way,Normal,,,,,,,Yes,,Yes,,,,,,,Yes,,,,115,Mount Dennis,115,Mount Dennis (115),D12,621649.2847,4838177.313
16116,81338180,,21/11/2019,2019,1800,EGLINTON AVE W,GUESTVILLE AVE,,Major Arterial,Etobicoke York,43.686656,-79.490619,At Intersection,No Control,Rain,"Dark, artificial",Wet,Non-Fatal Injury,Pedestrian Collisions,Pedestrian,15 to 19,Major,,West,,,,,Vehicle turns left while ped crosses with ROW at inter.,Crossing with right of way,Normal,,,,Yes,,Yes,,,,,,,Yes,,,,115,Mount Dennis,115,Mount Dennis (115),D12,621649.2847,4838177.313
16117,81337501,,22/11/2019,2019,1352,LAWRENCE AVE W,ROSEWELL AVE,,Major Arterial,North York,43.722495,-79.414165,Intersection Related,No Control,Clear,Daylight,Dry,Fatal,Pedestrian Collisions,Driver,50 to 54,None,,East,"Automobile, Station Wagon",Going Ahead,Driving Properly,Normal,,,,,,,Yes,,Yes,,,,,,,,,,,103,Lawrence Park South,103,Lawrence Park South (103),D53,627735.0485,4842272.725
16118,81337502,,22/11/2019,2019,1352,LAWRENCE AVE W,ROSEWELL AVE,,Major Arterial,North York,43.722495,-79.414165,Intersection Related,No Control,Clear,Daylight,Dry,Fatal,Pedestrian Collisions,Pedestrian,90 to 94,Fatal,53,North,,,,,Vehicle is going straight thru inter.while ped cross without ROW,"Crossing, no Traffic Control",Inattentive,,,,Yes,,Yes,,,,,,,,,,,103,Lawrence Park South,103,Lawrence Park South (103),D53,627735.0485,4842272.725
16119,81337738,,22/11/2019,2019,2135,PHARMACY AVE,SURREY AVE,,Minor Arterial,Scarborough,43.737342,-79.302242,At Intersection,Traffic Signal,Clear,"Dark, artificial",Dry,Non-Fatal Injury,Pedestrian Collisions,Driver,unknown,None,,West,"Automobile, Station Wagon",Turning Left,Failed to Yield Right of Way,Unknown,,,,,,,Yes,,Yes,,,,,,,Yes,,,,119,Wexford/Maryvale,119,Wexford/Maryvale (119),D41,636716.4771,4844100.301