OBJECTID,INDEX,ACCNUM,DATE,ACCIDENT_YEAR,TIME,STREET1,STREET2,OFFSET,ROAD_CLASS,DISTRICT,LATITUDE,LONGITUDE,ACCLOC,TRAFFCTL,VISIBILITY,LIGHT,RDSFCOND,ACCLASS,IMPACTYPE,INVTYPE,INVAGE,INJURY,FATAL_NO,INITDIR,VEHTYPE,MANOEUVER,DRIVACT,DRIVCOND,PEDTYPE,PEDACT,PEDCOND,CYCLISTYPE,CYCACT,CYCCOND,PEDESTRIAN,CYCLIST,AUTOMOBILE,MOTORCYCLE,TRUCK,TRSN_CITY_VEH,EMERG_VEH,PASSENGER,SPEEDING,AG_DRIV,REDLIGHT,ALCOHOL,DISABILITY,HOOD_158,NEIGHBOURHOOD_158,HOOD_140,NEIGHBOURHOOD_140,DIVISION,x,y
16296,81484947,214205,31/01/2020,2020,1014,DANFORTH AVE,PAPE AVE,9 m South of,Major Arterial,Toronto and East York,43.678881,-79.344806,At Intersection,Traffic Signal,Clear,Daylight,Dry,Non-Fatal Injury,Pedestrian Collisions,Driver,40 to 44,None,,East,"Automobile, Station Wagon",Slowing or Stopping,Failed to Yield Right of Way,Normal,,,,,,,Yes,,Yes,,,,,Yes,,Yes,,,,69,Blake-Jones,69,Blake-Jones (69),D55,633418.5064,4837538.017
16297,81484948,214205,31/01/2020,2020,1014,DANFORTH AVE,PAPE AVE,9 m South of,Major Arterial,Toronto and East York,43.678881,-79.344806,At Intersection,Traffic Signal,Clear,Daylight,Dry,Non-Fatal Injury,Pedestrian Collisions,Passenger,40 to 44,None,,,,,,,,,,,,,Yes,,Yes,,,,,Yes,,Yes,,,,69,Blake-Jones,69,Blake-Jones (69),D55,633418.5064,4837538.017
16298,81484949,214205,31/01/2020,2020,1014,DANFORTH AVE,PAPE AVE,9 m South of,Major Arterial,Toronto and East York,43.678881,-79.344806,At Intersection,Traffic Signal,Clear,Daylight,Dry,Non-Fatal Injury,Pedestrian Collisions,Passenger,65 to 69,None,,,,,,,,,,,,,Yes,,Yes,,,,,Yes,,Yes,,,,69,Blake-Jones,69,Blake-Jones (69),D55,633418.5064,4837538.017
16299,81484950,214205,31/01/2020,2020,1014,DANFORTH AVE,PAPE AVE,9 m South of,Major Arterial,Toronto and East York,43.678881,-79.344806,At Intersection,Traffic Signal,Clear,Daylight,Dry,Non-Fatal Injury,Pedestrian Collisions,Passenger,0 to 4,None,,,,,,,,,,,,,Yes,,Yes,,,,,Yes,,Yes,,,,69,Blake-Jones,69,Blake-Jones (69),D55,633418.5064,4837538.017
16300,81484951,214205,31/01/2020,2020,1014,DANFORTH AVE,PAPE AVE,9 m South of,Major Arterial,Toronto and East York,43.678881,-79.344806,At Intersection,Traffic Signal,Clear,Daylight,Dry,Non-Fatal Injury,Pedestrian Collisions,Pedestrian,85 to 89,Major,,North,,,,,Vehicle is going straight thru inter.while ped cross with ROW,Crossing with right of way,Normal,,,,Yes,,Yes,,,,,Yes,,Yes,,,,69,Blake-Jones,69,Blake-Jones (69),D55,633418.5064,4837538.017
16301,81421640,220239,01/02/2020,2020,231,YONGE ST,KING ST W,,Major Arterial,Toronto and East York,43.649077,-79.377879,At Intersection,Traffic Signal,Clear,"Dark, artificial",Dry,Non-Fatal Injury,Pedestrian Collisions,Driver,35 to 39,Minimal,,South,"Automobile, Station Wagon",Going Ahead,Driving Properly,Inattentive,,,,,,,Yes,,Yes,,,,,,,,,,,168,Downtown Yonge East,75,Church-Yonge Corridor (75),D51,630817.3174,4834175.214
16302,81421641,220239,01/02/2020,2020,231,YONGE ST,KING ST W,,Major Arterial,Toronto and East York,43.649077,-79.377879,At Intersection,Traffic Signal,Clear,"Dark, artificial",Dry,Non-Fatal Injury,Pedestrian Collisions,Pedestrian,20 to 24,Major,,West,,,,,Vehicle is going straight thru inter.while ped cross without ROW,Crossing without right of way,"Ability Impaired, Alcohol",,,,Yes,,Yes,,,,,,,,,,,168,Downtown Yonge East,75,Church-Yonge Corridor (75),D51,630817.3174,4834175.214
16303,81514925,220521,01/02/2020,2020,406,ST CLAIR AVE W,ATLAS AVE,23 m West of,Major Arterial,Toronto and East York,43.680579,-79.430698,At Intersection,No Control,Clear,"Dark, artificial",Wet,Non-Fatal Injury,Rear End,Driver,20 to 24,Minimal,,West,"Automobile, Station Wagon",Going Ahead,Speed too Fast For Condition,"Ability Impaired, Alcohol",,,,,,,,,Yes,,,,,Yes,Yes,Yes,,Yes,,94,Wychwood,94,Wychwood (94),D13,626491.4617,4837592.021
16304,81514926,220521,01/02/2020,2020,406,ST CLAIR AVE W,ATLAS AVE,23 m West of,Major Arterial,Toronto and East York,43.680579,-79.430698,At Intersection,No Control,Clear,"Dark, artificial",Wet,Non-Fatal Injury,Rear End,Driver,35 to 39,Major,,West,"Automobile, Station Wagon",Going Ahead,Driving Properly,Normal,,,,,,,,,Yes,,,,,Yes,Yes,Yes,,Yes,,94,Wychwood,94,Wychwood (94),D13,626491.4617,4837592.021
16305,81514927,220521,01/02/2020,2020,406,ST CLAIR AVE W,ATLAS AVE,23 m West of,Major Arterial,Toronto and East York,43.680579,-79.430698,At Intersection,No Control,Clear,"Dark, artificial",Wet,Non-Fatal Injury,Rear End,Passenger,20 to 24,None,,,,,,,,,,,,,,,Yes,,,,,Yes,Yes,Yes,,Yes,,94,Wychwood,94,Wychwood (94),D13,626491.4617,4837592.021
16306,81421359,231164,02/02/2020,2020,1756,KEELE ST,GULLIVER RD,12 m South o,Major Arterial,Etobicoke York,43.69924,-79.475902,Intersection Related,Traffic Signal,Clear,"Dark, artificial",Wet,Non-Fatal Injury,Approaching,Driver,50 to 54,Major,,South,"Automobile, Station Wagon",Going Ahead,Lost control,Medical or Physical Disability,,,,,,,,,Yes,,,,,,,,,,Yes,30,Brookhaven-Amesbury,30,Brookhaven-Amesbury (30),D12,622809.7306,4839596.631
16307,81421360,231164,02/02/2020,2020,1756,KEELE ST,GULLIVER RD,12 m South o,Major Arterial,Etobicoke York,43.69924,-79.475902,Intersection Related,Traffic Signal,Clear,"Dark, artificial",Wet,Non-Fatal Injury,Approaching,Driver,50 to 54,Minimal,,North,"Automobile, Station Wagon",Stopped,Driving Properly,Normal,,,,,,,,,Yes,,,,,,,,,,Yes,30,Brookhaven-Amesbury,30,Brookhaven-Amesbury (30),D12,622809.7306,4839596.631
16308,81419256,245690,04/02/2020,2020,1541,PHARMACY AVE,DONSIDE DR,20 m South o,Minor Arterial,Scarborough,43.701308,-79.28725,At Intersection,No Control,Clear,Daylight,Dry,Non-Fatal Injury,Approaching,Driver,20 to 24,Minimal,,North,"Automobile, Station Wagon",Going Ahead,Exceeding Speed Limit,Inattentive,,,,,,,,,Yes,,,,,Yes,Yes,Yes,,,,120,Clairlea-Birchmount,120,Clairlea-Birchmount (120),D41,638006.4692,4840123.048
16309,81419257,245690,04/02/2020,2020,1541,PHARMACY AVE,DONSIDE DR,20 m South o,Minor Arterial,Scarborough,43.701308,-79.28725,At Intersection,No Control,Clear,Daylight,Dry,Non-Fatal Injury,Approaching,Driver,50 to 54,Major,,South,"Automobile, Station Wagon",Going Ahead,Driving Properly,Normal,,,,,,,,,Yes,,,,,Yes,Yes,Yes,,,,120,Clairlea-Birchmount,120,Clairlea-Birchmount (120),D41,638006.4692,4840123.048
16310,81419258,245690,04/02/2020,2020,1541,PHARMACY AVE,DONSIDE DR,20 m South o,Minor Arterial,Scarborough,43.701308,-79.28725,At Intersection,No Control,Clear,Daylight,Dry,Non-Fatal Injury,Approaching,Driver,25 to 29,None,,South,"Automobile, Station Wagon",Going Ahead,Driving Properly,Normal,,,,,,,,,Yes,,,,,Yes,Yes,Yes,,,,120,Clairlea-Birchmount,120,Clairlea-Birchmount (120),D41,638006.4692,4840123.048
16311,81419259,245690,04/02/2020,2020,1541,PHARMACY AVE,DONSIDE DR,20 m South o,Minor Arterial,Scarborough,43.701308,-79.28725,At Intersection,No Control,Clear,Daylight,Dry,Non-Fatal Injury,Approaching,Passenger,15 to 19,Minor,,,,,,,,,,,,,,,Yes,,,,,Yes,Yes,Yes,,,,120,Clairlea-Birchmount,120,Clairlea-Birchmount (120),D41,638006.4692,4840123.048
16312,81419260,245690,04/02/2020,2020,1541,PHARMACY AVE,DONSIDE DR,20 m South o,Minor Arterial,Scarborough,43.701308,-79.28725,At Intersection,No Control,Clear,Daylight,Dry,Non-Fatal Injury,Approaching,Passenger,15 to 19,Major,,,,,,,,,,,,,,,Yes,,,,,Yes,Yes,Yes,,,,120,Clairlea-Birchmount,120,Clairlea-Birchmount (120),D41,638006.4692,4840123.048
16313,81419261,245690,04/02/2020,2020,1541,PHARMACY AVE,DONSIDE DR,20 m South o,Minor Arterial,Scarborough,43.701308,-79.28725,At Intersection,No Control,Clear,Daylight,Dry,Non-Fatal Injury,Approaching,Passenger,15 to 19,Minor,,,,,,,,,,,,,,,Yes,,,,,Yes,Yes,Yes,,,,120,Clairlea-Birchmount,120,Clairlea-Birchmount (120),D41,638006.4692,4840123.048
16314,81423226,270261,07/02/2020,2020,1915,JANE ST,BEVERLY HILLS DR,,Major Arterial,Etobicoke York,43.719008,-79.508113,At Intersection,Traffic Signal,Clear,"Dark, artificial",Wet,Non-Fatal Injury,Pedestrian Collisions,Driver,50 to 54,None,,South,"Automobile, Station Wagon",Going Ahead,Driving Properly,Normal,,,,,,,Yes,,Yes,,,,,,,,,,,154,Oakdale-Beverley Heights,26,Downsview-Roding-CFB (26),D31,620174.6793,4841744.935
16315,81423227,270261,07/02/2020,2020,1915,JANE ST,BEVERLY HILLS DR,,Major Arterial,Etobicoke York,43.719008,-79.508113,At Intersection,Traffic Signal,Clear,"Dark, artificial",Wet,Non-Fatal Injury,Pedestrian Collisions,Pedestrian,50 to 54,Major,,West,,,,,Vehicle is going straight thru inter.while ped cross without ROW,Crossing without right of way,Normal,,,,Yes,,Yes,,,,,,,,,,,154,Oakdale-Beverley Heights,26,Downsview-Roding-CFB (26),D31,620174.6793,4841744.935
16316,81487437,296685,11/02/2020,2020,1355,BATHURST ST,STORMONT AVE,2 m  of,Major Arterial,North York,43.718352,-79.429553,At Intersection,No Control,Clear,Daylight,Dry,Non-Fatal Injury,Pedestrian Collisions,Driver,55 to 59,None,,North,Passenger Van,Going Ahead,Driving Properly,Normal,,,,,,,Yes,,Yes,,,,,,,,,,,39,Bedford Park-Nortown,39,Bedford Park-Nortown (39),D53,626504.291,4841788.984
16317,81487438,296685,11/02/2020,2020,1355,BATHURST ST,STORMONT AVE,2 m  of,Major Arterial,North York,43.718352,-79.429553,At Intersection,No Control,Clear,Daylight,Dry,Non-Fatal Injury,Pedestrian Collisions,Pedestrian,10 to 14,Major,,East,,,,,Vehicle is going straight thru inter.while ped cross without ROW,"Crossing, no Traffic Control",Normal,,,,Yes,,Yes,,,,,,,,,,,39,Bedford Park-Nortown,39,Bedford Park-Nortown (39),D53,626504.291,4841788.984
16318,81487439,296685,11/02/2020,2020,1355,BATHURST ST,STORMONT AVE,2 m  of,Major Arterial,North York,43.718352,-79.429553,At Intersection,No Control,Clear,Daylight,Dry,Non-Fatal Injury,Pedestrian Collisions,Pedestrian,10 to 14,None,,East,,,,,Vehicle is going straight thru inter.while ped cross without ROW,"Crossing, no Traffic Control",Normal,,,,Yes,,Yes,,,,,,,,,,,39,Bedford Park-Nortown,39,Bedford Park-Nortown (39),D53,626504.291,4841788.984
16319,81484562,316011,13/02/2020,2020,2345,BAY ST,LAKE SHORE BLVD W,30 m North o,Major Arterial,Toronto and East York,43.642932,-79.37778,Intersection Related,No Control,Clear,"Dark, artificial",Dry,Non-Fatal Injury,Pedestrian Collisions,Driver,30 to 34,None,,South,"Automobile, Station Wagon",Going Ahead,Other,Had Been Drinking,,,,,,,Yes,,Yes,,,,,,,Yes,,,,166,St Lawrence-East Bayfront-The Islands,77,Waterfront Communities-The Island (77),D52,630838.6419,4833492.887
16320,81484563,316011,13/02/2020,2020,2345,BAY ST,LAKE SHORE BLVD W,30 m North o,Major Arterial,Toronto and East York,43.642932,-79.37778,Intersection Related,No Control,Clear,"Dark, artificial",Dry,Non-Fatal Injury,Pedestrian Collisions,Pedestrian,30 to 34,Major,,West,,,,,Pedestrian hit at mid-block,"Crossing, no Traffic Control",Normal,,,,Yes,,Yes,,,,,,,Yes,,,,166,St Lawrence-East Bayfront-The Islands,77,Waterfront Communities-The Island (77),D52,630838.6419,4833492.887
16321,81423867,332841,16/02/2020,2020,1130,STEELES AVE E,CONACHER DR,66 m West of,Major Arterial,North York,43.80202,-79.401675,Non Intersection,No Control,Clear,Daylight,Dry,Non-Fatal Injury,Rear End,Driver,70 to 74,None,,East,"Automobile, Station Wagon",Going Ahead,Following too Close,Inattentive,,,,,,,,,Yes,,,,,Yes,,Yes,,,,50,Newtonbrook East,50,Newtonbrook East (50),D32,628570.632,4851124.502
16322,81423868,332841,16/02/2020,2020,1130,STEELES AVE E,CONACHER DR,66 m West of,Major Arterial,North York,43.80202,-79.401675,Non Intersection,No Control,Clear,Daylight,Dry,Non-Fatal Injury,Rear End,Driver,25 to 29,Major,,East,"Automobile, Station Wagon",Slowing or Stopping,Driving Properly,Normal,,,,,,,,,Yes,,,,,Yes,,Yes,,,,50,Newtonbrook East,50,Newtonbrook East (50),D32,628570.632,4851124.502
16323,81423869,332841,16/02/2020,2020,1130,STEELES AVE E,CONACHER DR,66 m West of,Major Arterial,North York,43.80202,-79.401675,Non Intersection,No Control,Clear,Daylight,Dry,Non-Fatal Injury,Rear End,Driver,30 to 34,Minor,,East,"Automobile, Station Wagon",Going Ahead,Driving Properly,Normal,,,,,,,,,Yes,,,,,Yes,,Yes,,,,50,Newtonbrook East,50,Newtonbrook East (50),D32,628570.632,4851124.502
16324,81423870,332841,16/02/2020,2020,1130,STEELES AVE E,CONACHER DR,66 m West of,Major Arterial,North York,43.80202,-79.401675,Non Intersection,No Control,Clear,Daylight,Dry,Non-Fatal Injury,Rear End,Driver,60 to 64,None,,East,Pick Up Truck,Stopped,Driving Properly,Normal,,,,,,,,,Yes,,,,,Yes,,Yes,,,,50,Newtonbrook East,50,Newtonbrook East (50),D32,628570.632,4851124.502
16325,81423871,332841,16/02/2020,2020,1130,STEELES AVE E,CONACHER DR,66 m West of,Major Arterial,North York,43.80202,-79.401675,Non Intersection,No Control,Clear,Daylight,Dry,Non-Fatal Injury,Rear End,Passenger,75 to 79,None,,,"Automobile, Station Wagon",,,,,,,,,,,,Yes,,,,,Yes,,Yes,,,,50,Newtonbrook East,50,Newtonbrook East (50),D32,628570.632,4851124.502
16326,81505304,342262,17/02/2020,2020,1949,LAKE SHORE BLVD W,THIRTY NINTH ST,15 m South o,Major Arterial,Etobicoke York,43.592768,-79.540553,Intersection Related,No Control,Clear,"Dark, artificial",Dry,Non-Fatal Injury,Pedestrian Collisions,Driver,35 to 39,Minor,,East,"Automobile, Station Wagon",Going Ahead,Lost control,Unknown,,,,,,,Yes,,Yes,,,,,Yes,,Yes,,,,19,Long Branch,19,Long Branch (19),D22,617808.1403,4827677.841
16327,81505305,342262,17/02/2020,2020,1949,LAKE SHORE BLVD W,THIRTY NINTH ST,15 m South o,Major Arterial,Etobicoke York,43.592768,-79.540553,Intersection Related,No Control,Clear,"Dark, artificial",Dry,Non-Fatal Injury,Pedestrian Collisions,Driver,30 to 34,None,,East,"Automobile, Station Wagon",Going Ahead,Driving Properly,Normal,,,,,,,Yes,,Yes,,,,,Yes,,Yes,,,,19,Long Branch,19,Long Branch (19),D22,617808.1403,4827677.841
16328,81505306,342262,17/02/2020,2020,1949,LAKE SHORE BLVD W,THIRTY NINTH ST,15 m South o,Major Arterial,Etobicoke York,43.592768,-79.540553,Intersection Related,No Control,Clear,"Dark, artificial",Dry,Non-Fatal Injury,Pedestrian Collisions,Passenger,20 to 24,None,,,,,,,,,,,,,Yes,,Yes,,,,,Yes,,Yes,,,,19,Long Branch,19,Long Branch (19),D22,617808.1403,4827677.841
16329,81505307,342262,17/02/2020,2020,1949,LAKE SHORE BLVD W,THIRTY NINTH ST,15 m South o,Major Arterial,Etobicoke York,43.592768,-79.540553,Intersection Related,No Control,Clear,"Dark, artificial",Dry,Non-Fatal Injury,Pedestrian Collisions,Passenger,25 to 29,None,,,,,,,,,,,,,Yes,,Yes,,,,,Yes,,Yes,,,,19,Long Branch,19,Long Branch (19),D22,617808.1403,4827677.841
16330,81505308,342262,17/02/2020,2020,1949,LAKE SHORE BLVD W,THIRTY NINTH ST,15 m South o,Major Arterial,Etobicoke York,43.592768,-79.540553,Intersection Related,No Control,Clear,"Dark, artificial",Dry,Non-Fatal Injury,Pedestrian Collisions,Pedestrian,30 to 34,Major,,Unknown,,,,,Vehicle hits the pedestrian walking or running out from between parked vehicles at mid-block,Coming From Behind Parked Vehicle,Normal,,,,Yes,,Yes,,,,,Yes,,Yes,,,,19,Long Branch,19,Long Branch (19),D22,617808.1403,4827677.841
16331,81423737,348999,18/02/2020,2020,1818,4673 JANE ST,,,Major Arterial,North York,43.770259,-79.520694,Non Intersection,No Control,Clear,"Dark, artificial",Wet,Non-Fatal Injury,Pedestrian Collisions,Driver,75 to 79,Minimal,,North,"Automobile, Station Wagon",Going Ahead,Driving Properly,Normal,,,,,,,Yes,,Yes,,,,,,,,,,,24,Black Creek,24,Black Creek (24),D31,619059.6044,4847418.936
16332,81423738,348999,18/02/2020,2020,1818,4673 JANE ST,,,Major Arterial,North York,43.770259,-79.520694,Non Intersection,No Control,Clear,"Dark, artificial",Wet,Non-Fatal Injury,Pedestrian Collisions,Pedestrian,85 to 89,Major,,East,,,,,Pedestrian hit at mid-block,"Crossing, no Traffic Control",Inattentive,,,,Yes,,Yes,,,,,,,,,,,24,Black Creek,24,Black Creek (24),D31,619059.6044,4847418.936
16333,81512476,374527,22/02/2020,2020,320,GRANDRAVINE DR,FUTURA DR,35 m East of,Collector,North York,43.748633,-79.506542,Non Intersection,No Control,Clear,"Dark, artificial",Dry,Non-Fatal Injury,SMV Other,Driver,30 to 34,Minor,,West,"Automobile, Station Wagon",Going Ahead,Speed too Fast For Condition,Unknown,,,,,,,,,Yes,,,,,Yes,Yes,Yes,,,,25,Glenfield-Jane Heights,25,Glenfield-Jane Heights (25),D31,620241.9251,4845037.494
16334,81512477,374527,22/02/2020,2020,320,GRANDRAVINE DR,FUTURA DR,35 m East of,Collector,North York,43.748633,-79.506542,Non Intersection,No Control,Clear,"Dark, artificial",Dry,Non-Fatal Injury,SMV Other,Passenger,30 to 34,Major,,,,,,,,,,,,,,,Yes,,,,,Yes,Yes,Yes,,,,25,Glenfield-Jane Heights,25,Glenfield-Jane Heights (25),D31,620241.9251,4845037.494
16335,81512478,374527,22/02/2020,2020,320,GRANDRAVINE DR,FUTURA DR,35 m East of,Collector,North York,43.748633,-79.506542,Non Intersection,No Control,Clear,"Dark, artificial",Dry,Non-Fatal Injury,SMV Other,Passenger,15 to 19,Minor,,,,,,,,,,,,,,,Yes,,,,,Yes,Yes,Yes,,,,25,Glenfield-Jane Heights,25,Glenfield-Jane Heights (25),D31,620241.9251,4845037.494
16336,81512479,374527,22/02/2020,2020,320,GRANDRAVINE DR,FUTURA DR,35 m East of,Collector,North York,43.748633,-79.506542,Non Intersection,No Control,Clear,"Dark, artificial",Dry,Non-Fatal Injury,SMV Other,Passenger,25 to 29,Major,,,,,,,,,,,,,,,Yes,,,,,Yes,Yes,Yes,,,,25,Glenfield-Jane Heights,25,Glenfield-Jane Heights (25),D31,620241.9251,4845037.494
16337,81421543,382209,23/02/2020,2020,707,DON MILLS RD,LAWRENCE AVE E,,Major Arterial,Etobicoke York,43.737101,-79.34341,At Intersection,Traffic Signal,Clear,Daylight,Dry,Non-Fatal Injury,Angle,Driver,45 to 49,Major,,South,"Automobile, Station Wagon",Going Ahead,Disobeyed Traffic Control,Normal,,,,,,,,,Yes,,,,,,,Yes,Yes,,,42,Banbury-Don Mills,42,Banbury-Don Mills (42),D33,633401.8142,4844006.424
16338,81421544,382209,23/02/2020,2020,707,DON MILLS RD,LAWRENCE AVE E,,Major Arterial,Etobicoke York,43.737101,-79.34341,At Intersection,Traffic Signal,Clear,Daylight,Dry,Non-Fatal Injury,Angle,Driver,25 to 29,Minor,,East,"Automobile, Station Wagon",Going Ahead,Driving Properly,Normal,,,,,,,,,Yes,,,,,,,Yes,Yes,,,42,Banbury-Don Mills,42,Banbury-Don Mills (42),D33,633401.8142,4844006.424
16339,81338457,385373,23/02/2020,2020,1655,VICTORIA PARK AVE,HUNTINGWOOD DR,,Major Arterial,North York,43.78028,-79.325359,At Intersection,Traffic Signal,Clear,Daylight,Dry,Fatal,Pedestrian Collisions,Driver,55 to 59,None,,West,"Automobile, Station Wagon",Turning Left,Failed to Yield Right of Way,Inattentive,,,,,,,Yes,,Yes,,,,,Yes,,Yes,,,,147,L'Amoreaux West,117,L'Amoreaux (117),D42,634758.4688,4848831.331
16340,81341762,385373,23/02/2020,2020,1655,VICTORIA PARK AVE,HUNTINGWOOD DR,,Major Arterial,North York,43.78028,-79.325359,At Intersection,Traffic Signal,Clear,Daylight,Dry,Fatal,Pedestrian Collisions,Passenger,25 to 29,None,,West,,,,,,,,,,,Yes,,Yes,,,,,Yes,,Yes,,,,147,L'Amoreaux West,117,L'Amoreaux (117),D42,634758.4688,4848831.331
16341,81393715,385373,23/02/2020,2020,1655,VICTORIA PARK AVE,HUNTINGWOOD DR,,Major Arterial,North York,43.78028,-79.325359,At Intersection,Traffic Signal,Clear,Daylight,Dry,Fatal,Pedestrian Collisions,Pedestrian,75 to 79,Fatal,5,East,,,,,Vehicle turns left while ped crosses with ROW at inter.,Crossing with right of way,Normal,,,,Yes,,Yes,,,,,Yes,,Yes,,,,147,L'Amoreaux West,117,L'Amoreaux (117),D42,634758.4688,4848831.331
16342,81431188,401654,25/02/2020,2020,2105,ST CLAIR AVE W,OLD WESTON RD,,Major Arterial,Etobicoke York,43.673464,-79.463008,At Intersection,Traffic Signal,Clear,"Dark, artificial",Dry,Non-Fatal Injury,Pedestrian Collisions,Driver,55 to 59,None,,West,"Automobile, Station Wagon",Going Ahead,Driving Properly,Normal,,,,,,,Yes,,Yes,,,,,,,,,,,91,Weston-Pelham Park,91,Weston-Pellam Park (91),D11,623901.7768,4836753.036
16343,81431189,401654,25/02/2020,2020,2105,ST CLAIR AVE W,OLD WESTON RD,,Major Arterial,Etobicoke York,43.673464,-79.463008,At Intersection,Traffic Signal,Clear,"Dark, artificial",Dry,Non-Fatal Injury,Pedestrian Collisions,Pedestrian,65 to 69,Major,,North,,,,,Vehicle is going straight thru inter.while ped cross without ROW,Crossing without right of way,Inattentive,,,,Yes,,Yes,,,,,,,,,,,91,Weston-Pelham Park,91,Weston-Pellam Park (91),D11,623901.7768,4836753.036
16344,81423174,418177,28/02/2020,2020,650,KING ST E,SHERBOURNE ST,,Major Arterial,Toronto and East York,43.651206,-79.368221,At Intersection,Traffic Signal,Clear,Dawn,Dry,Non-Fatal Injury,Pedestrian Collisions,Driver,45 to 49,None,,West,"Automobile, Station Wagon",Going Ahead,Driving Properly,Normal,,,,,,,Yes,,Yes,,,,,,,Yes,,,,73,Moss Park,73,Moss Park (73),D51,631591.5539,4834426.937
16345,81423175,418177,28/02/2020,2020,650,KING ST E,SHERBOURNE ST,,Major Arterial,Toronto and East York,43.651206,-79.368221,At Intersection,Traffic Signal,Clear,Dawn,Dry,Non-Fatal Injury,Pedestrian Collisions,Pedestrian,45 to 49,Major,,North,,,,,Vehicle is going straight thru inter.while ped cross without ROW,Crossing without right of way,Inattentive,,,,Yes,,Yes,,,,,,,Yes,,,,73,Moss Park,73,Moss Park (73),D51,631591.5539,4834426.937
16346,81421593,418513,28/02/2020,2020,810,YONGE ST,EMPRESS AVE,,Major Arterial,North York,43.769202,-79.41286,At Intersection,Traffic Signal,Clear,Daylight,Wet,Non-Fatal Injury,Pedestrian Collisions,Driver,55 to 59,None,,South,"Automobile, Station Wagon",Turning Left,Failed to Yield Right of Way,Inattentive,,,,,,,Yes,,Yes,,,,,,,Yes,,,,151,Yonge-Doris,51,Willowdale East (51),D32,627740.777,4847462.239
16347,81421594,418513,28/02/2020,2020,810,YONGE ST,EMPRESS AVE,,Major Arterial,North York,43.769202,-79.41286,At Intersection,Traffic Signal,Clear,Daylight,Wet,Non-Fatal Injury,Pedestrian Collisions,Driver,35 to 39,None,,North,"Automobile, Station Wagon",Going Ahead,Driving Properly,Normal,,,,,,,Yes,,Yes,,,,,,,Yes,,,,151,Yonge-Doris,51,Willowdale East (51),D32,627740.777,4847462.239
16348,81421595,418513,28/02/2020,2020,810,YONGE ST,EMPRESS AVE,,Major Arterial,North York,43.769202,-79.41286,At Intersection,Traffic Signal,Clear,Daylight,Wet,Non-Fatal Injury,Pedestrian Collisions,Pedestrian,30 to 34,Major,,Unknown,,,,,Pedestrian hit on sidewalk or shoulder,On Sidewalk or Shoulder,Normal,,,,Yes,,Yes,,,,,,,Yes,,,,151,Yonge-Doris,51,Willowdale East (51),D32,627740.777,4847462.239
16349,81421596,418513,28/02/2020,2020,810,YONGE ST,EMPRESS AVE,,Major Arterial,North York,43.769202,-79.41286,At Intersection,Traffic Signal,Clear,Daylight,Wet,Non-Fatal Injury,Pedestrian Collisions,Pedestrian,25 to 29,Minor,,Unknown,,,,,Pedestrian hit on sidewalk or shoulder,On Sidewalk or Shoulder,Normal,,,,Yes,,Yes,,,,,,,Yes,,,,151,Yonge-Doris,51,Willowdale East (51),D32,627740.777,4847462.239
16350,81421597,418513,28/02/2020,2020,810,YONGE ST,EMPRESS AVE,,Major Arterial,North York,43.769202,-79.41286,At Intersection,Traffic Signal,Clear,Daylight,Wet,Non-Fatal Injury,Pedestrian Collisions,Pedestrian,25 to 29,Major,,Unknown,,,,,Pedestrian hit on sidewalk or shoulder,On Sidewalk or Shoulder,Normal,,,,Yes,,Yes,,,,,,,Yes,,,,151,Yonge-Doris,51,Willowdale East (51),D32,627740.777,4847462.239
16351,81418892,429600,29/02/2020,2020,1716,FINCH AVE W,SILVERSTONE DR,,Major Arterial,Etobicoke York,43.735945,-79.594913,At Intersection,Traffic Signal,Clear,Daylight,Dry,Non-Fatal Injury,Pedestrian Collisions,Driver,55 to 59,None,,West,"Automobile, Station Wagon",Going Ahead,Disobeyed Traffic Control,Inattentive,,,,,,,Yes,,Yes,,,,,Yes,,Yes,Yes,,,1,West Humber-Clairville,1,West Humber-Clairville (1),D23,613150.8116,4843503.835
16352,81418893,429600,29/02/2020,2020,1716,FINCH AVE W,SILVERSTONE DR,,Major Arterial,Etobicoke York,43.735945,-79.594913,At Intersection,Traffic Signal,Clear,Daylight,Dry,Non-Fatal Injury,Pedestrian Collisions,Passenger,30 to 34,None,,,,,,,,,,,,,Yes,,Yes,,,,,Yes,,Yes,Yes,,,1,West Humber-Clairville,1,West Humber-Clairville (1),D23,613150.8116,4843503.835
16353,81418894,429600,29/02/2020,2020,1716,FINCH AVE W,SILVERSTONE DR,,Major Arterial,Etobicoke York,43.735945,-79.594913,At Intersection,Traffic Signal,Clear,Daylight,Dry,Non-Fatal Injury,Pedestrian Collisions,Pedestrian,50 to 54,Major,,South,,,,,Vehicle is going straight thru inter.while ped cross with ROW,Crossing with right of way,Normal,,,,Yes,,Yes,,,,,Yes,,Yes,Yes,,,1,West Humber-Clairville,1,West Humber-Clairville (1),D23,613150.8116,4843503.835