OBJECTID,INDEX,ACCNUM,DATE,ACCIDENT_YEAR,TIME,STREET1,STREET2,OFFSET,ROAD_CLASS,DISTRICT,LATITUDE,LONGITUDE,ACCLOC,TRAFFCTL,VISIBILITY,LIGHT,RDSFCOND,ACCLASS,IMPACTYPE,INVTYPE,INVAGE,INJURY,FATAL_NO,INITDIR,VEHTYPE,MANOEUVER,DRIVACT,DRIVCOND,PEDTYPE,PEDACT,PEDCOND,CYCLISTYPE,CYCACT,CYCCOND,PEDESTRIAN,CYCLIST,AUTOMOBILE,MOTORCYCLE,TRUCK,TRSN_CITY_VEH,EMERG_VEH,PASSENGER,SPEEDING,AG_DRIV,REDLIGHT,ALCOHOL,DISABILITY,HOOD_158,NEIGHBOURHOOD_158,HOOD_140,NEIGHBOURHOOD_140,DIVISION,x,y
16991,81579308,1000599778,01/04/2021,2021,1902,QUEENS QUAY E,SMALL ST,20 m South o,Minor Arterial,Toronto and East York,43.646342,-79.361942,Intersection Related,No Control,Clear,Daylight,Dry,Non-Fatal Injury,SMV Other,Motorcycle Driver,45 to 49,Major,,East,Motorcycle,Going Ahead,Lost control,Unknown,,,,,,,,,,Yes,,,,,,,,,,166,St Lawrence-East Bayfront-The Islands,77,Waterfront Communities-The Island (77),D51,632108.58,4833896.702
16992,81515429,1000605999,02/04/2021,2021,1857,LAWRENCE  AVE W,BLACK CREEK  DR,95 m East of,Major Arterial,Etobicoke York,43.705226,-79.492557,At/Near Private Drive,Stop Sign,Clear,Daylight,Dry,Non-Fatal Injury,Cyclist Collisions,Driver,45 to 49,None,,North,"Automobile, Station Wagon",Going Ahead,Failed to Yield Right of Way,Normal,,,,,,,,Yes,Yes,,,,,Yes,,Yes,,,,30,Brookhaven-Amesbury,30,Brookhaven-Amesbury (30),D12,621455.5943,4840236.924
16993,81515430,1000605999,02/04/2021,2021,1857,LAWRENCE  AVE W,BLACK CREEK  DR,95 m East of,Major Arterial,Etobicoke York,43.705226,-79.492557,At/Near Private Drive,Stop Sign,Clear,Daylight,Dry,Non-Fatal Injury,Cyclist Collisions,Cyclist,45 to 49,Major,,West,Bicycle,Going Ahead,,,,,,"Motorist turns right at non-signal Inter.(stop, yield, no cont.,and dwy) and strikes cyclist.",Driving Properly,Normal,,Yes,Yes,,,,,Yes,,Yes,,,,30,Brookhaven-Amesbury,30,Brookhaven-Amesbury (30),D12,621455.5943,4840236.924
16994,81515431,1000605999,02/04/2021,2021,1857,LAWRENCE  AVE W,BLACK CREEK  DR,95 m East of,Major Arterial,Etobicoke York,43.705226,-79.492557,At/Near Private Drive,Stop Sign,Clear,Daylight,Dry,Non-Fatal Injury,Cyclist Collisions,Passenger,40 to 44,None,,,,,,,,,,,,,,Yes,Yes,,,,,Yes,,Yes,,,,30,Brookhaven-Amesbury,30,Brookhaven-Amesbury (30),D12,621455.5943,4840236.924
16995,81546072,1000617527,04/04/2021,2021,1719,WILSON  AVE,YONGE BLVD,,Major Arterial,North York,43.741217,-79.415187,At Intersection,Traffic Signal,Clear,Daylight,Dry,Non-Fatal Injury,Angle,Passenger,50 to 54,None,,,,,,,,,,,,,,,Yes,Yes,,,,Yes,,Yes,Yes,,,39,Bedford Park-Nortown,39,Bedford Park-Nortown (39),D32,627612.9586,4844350.5
16996,81546073,1000617527,04/04/2021,2021,1719,WILSON  AVE,YONGE BLVD,,Major Arterial,North York,43.741217,-79.415187,At Intersection,Traffic Signal,Clear,Daylight,Dry,Non-Fatal Injury,Angle,Motorcycle Driver,45 to 49,Major,,East,Motorcycle,Going Ahead,Disobeyed Traffic Control,Normal,,,,,,,,,Yes,Yes,,,,Yes,,Yes,Yes,,,39,Bedford Park-Nortown,39,Bedford Park-Nortown (39),D32,627612.9586,4844350.5
16997,81546074,1000617527,04/04/2021,2021,1719,WILSON  AVE,YONGE BLVD,,Major Arterial,North York,43.741217,-79.415187,At Intersection,Traffic Signal,Clear,Daylight,Dry,Non-Fatal Injury,Angle,Driver,15 to 19,None,,North,"Automobile, Station Wagon",Going Ahead,Driving Properly,Normal,,,,,,,,,Yes,Yes,,,,Yes,,Yes,Yes,,,39,Bedford Park-Nortown,39,Bedford Park-Nortown (39),D32,627612.9586,4844350.5
16998,81542209,1000618818,04/04/2021,2021,2120,LAKE SHORE  BLVD W,BATHURST ST,,Major Arterial,Toronto and East York,43.636412,-79.399608,At Intersection,Traffic Signal,Clear,"Dark, artificial",Dry,Non-Fatal Injury,Pedestrian Collisions,Driver,25 to 29,None,,West,"Automobile, Station Wagon",Going Ahead,Driving Properly,Normal,,,,,,,Yes,,Yes,,,,,,,,,,,163,Fort York-Liberty Village,82,Niagara (82),D14,629092.0687,4832734.578
16999,81542210,1000618818,04/04/2021,2021,2120,LAKE SHORE  BLVD W,BATHURST ST,,Major Arterial,Toronto and East York,43.636412,-79.399608,At Intersection,Traffic Signal,Clear,"Dark, artificial",Dry,Non-Fatal Injury,Pedestrian Collisions,Pedestrian,25 to 29,Major,,,,,,,Vehicle is going straight thru inter.while ped cross without ROW,Crossing without right of way,Inattentive,,,,Yes,,Yes,,,,,,,,,,,163,Fort York-Liberty Village,82,Niagara (82),D14,629092.0687,4832734.578
17000,81515456,1000625824,05/04/2021,2021,2345,EASTERN  AVE,GILEAD  PL,50 m East of,Minor Arterial,Toronto and East York,43.653208,-79.359607,Non Intersection,No Control,Clear,"Dark, artificial",Dry,Non-Fatal Injury,SMV Other,Driver,15 to 19,Major,,West,"Automobile, Station Wagon",Going Ahead,Other,"Ability Impaired, Alcohol",,,,,,,,,Yes,,,,,Yes,,Yes,,Yes,,166,St Lawrence-East Bayfront-The Islands,77,Waterfront Communities-The Island (77),D51,632281.8248,4834662.982
17001,81515457,1000625824,05/04/2021,2021,2345,EASTERN  AVE,GILEAD  PL,50 m East of,Minor Arterial,Toronto and East York,43.653208,-79.359607,Non Intersection,No Control,Clear,"Dark, artificial",Dry,Non-Fatal Injury,SMV Other,Driver,25 to 29,None,,West,"Automobile, Station Wagon",Going Ahead,Driving Properly,Normal,,,,,,,,,Yes,,,,,Yes,,Yes,,Yes,,166,St Lawrence-East Bayfront-The Islands,77,Waterfront Communities-The Island (77),D51,632281.8248,4834662.982
17002,81515458,1000625824,05/04/2021,2021,2345,EASTERN  AVE,GILEAD  PL,50 m East of,Minor Arterial,Toronto and East York,43.653208,-79.359607,Non Intersection,No Control,Clear,"Dark, artificial",Dry,Non-Fatal Injury,SMV Other,Passenger,15 to 19,Minor,,,,,,,,,,,,,,,Yes,,,,,Yes,,Yes,,Yes,,166,St Lawrence-East Bayfront-The Islands,77,Waterfront Communities-The Island (77),D51,632281.8248,4834662.982
17003,81515459,1000625824,05/04/2021,2021,2345,EASTERN  AVE,GILEAD  PL,50 m East of,Minor Arterial,Toronto and East York,43.653208,-79.359607,Non Intersection,No Control,Clear,"Dark, artificial",Dry,Non-Fatal Injury,SMV Other,Passenger,15 to 19,Minor,,,,,,,,,,,,,,,Yes,,,,,Yes,,Yes,,Yes,,166,St Lawrence-East Bayfront-The Islands,77,Waterfront Communities-The Island (77),D51,632281.8248,4834662.982
17004,81515460,1000625824,05/04/2021,2021,2345,EASTERN  AVE,GILEAD  PL,50 m East of,Minor Arterial,Toronto and East York,43.653208,-79.359607,Non Intersection,No Control,Clear,"Dark, artificial",Dry,Non-Fatal Injury,SMV Other,Passenger,15 to 19,Major,,,,,,,,,,,,,,,Yes,,,,,Yes,,Yes,,Yes,,166,St Lawrence-East Bayfront-The Islands,77,Waterfront Communities-The Island (77),D51,632281.8248,4834662.982
17005,81515461,1000625824,05/04/2021,2021,2345,EASTERN  AVE,GILEAD  PL,50 m East of,Minor Arterial,Toronto and East York,43.653208,-79.359607,Non Intersection,No Control,Clear,"Dark, artificial",Dry,Non-Fatal Injury,SMV Other,Passenger,25 to 29,None,,,,,,,,,,,,,,,Yes,,,,,Yes,,Yes,,Yes,,166,St Lawrence-East Bayfront-The Islands,77,Waterfront Communities-The Island (77),D51,632281.8248,4834662.982
17006,81542268,1000628967,06/04/2021,2021,1238,107 THE QUEENSWAY,,,Major Arterial,Etobicoke York,43.63674,-79.471339,Non Intersection,No Control,Clear,Daylight,Dry,Non-Fatal Injury,Other,Driver,50 to 54,None,,East,Municipal Transit Bus (TTC),Going Ahead,Driving Properly,Normal,,,,,,,,,,,,Yes,,Yes,,,,,,87,High Park-Swansea,87,High Park-Swansea (87),D11,623305.3204,4832661.95
17007,81542269,1000628967,06/04/2021,2021,1238,107 THE QUEENSWAY,,,Major Arterial,Etobicoke York,43.63674,-79.471339,Non Intersection,No Control,Clear,Daylight,Dry,Non-Fatal Injury,Other,Passenger,75 to 79,Major,,,,,,,,,,,,,,,,,,Yes,,Yes,,,,,,87,High Park-Swansea,87,High Park-Swansea (87),D11,623305.3204,4832661.95
17008,81542812,1000635139,07/04/2021,2021,1000,NIAGARA  ST,BATHURST  ST,,Major Arterial,Toronto and East York,43.641841,-79.401851,At Intersection,Traffic Signal,Clear,Daylight,Dry,Non-Fatal Injury,Pedestrian Collisions,Driver,35 to 39,None,,South,"Automobile, Station Wagon",Going Ahead,Driving Properly,Normal,,,,,,,Yes,,Yes,,,,,,,,,,,164,Wellington Place,77,Waterfront Communities-The Island (77),D14,628899.5306,4833334.052
17009,81542813,1000635139,07/04/2021,2021,1000,NIAGARA  ST,BATHURST  ST,,Major Arterial,Toronto and East York,43.641841,-79.401851,At Intersection,Traffic Signal,Clear,Daylight,Dry,Non-Fatal Injury,Pedestrian Collisions,Pedestrian,20 to 24,Major,,East,,,,,Vehicle is going straight thru inter.while ped cross without ROW,Crossing without right of way,Inattentive,,,,Yes,,Yes,,,,,,,,,,,164,Wellington Place,77,Waterfront Communities-The Island (77),D14,628899.5306,4833334.052
17010,81515215,1000646644,08/04/2021,2021,1950,MORNINGSIDE AVE,MILNER AVE,,Major Arterial,Scarborough,43.800208,-79.199046,At Intersection,Traffic Signal,Clear,"Dusk, artificial",Dry,Non-Fatal Injury,Turning Movement,Driver,55 to 59,None,,South,"Automobile, Station Wagon",Turning Left,Failed to Yield Right of Way,Inattentive,,,,,,,,,Yes,Yes,,,,Yes,,Yes,,,,144,Morningside Heights,131,Rouge (131),D42,644874.8436,4851258.028
17011,81515216,1000646644,08/04/2021,2021,1950,MORNINGSIDE AVE,MILNER AVE,,Major Arterial,Scarborough,43.800208,-79.199046,At Intersection,Traffic Signal,Clear,"Dusk, artificial",Dry,Non-Fatal Injury,Turning Movement,Motorcycle Driver,30 to 34,Major,,North,Motorcycle,Going Ahead,Driving Properly,Normal,,,,,,,,,Yes,Yes,,,,Yes,,Yes,,,,144,Morningside Heights,131,Rouge (131),D42,644874.8436,4851258.028
17012,81515217,1000646644,08/04/2021,2021,1950,MORNINGSIDE AVE,MILNER AVE,,Major Arterial,Scarborough,43.800208,-79.199046,At Intersection,Traffic Signal,Clear,"Dusk, artificial",Dry,Non-Fatal Injury,Turning Movement,Passenger,25 to 29,None,,,,,,,,,,,,,,,Yes,Yes,,,,Yes,,Yes,,,,144,Morningside Heights,131,Rouge (131),D42,644874.8436,4851258.028
17013,81577582,1000656014,10/04/2021,2021,551,DANFORTH  AVE,DEWHURST BLVD,33 m East of,Major Arterial,Toronto and East York,43.680033,-79.338893,Non Intersection,No Control,Clear,"Dark, artificial",Dry,Non-Fatal Injury,Approaching,Driver,25 to 29,Major,,East,"Automobile, Station Wagon",Going Ahead,Lost control,Unknown,,,,,,,,,Yes,,,Yes,,,Yes,Yes,,,,69,Blake-Jones,69,Blake-Jones (69),D55,633892.5723,4837675.491
17014,81577583,1000656014,10/04/2021,2021,551,DANFORTH  AVE,DEWHURST BLVD,33 m East of,Major Arterial,Toronto and East York,43.680033,-79.338893,Non Intersection,No Control,Clear,"Dark, artificial",Dry,Non-Fatal Injury,Approaching,Driver,45 to 49,Minor,,West,Municipal Transit Bus (TTC),Going Ahead,Driving Properly,Normal,,,,,,,,,Yes,,,Yes,,,Yes,Yes,,,,69,Blake-Jones,69,Blake-Jones (69),D55,633892.5723,4837675.491
17015,81577428,1000657323,10/04/2021,2021,1000,COXWELL  AVE,QUEEN  ST E,25 m South o,Minor Arterial,Toronto and East York,43.666285,-79.316562,Non Intersection,Traffic Signal,Clear,Daylight,Dry,Non-Fatal Injury,Cyclist Collisions,Driver,65 to 69,None,,North,"Automobile, Station Wagon",Going Ahead,Improper Passing,Unknown,,,,,,,,Yes,Yes,,,,,,,Yes,,,,65,Greenwood-Coxwell,65,Greenwood-Coxwell (65),D55,635723.5587,4836184.88
17016,81577429,1000657323,10/04/2021,2021,1000,COXWELL  AVE,QUEEN  ST E,25 m South o,Minor Arterial,Toronto and East York,43.666285,-79.316562,Non Intersection,Traffic Signal,Clear,Daylight,Dry,Non-Fatal Injury,Cyclist Collisions,Cyclist,35 to 39,Major,,North,Bicycle,Going Ahead,,,,,,Cyclist and Driver travelling in same direction. One vehicle sideswipes the other.,Driving Properly,Normal,,Yes,Yes,,,,,,,Yes,,,,65,Greenwood-Coxwell,65,Greenwood-Coxwell (65),D55,635723.5587,4836184.88
17017,81543278,1000691488,15/04/2021,2021,1212,QUEEN ST E,BROADVIEW  AVE,31 m East of,Minor Arterial,Toronto and East York,43.658923,-79.349284,Non Intersection,No Control,Clear,Daylight,Dry,Non-Fatal Injury,Pedestrian Collisions,Driver,40 to 44,None,,East,Pick Up Truck,Going Ahead,Driving Properly,Normal,,,,,,,Yes,,Yes,,,,,Yes,,,,,,70,South Riverdale,70,South Riverdale (70),D55,633101.6568,4835314.217
17018,81543279,1000691488,15/04/2021,2021,1212,QUEEN ST E,BROADVIEW  AVE,31 m East of,Minor Arterial,Toronto and East York,43.658923,-79.349284,Non Intersection,No Control,Clear,Daylight,Dry,Non-Fatal Injury,Pedestrian Collisions,Passenger,40 to 44,None,,,,,,,,,,,,,Yes,,Yes,,,,,Yes,,,,,,70,South Riverdale,70,South Riverdale (70),D55,633101.6568,4835314.217
17019,81543280,1000691488,15/04/2021,2021,1212,QUEEN ST E,BROADVIEW  AVE,31 m East of,Minor Arterial,Toronto and East York,43.658923,-79.349284,Non Intersection,No Control,Clear,Daylight,Dry,Non-Fatal Injury,Pedestrian Collisions,Pedestrian,25 to 29,Major,,South,,,,,Pedestrian hit at mid-block,Running onto Roadway,Normal,,,,Yes,,Yes,,,,,Yes,,,,,,70,South Riverdale,70,South Riverdale (70),D55,633101.6568,4835314.217
17020,81542020,1000692826,15/04/2021,2021,1530,FINCH AVE W,SENTINEL RD,,Major Arterial,North York,43.760363,-79.502773,Non Intersection,No Control,Clear,Daylight,Dry,Fatal,Pedestrian Collisions,Pedestrian,45 to 49,Fatal,4,South,,,,,Pedestrian hit at mid-block,"Crossing, no Traffic Control",Normal,,,,Yes,,,,Yes,,,,,,,,,27,York University Heights,27,York University Heights (27),D31,620521.8297,4846345.761
17021,81542023,1000692826,15/04/2021,2021,1530,FINCH AVE W,SENTINEL RD,,Major Arterial,North York,43.760363,-79.502773,Non Intersection,No Control,Clear,Daylight,Dry,Fatal,Pedestrian Collisions,Truck Driver,55 to 59,None,,West,Truck - Dump,Going Ahead,Driving Properly,Normal,,,,,,,Yes,,,,Yes,,,,,,,,,27,York University Heights,27,York University Heights (27),D31,620521.8297,4846345.761
17022,81542199,1000693871,15/04/2021,2021,1800,DUNDAS ST W,BATHURST ST,,Major Arterial,Toronto and East York,43.652239,-79.405978,At Intersection,Traffic Signal,Clear,Daylight,Dry,Non-Fatal Injury,Cyclist Collisions,Driver,unknown,None,,North,"Automobile, Station Wagon",Turning Right,Improper Turn,Unknown,,,,,,,,Yes,Yes,,,,,,,,,,,78,Kensington-Chinatown,78,Kensington-Chinatown (78),D14,628544.4806,4834482.484
17023,81542200,1000693871,15/04/2021,2021,1800,DUNDAS ST W,BATHURST ST,,Major Arterial,Toronto and East York,43.652239,-79.405978,At Intersection,Traffic Signal,Clear,Daylight,Dry,Non-Fatal Injury,Cyclist Collisions,Cyclist,60 to 64,Major,,West,Bicycle,Going Ahead,,,,,,Motorist turning right on red at signalized intersection strikes cyclist.,Driving Properly,Normal,,Yes,Yes,,,,,,,,,,,78,Kensington-Chinatown,78,Kensington-Chinatown (78),D14,628544.4806,4834482.484
17024,81542017,1000734326,21/04/2021,2021,2305,DUNDAS ST W,AUGUSTA AVE,,Major Arterial,Toronto and East York,43.652201,-79.401103,Intersection Related,No Control,Clear,"Dark, artificial",Dry,Fatal,SMV Unattended Vehicle,Driver,30 to 34,Major,,East,"Automobile, Station Wagon",Going Ahead,Exceeding Speed Limit,Unknown,,,,,,,,,Yes,,,Yes,,Yes,Yes,Yes,,,,78,Kensington-Chinatown,78,Kensington-Chinatown (78),D14,628937.6937,4834485.827
17025,81542018,1000734326,21/04/2021,2021,2305,DUNDAS ST W,AUGUSTA AVE,,Major Arterial,Toronto and East York,43.652201,-79.401103,Intersection Related,No Control,Clear,"Dark, artificial",Dry,Fatal,SMV Unattended Vehicle,Driver,30 to 34,None,,East,Street Car,Going Ahead,Driving Properly,Normal,,,,,,,,,Yes,,,Yes,,Yes,Yes,Yes,,,,78,Kensington-Chinatown,78,Kensington-Chinatown (78),D14,628937.6937,4834485.827
17026,81542019,1000734326,21/04/2021,2021,2305,DUNDAS ST W,AUGUSTA AVE,,Major Arterial,Toronto and East York,43.652201,-79.401103,Intersection Related,No Control,Clear,"Dark, artificial",Dry,Fatal,SMV Unattended Vehicle,Passenger,35 to 39,Fatal,5,,,,,,,,,,,,,,Yes,,,Yes,,Yes,Yes,Yes,,,,78,Kensington-Chinatown,78,Kensington-Chinatown (78),D14,628937.6937,4834485.827
17027,81542228,1000747804,23/04/2021,2021,2113,LEITCH AVE,MURRAY ROSS PKWY,,Collector,North York,43.765841,-79.496097,At Intersection,Stop Sign,Clear,"Dark, artificial",Dry,Non-Fatal Injury,Turning Movement,Driver,20 to 24,None,,South,"Automobile, Station Wagon",Turning Left,Failed to Yield Right of Way,Inattentive,,,,,,,,,Yes,Yes,,,,Yes,Yes,Yes,,,,27,York University Heights,27,York University Heights (27),D31,621048.1815,4846963.911
17028,81542229,1000747804,23/04/2021,2021,2113,LEITCH AVE,MURRAY ROSS PKWY,,Collector,North York,43.765841,-79.496097,At Intersection,Stop Sign,Clear,"Dark, artificial",Dry,Non-Fatal Injury,Turning Movement,Motorcycle Driver,30 to 34,Major,,West,Motorcycle,Going Ahead,Exceeding Speed Limit,Normal,,,,,,,,,Yes,Yes,,,,Yes,Yes,Yes,,,,27,York University Heights,27,York University Heights (27),D31,621048.1815,4846963.911
17029,81542230,1000747804,23/04/2021,2021,2113,LEITCH AVE,MURRAY ROSS PKWY,,Collector,North York,43.765841,-79.496097,At Intersection,Stop Sign,Clear,"Dark, artificial",Dry,Non-Fatal Injury,Turning Movement,Passenger,20 to 24,None,,,,,,,,,,,,,,,Yes,Yes,,,,Yes,Yes,Yes,,,,27,York University Heights,27,York University Heights (27),D31,621048.1815,4846963.911
17030,81542231,1000747804,23/04/2021,2021,2113,LEITCH AVE,MURRAY ROSS PKWY,,Collector,North York,43.765841,-79.496097,At Intersection,Stop Sign,Clear,"Dark, artificial",Dry,Non-Fatal Injury,Turning Movement,Passenger,20 to 24,None,,,,,,,,,,,,,,,Yes,Yes,,,,Yes,Yes,Yes,,,,27,York University Heights,27,York University Heights (27),D31,621048.1815,4846963.911
17031,81542232,1000747804,23/04/2021,2021,2113,LEITCH AVE,MURRAY ROSS PKWY,,Collector,North York,43.765841,-79.496097,At Intersection,Stop Sign,Clear,"Dark, artificial",Dry,Non-Fatal Injury,Turning Movement,Passenger,20 to 24,None,,,,,,,,,,,,,,,Yes,Yes,,,,Yes,Yes,Yes,,,,27,York University Heights,27,York University Heights (27),D31,621048.1815,4846963.911
17032,81542233,1000747804,23/04/2021,2021,2113,LEITCH AVE,MURRAY ROSS PKWY,,Collector,North York,43.765841,-79.496097,At Intersection,Stop Sign,Clear,"Dark, artificial",Dry,Non-Fatal Injury,Turning Movement,Passenger,20 to 24,None,,,,,,,,,,,,,,,Yes,Yes,,,,Yes,Yes,Yes,,,,27,York University Heights,27,York University Heights (27),D31,621048.1815,4846963.911
17033,81516161,1000750988,24/04/2021,2021,1110,EGLINTON  AVE W,LLOYD MANOR  RD,35 m East of,Major Arterial,Etobicoke York,43.675551,-79.557628,Non Intersection,No Control,Clear,Daylight,Dry,Non-Fatal Injury,Rear End,Driver,25 to 29,None,,West,"Automobile, Station Wagon",Going Ahead,Following too Close,Inattentive,,,,,,,,,Yes,,,,,,,Yes,,,,10,Princess-Rosethorn,10,Princess-Rosethorn (10),D22,616270.0684,4836847.846
17034,81516162,1000750988,24/04/2021,2021,1110,EGLINTON  AVE W,LLOYD MANOR  RD,35 m East of,Major Arterial,Etobicoke York,43.675551,-79.557628,Non Intersection,No Control,Clear,Daylight,Dry,Non-Fatal Injury,Rear End,Driver,65 to 69,Major,,West,"Automobile, Station Wagon",Slowing or Stopping,Driving Properly,Normal,,,,,,,,,Yes,,,,,,,Yes,,,,10,Princess-Rosethorn,10,Princess-Rosethorn (10),D22,616270.0684,4836847.846
17035,81542249,1000762323,26/04/2021,2021,715,ARKONA DR,ARKONA  DR,,Collector,Scarborough,43.773184,-79.304469,At Intersection,Stop Sign,Clear,Daylight,Dry,Non-Fatal Injury,Pedestrian Collisions,Driver,45 to 49,None,,East,"Automobile, Station Wagon",Turning Left,Disobeyed Traffic Control,Inattentive,,,,,,,Yes,,Yes,,,,,,,Yes,,,,118,Tam O'Shanter-Sullivan,118,Tam O'Shanter-Sullivan (118),D42,636455.6466,4848077.427
17036,81542250,1000762323,26/04/2021,2021,715,ARKONA DR,ARKONA  DR,,Collector,Scarborough,43.773184,-79.304469,At Intersection,Stop Sign,Clear,Daylight,Dry,Non-Fatal Injury,Pedestrian Collisions,Pedestrian,55 to 59,Major,,North,,,,,Vehicle turns left while ped crosses with ROW at inter.,Crossing with right of way,Normal,,,,Yes,,Yes,,,,,,,Yes,,,,118,Tam O'Shanter-Sullivan,118,Tam O'Shanter-Sullivan (118),D42,636455.6466,4848077.427
17037,81070928,1000772458,27/04/2021,2021,1510,MAIN ST,DANFORTH AVE,,Major Arterial,Toronto and East York,43.688071,-79.301791,At Intersection,Traffic Signal,Clear,Daylight,Dry,Fatal,Pedestrian Collisions,Driver,50 to 54,None,,North,Truck - Dump,Turning Right,Improper Turn,Inattentive,,,,,,,Yes,,,,Yes,,,,,,,,,62,East End-Danforth,62,East End-Danforth (62),D55,636864.9113,4838628.789
17038,81542022,1000772458,27/04/2021,2021,1510,MAIN ST,DANFORTH AVE,,Major Arterial,Toronto and East York,43.688071,-79.301791,At Intersection,Traffic Signal,Clear,Daylight,Dry,Fatal,Pedestrian Collisions,Wheelchair,80 to 84,Fatal,6,North,,,,,Vehicle turns right while ped crosses with ROW at inter.,Crossing with right of way,Normal,,,,Yes,,,,Yes,,,,,,,,,62,East End-Danforth,62,East End-Danforth (62),D55,636864.9113,4838628.789
17039,81542505,1000799379,01/05/2021,2021,1229,KANE AVE,ROGERS  RD,,Minor Arterial,Etobicoke York,43.681983,-79.466502,At Intersection,Stop Sign,Clear,Daylight,Dry,Non-Fatal Injury,Angle,Driver,30 to 34,None,,South,"Automobile, Station Wagon",Going Ahead,Failed to Yield Right of Way,Inattentive,,,,,,,,,Yes,,,,,Yes,,Yes,,,,110,Keelesdale-Eglinton West,110,Keelesdale-Eglinton West (110),D12,623602.6194,4837693.972
17040,81542506,1000799379,01/05/2021,2021,1229,KANE AVE,ROGERS  RD,,Minor Arterial,Etobicoke York,43.681983,-79.466502,At Intersection,Stop Sign,Clear,Daylight,Dry,Non-Fatal Injury,Angle,Driver,55 to 59,Minimal,,East,"Automobile, Station Wagon",Going Ahead,Driving Properly,Normal,,,,,,,,,Yes,,,,,Yes,,Yes,,,,110,Keelesdale-Eglinton West,110,Keelesdale-Eglinton West (110),D12,623602.6194,4837693.972
17041,81542507,1000799379,01/05/2021,2021,1229,KANE AVE,ROGERS  RD,,Minor Arterial,Etobicoke York,43.681983,-79.466502,At Intersection,Stop Sign,Clear,Daylight,Dry,Non-Fatal Injury,Angle,Passenger,35 to 39,Major,,,,,,,,,,,,,,,Yes,,,,,Yes,,Yes,,,,110,Keelesdale-Eglinton West,110,Keelesdale-Eglinton West (110),D12,623602.6194,4837693.972
17042,81542446,1000799560,01/05/2021,2021,1303,LAWRENCE  AVE E,GREENBRAE  CRCT,11 m West of,Major Arterial,Scarborough,43.758113,-79.233043,Intersection Related,Traffic Signal,Clear,Daylight,Dry,Non-Fatal Injury,Rear End,Motorcycle Driver,60 to 64,Major,,East,Motorcycle,Slowing or Stopping,Lost control,Normal,,,,,,,,,Yes,Yes,,,,Yes,,,,,,141,Golfdale-Cedarbrae-Woburn,137,Woburn (137),D43,642239.7666,4846523.756
17043,81542447,1000799560,01/05/2021,2021,1303,LAWRENCE  AVE E,GREENBRAE  CRCT,11 m West of,Major Arterial,Scarborough,43.758113,-79.233043,Intersection Related,Traffic Signal,Clear,Daylight,Dry,Non-Fatal Injury,Rear End,Driver,45 to 49,None,,East,"Automobile, Station Wagon",Slowing or Stopping,Driving Properly,Normal,,,,,,,,,Yes,Yes,,,,Yes,,,,,,141,Golfdale-Cedarbrae-Woburn,137,Woburn (137),D43,642239.7666,4846523.756
17044,81542448,1000799560,01/05/2021,2021,1303,LAWRENCE  AVE E,GREENBRAE  CRCT,11 m West of,Major Arterial,Scarborough,43.758113,-79.233043,Intersection Related,Traffic Signal,Clear,Daylight,Dry,Non-Fatal Injury,Rear End,Passenger,45 to 49,Minimal,,,,,,,,,,,,,,,Yes,Yes,,,,Yes,,,,,,141,Golfdale-Cedarbrae-Woburn,137,Woburn (137),D43,642239.7666,4846523.756
17045,81545577,1000802607,01/05/2021,2021,2217,KINGSTON  RD,MORNINGSIDE  AVE,,Major Arterial,Scarborough,43.770541,-79.186832,At Intersection,Traffic Signal,Clear,"Dark, artificial",Dry,Non-Fatal Injury,Turning Movement,Driver,35 to 39,Major,,East,"Automobile, Station Wagon",Turning Left,Failed to Yield Right of Way,Had Been Drinking,,,,,,,,,Yes,,,,,,,Yes,,,,136,West Hill,136,West Hill (136),D43,645929.5678,4847984.488
17046,81545578,1000802607,01/05/2021,2021,2217,KINGSTON  RD,MORNINGSIDE  AVE,,Major Arterial,Scarborough,43.770541,-79.186832,At Intersection,Traffic Signal,Clear,"Dark, artificial",Dry,Non-Fatal Injury,Turning Movement,Driver,50 to 54,Major,,West,"Automobile, Station Wagon",Going Ahead,Driving Properly,Normal,,,,,,,,,Yes,,,,,,,Yes,,,,136,West Hill,136,West Hill (136),D43,645929.5678,4847984.488
17047,81542862,1000814402,03/05/2021,2021,1824,SPADINA  AVE,NASSAU  ST,60 m South o,Major Arterial,Toronto and East York,43.655276,-79.398967,Non Intersection,No Control,Clear,Daylight,Dry,Non-Fatal Injury,Pedestrian Collisions,Driver,35 to 39,None,,North,Street Car,Going Ahead,Driving Properly,Normal,,,,,,,Yes,,,,,Yes,,Yes,,,,,,78,Kensington-Chinatown,78,Kensington-Chinatown (78),D52,629103.3567,4834830.667