OBJECTID,INDEX,ACCNUM,DATE,ACCIDENT_YEAR,TIME,STREET1,STREET2,OFFSET,ROAD_CLASS,DISTRICT,LATITUDE,LONGITUDE,ACCLOC,TRAFFCTL,VISIBILITY,LIGHT,RDSFCOND,ACCLASS,IMPACTYPE,INVTYPE,INVAGE,INJURY,FATAL_NO,INITDIR,VEHTYPE,MANOEUVER,DRIVACT,DRIVCOND,PEDTYPE,PEDACT,PEDCOND,CYCLISTYPE,CYCACT,CYCCOND,PEDESTRIAN,CYCLIST,AUTOMOBILE,MOTORCYCLE,TRUCK,TRSN_CITY_VEH,EMERG_VEH,PASSENGER,SPEEDING,AG_DRIV,REDLIGHT,ALCOHOL,DISABILITY,HOOD_158,NEIGHBOURHOOD_158,HOOD_140,NEIGHBOURHOOD_140,DIVISION,x,y
17048,81542863,1000814402,03/05/2021,2021,1824,SPADINA  AVE,NASSAU  ST,60 m South o,Major Arterial,Toronto and East York,43.655276,-79.398967,Non Intersection,No Control,Clear,Daylight,Dry,Non-Fatal Injury,Pedestrian Collisions,Pedestrian,45 to 49,Major,,West,,,,,Pedestrian involved in a collision with transit vehicle anywhere along roadway,"Crossing, no Traffic Control",Inattentive,,,,Yes,,,,,Yes,,Yes,,,,,,78,Kensington-Chinatown,78,Kensington-Chinatown (78),D52,629103.3567,4834830.667
17049,81542864,1000814402,03/05/2021,2021,1824,SPADINA  AVE,NASSAU  ST,60 m South o,Major Arterial,Toronto and East York,43.655276,-79.398967,Non Intersection,No Control,Clear,Daylight,Dry,Non-Fatal Injury,Pedestrian Collisions,Passenger,50 to 54,Minimal,,,,,,,,,,,,,Yes,,,,,Yes,,Yes,,,,,,78,Kensington-Chinatown,78,Kensington-Chinatown (78),D52,629103.3567,4834830.667
17050,81576673,1000863120,10/05/2021,2021,1752,WESTON  RD,STEELES AVE W,,Major Arterial,Etobicoke York,43.770209,-79.546481,At Intersection,Traffic Signal,Clear,Daylight,Dry,Non-Fatal Injury,Rear End,Driver,55 to 59,Major,,North,"Automobile, Station Wagon",Going Ahead,Disobeyed Traffic Control,Unknown,,,,,,,,,Yes,,,,,,Yes,Yes,Yes,,,21,Humber Summit,21,Humber Summit (21),D31,616984.2612,4847376.629
17051,81576674,1000863120,10/05/2021,2021,1752,WESTON  RD,STEELES AVE W,,Major Arterial,Etobicoke York,43.770209,-79.546481,At Intersection,Traffic Signal,Clear,Daylight,Dry,Non-Fatal Injury,Rear End,Driver,55 to 59,Major,,North,"Automobile, Station Wagon",Stopped,Driving Properly,Normal,,,,,,,,,Yes,,,,,,Yes,Yes,Yes,,,21,Humber Summit,21,Humber Summit (21),D31,616984.2612,4847376.629
17052,81576675,1000863120,10/05/2021,2021,1752,WESTON  RD,STEELES AVE W,,Major Arterial,Etobicoke York,43.770209,-79.546481,At Intersection,Traffic Signal,Clear,Daylight,Dry,Non-Fatal Injury,Rear End,Driver,30 to 34,None,,North,"Automobile, Station Wagon",Stopped,Driving Properly,Normal,,,,,,,,,Yes,,,,,,Yes,Yes,Yes,,,21,Humber Summit,21,Humber Summit (21),D31,616984.2612,4847376.629
17053,81576676,1000863120,10/05/2021,2021,1752,WESTON  RD,STEELES AVE W,,Major Arterial,Etobicoke York,43.770209,-79.546481,At Intersection,Traffic Signal,Clear,Daylight,Dry,Non-Fatal Injury,Rear End,Driver,25 to 29,None,,North,"Automobile, Station Wagon",Stopped,Driving Properly,Normal,,,,,,,,,Yes,,,,,,Yes,Yes,Yes,,,21,Humber Summit,21,Humber Summit (21),D31,616984.2612,4847376.629
17054,81576677,1000863120,10/05/2021,2021,1752,WESTON  RD,STEELES AVE W,,Major Arterial,Etobicoke York,43.770209,-79.546481,At Intersection,Traffic Signal,Clear,Daylight,Dry,Non-Fatal Injury,Rear End,Driver,55 to 59,None,,North,"Automobile, Station Wagon",Stopped,Driving Properly,Normal,,,,,,,,,Yes,,,,,,Yes,Yes,Yes,,,21,Humber Summit,21,Humber Summit (21),D31,616984.2612,4847376.629
17055,81576678,1000863120,10/05/2021,2021,1752,WESTON  RD,STEELES AVE W,,Major Arterial,Etobicoke York,43.770209,-79.546481,At Intersection,Traffic Signal,Clear,Daylight,Dry,Non-Fatal Injury,Rear End,Driver,55 to 59,Minor,,North,"Automobile, Station Wagon",Stopped,Driving Properly,Normal,,,,,,,,,Yes,,,,,,Yes,Yes,Yes,,,21,Humber Summit,21,Humber Summit (21),D31,616984.2612,4847376.629
17056,81542831,1000874624,12/05/2021,2021,1040,LAWRENCE AVE E,STARSPRAY BLVD,20 m West of,Local,Scarborough,43.788428,-79.122974,Intersection Related,No Control,Clear,Daylight,Dry,Non-Fatal Injury,Pedestrian Collisions,Driver,60 to 64,None,,South,Municipal Transit Bus (TTC),Going Ahead,Driving Properly,Normal,,,,,,,Yes,,,,,Yes,,,,,,,,143,West Rouge,131,Rouge (131),D43,651024.0878,4850085.662
17057,81542832,1000874624,12/05/2021,2021,1040,LAWRENCE AVE E,STARSPRAY BLVD,20 m West of,Local,Scarborough,43.788428,-79.122974,Intersection Related,No Control,Clear,Daylight,Dry,Non-Fatal Injury,Pedestrian Collisions,Pedestrian,70 to 74,Major,,East,,,,,Pedestrian involved in a collision with transit vehicle anywhere along roadway,Other,Medical or Physical Disability,,,,Yes,,,,,Yes,,,,,,,,143,West Rouge,131,Rouge (131),D43,651024.0878,4850085.662
17058,81583616,1000874987,12/05/2021,2021,1134,1190 WESTON  RD,,15 m South o,Minor Arterial,Etobicoke York,43.687628,-79.491267,Non Intersection,No Control,Clear,Daylight,Dry,Non-Fatal Injury,Pedestrian Collisions,Driver,25 to 29,None,,North,"Automobile, Station Wagon",Other,Lost control,Inattentive,,,,,,,Yes,,Yes,,,,,,,,,,,115,Mount Dennis,115,Mount Dennis (115),D12,621595.0945,4838284.317
17059,81583617,1000874987,12/05/2021,2021,1134,1190 WESTON  RD,,15 m South o,Minor Arterial,Etobicoke York,43.687628,-79.491267,Non Intersection,No Control,Clear,Daylight,Dry,Non-Fatal Injury,Pedestrian Collisions,Pedestrian,80 to 84,Major,,Unknown,,,,,Pedestrian hit on sidewalk or shoulder,On Sidewalk or Shoulder,Normal,,,,Yes,,Yes,,,,,,,,,,,115,Mount Dennis,115,Mount Dennis (115),D12,621595.0945,4838284.317
17060,81577220,1000876012,12/05/2021,2021,1409,DON VALLEY PARKWAY  N,EGLINTON AVE E,100 m South ,Expressway,North York,43.722068,-79.329791,Non Intersection,No Control,Clear,Daylight,Dry,Non-Fatal Injury,Rear End,Driver,20 to 24,Minimal,,North,"Automobile, Station Wagon",Stopped,Following too Close,Inattentive,,,,,,,,,Yes,,,,,Yes,,Yes,,,,44,Flemingdon Park,44,Flemingdon Park (44),D55,634532.1898,4842358.807
17061,81577221,1000876012,12/05/2021,2021,1409,DON VALLEY PARKWAY  N,EGLINTON AVE E,100 m South ,Expressway,North York,43.722068,-79.329791,Non Intersection,No Control,Clear,Daylight,Dry,Non-Fatal Injury,Rear End,Driver,55 to 59,None,,North,Pick Up Truck,Slowing or Stopping,Driving Properly,Normal,,,,,,,,,Yes,,,,,Yes,,Yes,,,,44,Flemingdon Park,44,Flemingdon Park (44),D55,634532.1898,4842358.807
17062,81577222,1000876012,12/05/2021,2021,1409,DON VALLEY PARKWAY  N,EGLINTON AVE E,100 m South ,Expressway,North York,43.722068,-79.329791,Non Intersection,No Control,Clear,Daylight,Dry,Non-Fatal Injury,Rear End,Driver,20 to 24,Major,,North,"Automobile, Station Wagon",Slowing or Stopping,Driving Properly,Normal,,,,,,,,,Yes,,,,,Yes,,Yes,,,,44,Flemingdon Park,44,Flemingdon Park (44),D55,634532.1898,4842358.807
17063,81577223,1000876012,12/05/2021,2021,1409,DON VALLEY PARKWAY  N,EGLINTON AVE E,100 m South ,Expressway,North York,43.722068,-79.329791,Non Intersection,No Control,Clear,Daylight,Dry,Non-Fatal Injury,Rear End,Passenger,20 to 24,None,,,,,,,,,,,,,,,Yes,,,,,Yes,,Yes,,,,44,Flemingdon Park,44,Flemingdon Park (44),D55,634532.1898,4842358.807
17064,81579154,1000878925,12/05/2021,2021,2058,QUEEN ST E,MACLEAN AVE,10 m West of,Minor Arterial,Toronto and East York,43.671855,-79.290973,Intersection Related,No Control,Clear,"Dark, artificial",Dry,Non-Fatal Injury,Sideswipe,Driver,40 to 44,Minor,,East,"Automobile, Station Wagon",Changing Lanes,Other,"Ability Impaired, Alcohol",,,,,,,,,Yes,,,Yes,,Yes,Yes,Yes,,Yes,,63,The Beaches,63,The Beaches (63),D55,637773.8963,4836845.689
17065,81579155,1000878925,12/05/2021,2021,2058,QUEEN ST E,MACLEAN AVE,10 m West of,Minor Arterial,Toronto and East York,43.671855,-79.290973,Intersection Related,No Control,Clear,"Dark, artificial",Dry,Non-Fatal Injury,Sideswipe,Driver,30 to 34,None,,East,Street Car,Going Ahead,Driving Properly,Normal,,,,,,,,,Yes,,,Yes,,Yes,Yes,Yes,,Yes,,63,The Beaches,63,The Beaches (63),D55,637773.8963,4836845.689
17066,81579156,1000878925,12/05/2021,2021,2058,QUEEN ST E,MACLEAN AVE,10 m West of,Minor Arterial,Toronto and East York,43.671855,-79.290973,Intersection Related,No Control,Clear,"Dark, artificial",Dry,Non-Fatal Injury,Sideswipe,Passenger,30 to 34,Major,,,,,,,,,,,,,,,Yes,,,Yes,,Yes,Yes,Yes,,Yes,,63,The Beaches,63,The Beaches (63),D55,637773.8963,4836845.689
17067,81543103,1000885495,13/05/2021,2021,1902,ATTWELL DR,BELFIELD  RD,,Minor Arterial,Etobicoke York,43.697772,-79.593143,At Intersection,Traffic Signal,Clear,Daylight,Dry,Non-Fatal Injury,Turning Movement,Driver,45 to 49,None,,North,"Automobile, Station Wagon",Turning Left,Failed to Yield Right of Way,Unknown,,,,,,,,,Yes,Yes,,,,,,Yes,,,,1,West Humber-Clairville,1,West Humber-Clairville (1),D23,613365.3079,4839266.615
17068,81543104,1000885495,13/05/2021,2021,1902,ATTWELL DR,BELFIELD  RD,,Minor Arterial,Etobicoke York,43.697772,-79.593143,At Intersection,Traffic Signal,Clear,Daylight,Dry,Non-Fatal Injury,Turning Movement,Motorcycle Driver,60 to 64,Major,,South,Motorcycle,Going Ahead,Driving Properly,Unknown,,,,,,,,,Yes,Yes,,,,,,Yes,,,,1,West Humber-Clairville,1,West Humber-Clairville (1),D23,613365.3079,4839266.615
17069,81543369,1000885795,13/05/2021,2021,1949,SIXTH ST,BIRMINGHAM  ST,9 m North of,Collector,Etobicoke York,43.603434,-79.505153,At Intersection,No Control,Clear,Daylight,Dry,Non-Fatal Injury,Angle,Motorcycle Driver,45 to 49,Major,,East,Motorcycle,Going Ahead,Driving Properly,Normal,,,,,,,,,,Yes,,,,Yes,,,,,,18,New Toronto,18,New Toronto (18),D22,620644.3744,4828913.236
17070,81543370,1000885795,13/05/2021,2021,1949,SIXTH ST,BIRMINGHAM  ST,9 m North of,Collector,Etobicoke York,43.603434,-79.505153,At Intersection,No Control,Clear,Daylight,Dry,Non-Fatal Injury,Angle,Motorcycle Passenger,30 to 34,Minor,,,,,,,,,,,,,,,,Yes,,,,Yes,,,,,,18,New Toronto,18,New Toronto (18),D22,620644.3744,4828913.236
17071,81545768,1000887036,13/05/2021,2021,2353,GRAVENHURST AVE,CHALKFARM DR,,Collector,Etobicoke York,43.727954,-79.513789,Intersection Related,Stop Sign,Clear,"Dark, artificial",Dry,Non-Fatal Injury,SMV Other,Motorcycle Driver,40 to 44,Major,,East,Motorcycle,Going Ahead,Lost control,Unknown,,,,,,,,,,Yes,,,,,,Yes,,,,154,Oakdale-Beverley Heights,26,Downsview-Roding-CFB (26),D31,619699.6442,4842730.3
17072,81543376,1000906854,16/05/2021,2021,2000,F G GARDINER C  E,GARDINER E PARK LAWN RAMP RD,2 m West of,Expressway,Etobicoke York,43.621478,-79.505779,Non Intersection,No Control,Clear,Daylight,Dry,Non-Fatal Injury,SMV Other,Driver,70 to 74,Major,,East,"Automobile, Station Wagon",Going Ahead,Lost control,Normal,,,,,,,,,Yes,,,,,Yes,,,,,,160,Mimico-Queensway,17,Mimico (includes Humber Bay Shores) (17),D22,620557.7938,4830916.332
17073,81543377,1000906854,16/05/2021,2021,2000,F G GARDINER C  E,GARDINER E PARK LAWN RAMP RD,2 m West of,Expressway,Etobicoke York,43.621478,-79.505779,Non Intersection,No Control,Clear,Daylight,Dry,Non-Fatal Injury,SMV Other,Passenger,70 to 74,Minor,,,,,,,,,,,,,,,Yes,,,,,Yes,,,,,,160,Mimico-Queensway,17,Mimico (includes Humber Bay Shores) (17),D22,620557.7938,4830916.332
17074,81543378,1000909606,17/05/2021,2021,849,YONGE ST,401 C E YONGE N RAMP ST,430 m South ,Major Arterial,North York,43.749819,-79.408077,Non Intersection,No Control,Clear,Daylight,Dry,Non-Fatal Injury,Cyclist Collisions,Driver,55 to 59,None,,South,"Automobile, Station Wagon",Overtaking,Improper Passing,Inattentive,,,,,,,,Yes,Yes,,,,,,,Yes,,,,40,St.Andrew-Windfields,40,St.Andrew-Windfields (40),D32,628167.1192,4845316.856
17075,81543379,1000909606,17/05/2021,2021,849,YONGE ST,401 C E YONGE N RAMP ST,430 m South ,Major Arterial,North York,43.749819,-79.408077,Non Intersection,No Control,Clear,Daylight,Dry,Non-Fatal Injury,Cyclist Collisions,Cyclist,35 to 39,Major,,South,Bicycle,Going Ahead,,,,,,Cyclist and Driver travelling in same direction. One vehicle sideswipes the other.,Driving Properly,Normal,,Yes,Yes,,,,,,,Yes,,,,40,St.Andrew-Windfields,40,St.Andrew-Windfields (40),D32,628167.1192,4845316.856
17076,81546116,1000915630,17/05/2021,2021,2350,BAYVIEW AVE,FINCH AVE E,1 m South of,Major Arterial,North York,43.784564,-79.392055,Non Intersection,No Control,Clear,"Dark, artificial",Dry,Non-Fatal Injury,Approaching,Driver,40 to 44,Major,,South,"Automobile, Station Wagon",Going Ahead,Other,Unknown,,,,,,,,,Yes,,,Yes,,,,,,,,52,Bayview Village,52,Bayview Village (52),D33,629382.1443,4849200.731
17077,81546117,1000915630,17/05/2021,2021,2350,BAYVIEW AVE,FINCH AVE E,1 m South of,Major Arterial,North York,43.784564,-79.392055,Non Intersection,No Control,Clear,"Dark, artificial",Dry,Non-Fatal Injury,Approaching,Driver,40 to 44,None,,North,Municipal Transit Bus (TTC),Going Ahead,Driving Properly,Normal,,,,,,,,,Yes,,,Yes,,,,,,,,52,Bayview Village,52,Bayview Village (52),D33,629382.1443,4849200.731
17078,81545742,1000928847,19/05/2021,2021,1752,8 FRASERWOOD AVE,,,Local,North York,43.713919,-79.438205,Non Intersection,No Control,Clear,Daylight,Dry,Non-Fatal Injury,Pedestrian Collisions,Driver,45 to 49,None,,West,"Automobile, Station Wagon",Going Ahead,Driving Properly,Normal,,,,,,,Yes,,Yes,,,,,Yes,,,,,,32,Englemount-Lawrence,32,Englemount-Lawrence (32),D13,625816.6168,4841283.467
17079,81545743,1000928847,19/05/2021,2021,1752,8 FRASERWOOD AVE,,,Local,North York,43.713919,-79.438205,Non Intersection,No Control,Clear,Daylight,Dry,Non-Fatal Injury,Pedestrian Collisions,Passenger,50 to 54,None,,,,,,,,,,,,,Yes,,Yes,,,,,Yes,,,,,,32,Englemount-Lawrence,32,Englemount-Lawrence (32),D13,625816.6168,4841283.467
17080,81545744,1000928847,19/05/2021,2021,1752,8 FRASERWOOD AVE,,,Local,North York,43.713919,-79.438205,Non Intersection,No Control,Clear,Daylight,Dry,Non-Fatal Injury,Pedestrian Collisions,Passenger,0 to 4,None,,,,,,,,,,,,,Yes,,Yes,,,,,Yes,,,,,,32,Englemount-Lawrence,32,Englemount-Lawrence (32),D13,625816.6168,4841283.467
17081,81545745,1000928847,19/05/2021,2021,1752,8 FRASERWOOD AVE,,,Local,North York,43.713919,-79.438205,Non Intersection,No Control,Clear,Daylight,Dry,Non-Fatal Injury,Pedestrian Collisions,Passenger,0 to 4,None,,,,,,,,,,,,,Yes,,Yes,,,,,Yes,,,,,,32,Englemount-Lawrence,32,Englemount-Lawrence (32),D13,625816.6168,4841283.467
17082,81545746,1000928847,19/05/2021,2021,1752,8 FRASERWOOD AVE,,,Local,North York,43.713919,-79.438205,Non Intersection,No Control,Clear,Daylight,Dry,Non-Fatal Injury,Pedestrian Collisions,Pedestrian,5 to 9,Major,,South,,,,,Pedestrian hit at mid-block,Running onto Roadway,Normal,,,,Yes,,Yes,,,,,Yes,,,,,,32,Englemount-Lawrence,32,Englemount-Lawrence (32),D13,625816.6168,4841283.467
17083,81543440,1000934827,20/05/2021,2021,1438,KINGSTON RD,DORSET RD,,Major Arterial,Scarborough,43.724314,-79.233272,At Intersection,No Control,Clear,Daylight,Dry,Fatal,Pedestrian Collisions,Wheelchair,65 to 69,Fatal,7,East,,Making U Turn,,,Vehicle is going straight thru inter.while ped cross without ROW,Crossing without right of way,Inattentive,,,,Yes,,Yes,,,,,,,,,,,123,Cliffcrest,123,Cliffcrest (123),D43,642301.3885,4842769.473
17084,81578308,1000934827,20/05/2021,2021,1438,KINGSTON RD,DORSET RD,,Major Arterial,Scarborough,43.724314,-79.233272,At Intersection,No Control,Clear,Daylight,Dry,Fatal,Pedestrian Collisions,Driver,30 to 34,None,,West,Delivery Van,Going Ahead,Driving Properly,Normal,,,,,,,Yes,,Yes,,,,,,,,,,,123,Cliffcrest,123,Cliffcrest (123),D43,642301.3885,4842769.473
17085,81583665,1000936048,20/05/2021,2021,1738,MCKEE  AVE,KENNETH AVE,20 m South o,Collector,North York,43.773627,-79.409442,Intersection Related,Stop Sign,Clear,Daylight,Dry,Non-Fatal Injury,Pedestrian Collisions,Driver,35 to 39,Minimal,,North,"Automobile, Station Wagon",Going Ahead,Improper Passing,Inattentive,,,,,,,Yes,,Yes,,,,,,,Yes,,,,152,East Willowdale,51,Willowdale East (51),D32,628006.4362,4847958.981
17086,81583666,1000936048,20/05/2021,2021,1738,MCKEE  AVE,KENNETH AVE,20 m South o,Collector,North York,43.773627,-79.409442,Intersection Related,Stop Sign,Clear,Daylight,Dry,Non-Fatal Injury,Pedestrian Collisions,Pedestrian,40 to 44,Major,,South,,,,,Pedestrian hit on sidewalk or shoulder,On Sidewalk or Shoulder,Normal,,,,Yes,,Yes,,,,,,,Yes,,,,152,East Willowdale,51,Willowdale East (51),D32,628006.4362,4847958.981
17087,81576765,1000937200,20/05/2021,2021,2014,BLOOR ST W,JANE ST,20 m North o,Major Arterial,Etobicoke York,43.64926,-79.484439,At Intersection,Traffic Signal,Clear,"Dark, artificial",Dry,Non-Fatal Injury,SMV Other,Motorcycle Driver,50 to 54,Major,,East,Motorcycle,Turning Left,Lost control,Inattentive,,,,,,,,,,Yes,,,,,,,,,,87,High Park-Swansea,87,High Park-Swansea (87),D11,622223.2438,4834033.079
17088,81577651,1000938844,21/05/2021,2021,325,DUNDAS ST E,SHERBOURNE ST,,Major Arterial,Toronto and East York,43.658202,-79.371028,Non Intersection,No Control,Clear,"Dark, artificial",Dry,Fatal,Pedestrian Collisions,Pedestrian,55 to 59,Fatal,8,South,,,,,Pedestrian hit at mid-block,"Crossing, no Traffic Control",Inattentive,,,,Yes,,Yes,,,,,,,,,,,73,Moss Park,73,Moss Park (73),D51,631349.9329,4835199.488
17089,81577652,1000938844,21/05/2021,2021,325,DUNDAS ST E,SHERBOURNE ST,,Major Arterial,Toronto and East York,43.658202,-79.371028,Non Intersection,No Control,Clear,"Dark, artificial",Dry,Fatal,Pedestrian Collisions,Driver,20 to 24,None,,West,"Automobile, Station Wagon",Going Ahead,Driving Properly,Normal,,,,,,,Yes,,Yes,,,,,,,,,,,73,Moss Park,73,Moss Park (73),D51,631349.9329,4835199.488
17090,81545849,1000951822,22/05/2021,2021,2200,EASTERN AVE,COXWELL AVE,,Minor Arterial,Toronto and East York,43.665419,-79.31618,At Intersection,Traffic Signal,Clear,"Dark, artificial",Dry,Non-Fatal Injury,Pedestrian Collisions,Driver,65 to 69,None,,West,"Automobile, Station Wagon",Turning Left,Failed to Yield Right of Way,Inattentive,,,,,,,Yes,,Yes,,,,,,,Yes,,,,63,The Beaches,63,The Beaches (63),D55,635756.3092,4836089.324
17091,81545850,1000951822,22/05/2021,2021,2200,EASTERN AVE,COXWELL AVE,,Minor Arterial,Toronto and East York,43.665419,-79.31618,At Intersection,Traffic Signal,Clear,"Dark, artificial",Dry,Non-Fatal Injury,Pedestrian Collisions,Pedestrian,10 to 14,Major,,East,,,,,Vehicle turns left while ped crosses with ROW at inter.,Crossing with right of way,Normal,,,,Yes,,Yes,,,,,,,Yes,,,,63,The Beaches,63,The Beaches (63),D55,635756.3092,4836089.324
17092,81578360,1000952186,22/05/2021,2021,2312,DON MILLS RD,GATEWAY   BLVD,8 m South of,Major Arterial,North York,43.714331,-79.336314,Intersection Related,Traffic Signal,Clear,"Dark, artificial",Dry,Non-Fatal Injury,Pedestrian Collisions,Driver,15 to 19,None,,South,"Automobile, Station Wagon",Going Ahead,Exceeding Speed Limit,Had Been Drinking,,,,,,,Yes,,Yes,,,,,Yes,Yes,Yes,,,,44,Flemingdon Park,44,Flemingdon Park (44),D55,634024.0179,4841488.933
17093,81578361,1000952186,22/05/2021,2021,2312,DON MILLS RD,GATEWAY   BLVD,8 m South of,Major Arterial,North York,43.714331,-79.336314,Intersection Related,Traffic Signal,Clear,"Dark, artificial",Dry,Non-Fatal Injury,Pedestrian Collisions,Passenger,20 to 24,None,,,,,,,,,,,,,Yes,,Yes,,,,,Yes,Yes,Yes,,,,44,Flemingdon Park,44,Flemingdon Park (44),D55,634024.0179,4841488.933
17094,81578362,1000952186,22/05/2021,2021,2312,DON MILLS RD,GATEWAY   BLVD,8 m South of,Major Arterial,North York,43.714331,-79.336314,Intersection Related,Traffic Signal,Clear,"Dark, artificial",Dry,Non-Fatal Injury,Pedestrian Collisions,Pedestrian,15 to 19,Major,,Unknown,,,,,Pedestrian hit on sidewalk or shoulder,On Sidewalk or Shoulder,Normal,,,,Yes,,Yes,,,,,Yes,Yes,Yes,,,,44,Flemingdon Park,44,Flemingdon Park (44),D55,634024.0179,4841488.933
17095,81577469,1000955837,23/05/2021,2021,1501,1418 QUEEN ST W,,,Major Arterial,Toronto and East York,43.640879,-79.434825,Non Intersection,No Control,Clear,Daylight,Dry,Non-Fatal Injury,Pedestrian Collisions,Driver,25 to 29,None,,West,"Automobile, Station Wagon",Going Ahead,Driving Properly,Normal,,,,,,,Yes,,Yes,,,,,,,,,,,85,South Parkdale,85,South Parkdale (85),D14,626241.9839,4833176.528
17096,81577470,1000955837,23/05/2021,2021,1501,1418 QUEEN ST W,,,Major Arterial,Toronto and East York,43.640879,-79.434825,Non Intersection,No Control,Clear,Daylight,Dry,Non-Fatal Injury,Pedestrian Collisions,Pedestrian,45 to 49,Major,,North,,,,,Pedestrian hit at mid-block,"Crossing, no Traffic Control",Inattentive,,,,Yes,,Yes,,,,,,,,,,,85,South Parkdale,85,South Parkdale (85),D14,626241.9839,4833176.528
17097,81577280,1000962145,24/05/2021,2021,1415,DUFFERIN  ST,ST CLAIR AVE W,,Major Arterial,Toronto and East York,43.67789,-79.443042,At Intersection,Traffic Signal,Clear,Daylight,Dry,Non-Fatal Injury,Pedestrian Collisions,Driver,50 to 54,None,,South,"Automobile, Station Wagon",Going Ahead,Speed too Fast For Condition,Inattentive,,,,,,,Yes,,Yes,,,,,,Yes,Yes,,,,92,Corso Italia-Davenport,92,Corso Italia-Davenport (92),D13,625502.0871,4837274.62
17098,81577281,1000962145,24/05/2021,2021,1415,DUFFERIN  ST,ST CLAIR AVE W,,Major Arterial,Toronto and East York,43.67789,-79.443042,At Intersection,Traffic Signal,Clear,Daylight,Dry,Non-Fatal Injury,Pedestrian Collisions,Pedestrian,15 to 19,Major,,East,,,,,Vehicle is going straight thru inter.while ped cross with ROW,Crossing with right of way,Normal,,,,Yes,,Yes,,,,,,Yes,Yes,,,,92,Corso Italia-Davenport,92,Corso Italia-Davenport (92),D13,625502.0871,4837274.62
17099,81578417,1000969867,25/05/2021,2021,1520,QUEENS PARK CRES E,QUEENS PARK,200 m North ,Major Arterial,Toronto and East York,43.661261,-79.389972,Non Intersection,No Control,Clear,Daylight,Dry,Non-Fatal Injury,Other,Driver,40 to 44,None,,North,Municipal Transit Bus (TTC),Going Ahead,Driving Properly,Normal,,,,,,,,,,,,Yes,,Yes,,,,,,169,Bay-Cloverhill,76,Bay Street Corridor (76),D52,629815.8006,4835509.415
17100,81578418,1000969867,25/05/2021,2021,1520,QUEENS PARK CRES E,QUEENS PARK,200 m North ,Major Arterial,Toronto and East York,43.661261,-79.389972,Non Intersection,No Control,Clear,Daylight,Dry,Non-Fatal Injury,Other,Passenger,70 to 74,Major,,,,,,,,,,,,,,,,,,Yes,,Yes,,,,,,169,Bay-Cloverhill,76,Bay Street Corridor (76),D52,629815.8006,4835509.415
17101,81578236,1000977879,26/05/2021,2021,1729,818 HUNTINGWOOD DR,,10 m North o,Minor Arterial,Scarborough,43.79373,-79.296428,At/Near Private Drive,No Control,Clear,Daylight,Dry,Non-Fatal Injury,Cyclist Collisions,Cyclist,20 to 24,Major,,West,Bicycle,Going Ahead,,,,,,"Cyclist loses control and strikes object (pole, ttc track)",Lost control,Inattentive,,Yes,,,,,,,,,,,,118,Tam O'Shanter-Sullivan,118,Tam O'Shanter-Sullivan (118),D42,637055.8289,4850372.667
17102,81577349,1000983324,27/05/2021,2021,1315,44 RUSSELL HILL RD,,92 m North o,Collector,Toronto and East York,43.681243,-79.404117,Non Intersection,No Control,Clear,Daylight,Dry,Non-Fatal Injury,Cyclist Collisions,Driver,70 to 74,None,,East,"Automobile, Station Wagon",Turning Right,Improper Turn,Inattentive,,,,,,,,Yes,Yes,,,,,,,,,,,96,Casa Loma,96,Casa Loma (96),D53,628632.5893,4837706.65
17103,81577350,1000983324,27/05/2021,2021,1315,44 RUSSELL HILL RD,,92 m North o,Collector,Toronto and East York,43.681243,-79.404117,Non Intersection,No Control,Clear,Daylight,Dry,Non-Fatal Injury,Cyclist Collisions,Cyclist,30 to 34,Major,,East,Bicycle,Going Ahead,,,,,,"Motorist turns right at non-signal Inter.(stop, yield, no cont.,and dwy) and strikes cyclist.",Driving Properly,Normal,,Yes,Yes,,,,,,,,,,,96,Casa Loma,96,Casa Loma (96),D53,628632.5893,4837706.65
17104,81583749,1000988001,28/05/2021,2021,527,2043 DUNDAS ST W,,,Minor Arterial,Toronto and East York,43.651698,-79.4472,Non Intersection,No Control,Clear,"Dark, artificial",Dry,Non-Fatal Injury,SMV Unattended Vehicle,Driver,15 to 19,Minor,,East,Passenger Van,Going Ahead,Lost control,Inattentive,,,,,,,,,Yes,,,,,Yes,,,,,,86,Roncesvalles,86,Roncesvalles (86),D11,625221.3647,4834359.369
17105,81583750,1000988001,28/05/2021,2021,527,2043 DUNDAS ST W,,,Minor Arterial,Toronto and East York,43.651698,-79.4472,Non Intersection,No Control,Clear,"Dark, artificial",Dry,Non-Fatal Injury,SMV Unattended Vehicle,Other,unknown,None,,East,"Automobile, Station Wagon",Parked,,,,,,,,,,,Yes,,,,,Yes,,,,,,86,Roncesvalles,86,Roncesvalles (86),D11,625221.3647,4834359.369
17106,81583751,1000988001,28/05/2021,2021,527,2043 DUNDAS ST W,,,Minor Arterial,Toronto and East York,43.651698,-79.4472,Non Intersection,No Control,Clear,"Dark, artificial",Dry,Non-Fatal Injury,SMV Unattended Vehicle,Passenger,20 to 24,Major,,,,,,,,,,,,,,,Yes,,,,,Yes,,,,,,86,Roncesvalles,86,Roncesvalles (86),D11,625221.3647,4834359.369