OBJECTID,INDEX,ACCNUM,DATE,ACCIDENT_YEAR,TIME,STREET1,STREET2,OFFSET,ROAD_CLASS,DISTRICT,LATITUDE,LONGITUDE,ACCLOC,TRAFFCTL,VISIBILITY,LIGHT,RDSFCOND,ACCLASS,IMPACTYPE,INVTYPE,INVAGE,INJURY,FATAL_NO,INITDIR,VEHTYPE,MANOEUVER,DRIVACT,DRIVCOND,PEDTYPE,PEDACT,PEDCOND,CYCLISTYPE,CYCACT,CYCCOND,PEDESTRIAN,CYCLIST,AUTOMOBILE,MOTORCYCLE,TRUCK,TRSN_CITY_VEH,EMERG_VEH,PASSENGER,SPEEDING,AG_DRIV,REDLIGHT,ALCOHOL,DISABILITY,HOOD_158,NEIGHBOURHOOD_158,HOOD_140,NEIGHBOURHOOD_140,DIVISION,x,y
17166,81578621,1001241239,02/07/2021,2021,1711,JANE  ST,WILSON  AVE,5 m North of,Major Arterial,North York,43.720843,-79.508594,Intersection Related,Traffic Signal,Clear,Daylight,Wet,Non-Fatal Injury,Pedestrian Collisions,Pedestrian,60 to 64,Major,,West,,,,,Vehicle turns right while ped crosses without ROW at inter.,Crossing without right of way,Inattentive,,,,Yes,,Yes,,,,,Yes,,,,,,154,Oakdale-Beverley Heights,26,Downsview-Roding-CFB (26),D31,620132.2662,4841948.04
17167,81578797,1001246886,03/07/2021,2021,1440,RIPLEY AV,SOUTH KINGSWAY,4 m South of,Minor Arterial,Toronto and East York,43.636767,-79.475078,At Intersection,Stop Sign,Clear,Daylight,Dry,Non-Fatal Injury,Turning Movement,Driver,55 to 59,None,,South,"Automobile, Station Wagon",Turning Left,Improper Turn,Inattentive,,,,,,,,,Yes,Yes,,,,,,,,,,87,High Park-Swansea,87,High Park-Swansea (87),D11,623003.6661,4832659.401
17168,81578798,1001246886,03/07/2021,2021,1440,RIPLEY AV,SOUTH KINGSWAY,4 m South of,Minor Arterial,Toronto and East York,43.636767,-79.475078,At Intersection,Stop Sign,Clear,Daylight,Dry,Non-Fatal Injury,Turning Movement,Motorcycle Driver,45 to 49,Major,,North,Motorcycle,Going Ahead,Driving Properly,Normal,,,,,,,,,Yes,Yes,,,,,,,,,,87,High Park-Swansea,87,High Park-Swansea (87),D11,623003.6661,4832659.401
17169,81577658,1001249614,03/07/2021,2021,2233,DON VALLEY PARKWAY  S,GERRARD ST E,,Expressway,Toronto and East York,43.662265,-79.355258,Non Intersection,No Control,Clear,"Dark, artificial",Dry,Fatal,Pedestrian Collisions,Pedestrian,15 to 19,Fatal,14,West,,,,,Pedestrian hit at mid-block,"Crossing, no Traffic Control",Unknown,,,,Yes,,Yes,,,,,,,,,,,70,South Riverdale,70,South Riverdale (70),D55,632612.5938,4835675.824
17170,81577659,1001249614,03/07/2021,2021,2233,DON VALLEY PARKWAY  S,GERRARD ST E,,Expressway,Toronto and East York,43.662265,-79.355258,Non Intersection,No Control,Clear,"Dark, artificial",Dry,Fatal,Pedestrian Collisions,Driver,60 to 64,None,,South,"Automobile, Station Wagon",Going Ahead,Driving Properly,Normal,,,,,,,Yes,,Yes,,,,,,,,,,,70,South Riverdale,70,South Riverdale (70),D55,632612.5938,4835675.824
17171,81577660,1001250454,04/07/2021,2021,138,KINGSTON RD,SHEPPARD AVE E,,Major Arterial,Scarborough,43.79885,-79.14619,At Intersection,Traffic Signal,Clear,"Dark, artificial",Dry,Fatal,Angle,Driver,20 to 24,Fatal,15,West,"Automobile, Station Wagon",Going Ahead,Disobeyed Traffic Control,Normal,,,,,,,,,Yes,,,Yes,,,,Yes,Yes,,,133,Centennial Scarborough,133,Centennial Scarborough (133),D42,649130.1928,4851201.095
17172,81577661,1001250454,04/07/2021,2021,138,KINGSTON RD,SHEPPARD AVE E,,Major Arterial,Scarborough,43.79885,-79.14619,At Intersection,Traffic Signal,Clear,"Dark, artificial",Dry,Fatal,Angle,Driver,60 to 64,None,,North,Municipal Transit Bus (TTC),Going Ahead,Driving Properly,Normal,,,,,,,,,Yes,,,Yes,,,,Yes,Yes,,,133,Centennial Scarborough,133,Centennial Scarborough (133),D42,649130.1928,4851201.095
17173,81577648,1001250737,04/07/2021,2021,325,SHEPPARD AVE W,WILLIAM R ALLEN RD,,Major Arterial,North York,43.750273,-79.465404,Non Intersection,No Control,Clear,Dark,Dry,Fatal,SMV Other,Motorcycle Driver,30 to 34,Fatal,16,East,Motorcycle,Going Ahead,Lost control,Inattentive,,,,,,,,,,Yes,,,,,,,,,,155,Downsview,26,Downsview-Roding-CFB (26),D32,623550.6979,4845280.176
17174,81578219,1001268493,06/07/2021,2021,1455,GREENCEDAR CRCT,LAWRENCE  AVE E,25 m South o,Collector,Scarborough,43.758021,-79.233005,Intersection Related,No Control,Clear,Daylight,Dry,Non-Fatal Injury,Pedestrian Collisions,Pedestrian,75 to 79,Major,,East,,,,,Pedestrian hit at mid-block,"Crossing, no Traffic Control",Normal,,,,Yes,,,,,,,,,,,,,141,Golfdale-Cedarbrae-Woburn,137,Woburn (137),D43,642243.0436,4846513.603
17175,81578059,1001274605,07/07/2021,2021,1156,WOODMOUNT  AVE,STRATHMORE BLVD,,Local,Toronto and East York,43.685877,-79.31557,At Intersection,Stop Sign,Clear,Daylight,Dry,Non-Fatal Injury,Pedestrian Collisions,Driver,35 to 39,None,,North,Pick Up Truck,Going Ahead,Failed to Yield Right of Way,Inattentive,,,,,,,Yes,,Yes,,,,,,,Yes,,,,66,Danforth,66,Danforth (66),D55,635759.3478,4838362.465
17176,81578060,1001274605,07/07/2021,2021,1156,WOODMOUNT  AVE,STRATHMORE BLVD,,Local,Toronto and East York,43.685877,-79.31557,At Intersection,Stop Sign,Clear,Daylight,Dry,Non-Fatal Injury,Pedestrian Collisions,Pedestrian,30 to 34,Major,,East,,,,,Vehicle is going straight thru inter.while ped cross with ROW,Crossing with right of way,Normal,,,,Yes,,Yes,,,,,,,Yes,,,,66,Danforth,66,Danforth (66),D55,635759.3478,4838362.465
17177,81578466,1001297899,10/07/2021,2021,2147,WINTERTON DR,LLOYD MANOR RD,,Collector,Etobicoke York,43.671847,-79.555003,At Intersection,Stop Sign,Clear,"Dark, artificial",Dry,Fatal,SMV Other,Driver,60 to 64,Fatal,17,North,"Automobile, Station Wagon",Going Ahead,Lost control,"Ability Impaired, Drugs",,,,,,,,,Yes,,,,,,Yes,Yes,,,,10,Princess-Rosethorn,10,Princess-Rosethorn (10),D22,616488.838,4836440.151
17178,81578889,1001311707,13/07/2021,2021,745,GERRARD ST E,HORTICULTURAL AVE,5 m East of,Minor Arterial,Toronto and East York,43.660609,-79.374698,Intersection Related,Stop Sign,Clear,Daylight,Dry,Non-Fatal Injury,Cyclist Collisions,Cyclist,75 to 79,Major,,South,Bicycle,Going Ahead,,,,,,"Cyclist without ROW rides into path of motorist at inter, lnwy, dwy-Cyclist not turn.",Improper Passing,Inattentive,,Yes,Yes,,,,,,,,,,,73,Moss Park,73,Moss Park (73),D51,631048.7676,4835461.014
17179,81578890,1001311707,13/07/2021,2021,745,GERRARD ST E,HORTICULTURAL AVE,5 m East of,Minor Arterial,Toronto and East York,43.660609,-79.374698,Intersection Related,Stop Sign,Clear,Daylight,Dry,Non-Fatal Injury,Cyclist Collisions,Driver,50 to 54,None,,East,"Automobile, Station Wagon",Going Ahead,Driving Properly,Normal,,,,,,,,Yes,Yes,,,,,,,,,,,73,Moss Park,73,Moss Park (73),D51,631048.7676,4835461.014
17180,81578590,1001321784,14/07/2021,2021,1440,DON MILLS RD,GREEN BELT DR,270 m North ,Major Arterial,Toronto and East York,43.730017,-79.341525,Non Intersection,No Control,Clear,Daylight,Dry,Non-Fatal Injury,Pedestrian Collisions,Driver,70 to 74,None,,North,"Automobile, Station Wagon",Going Ahead,Driving Properly,Normal,,,,,,,Yes,,Yes,,,,,,,,,,,42,Banbury-Don Mills,42,Banbury-Don Mills (42),D33,633569.3593,4843222.678
17181,81578591,1001321784,14/07/2021,2021,1440,DON MILLS RD,GREEN BELT DR,270 m North ,Major Arterial,Toronto and East York,43.730017,-79.341525,Non Intersection,No Control,Clear,Daylight,Dry,Non-Fatal Injury,Pedestrian Collisions,Pedestrian,15 to 19,Major,,East,,,,,Pedestrian hit at mid-block,"Crossing, no Traffic Control",Medical or Physical Disability,,,,Yes,,Yes,,,,,,,,,,,42,Banbury-Don Mills,42,Banbury-Don Mills (42),D33,633569.3593,4843222.678
17182,81579737,1001358291,19/07/2021,2021,1740,5231 YONGE ST,ELLERSLIE AVE,64 m South o,Major Arterial,North York,43.771399,-79.413409,Non Intersection,No Control,Clear,Daylight,Dry,Non-Fatal Injury,Cyclist Collisions,Cyclist,30 to 34,Major,,South,Bicycle,Going Ahead,,,,,,Cyclist and Driver travelling in same direction. One vehicle rear-ended the other.,Lost control,Unknown,,Yes,Yes,,,,,,,,,,,151,Yonge-Doris,51,Willowdale East (51),D32,627691.915,4847705.402
17183,81579738,1001358291,19/07/2021,2021,1740,5231 YONGE ST,ELLERSLIE AVE,64 m South o,Major Arterial,North York,43.771399,-79.413409,Non Intersection,No Control,Clear,Daylight,Dry,Non-Fatal Injury,Cyclist Collisions,Driver,45 to 49,None,,South,"Automobile, Station Wagon",Stopped,Driving Properly,Unknown,,,,,,,,Yes,Yes,,,,,,,,,,,151,Yonge-Doris,51,Willowdale East (51),D32,627691.915,4847705.402
17184,81583746,1001358898,19/07/2021,2021,1915,RIDELLE AVE,TIMES RD,5 m East of,Local,North York,43.702731,-79.446719,At Intersection,Stop Sign,Clear,Daylight,Dry,Non-Fatal Injury,Pedestrian Collisions,Truck Driver,45 to 49,None,,East,Tow Truck,Going Ahead,Failed to Yield Right of Way,Normal,,,,,,,Yes,,Yes,,,,,,,Yes,,,,108,Briar Hill-Belgravia,108,Briar Hill-Belgravia (108),D13,625154.0139,4840027.995
17185,81583747,1001358898,19/07/2021,2021,1915,RIDELLE AVE,TIMES RD,5 m East of,Local,North York,43.702731,-79.446719,At Intersection,Stop Sign,Clear,Daylight,Dry,Non-Fatal Injury,Pedestrian Collisions,Pedestrian,75 to 79,Major,,South,,,,,Vehicle is going straight thru inter.while ped cross with ROW,Crossing with right of way,Normal,,,,Yes,,Yes,,,,,,,Yes,,,,108,Briar Hill-Belgravia,108,Briar Hill-Belgravia (108),D13,625154.0139,4840027.995
17186,81579217,1001360205,19/07/2021,2021,2343,DIXON  RD,ST PHILLIPS RD,8 m East of,Major Arterial,Etobicoke York,43.699752,-79.534229,Intersection Related,No Control,Clear,"Dark, artificial",Dry,Non-Fatal Injury,Pedestrian Collisions,Driver,60 to 64,None,,East,"Automobile, Station Wagon",Going Ahead,Driving Properly,Normal,,,,,,,Yes,,Yes,,,,,,,,,,,8,Humber Heights-Westmount,8,Humber Heights-Westmount (8),D23,618108.7779,4839568.756
17187,81579218,1001360205,19/07/2021,2021,2343,DIXON  RD,ST PHILLIPS RD,8 m East of,Major Arterial,Etobicoke York,43.699752,-79.534229,Intersection Related,No Control,Clear,"Dark, artificial",Dry,Non-Fatal Injury,Pedestrian Collisions,Pedestrian,50 to 54,Major,,South,,,,,Vehicle is going straight thru inter.while ped cross without ROW,Running onto Roadway,Inattentive,,,,Yes,,Yes,,,,,,,,,,,8,Humber Heights-Westmount,8,Humber Heights-Westmount (8),D23,618108.7779,4839568.756
17188,81579338,1001364901,20/07/2021,2021,1611,CARLINGVIEW DR,CONSTELLATION CRT,,Major Arterial,Etobicoke York,43.690688,-79.597316,At Intersection,No Control,Clear,Daylight,Dry,Fatal,SMV Other,Driver,65 to 69,Fatal,20,South,"Automobile, Station Wagon",Going Ahead,Lost control,Unknown,,,,,,,,,Yes,,,,,Yes,,,,,,1,West Humber-Clairville,1,West Humber-Clairville (1),D23,613042.3515,4838474.145
17189,81579339,1001364901,20/07/2021,2021,1611,CARLINGVIEW DR,CONSTELLATION CRT,,Major Arterial,Etobicoke York,43.690688,-79.597316,At Intersection,No Control,Clear,Daylight,Dry,Fatal,SMV Other,Passenger,65 to 69,Fatal,19,,,,,,,,,,,,,,Yes,,,,,Yes,,,,,,1,West Humber-Clairville,1,West Humber-Clairville (1),D23,613042.3515,4838474.145
17190,81579335,1001373443,21/07/2021,2021,1937,27 S 427 C S RAMP,HIGHWAY 401 X  E,,Expressway Ramp,Etobicoke York,43.677428,-79.577968,Non Intersection,No Control,Clear,Daylight,Dry,Fatal,Rear End,Driver,35 to 39,Minimal,,South,"Automobile, Station Wagon",Going Ahead,Exceeding Speed Limit,Normal,,,,,,,,,Yes,,,,,Yes,Yes,Yes,,,,1,West Humber-Clairville,1,West Humber-Clairville (1),D23,614626.8687,4837028.002
17191,81579341,1001373443,21/07/2021,2021,1937,27 S 427 C S RAMP,HIGHWAY 401 X  E,,Expressway Ramp,Etobicoke York,43.677428,-79.577968,Non Intersection,No Control,Clear,Daylight,Dry,Fatal,Rear End,Driver,35 to 39,None,,South,"Automobile, Station Wagon",Going Ahead,Driving Properly,Normal,,,,,,,,,Yes,,,,,Yes,Yes,Yes,,,,1,West Humber-Clairville,1,West Humber-Clairville (1),D23,614626.8687,4837028.002
17192,81579343,1001373443,21/07/2021,2021,1937,27 S 427 C S RAMP,HIGHWAY 401 X  E,,Expressway Ramp,Etobicoke York,43.677428,-79.577968,Non Intersection,No Control,Clear,Daylight,Dry,Fatal,Rear End,Passenger,35 to 39,Fatal,21,,,,,,,,,,,,,,Yes,,,,,Yes,Yes,Yes,,,,1,West Humber-Clairville,1,West Humber-Clairville (1),D23,614626.8687,4837028.002
17193,81579344,1001373443,21/07/2021,2021,1937,27 S 427 C S RAMP,HIGHWAY 401 X  E,,Expressway Ramp,Etobicoke York,43.677428,-79.577968,Non Intersection,No Control,Clear,Daylight,Dry,Fatal,Rear End,Passenger,35 to 39,Minimal,,,,,,,,,,,,,,,Yes,,,,,Yes,Yes,Yes,,,,1,West Humber-Clairville,1,West Humber-Clairville (1),D23,614626.8687,4837028.002
17194,81580702,1001375642,22/07/2021,2021,624,1854 EGLINTON AVE W,1854 EGLINTON AVE W,,Major Arterial,North York,43.695426,-79.451267,At Intersection,Stop Sign,Clear,Daylight,Dry,Non-Fatal Injury,SMV Other,Driver,25 to 29,None,,West,"Automobile, Station Wagon",Going Ahead,Driving Properly,Normal,,,,,,,Yes,,Yes,,,,,,,,,,,109,Caledonia-Fairbank,109,Caledonia-Fairbank (109),D13,624802.715,4839209.818
17195,81580703,1001375642,22/07/2021,2021,624,1854 EGLINTON AVE W,1854 EGLINTON AVE W,,Major Arterial,North York,43.695426,-79.451267,At Intersection,Stop Sign,Clear,Daylight,Dry,Non-Fatal Injury,SMV Other,Pedestrian,25 to 29,Major,,South,,Going Ahead,,,,Crossing without right of way,Inattentive,,,,Yes,,Yes,,,,,,,,,,,109,Caledonia-Fairbank,109,Caledonia-Fairbank (109),D13,624802.715,4839209.818
17196,81579258,1001385290,23/07/2021,2021,1335,VICTORIA PARK AVE,EDGE PARK  AVE,19 m North o,Major Arterial,Scarborough,43.718081,-79.299884,Non Intersection,No Control,Clear,Daylight,Dry,Non-Fatal Injury,Pedestrian Collisions,Driver,35 to 39,None,,North,Pick Up Truck,Going Ahead,Driving Properly,Normal,,,,,,,Yes,,Yes,,,,,Yes,,,,,,43,Victoria Village,120,Clairlea-Birchmount (120),D55,636950.2531,4841964.977
17197,81579259,1001385290,23/07/2021,2021,1335,VICTORIA PARK AVE,EDGE PARK  AVE,19 m North o,Major Arterial,Scarborough,43.718081,-79.299884,Non Intersection,No Control,Clear,Daylight,Dry,Non-Fatal Injury,Pedestrian Collisions,Passenger,35 to 39,None,,,Pick Up Truck,,,,,,,,,,Yes,,Yes,,,,,Yes,,,,,,43,Victoria Village,120,Clairlea-Birchmount (120),D55,636950.2531,4841964.977
17198,81579260,1001385290,23/07/2021,2021,1335,VICTORIA PARK AVE,EDGE PARK  AVE,19 m North o,Major Arterial,Scarborough,43.718081,-79.299884,Non Intersection,No Control,Clear,Daylight,Dry,Non-Fatal Injury,Pedestrian Collisions,Pedestrian,20 to 24,Major,,East,,,,,Pedestrian hit at mid-block,Running onto Roadway,Inattentive,,,,Yes,,Yes,,,,,Yes,,,,,,43,Victoria Village,120,Clairlea-Birchmount (120),D55,636950.2531,4841964.977
17199,81580135,1001386663,23/07/2021,2021,1655,ALBION RD,FINCH AV W,200 m West o,Major Arterial,North York,43.741526,-79.591602,Non Intersection,No Control,Clear,Daylight,Dry,Non-Fatal Injury,Turning Movement,Driver,50 to 54,Major,,North,"Automobile, Station Wagon",Turning Left,Failed to Yield Right of Way,Normal,,,,,,,,,Yes,,,,,,,Yes,,,,2,Mount Olive-Silverstone-Jamestown,2,Mount Olive-Silverstone-Jamestown (2),D23,613406.9098,4844128.211
17200,81580136,1001386663,23/07/2021,2021,1655,ALBION RD,FINCH AV W,200 m West o,Major Arterial,North York,43.741526,-79.591602,Non Intersection,No Control,Clear,Daylight,Dry,Non-Fatal Injury,Turning Movement,Driver,50 to 54,None,,East,"Automobile, Station Wagon",Going Ahead,Driving Properly,Normal,,,,,,,,,Yes,,,,,,,Yes,,,,2,Mount Olive-Silverstone-Jamestown,2,Mount Olive-Silverstone-Jamestown (2),D23,613406.9098,4844128.211
17201,81579336,1001388501,23/07/2021,2021,2110,2472 KINGSTON RD,,120 M WEST O,Major Arterial,Scarborough,43.709796,-79.249019,Non Intersection,,Clear,"Dark, artificial",Dry,Fatal,Pedestrian Collisions,Pedestrian,70 to 74,Fatal,22,Unknown,,,,,Pedestrian hit at mid-block,"Crossing, no Traffic Control",Inattentive,,,,Yes,,Yes,,,,,,Yes,Yes,,,,122,Birchcliffe-Cliffside,122,Birchcliffe-Cliffside (122),D41,641067.0939,4841130.115
17202,81579340,1001388501,23/07/2021,2021,2110,2472 KINGSTON RD,,120 M WEST O,Major Arterial,Scarborough,43.709796,-79.249019,Non Intersection,,Clear,"Dark, artificial",Dry,Fatal,Pedestrian Collisions,Driver,20 to 24,None,,West,"Automobile, Station Wagon",Going Ahead,Exceeding Speed Limit,Normal,,,,,,,Yes,,Yes,,,,,,Yes,Yes,,,,122,Birchcliffe-Cliffside,122,Birchcliffe-Cliffside (122),D41,641067.0939,4841130.115
17203,81786826,1001390189,24/07/2021,2021,440,670 BIRCHMOUNT RD,ANACONDA AVENUE,139 m North ,,,43.721084,-79.274189,At/Near Private Drive,Traffic Signal,Clear,"Dark, artificial",Dry,Non-Fatal Injury,SMV Other,Driver,30 to 34,Minor,,North,"Automobile, Station Wagon",Going Ahead,Lost control,Fatigue,,,,,,,,,Yes,,,,,Yes,Yes,Yes,,,,120,Clairlea-Birchmount,120,Clairlea-Birchmount (120),D41,639013.1535,4842341.284
17204,81786827,1001390189,24/07/2021,2021,440,670 BIRCHMOUNT RD,ANACONDA AVENUE,139 m North ,,,43.721084,-79.274189,At/Near Private Drive,Traffic Signal,Clear,"Dark, artificial",Dry,Non-Fatal Injury,SMV Other,Passenger,10 to 14,Major,,,,,,,,,,,,,,,Yes,,,,,Yes,Yes,Yes,,,,120,Clairlea-Birchmount,120,Clairlea-Birchmount (120),D41,639013.1535,4842341.284
17205,81786828,1001390189,24/07/2021,2021,440,670 BIRCHMOUNT RD,ANACONDA AVENUE,139 m North ,,,43.721084,-79.274189,At/Near Private Drive,Traffic Signal,Clear,"Dark, artificial",Dry,Non-Fatal Injury,SMV Other,Passenger,5 to 9,Major,,,,,,,,,,,,,,,Yes,,,,,Yes,Yes,Yes,,,,120,Clairlea-Birchmount,120,Clairlea-Birchmount (120),D41,639013.1535,4842341.284
17206,81579976,1001392111,24/07/2021,2021,1311,ROYAL YORK  RD,BLOOR  ST W,,Major Arterial,Etobicoke York,43.647292,-79.511325,At Intersection,Traffic Signal,Rain,Daylight,Wet,Non-Fatal Injury,Pedestrian Collisions,Driver,45 to 49,None,,South,Pick Up Truck,Turning Right,Failed to Yield Right of Way,Normal,,,,,,,Yes,,Yes,,,,,,,Yes,,,,16,Stonegate-Queensway,16,Stonegate-Queensway (16),D22,620058.9097,4833775.261
17207,81579977,1001392111,24/07/2021,2021,1311,ROYAL YORK  RD,BLOOR  ST W,,Major Arterial,Etobicoke York,43.647292,-79.511325,At Intersection,Traffic Signal,Rain,Daylight,Wet,Non-Fatal Injury,Pedestrian Collisions,Pedestrian,55 to 59,Major,,South,,,,,Vehicle turns right while ped crosses with ROW at inter.,Crossing with right of way,Normal,,,,Yes,,Yes,,,,,,,Yes,,,,16,Stonegate-Queensway,16,Stonegate-Queensway (16),D22,620058.9097,4833775.261
17208,81580177,1001394967,24/07/2021,2021,2137,WILLIAM R ALLEN RD N,WILSON AVE,,,,43.733981,-79.449664,Intersection Related,No Control,Rain,"Dark, artificial",Wet,Non-Fatal Injury,Rear End,Driver,20 to 24,None,,North,"Automobile, Station Wagon",Going Ahead,Failed to Yield Right of Way,Inattentive,,,,,,,,,Yes,,,,,Yes,,Yes,,,,33,Clanton Park,33,Clanton Park (33),D32,624851.8008,4843494.309
17209,81580178,1001394967,24/07/2021,2021,2137,WILLIAM R ALLEN RD N,WILSON AVE,,,,43.733981,-79.449664,Intersection Related,No Control,Rain,"Dark, artificial",Wet,Non-Fatal Injury,Rear End,Driver,30 to 34,Major,,North,"Automobile, Station Wagon",Going Ahead,Driving Properly,Normal,,,,,,,,,Yes,,,,,Yes,,Yes,,,,33,Clanton Park,33,Clanton Park (33),D32,624851.8008,4843494.309
17210,81580179,1001394967,24/07/2021,2021,2137,WILLIAM R ALLEN RD N,WILSON AVE,,,,43.733981,-79.449664,Intersection Related,No Control,Rain,"Dark, artificial",Wet,Non-Fatal Injury,Rear End,Passenger,15 to 19,None,,,,,,,,,,,,,,,Yes,,,,,Yes,,Yes,,,,33,Clanton Park,33,Clanton Park (33),D32,624851.8008,4843494.309
17211,81580180,1001394967,24/07/2021,2021,2137,WILLIAM R ALLEN RD N,WILSON AVE,,,,43.733981,-79.449664,Intersection Related,No Control,Rain,"Dark, artificial",Wet,Non-Fatal Injury,Rear End,Passenger,15 to 19,None,,,,,,,,,,,,,,,Yes,,,,,Yes,,Yes,,,,33,Clanton Park,33,Clanton Park (33),D32,624851.8008,4843494.309
17212,81580181,1001394967,24/07/2021,2021,2137,WILLIAM R ALLEN RD N,WILSON AVE,,,,43.733981,-79.449664,Intersection Related,No Control,Rain,"Dark, artificial",Wet,Non-Fatal Injury,Rear End,Passenger,30 to 34,Minor,,,,,,,,,,,,,,,Yes,,,,,Yes,,Yes,,,,33,Clanton Park,33,Clanton Park (33),D32,624851.8008,4843494.309
17213,81580182,1001394967,24/07/2021,2021,2137,WILLIAM R ALLEN RD N,WILSON AVE,,,,43.733981,-79.449664,Intersection Related,No Control,Rain,"Dark, artificial",Wet,Non-Fatal Injury,Rear End,Passenger,35 to 39,Minor,,,,,,,,,,,,,,,Yes,,,,,Yes,,Yes,,,,33,Clanton Park,33,Clanton Park (33),D32,624851.8008,4843494.309
17214,81580183,1001394967,24/07/2021,2021,2137,WILLIAM R ALLEN RD N,WILSON AVE,,,,43.733981,-79.449664,Intersection Related,No Control,Rain,"Dark, artificial",Wet,Non-Fatal Injury,Rear End,Passenger,35 to 39,Major,,,,,,,,,,,,,,,Yes,,,,,Yes,,Yes,,,,33,Clanton Park,33,Clanton Park (33),D32,624851.8008,4843494.309
17215,81580603,1001400939,25/07/2021,2021,1922,52 HOLLAND AVE,VICTORIA PARK AVE,22 m West of,Local,Toronto and East York,43.715724,-79.299365,At/Near Private Drive,No Control,Clear,Daylight,Dry,Non-Fatal Injury,Angle,Driver,45 to 49,None,,South,"Automobile, Station Wagon",Reversing,Other,Normal,,,,,,,,,Yes,,,,,,,,,,,54,O'Connor-Parkview,54,O'Connor-Parkview (54),D55,636997.4322,4841704.056
17216,81580604,1001400939,25/07/2021,2021,1922,52 HOLLAND AVE,VICTORIA PARK AVE,22 m West of,Local,Toronto and East York,43.715724,-79.299365,At/Near Private Drive,No Control,Clear,Daylight,Dry,Non-Fatal Injury,Angle,Driver,60 to 64,Major,,West,"Automobile, Station Wagon",Stopped,Other,Normal,,,,,,,,,Yes,,,,,,,,,,,54,O'Connor-Parkview,54,O'Connor-Parkview (54),D55,636997.4322,4841704.056
17217,81579552,1001402939,26/07/2021,2021,400,OAKWOOD AVE,ROGERS RD,,Minor Arterial,Toronto and East York,43.68706,-79.438655,At Intersection,Traffic Signal,Clear,"Dark, artificial",Dry,Non-Fatal Injury,Turning Movement,Driver,20 to 24,Minor,,South,"Automobile, Station Wagon",Making U Turn,Improper Turn,Unknown,,,,,,,,,Yes,,,,,Yes,,Yes,,,,107,Oakwood Village,107,Oakwood Village (107),D13,625836.5414,4838299.72
17218,81579553,1001402939,26/07/2021,2021,400,OAKWOOD AVE,ROGERS RD,,Minor Arterial,Toronto and East York,43.68706,-79.438655,At Intersection,Traffic Signal,Clear,"Dark, artificial",Dry,Non-Fatal Injury,Turning Movement,Driver,25 to 29,Major,,North,"Automobile, Station Wagon",Going Ahead,Driving Properly,Had Been Drinking,,,,,,,,,Yes,,,,,Yes,,Yes,,,,107,Oakwood Village,107,Oakwood Village (107),D13,625836.5414,4838299.72
17219,81579554,1001402939,26/07/2021,2021,400,OAKWOOD AVE,ROGERS RD,,Minor Arterial,Toronto and East York,43.68706,-79.438655,At Intersection,Traffic Signal,Clear,"Dark, artificial",Dry,Non-Fatal Injury,Turning Movement,Passenger,20 to 24,Minimal,,,,,,,,,,,,,,,Yes,,,,,Yes,,Yes,,,,107,Oakwood Village,107,Oakwood Village (107),D13,625836.5414,4838299.72
17220,81579555,1001402939,26/07/2021,2021,400,OAKWOOD AVE,ROGERS RD,,Minor Arterial,Toronto and East York,43.68706,-79.438655,At Intersection,Traffic Signal,Clear,"Dark, artificial",Dry,Non-Fatal Injury,Turning Movement,Passenger,20 to 24,Minimal,,,,,,,,,,,,,,,Yes,,,,,Yes,,Yes,,,,107,Oakwood Village,107,Oakwood Village (107),D13,625836.5414,4838299.72
17221,81579189,1001406643,26/07/2021,2021,1532,FRONT ST W,SPADINA AVE,,Major Arterial,Toronto and East York,43.642672,-79.393901,At Intersection,Traffic Controller,Clear,Daylight,Dry,Non-Fatal Injury,SMV Other,Driver,65 to 69,None,,West,"Automobile, Station Wagon",Going Ahead,Driving Properly,Normal,,,,,,,Yes,,Yes,,,,,,,,,,,165,Harbourfront-CityPlace,77,Waterfront Communities-The Island (77),D14,629538.9627,4833438.723
17222,81579190,1001406643,26/07/2021,2021,1532,FRONT ST W,SPADINA AVE,,Major Arterial,Toronto and East York,43.642672,-79.393901,At Intersection,Traffic Controller,Clear,Daylight,Dry,Non-Fatal Injury,SMV Other,Pedestrian,55 to 59,Major,,South,,Going Ahead,,,,Crossing without right of way,Had Been Drinking,,,,Yes,,Yes,,,,,,,,,,,165,Harbourfront-CityPlace,77,Waterfront Communities-The Island (77),D14,629538.9627,4833438.723
17223,81579342,1001428194,29/07/2021,2021,1522,751 KIPLING AVE,,JUTLAND RD,Major Arterial,Etobicoke York,43.627307,-79.529269,At/Near Private Drive,No Control,Clear,Daylight,Dry,Fatal,Turning Movement,Motorcycle Driver,35 to 39,Fatal,23,North,Motorcycle,Going Ahead,Exceeding Speed Limit,Unknown,,,,,,,,,Yes,Yes,,,,,Yes,Yes,,,,159,Etobicoke City Centre,14,Islington-City Centre West (14),D22,618651.0733,4831529.875