OBJECTID,INDEX,ACCNUM,DATE,ACCIDENT_YEAR,TIME,STREET1,STREET2,OFFSET,ROAD_CLASS,DISTRICT,LATITUDE,LONGITUDE,ACCLOC,TRAFFCTL,VISIBILITY,LIGHT,RDSFCOND,ACCLASS,IMPACTYPE,INVTYPE,INVAGE,INJURY,FATAL_NO,INITDIR,VEHTYPE,MANOEUVER,DRIVACT,DRIVCOND,PEDTYPE,PEDACT,PEDCOND,CYCLISTYPE,CYCACT,CYCCOND,PEDESTRIAN,CYCLIST,AUTOMOBILE,MOTORCYCLE,TRUCK,TRSN_CITY_VEH,EMERG_VEH,PASSENGER,SPEEDING,AG_DRIV,REDLIGHT,ALCOHOL,DISABILITY,HOOD_158,NEIGHBOURHOOD_158,HOOD_140,NEIGHBOURHOOD_140,DIVISION,x,y
17224,81579345,1001428194,29/07/2021,2021,1522,751 KIPLING AVE,,JUTLAND RD,Major Arterial,Etobicoke York,43.627307,-79.529269,At/Near Private Drive,No Control,Clear,Daylight,Dry,Fatal,Turning Movement,Driver,15 to 19,None,,West,"Automobile, Station Wagon",Turning Left,Failed to Yield Right of Way,Inattentive,,,,,,,,,Yes,Yes,,,,,Yes,Yes,,,,159,Etobicoke City Centre,14,Islington-City Centre West (14),D22,618651.0733,4831529.875
17225,81579810,1001438929,31/07/2021,2021,36,F G GARDINER XY E,LOWER JARVIS ST,30 m West of,Expressway,Toronto and East York,43.645636,-79.370395,Non Intersection,No Control,Clear,"Dark, artificial",Dry,Non-Fatal Injury,Rear End,Motorcycle Driver,35 to 39,Major,,East,Motorcycle,Going Ahead,Speed too Fast For Condition,Inattentive,,,,,,,,,Yes,Yes,,,,Yes,Yes,Yes,,,,166,St Lawrence-East Bayfront-The Islands,77,Waterfront Communities-The Island (77),D51,631428.3819,4833804.87
17226,81579811,1001438929,31/07/2021,2021,36,F G GARDINER XY E,LOWER JARVIS ST,30 m West of,Expressway,Toronto and East York,43.645636,-79.370395,Non Intersection,No Control,Clear,"Dark, artificial",Dry,Non-Fatal Injury,Rear End,Driver,50 to 54,None,,East,"Automobile, Station Wagon",Going Ahead,Driving Properly,Normal,,,,,,,,,Yes,Yes,,,,Yes,Yes,Yes,,,,166,St Lawrence-East Bayfront-The Islands,77,Waterfront Communities-The Island (77),D51,631428.3819,4833804.87
17227,81579812,1001438929,31/07/2021,2021,36,F G GARDINER XY E,LOWER JARVIS ST,30 m West of,Expressway,Toronto and East York,43.645636,-79.370395,Non Intersection,No Control,Clear,"Dark, artificial",Dry,Non-Fatal Injury,Rear End,Passenger,50 to 54,None,,East,"Automobile, Station Wagon",Going Ahead,,,,,,,,,,,Yes,Yes,,,,Yes,Yes,Yes,,,,166,St Lawrence-East Bayfront-The Islands,77,Waterfront Communities-The Island (77),D51,631428.3819,4833804.87
17228,81579813,1001438929,31/07/2021,2021,36,F G GARDINER XY E,LOWER JARVIS ST,30 m West of,Expressway,Toronto and East York,43.645636,-79.370395,Non Intersection,No Control,Clear,"Dark, artificial",Dry,Non-Fatal Injury,Rear End,Passenger,15 to 19,None,,East,"Automobile, Station Wagon",Going Ahead,,,,,,,,,,,Yes,Yes,,,,Yes,Yes,Yes,,,,166,St Lawrence-East Bayfront-The Islands,77,Waterfront Communities-The Island (77),D51,631428.3819,4833804.87
17229,81579729,1001445870,01/08/2021,2021,54,LAKE SHORE BLVD W,BATHURST ST,,Major Arterial,Toronto and East York,43.636386,-79.399608,At Intersection,Traffic Signal,Clear,"Dark, artificial",Dry,Non-Fatal Injury,Angle,Driver,30 to 34,Minimal,,North,"Automobile, Station Wagon",Going Ahead,Other,Normal,,,,,,,,,Yes,,,,,Yes,,Yes,Yes,,,163,Fort York-Liberty Village,82,Niagara (82),D14,629092.1244,4832731.69
17230,81579730,1001445870,01/08/2021,2021,54,LAKE SHORE BLVD W,BATHURST ST,,Major Arterial,Toronto and East York,43.636386,-79.399608,At Intersection,Traffic Signal,Clear,"Dark, artificial",Dry,Non-Fatal Injury,Angle,Driver,40 to 44,Major,,West,"Automobile, Station Wagon",Going Ahead,Disobeyed Traffic Control,Other,,,,,,,,,Yes,,,,,Yes,,Yes,Yes,,,163,Fort York-Liberty Village,82,Niagara (82),D14,629092.1244,4832731.69
17231,81579731,1001445870,01/08/2021,2021,54,LAKE SHORE BLVD W,BATHURST ST,,Major Arterial,Toronto and East York,43.636386,-79.399608,At Intersection,Traffic Signal,Clear,"Dark, artificial",Dry,Non-Fatal Injury,Angle,Passenger,30 to 34,Minimal,,North,"Automobile, Station Wagon",Going Ahead,,,,,,,,,,,Yes,,,,,Yes,,Yes,Yes,,,163,Fort York-Liberty Village,82,Niagara (82),D14,629092.1244,4832731.69
17232,81651315,1001452685,02/08/2021,2021,530,WESTON RD,ROGERS RD,38 m South o,Major Arterial ,Toronto and East York,43.681319,-79.476459,At/Near Private Drive,No Control,Clear,"Dawn, artificial",Dry,Non-Fatal Injury,Turning Movement,Driver,70 to 74,None,,North,"Automobile, Station Wagon",Turning Left,Improper Turn,Normal,,,,,,,,,Yes,Yes,,,,,Yes,Yes,,,,111,Rockcliffe-Smythe,111,Rockcliffe-Smythe (111),D12,622801.4154,4837605.436
17233,81651316,1001452685,02/08/2021,2021,530,WESTON RD,ROGERS RD,38 m South o,Major Arterial ,Toronto and East York,43.681319,-79.476459,At/Near Private Drive,No Control,Clear,"Dawn, artificial",Dry,Non-Fatal Injury,Turning Movement,Motorcycle Driver,35 to 39,Major,,South,Motorcycle,Going Ahead,Exceeding Speed Limit,Normal,,,,,,,,,Yes,Yes,,,,,Yes,Yes,,,,111,Rockcliffe-Smythe,111,Rockcliffe-Smythe (111),D12,622801.4154,4837605.436
17234,81580304,1001461087,03/08/2021,2021,1230,PHARMACY AVE,DANFORTH AVE,,Major Arterial,Scarborough,43.692256,-79.283344,At Intersection,Traffic Signal,Clear,Daylight,Dry,Non-Fatal Injury,Pedestrian Collisions,Driver,60 to 64,None,,South,Passenger Van,Turning Left,Driving Properly,Normal,,,,,,,Yes,,Yes,,,,,,,,,,,121,Oakridge,121,Oakridge (121),D41,638342.0182,4839124.204
17235,81580305,1001461087,03/08/2021,2021,1230,PHARMACY AVE,DANFORTH AVE,,Major Arterial,Scarborough,43.692256,-79.283344,At Intersection,Traffic Signal,Clear,Daylight,Dry,Non-Fatal Injury,Pedestrian Collisions,Pedestrian,30 to 34,Major,,West,,,,,Vehicle turns left while ped crosses without ROW at inter.,Crossing without right of way,Inattentive,,,,Yes,,Yes,,,,,,,,,,,121,Oakridge,121,Oakridge (121),D41,638342.0182,4839124.204
17236,81580197,1001466029,04/08/2021,2021,619,SUMACH ST,WASCANA AVE,5 m North of,Local,Toronto and East York,43.657763,-79.359294,Non Intersection,No Control,Clear,"Daylight, artificial",Dry,Non-Fatal Injury,SMV Other,Driver,60 to 64,Major,,South,"Automobile, Station Wagon",Going Ahead,Lost control,Medical or Physical Disability,,,,,,,,,Yes,,,,,,,,,,Yes,72,Regent Park,72,Regent Park (72),D51,632297.0624,4835169.374
17237,81580365,1001469287,04/08/2021,2021,1441,ALLANFORD RD,SHEPPARD AVE E,,Major Arterial,Scarborough,43.782046,-79.293422,At Intersection,Traffic Signal,Clear,Daylight,Dry,Non-Fatal Injury,Pedestrian Collisions,Driver,45 to 49,None,,North,"Automobile, Station Wagon",Turning Left,Failed to Yield Right of Way,Inattentive,,,,,,,Yes,,Yes,,,,,,,Yes,,,,118,Tam O'Shanter-Sullivan,118,Tam O'Shanter-Sullivan (118),D42,637324.4253,4849079.956
17238,81580366,1001469287,04/08/2021,2021,1441,ALLANFORD RD,SHEPPARD AVE E,,Major Arterial,Scarborough,43.782046,-79.293422,At Intersection,Traffic Signal,Clear,Daylight,Dry,Non-Fatal Injury,Pedestrian Collisions,Pedestrian,25 to 29,Major,,South,,,,,Vehicle turns left while ped crosses with ROW at inter.,Crossing with right of way,Normal,,,,Yes,,Yes,,,,,,,Yes,,,,118,Tam O'Shanter-Sullivan,118,Tam O'Shanter-Sullivan (118),D42,637324.4253,4849079.956
17239,81579346,1001479611,05/08/2021,2021,2302,DUFFERIN ST,RANEE AVE,,Major Arterial,North York,43.721545,-79.456371,At Intersection,Traffic Signal,Clear,"Dark, artificial",Dry,Fatal,Turning Movement,Motorcycle Driver,15 to 19,Fatal,24,North,Motorcycle,Going Ahead,Disobeyed Traffic Control,Unknown,,,,,,,,,Yes,Yes,,,,,,Yes,Yes,Yes,,31,Yorkdale-Glen Park,31,Yorkdale-Glen Park (31),D32,624337.3953,4842103.029
17240,81579347,1001479611,05/08/2021,2021,2302,DUFFERIN ST,RANEE AVE,,Major Arterial,North York,43.721545,-79.456371,At Intersection,Traffic Signal,Clear,"Dark, artificial",Dry,Fatal,Turning Movement,Driver,25 to 29,None,,South,"Automobile, Station Wagon",Turning Left,Driving Properly,"Ability Impaired, Alcohol",,,,,,,,,Yes,Yes,,,,,,Yes,Yes,Yes,,31,Yorkdale-Glen Park,31,Yorkdale-Glen Park (31),D32,624337.3953,4842103.029
17241,81579480,1001488085,07/08/2021,2021,253,401 EB OFF RAMP,KINGSTON RD,26 m East of,Minor Arterial,Scarborough,43.798712,-79.145931,At Intersection,Traffic Signal,Clear,Dark,Dry,Non-Fatal Injury,SMV Other,Motorcycle Driver,40 to 44,Major,,East,Motorcycle,Going Ahead,Lost control,Normal,,,,,,,,,,Yes,,,,,,,,,,133,Centennial Scarborough,133,Centennial Scarborough (133),D42,649151.3718,4851186.235
17242,81580704,1001493213,07/08/2021,2021,2150,VEROBEACH BLVD,ST LUCIE DR,5 m East of,Local,North York,43.73746,-79.543926,Non Intersection,No Control,Clear,Dark,Dry,Non-Fatal Injury,SMV Unattended Vehicle,Motorcycle Driver,45 to 49,Major,,East,Motorcycle,Going Ahead,Exceeding Speed Limit,Unknown,,,,,,,,,,Yes,,,,,Yes,Yes,,,,22,Humbermede,22,Humbermede (22),D31,617253.8359,4843742.987
17243,81579772,1001493289,07/08/2021,2021,2205,ST CLAIR AV W,CALEDONIA RD,70 m East of,Major Arterial,Toronto and East York,43.675517,-79.453922,Non Intersection,Traffic Signal,Clear,"Dark, artificial",Dry,Non-Fatal Injury,SMV Other,Driver,40 to 44,Major,,East,"Automobile, Station Wagon",Going Ahead,Lost control,Inattentive,,,,,,,,,Yes,,,,,,,Yes,,,,92,Corso Italia-Davenport,92,Corso Italia-Davenport (92),D13,624629.9847,4836994.661
17244,81579689,1001493415,07/08/2021,2021,2236,FRONT ST W,SPADINA  AVE,15 m South o,Major Arterial,Toronto and East York,43.642665,-79.393886,At Intersection,Traffic Signal,Clear,Dark,Dry,Non-Fatal Injury,Pedestrian Collisions,Driver,35 to 39,None,,West,Passenger Van,Going Ahead,Driving Properly,Normal,,,,,,,Yes,,Yes,,,,,,,,,,,165,Harbourfront-CityPlace,77,Waterfront Communities-The Island (77),D52,629540.1876,4833437.969
17245,81579690,1001493415,07/08/2021,2021,2236,FRONT ST W,SPADINA  AVE,15 m South o,Major Arterial,Toronto and East York,43.642665,-79.393886,At Intersection,Traffic Signal,Clear,Dark,Dry,Non-Fatal Injury,Pedestrian Collisions,Pedestrian,20 to 24,Major,,North,,,,,Vehicle is going straight thru inter.while ped cross without ROW,Crossing without right of way,Had Been Drinking,,,,Yes,,Yes,,,,,,,,,,,165,Harbourfront-CityPlace,77,Waterfront Communities-The Island (77),D52,629540.1876,4833437.969
17246,81581430,1001512252,10/08/2021,2021,1525,ST CLAIR  AVE W,ST CLAIR GDNS,18 m East of,Major Arterial,Etobicoke York,43.677432,-79.445026,Intersection Related,Traffic Signal,Clear,Daylight,Dry,Non-Fatal Injury,Pedestrian Collisions,Driver,45 to 49,None,,East,Street Car,Going Ahead,Driving Properly,Normal,,,,,,,Yes,,,,,Yes,,,,,,,,92,Corso Italia-Davenport,92,Corso Italia-Davenport (92),D13,625343.1145,4837220.752
17247,81581431,1001512252,10/08/2021,2021,1525,ST CLAIR  AVE W,ST CLAIR GDNS,18 m East of,Major Arterial,Etobicoke York,43.677432,-79.445026,Intersection Related,Traffic Signal,Clear,Daylight,Dry,Non-Fatal Injury,Pedestrian Collisions,Pedestrian,55 to 59,Major,,North,,,,,Pedestrian involved in a collision with transit vehicle anywhere along roadway,"Crossing, no Traffic Control",Inattentive,,,,Yes,,,,,Yes,,,,,,,,92,Corso Italia-Davenport,92,Corso Italia-Davenport (92),D13,625343.1145,4837220.752
17248,81599176,1001517326,11/08/2021,2021,920,BROCK AVE,SEAFORTH AVE,5 m North of,Collector,Toronto and East York,43.64363,-79.433177,At Intersection,No Control,Clear,Daylight,Dry,Non-Fatal Injury,Pedestrian Collisions,Driver,40 to 44,None,,South,"Automobile, Station Wagon",Turning Right,Improper Turn,Inattentive,,,,,,,Yes,,Yes,,,,,,,,,,,86,Roncesvalles,86,Roncesvalles (86),D11,626369.1398,4833484.57
17249,81599177,1001517326,11/08/2021,2021,920,BROCK AVE,SEAFORTH AVE,5 m North of,Collector,Toronto and East York,43.64363,-79.433177,At Intersection,No Control,Clear,Daylight,Dry,Non-Fatal Injury,Pedestrian Collisions,Pedestrian,20 to 24,Major,,South,,,,,Pedestrian hit on sidewalk or shoulder,On Sidewalk or Shoulder,Normal,,,,Yes,,Yes,,,,,,,,,,,86,Roncesvalles,86,Roncesvalles (86),D11,626369.1398,4833484.57
17250,81580924,1001530843,13/08/2021,2021,200,GARDIER XWY,DVP,,Major Arterial,Toronto and East York,43.650992,-79.346561,Non Intersection,No Control,Clear,"Dark, artificial",Dry,Non-Fatal Injury,SMV Other,Motorcycle Driver,25 to 29,Major,,East,Motorcycle,Going Ahead,Lost control,Inattentive,,,,,,,,,,Yes,,,,,,,,,,70,South Riverdale,70,South Riverdale (70),D55,633338.7742,4834437.746
17251,81581428,1001537853,13/08/2021,2021,2355,800 BATHURST ST,,30 m North o,Major Arterial,Toronto and East York,43.665507,-79.411365,Non Intersection,No Control,Clear,"Dark, artificial",Dry,Non-Fatal Injury,Pedestrian Collisions,Driver,50 to 54,None,,North,"Automobile, Station Wagon",Going Ahead,Driving Properly,Normal,,,,,,,Yes,,Yes,,,,,,,,,,,95,Annex,95,Annex (95),D14,628081.8458,4835947.74
17252,81581429,1001537853,13/08/2021,2021,2355,800 BATHURST ST,,30 m North o,Major Arterial,Toronto and East York,43.665507,-79.411365,Non Intersection,No Control,Clear,"Dark, artificial",Dry,Non-Fatal Injury,Pedestrian Collisions,Pedestrian,15 to 19,Major,,East,,,,,Pedestrian hit at mid-block,"Crossing, no Traffic Control",Inattentive,,,,Yes,,Yes,,,,,,,,,,,95,Annex,95,Annex (95),D14,628081.8458,4835947.74
17253,81579847,1001538488,14/08/2021,2021,243,BLOOR ST W,EAGLE RD,,Major Arterial,Etobicoke York,43.645354,-79.520053,Non Intersection,No Control,Clear,"Dark, artificial",Dry,Fatal,Pedestrian Collisions,Passenger,20 to 24,Fatal,25,,,,,,,,,,,,,,Yes,,,,,Yes,Yes,Yes,,,,16,Stonegate-Queensway,16,Stonegate-Queensway (16),D22,619358.8447,4833547.433
17254,81579848,1001538488,14/08/2021,2021,243,BLOOR ST W,EAGLE RD,,Major Arterial,Etobicoke York,43.645354,-79.520053,Non Intersection,No Control,Clear,"Dark, artificial",Dry,Fatal,Pedestrian Collisions,Driver,20 to 24,Minor,,West,"Automobile, Station Wagon",Going Ahead,Speed too Fast For Condition,Inattentive,,,,,,,,,Yes,,,,,Yes,Yes,Yes,,,,16,Stonegate-Queensway,16,Stonegate-Queensway (16),D22,619358.8447,4833547.433
17255,81581310,1001545631,15/08/2021,2021,550,106 BEECH AVE,,1 m East of,Major Arterial,Toronto and East York,43.673556,-79.287952,At/Near Private Drive,No Control,Clear,"Dark, artificial",Dry,Non-Fatal Injury,Cyclist Collisions,Driver,25 to 29,None,,West,"Automobile, Station Wagon",Reversing,Other,Normal,,,,,,,,Yes,Yes,,,,,,,,,,,63,The Beaches,63,The Beaches (63),D55,638013.539,4837039.63
17256,81581311,1001545631,15/08/2021,2021,550,106 BEECH AVE,,1 m East of,Major Arterial,Toronto and East York,43.673556,-79.287952,At/Near Private Drive,No Control,Clear,"Dark, artificial",Dry,Non-Fatal Injury,Cyclist Collisions,Cyclist,55 to 59,Major,,South,Bicycle,Going Ahead,,,,,,Motorist reversing struck cyclist.,Wrong Way on One Way Road,Normal,,Yes,Yes,,,,,,,,,,,63,The Beaches,63,The Beaches (63),D55,638013.539,4837039.63
17257,81580152,1001547694,15/08/2021,2021,1415,DON VALLEY PARKWAY  N,BAYVIEW BLOOR DVP N RAMP,1 km North o,Expressway,Scarborough,43.690997,-79.359271,Non Intersection,No Control,Clear,Daylight,Dry,Fatal,Rear End,Motorcycle Driver,20 to 24,Fatal,29,North,Motorcycle,Going Ahead,Speed too Fast For Condition,Unknown,,,,,,,,,,Yes,Yes,,,Yes,Yes,Yes,,,,57,Broadview North,57,Broadview North (57),D55,632225.906,4838860.498
17258,81580153,1001547694,15/08/2021,2021,1415,DON VALLEY PARKWAY  N,BAYVIEW BLOOR DVP N RAMP,1 km North o,Expressway,Scarborough,43.690997,-79.359271,Non Intersection,No Control,Clear,Daylight,Dry,Fatal,Rear End,Truck Driver,20 to 24,None,,North,Truck - Dump,Going Ahead,Driving Properly,Normal,,,,,,,,,,Yes,Yes,,,Yes,Yes,Yes,,,,57,Broadview North,57,Broadview North (57),D55,632225.906,4838860.498
17259,81580154,1001547694,15/08/2021,2021,1415,DON VALLEY PARKWAY  N,BAYVIEW BLOOR DVP N RAMP,1 km North o,Expressway,Scarborough,43.690997,-79.359271,Non Intersection,No Control,Clear,Daylight,Dry,Fatal,Rear End,Passenger,30 to 34,None,,,,,,,,,,,,,,,,Yes,Yes,,,Yes,Yes,Yes,,,,57,Broadview North,57,Broadview North (57),D55,632225.906,4838860.498
17260,81580202,1001551843,16/08/2021,2021,631,ISLINGTON AVE,THOROLD GT,1 m South of,Local,Etobicoke York,43.762686,-79.573543,Intersection Related,Stop Sign,Clear,Daylight,Dry,Non-Fatal Injury,Turning Movement,Driver,45 to 49,None,,East,"Automobile, Station Wagon",Turning Left,Failed to Yield Right of Way,Inattentive,,,,,,,,,Yes,Yes,,,,,,Yes,,,,21,Humber Summit,21,Humber Summit (21),D31,614820.5949,4846503.214
17261,81580203,1001551843,16/08/2021,2021,631,ISLINGTON AVE,THOROLD GT,1 m South of,Local,Etobicoke York,43.762686,-79.573543,Intersection Related,Stop Sign,Clear,Daylight,Dry,Non-Fatal Injury,Turning Movement,Motorcycle Driver,60 to 64,Major,,North,Motorcycle,Going Ahead,Driving Properly,Normal,,,,,,,,,Yes,Yes,,,,,,Yes,,,,21,Humber Summit,21,Humber Summit (21),D31,614820.5949,4846503.214
17262,81615385,1001562119,17/08/2021,2021,1504,EGLINTON  AVE W,MARTIN GROVE RD,20 m East of,Major Arterial,Etobicoke York,43.674407,-79.563129,Intersection Related,Traffic Signal,Clear,Daylight,Dry,Non-Fatal Injury,Pedestrian Collisions,Driver,20 to 24,None,,South,"Automobile, Station Wagon",Turning Left,Lost control,Unknown,,,,,,,Yes,,Yes,,,,,,,,,,,10,Princess-Rosethorn,10,Princess-Rosethorn (10),D22,615828.8286,4836713.094
17263,81615386,1001562119,17/08/2021,2021,1504,EGLINTON  AVE W,MARTIN GROVE RD,20 m East of,Major Arterial,Etobicoke York,43.674407,-79.563129,Intersection Related,Traffic Signal,Clear,Daylight,Dry,Non-Fatal Injury,Pedestrian Collisions,Pedestrian,70 to 74,Major,,Unknown,,,,,Pedestrian hit on sidewalk or shoulder,On Sidewalk or Shoulder,Normal,,,,Yes,,Yes,,,,,,,,,,,10,Princess-Rosethorn,10,Princess-Rosethorn (10),D22,615828.8286,4836713.094
17264,81584011,1001563711,17/08/2021,2021,1900,CHERRY ST,FRONT ST E,1 m West of,Collector,North York,43.652587,-79.357951,At Intersection,Traffic Signal,Clear,Daylight,Dry,Non-Fatal Injury,Pedestrian Collisions,Driver,30 to 34,None,,North,"Automobile, Station Wagon",Turning Left,Failed to Yield Right of Way,Unknown,,,,,,,Yes,,Yes,,,,,,,Yes,,,,166,St Lawrence-East Bayfront-The Islands,77,Waterfront Communities-The Island (77),D51,632416.7315,4834596.653
17265,81584012,1001563711,17/08/2021,2021,1900,CHERRY ST,FRONT ST E,1 m West of,Collector,North York,43.652587,-79.357951,At Intersection,Traffic Signal,Clear,Daylight,Dry,Non-Fatal Injury,Pedestrian Collisions,Pedestrian,25 to 29,Major,,North,,,,,Vehicle turns left while ped crosses with ROW at inter.,Crossing with right of way,Normal,,,,Yes,,Yes,,,,,,,Yes,,,,166,St Lawrence-East Bayfront-The Islands,77,Waterfront Communities-The Island (77),D51,632416.7315,4834596.653
17266,81580411,1001569148,18/08/2021,2021,1442,YONGE ST,FINCH AVE E,,Major Arterial,North York,43.779765,-79.415546,At Intersection,Traffic Signal,Clear,Daylight,Dry,Fatal,Pedestrian Collisions,Pedestrian,80 to 84,Fatal,35,East,,,,,Vehicle turns left while ped crosses with ROW at inter.,Crossing with right of way,Normal,,,,Yes,,,,,,,,,,,,,151,Yonge-Doris,51,Willowdale East (51),D32,627502.1421,4848631.281
17267,81581479,1001569148,18/08/2021,2021,1442,YONGE ST,FINCH AVE E,,Major Arterial,North York,43.779765,-79.415546,At Intersection,Traffic Signal,Clear,Daylight,Dry,Fatal,Pedestrian Collisions,,55 to 59,None,,,,,,,,,,,,,Yes,,,,,,,,,,,,,151,Yonge-Doris,51,Willowdale East (51),D32,627502.1421,4848631.281
17268,81579849,1001570554,18/08/2021,2021,1810,AVENUE RD,BLOOR ST W,,Major Arterial,North York,43.668646,-79.394099,Non Intersection,No Control,Clear,Daylight,Dry,Fatal,Cyclist Collisions,Cyclist,15 to 19,Fatal,26,North,Bicycle,Going Ahead,,,,,,Cyclist and Driver travelling in same direction. One vehicle rear-ended the other.,Driving Properly,Unknown,,Yes,,,Yes,,,,,Yes,,,,169,Bay-Cloverhill,76,Bay Street Corridor (76),D52,629467.1625,4836323.169
17269,81579850,1001570554,18/08/2021,2021,1810,AVENUE RD,BLOOR ST W,,Major Arterial,North York,43.668646,-79.394099,Non Intersection,No Control,Clear,Daylight,Dry,Fatal,Cyclist Collisions,Truck Driver,50 to 54,None,,North,Truck - Tank,Going Ahead,Improper Passing,Inattentive,,,,,,,,Yes,,,Yes,,,,,Yes,,,,169,Bay-Cloverhill,76,Bay Street Corridor (76),D52,629467.1625,4836323.169
17270,81580042,1001572143,18/08/2021,2021,2240,KIPLING  AVE,DIXON RD,,Major Arterial,Etobicoke York,43.694178,-79.558605,At Intersection,Traffic Signal,Clear,"Dark, artificial",Dry,Non-Fatal Injury,Pedestrian Collisions,Driver,45 to 49,None,,South,"Automobile, Station Wagon",Going Ahead,Driving Properly,Normal,,,,,,,Yes,,Yes,,,,,,,,,,,6,Kingsview Village-The Westway,6,Kingsview Village-The Westway (6),D23,616155.3573,4838915.253
17271,81580043,1001572143,18/08/2021,2021,2240,KIPLING  AVE,DIXON RD,,Major Arterial,Etobicoke York,43.694178,-79.558605,At Intersection,Traffic Signal,Clear,"Dark, artificial",Dry,Non-Fatal Injury,Pedestrian Collisions,Pedestrian,45 to 49,Major,,West,,,,,Vehicle is going straight thru inter.while ped cross without ROW,Running onto Roadway,Normal,,,,Yes,,Yes,,,,,,,,,,,6,Kingsview Village-The Westway,6,Kingsview Village-The Westway (6),D23,616155.3573,4838915.253
17272,81579851,1001585997,20/08/2021,2021,2020,NEILSON RD,OAKMEADOW BLVD,,Minor Arterial,Scarborough,43.79032,-79.212337,Non Intersection,No Control,Clear,Daylight,Dry,Fatal,Pedestrian Collisions,Pedestrian,30 to 34,Fatal,27,Unknown,,,,,Pedestrian hit at mid-block,Other,Medical or Physical Disability,,,,Yes,,Yes,,,,,,,,,,,135,Morningside,135,Morningside (135),D43,643829.3797,4850136.623
17273,81579852,1001585997,20/08/2021,2021,2020,NEILSON RD,OAKMEADOW BLVD,,Minor Arterial,Scarborough,43.79032,-79.212337,Non Intersection,No Control,Clear,Daylight,Dry,Fatal,Pedestrian Collisions,Driver,50 to 54,None,,South,"Automobile, Station Wagon",Going Ahead,Other,Normal,,,,,,,Yes,,Yes,,,,,,,,,,,135,Morningside,135,Morningside (135),D43,643829.3797,4850136.623
17274,81584061,1001587761,21/08/2021,2021,516,MORNINGSIDE AVE,JOHN STONER DR,154 m East o,Collector,Scarborough,43.813929,-79.20515,Non Intersection,No Control,Clear,"Dark, artificial",Dry,Non-Fatal Injury,SMV Other,Driver,25 to 29,Major,,West,"Automobile, Station Wagon",Pulling Onto Shoulder or towardCurb,Lost control,"Ability Impaired, Alcohol Over .08",,,,,,,,,Yes,,,,,,,,,Yes,,144,Morningside Heights,131,Rouge (131),D42,644350.7539,4852771.302
17275,81581324,1001592099,21/08/2021,2021,1916,NANTUCKET BLVD,WICKWARE,50 m North o,Collector,Scarborough,43.754401,-79.273189,Non Intersection,No Control,Clear,Daylight,Dry,Non-Fatal Injury,SMV Other,Motorcycle Driver,25 to 29,Major,,North,Motorcycle,Going Ahead,Speed too Fast For Condition,"Ability Impaired, Drugs",,,,,,,,,,Yes,,,,,Yes,Yes,,,,126,Dorset Park,126,Dorset Park (126),D41,639016.5781,4846043.313
17276,81579853,1001597350,22/08/2021,2021,1533,CALEDONIA RD,LOTHERTON PTWY,,Minor Arterial,North York,43.705851,-79.465106,At Intersection,No Control,Clear,Daylight,Dry,Fatal,Turning Movement,Motorcycle Driver,35 to 39,Fatal,28,South,Motorcycle,Going Ahead,Exceeding Speed Limit,Inattentive,,,,,,,,,Yes,Yes,,,,,Yes,Yes,,,,31,Yorkdale-Glen Park,31,Yorkdale-Glen Park (31),D13,623666.0718,4840346.922
17277,81579854,1001597350,22/08/2021,2021,1533,CALEDONIA RD,LOTHERTON PTWY,,Minor Arterial,North York,43.705851,-79.465106,At Intersection,No Control,Clear,Daylight,Dry,Fatal,Turning Movement,Driver,60 to 64,None,,North,"Automobile, Station Wagon",Turning Left,Failed to Yield Right of Way,Inattentive,,,,,,,,,Yes,Yes,,,,,Yes,Yes,,,,31,Yorkdale-Glen Park,31,Yorkdale-Glen Park (31),D13,623666.0718,4840346.922
17278,81580991,1001598412,22/08/2021,2021,1828,MARTIN GROVE RD,Near TOLLINGTON RD,1 m North of,Major Arterial,Etobicoke York,43.686652,-79.568607,Non Intersection,No Control,Clear,Daylight,Dry,Non-Fatal Injury,Turning Movement,Driver,15 to 19,Minor,,North,"Automobile, Station Wagon",Making U Turn,Improper Turn,Inattentive,,,,,,,,,Yes,,,,,Yes,,,,,,7,Willowridge-Martingrove-Richview,7,Willowridge-Martingrove-Richview (7),D23,615363.764,4838065.428
17279,81580992,1001598412,22/08/2021,2021,1828,MARTIN GROVE RD,Near TOLLINGTON RD,1 m North of,Major Arterial,Etobicoke York,43.686652,-79.568607,Non Intersection,No Control,Clear,Daylight,Dry,Non-Fatal Injury,Turning Movement,Driver,30 to 34,Minimal,,North,"Automobile, Station Wagon",Going Ahead,Driving Properly,Normal,,,,,,,,,Yes,,,,,Yes,,,,,,7,Willowridge-Martingrove-Richview,7,Willowridge-Martingrove-Richview (7),D23,615363.764,4838065.428