OBJECTID,INDEX,ACCNUM,DATE,ACCIDENT_YEAR,TIME,STREET1,STREET2,OFFSET,ROAD_CLASS,DISTRICT,LATITUDE,LONGITUDE,ACCLOC,TRAFFCTL,VISIBILITY,LIGHT,RDSFCOND,ACCLASS,IMPACTYPE,INVTYPE,INVAGE,INJURY,FATAL_NO,INITDIR,VEHTYPE,MANOEUVER,DRIVACT,DRIVCOND,PEDTYPE,PEDACT,PEDCOND,CYCLISTYPE,CYCACT,CYCCOND,PEDESTRIAN,CYCLIST,AUTOMOBILE,MOTORCYCLE,TRUCK,TRSN_CITY_VEH,EMERG_VEH,PASSENGER,SPEEDING,AG_DRIV,REDLIGHT,ALCOHOL,DISABILITY,HOOD_158,NEIGHBOURHOOD_158,HOOD_140,NEIGHBOURHOOD_140,DIVISION,x,y
17280,81580993,1001598412,22/08/2021,2021,1828,MARTIN GROVE RD,Near TOLLINGTON RD,1 m North of,Major Arterial,Etobicoke York,43.686652,-79.568607,Non Intersection,No Control,Clear,Daylight,Dry,Non-Fatal Injury,Turning Movement,Passenger,15 to 19,Minimal,,North,"Automobile, Station Wagon",Making U Turn,,,,,,,,,,,Yes,,,,,Yes,,,,,,7,Willowridge-Martingrove-Richview,7,Willowridge-Martingrove-Richview (7),D23,615363.764,4838065.428
17281,81580994,1001598412,22/08/2021,2021,1828,MARTIN GROVE RD,Near TOLLINGTON RD,1 m North of,Major Arterial,Etobicoke York,43.686652,-79.568607,Non Intersection,No Control,Clear,Daylight,Dry,Non-Fatal Injury,Turning Movement,Passenger,15 to 19,Major,,North,"Automobile, Station Wagon",Making U Turn,,,,,,,,,,,Yes,,,,,Yes,,,,,,7,Willowridge-Martingrove-Richview,7,Willowridge-Martingrove-Richview (7),D23,615363.764,4838065.428
17282,81580995,1001598412,22/08/2021,2021,1828,MARTIN GROVE RD,Near TOLLINGTON RD,1 m North of,Major Arterial,Etobicoke York,43.686652,-79.568607,Non Intersection,No Control,Clear,Daylight,Dry,Non-Fatal Injury,Turning Movement,Passenger,15 to 19,Major,,North,"Automobile, Station Wagon",Going Ahead,,,,,,,,,,,Yes,,,,,Yes,,,,,,7,Willowridge-Martingrove-Richview,7,Willowridge-Martingrove-Richview (7),D23,615363.764,4838065.428
17283,81580996,1001598412,22/08/2021,2021,1828,MARTIN GROVE RD,Near TOLLINGTON RD,1 m North of,Major Arterial,Etobicoke York,43.686652,-79.568607,Non Intersection,No Control,Clear,Daylight,Dry,Non-Fatal Injury,Turning Movement,Passenger,15 to 19,Minimal,,North,"Automobile, Station Wagon",Making U Turn,,,,,,,,,,,Yes,,,,,Yes,,,,,,7,Willowridge-Martingrove-Richview,7,Willowridge-Martingrove-Richview (7),D23,615363.764,4838065.428
17284,81580997,1001598412,22/08/2021,2021,1828,MARTIN GROVE RD,Near TOLLINGTON RD,1 m North of,Major Arterial,Etobicoke York,43.686652,-79.568607,Non Intersection,No Control,Clear,Daylight,Dry,Non-Fatal Injury,Turning Movement,Passenger,30 to 34,None,,North,"Automobile, Station Wagon",Going Ahead,,,,,,,,,,,Yes,,,,,Yes,,,,,,7,Willowridge-Martingrove-Richview,7,Willowridge-Martingrove-Richview (7),D23,615363.764,4838065.428
17285,81580998,1001598412,22/08/2021,2021,1828,MARTIN GROVE RD,Near TOLLINGTON RD,1 m North of,Major Arterial,Etobicoke York,43.686652,-79.568607,Non Intersection,No Control,Clear,Daylight,Dry,Non-Fatal Injury,Turning Movement,Passenger,0 to 4,None,,North,"Automobile, Station Wagon",Going Ahead,,,,,,,,,,,Yes,,,,,Yes,,,,,,7,Willowridge-Martingrove-Richview,7,Willowridge-Martingrove-Richview (7),D23,615363.764,4838065.428
17286,81581579,1001600132,23/08/2021,2021,2,LAKE SHORE BV W,LOWER SIMCOE ST,,Expressway,Toronto and East York,43.640597,-79.383136,At Intersection,Traffic Signal,Clear,"Dark, artificial",Dry,Non-Fatal Injury,Turning Movement,Driver,65 to 69,Minor,,South,"Automobile, Station Wagon",Turning Right,Improper Turn,Inattentive,,,,,,,,,Yes,,,,,Yes,Yes,Yes,,,,165,Harbourfront-CityPlace,77,Waterfront Communities-The Island (77),D52,630411.7061,4833225.126
17287,81581580,1001600132,23/08/2021,2021,2,LAKE SHORE BV W,LOWER SIMCOE ST,,Expressway,Toronto and East York,43.640597,-79.383136,At Intersection,Traffic Signal,Clear,"Dark, artificial",Dry,Non-Fatal Injury,Turning Movement,Driver,20 to 24,Major,,West,"Automobile, Station Wagon",Going Ahead,Driving Properly,Normal,,,,,,,,,Yes,,,,,Yes,Yes,Yes,,,,165,Harbourfront-CityPlace,77,Waterfront Communities-The Island (77),D52,630411.7061,4833225.126
17288,81581581,1001600132,23/08/2021,2021,2,LAKE SHORE BV W,LOWER SIMCOE ST,,Expressway,Toronto and East York,43.640597,-79.383136,At Intersection,Traffic Signal,Clear,"Dark, artificial",Dry,Non-Fatal Injury,Turning Movement,Passenger,20 to 24,Major,,West,"Automobile, Station Wagon",Going Ahead,,,,,,,,,,,Yes,,,,,Yes,Yes,Yes,,,,165,Harbourfront-CityPlace,77,Waterfront Communities-The Island (77),D52,630411.7061,4833225.126
17289,81580250,1001608912,24/08/2021,2021,844,5 FAIRVIEW MALL DR,,,Minor Arterial,North York,43.779162,-79.34782,Non Intersection,No Control,Clear,Daylight,Dry,Fatal,Pedestrian Collisions,Driver,40 to 44,None,,North,"Automobile, Station Wagon",Going Ahead,Lost control,Other,,,,,,,Yes,,Yes,,,,,,,,,,,47,Don Valley Village,47,Don Valley Village (47),D33,632953.4905,4848670.843
17290,81580251,1001608912,24/08/2021,2021,844,5 FAIRVIEW MALL DR,,,Minor Arterial,North York,43.779162,-79.34782,Non Intersection,No Control,Clear,Daylight,Dry,Fatal,Pedestrian Collisions,Pedestrian,85 to 89,Fatal,30,West,,,,,Pedestrian hit on sidewalk or shoulder,On Sidewalk or Shoulder,Normal,,,,Yes,,Yes,,,,,,,,,,,47,Don Valley Village,47,Don Valley Village (47),D33,632953.4905,4848670.843
17291,81581085,1001613123,24/08/2021,2021,1850,NIPIGON AV,DUMONT ST,,Local,North York,43.797778,-79.416728,Intersection Related,Stop Sign,Clear,Daylight,Dry,Non-Fatal Injury,SMV Other,Driver,50 to 54,Major,,North,Passenger Van,Going Ahead,Lost control,Normal,,,,,,,,,Yes,,,,,,,Yes,,,,50,Newtonbrook East,50,Newtonbrook East (50),D32,627368.7586,4850630.085
17292,81582065,1001616611,25/08/2021,2021,935,345 ADELAIDE ST W,,,Major Arterial,Toronto and East York,43.647055,-79.393703,At/Near Private Drive,No Control,Clear,Daylight,Dry,Non-Fatal Injury,Cyclist Collisions,Driver,25 to 29,None,,East,Delivery Van,Turning Right,Improper Turn,Inattentive,,,,,,,,Yes,Yes,,,,,,,,,,,164,Wellington Place,77,Waterfront Communities-The Island (77),D52,629545.5108,4833925.821
17293,81582066,1001616611,25/08/2021,2021,935,345 ADELAIDE ST W,,,Major Arterial,Toronto and East York,43.647055,-79.393703,At/Near Private Drive,No Control,Clear,Daylight,Dry,Non-Fatal Injury,Cyclist Collisions,Cyclist,25 to 29,Major,,East,Bicycle,Going Ahead,,,,,,"Motorist turns right at non-signal Inter.(stop, yield, no cont.,and dwy) and strikes cyclist.",Driving Properly,Normal,,Yes,Yes,,,,,,,,,,,164,Wellington Place,77,Waterfront Communities-The Island (77),D52,629545.5108,4833925.821
17294,81432989,1001622645,26/08/2021,2021,330,HARBOUR ST,YORK ST,,Major Arterial,Toronto and East York,43.640933,-79.380649,At Intersection,Traffic Signal,Clear,"Dark, artificial",Dry,Fatal,Pedestrian Collisions,Pedestrian,25 to 29,Fatal,31,Unknown,,,,,Unknown,Other,Unknown,,,,Yes,,Yes,,,,,,Yes,Yes,,,,166,St Lawrence-East Bayfront-The Islands,77,Waterfront Communities-The Island (77),D52,630611.5746,4833266.354
17295,81580252,1001622645,26/08/2021,2021,330,HARBOUR ST,YORK ST,,Major Arterial,Toronto and East York,43.640933,-79.380649,At Intersection,Traffic Signal,Clear,"Dark, artificial",Dry,Fatal,Pedestrian Collisions,Driver,45 to 49,None,,East,"Automobile, Station Wagon",Going Ahead,Exceeding Speed Limit,"Ability Impaired, Drugs",,,,,,,Yes,,Yes,,,,,,Yes,Yes,,,,166,St Lawrence-East Bayfront-The Islands,77,Waterfront Communities-The Island (77),D52,630611.5746,4833266.354
17296,81580254,1001633249,27/08/2021,2021,1400,QUEENS QUAY WEST,BATHURST ST,,Major Arterial,Toronto and East York,43.6356,-79.398326,At Intersection,Traffic Signal,Clear,Daylight,Dry,Fatal,Pedestrian Collisions,Pedestrian,85 to 89,Fatal,32,North,,,,,Vehicle turns right while ped crosses with ROW at inter.,Crossing with right of way,Normal,,,,Yes,,Yes,,,,,,,Yes,,,,163,Fort York-Liberty Village,82,Niagara (82),D14,629197.2196,4832646.389
17297,81580255,1001633249,27/08/2021,2021,1400,QUEENS QUAY WEST,BATHURST ST,,Major Arterial,Toronto and East York,43.6356,-79.398326,At Intersection,Traffic Signal,Clear,Daylight,Dry,Fatal,Pedestrian Collisions,Driver,30 to 34,None,,South,Pick Up Truck,Turning Right,Failed to Yield Right of Way,Normal,,,,,,,Yes,,Yes,,,,,,,Yes,,,,163,Fort York-Liberty Village,82,Niagara (82),D14,629197.2196,4832646.389
17298,81582388,1001637805,28/08/2021,2021,300,YORE RD,KEELE ST,,Major Arterial,Etobicoke York,43.691775,-79.474246,Intersection Related,No Control,Clear,"Dark, artificial",Dry,Non-Fatal Injury,SMV Other,Motorcycle Driver,15 to 19,Major,,West,Motorcycle,Going Ahead,Exceeding Speed Limit,Unknown,,,,,,,,,,Yes,,,,Yes,Yes,Yes,,,,112,Beechborough-Greenbrook,112,Beechborough-Greenbrook (112),D12,622958.4257,4838769.995
17299,81582389,1001637805,28/08/2021,2021,300,YORE RD,KEELE ST,,Major Arterial,Etobicoke York,43.691775,-79.474246,Intersection Related,No Control,Clear,"Dark, artificial",Dry,Non-Fatal Injury,SMV Other,Motorcycle Passenger,unknown,Minor,,,Motorcycle,,,,,,,,,,,,,Yes,,,,Yes,Yes,Yes,,,,112,Beechborough-Greenbrook,112,Beechborough-Greenbrook (112),D12,622958.4257,4838769.995
17300,81588344,1001647780,29/08/2021,2021,1500,JANE ST,SHEPPARD AVE,,Major Arterial,North York,43.739371,-79.513194,At Intersection,Traffic Signal,Clear,Daylight,Dry,Non-Fatal Injury,Turning Movement,Driver,55 to 59,None,,South,"Automobile, Station Wagon",Turning Left,Failed to Yield Right of Way,Inattentive,,,,,,,,,Yes,Yes,,,,Yes,,Yes,,,,25,Glenfield-Jane Heights,25,Glenfield-Jane Heights (25),D31,619724.8136,4843999.181
17301,81588345,1001647780,29/08/2021,2021,1500,JANE ST,SHEPPARD AVE,,Major Arterial,North York,43.739371,-79.513194,At Intersection,Traffic Signal,Clear,Daylight,Dry,Non-Fatal Injury,Turning Movement,Motorcycle Driver,25 to 29,Major,,North,Motorcycle,Going Ahead,Driving Properly,Normal,,,,,,,,,Yes,Yes,,,,Yes,,Yes,,,,25,Glenfield-Jane Heights,25,Glenfield-Jane Heights (25),D31,619724.8136,4843999.181
17302,81588346,1001647780,29/08/2021,2021,1500,JANE ST,SHEPPARD AVE,,Major Arterial,North York,43.739371,-79.513194,At Intersection,Traffic Signal,Clear,Daylight,Dry,Non-Fatal Injury,Turning Movement,Passenger,50 to 54,None,,South,"Automobile, Station Wagon",Turning Left,,,,,,,,,,,Yes,Yes,,,,Yes,,Yes,,,,25,Glenfield-Jane Heights,25,Glenfield-Jane Heights (25),D31,619724.8136,4843999.181
17303,81580727,1001657810,30/08/2021,2021,2205,BLOOR ST W,DORVAL RD,,Major Arterial,Toronto and East York,43.655696,-79.454929,Non Intersection,No Control,Clear,"Dusk, artificial",Dry,Fatal,Sideswipe,Motorcycle Driver,30 to 34,Fatal,33,West,Motorcycle,Going Ahead,Driving Properly,Unknown,,,,,,,,,Yes,Yes,,,,,,Yes,,,,87,High Park-Swansea,87,High Park-Swansea (87),D11,624589.8069,4834791.765
17304,81580728,1001657810,30/08/2021,2021,2205,BLOOR ST W,DORVAL RD,,Major Arterial,Toronto and East York,43.655696,-79.454929,Non Intersection,No Control,Clear,"Dusk, artificial",Dry,Fatal,Sideswipe,Driver,55 to 59,None,,West,"Automobile, Station Wagon",Pulling Away from Shoulder or Curb,Failed to Yield Right of Way,Unknown,,,,,,,,,Yes,Yes,,,,,,Yes,,,,87,High Park-Swansea,87,High Park-Swansea (87),D11,624589.8069,4834791.765
17305,81581027,1001660115,31/08/2021,2021,910,VICTORIA PARK AV,MUSGRAVE ST,,Major Arterial,North York,43.687888,-79.286968,At Intersection,Traffic Signal,Clear,Daylight,Dry,Non-Fatal Injury,SMV Other,Driver,80 to 84,None,,North,"Automobile, Station Wagon",Turning Right,Failed to Yield Right of Way,Inattentive,,,,,,,Yes,,Yes,,,,,,,Yes,,,,122,Birchcliffe-Cliffside,122,Birchcliffe-Cliffside (122),D41,638059.9855,4838633.036
17306,81581028,1001660115,31/08/2021,2021,910,VICTORIA PARK AV,MUSGRAVE ST,,Major Arterial,North York,43.687888,-79.286968,At Intersection,Traffic Signal,Clear,Daylight,Dry,Non-Fatal Injury,SMV Other,Pedestrian,65 to 69,Major,,West,,Slowing or Stopping,,,,Crossing with right of way,Normal,,,,Yes,,Yes,,,,,,,Yes,,,,122,Birchcliffe-Cliffside,122,Birchcliffe-Cliffside (122),D41,638059.9855,4838633.036
17307,81650247,1001660333,31/08/2021,2021,948,GRAND AVE,MANITOBA ST,162 m West o,Expressway,,43.624331,-79.494861,Non Intersection,No Control,Clear,Daylight,Dry,Non-Fatal Injury,Sideswipe,Truck Driver,unknown,None,,West,Truck-Tractor,Going Ahead,Driving Properly,Inattentive,,,,,,,,,Yes,Yes,Yes,,,,,,,,,160,Mimico-Queensway,17,Mimico (includes Humber Bay Shores) (17),D22,621432.9514,4831249.103
17308,81650248,1001660333,31/08/2021,2021,948,GRAND AVE,MANITOBA ST,162 m West o,Expressway,,43.624331,-79.494861,Non Intersection,No Control,Clear,Daylight,Dry,Non-Fatal Injury,Sideswipe,Driver,65 to 69,None,,West,Pick Up Truck,Changing Lanes,Improper Lane Change,Inattentive,,,,,,,,,Yes,Yes,Yes,,,,,,,,,160,Mimico-Queensway,17,Mimico (includes Humber Bay Shores) (17),D22,621432.9514,4831249.103
17309,81650249,1001660333,31/08/2021,2021,948,GRAND AVE,MANITOBA ST,162 m West o,Expressway,,43.624331,-79.494861,Non Intersection,No Control,Clear,Daylight,Dry,Non-Fatal Injury,Sideswipe,Motorcycle Driver,25 to 29,Major,,West,Motorcycle,Going Ahead,Driving Properly,Normal,,,,,,,,,Yes,Yes,Yes,,,,,,,,,160,Mimico-Queensway,17,Mimico (includes Humber Bay Shores) (17),D22,621432.9514,4831249.103
17310,81582548,1001662122,31/08/2021,2021,1345,FERN AVE,WESTON RD,1 m East of,Minor Arterial,North York,43.702304,-79.523746,At Intersection,Traffic Signal,Clear,Daylight,Dry,Non-Fatal Injury,Pedestrian Collisions,Driver,60 to 64,None,,South,Pick Up Truck,Turning Left,Failed to Yield Right of Way,Normal,,,,,,,Yes,,Yes,,,,,,,Yes,,,,113,Weston,113,Weston (113),D12,618948.4362,4839867.176
17311,81582549,1001662122,31/08/2021,2021,1345,FERN AVE,WESTON RD,1 m East of,Minor Arterial,North York,43.702304,-79.523746,At Intersection,Traffic Signal,Clear,Daylight,Dry,Non-Fatal Injury,Pedestrian Collisions,Pedestrian,75 to 79,Major,,North,,,,,Vehicle turns left while ped crosses with ROW at inter.,Crossing with right of way,Normal,,,,Yes,,Yes,,,,,,,Yes,,,,113,Weston,113,Weston (113),D12,618948.4362,4839867.176
17312,81581335,1001663013,31/08/2021,2021,1553,723 PAPE AVE,,,Major Arterial,Toronto and East York,43.679221,-79.344951,Non Intersection,No Control,Clear,Daylight,Dry,Non-Fatal Injury,Cyclist Collisions,Driver,30 to 34,None,,North,"Automobile, Station Wagon",Other,Failed to Yield Right of Way,Normal,,,,,,,,Yes,Yes,,,,,,,Yes,,,,66,Danforth,66,Danforth (66),D55,633406.0649,4837575.545
17313,81581336,1001663013,31/08/2021,2021,1553,723 PAPE AVE,,,Major Arterial,Toronto and East York,43.679221,-79.344951,Non Intersection,No Control,Clear,Daylight,Dry,Non-Fatal Injury,Cyclist Collisions,Cyclist,40 to 44,Major,,North,Bicycle,Going Ahead,,,,,,Cyclist struck opened vehicle door,Driving Properly,Normal,,Yes,Yes,,,,,,,Yes,,,,66,Danforth,66,Danforth (66),D55,633406.0649,4837575.545
17314,81581481,1001719723,01/09/2021,2021,1124,COXWELL AVE,GERRARD ST E,,Minor Arterial,Toronto and East York,43.67525,-79.320316,At Intersection,Traffic Signal,Clear,Daylight,Dry,Fatal,Other,Passenger,85 to 89,Fatal,36,,,,,,,,,,,,,,,,,Yes,,Yes,,,,,,65,Greenwood-Coxwell,65,Greenwood-Coxwell (65),D55,635400.7355,4837174.431
17315,81581483,1001719723,01/09/2021,2021,1124,COXWELL AVE,GERRARD ST E,,Minor Arterial,Toronto and East York,43.67525,-79.320316,At Intersection,Traffic Signal,Clear,Daylight,Dry,Fatal,Other,Driver,60 to 64,None,,North,Municipal Transit Bus (TTC),Going Ahead,Driving Properly,Normal,,,,,,,,,,,,Yes,,Yes,,,,,,65,Greenwood-Coxwell,65,Greenwood-Coxwell (65),D55,635400.7355,4837174.431
17316,81582428,1001676258,02/09/2021,2021,1117,LAKE SHORE BLVD E,LESLIE ST,3 m East of,Major Arterial,Toronto and East York,43.659159,-79.328403,At Intersection,Traffic Signal,Clear,Daylight,Dry,Non-Fatal Injury,Cyclist Collisions,Driver,75 to 79,None,,South,"Automobile, Station Wagon",Turning Left,Failed to Yield Right of Way,Inattentive,,,,,,,,Yes,Yes,,,,,,,Yes,,,,70,South Riverdale,70,South Riverdale (70),D55,634784.8389,4835374.138
17317,81582429,1001676258,02/09/2021,2021,1117,LAKE SHORE BLVD E,LESLIE ST,3 m East of,Major Arterial,Toronto and East York,43.659159,-79.328403,At Intersection,Traffic Signal,Clear,Daylight,Dry,Non-Fatal Injury,Cyclist Collisions,Cyclist,50 to 54,Major,,North,Bicycle,Going Ahead,,,,,,Motorist turned left across cyclists path.,Driving Properly,Normal,,Yes,Yes,,,,,,,Yes,,,,70,South Riverdale,70,South Riverdale (70),D55,634784.8389,4835374.138
17318,81581478,1001685952,03/09/2021,2021,1735,COLLEGE ST,UNIVERSITY AVE,,Major Arterial,Toronto and East York,43.659785,-79.390453,At Intersection,Traffic Signal,Clear,Daylight,Dry,Fatal,Turning Movement,Motorcycle Driver,20 to 24,Fatal,34,East,Motorcycle,Going Ahead,Disobeyed Traffic Control,Inattentive,,,,,,,,,,Yes,,,Yes,,,Yes,Yes,,,170,Yonge-Bay Corridor,76,Bay Street Corridor (76),D52,629780.1975,4835344.733
17319,81581482,1001685952,03/09/2021,2021,1735,COLLEGE ST,UNIVERSITY AVE,,Major Arterial,Toronto and East York,43.659785,-79.390453,At Intersection,Traffic Signal,Clear,Daylight,Dry,Fatal,Turning Movement,Driver,30 to 34,Minimal,,West,Police Vehicle,Turning Left,Improper Turn,Inattentive,,,,,,,,,,Yes,,,Yes,,,Yes,Yes,,,170,Yonge-Bay Corridor,76,Bay Street Corridor (76),D52,629780.1975,4835344.733
17320,81582514,1001691363,04/09/2021,2021,1400,LAWRENCE AVE E,BRIMLEY RD,,Major Arterial,Scarborough,43.753459,-79.255496,Intersection Related,Traffic Signal,Clear,Daylight,Dry,Non-Fatal Injury,Turning Movement,Driver,35 to 39,None,,South,"Automobile, Station Wagon",Going Ahead,Disobeyed Traffic Control,Unknown,,,,,,,,,Yes,,,,,,,Yes,Yes,,,157,Bendale South,127,Bendale (127),D41,640443.1698,4845968.54
17321,81582515,1001691363,04/09/2021,2021,1400,LAWRENCE AVE E,BRIMLEY RD,,Major Arterial,Scarborough,43.753459,-79.255496,Intersection Related,Traffic Signal,Clear,Daylight,Dry,Non-Fatal Injury,Turning Movement,Driver,25 to 29,Major,,North,"Automobile, Station Wagon",Turning Left,Driving Properly,Normal,,,,,,,,,Yes,,,,,,,Yes,Yes,,,157,Bendale South,127,Bendale (127),D41,640443.1698,4845968.54
17322,81582839,1001708062,07/09/2021,2021,630,HORNER AV,ALDERCREST RD,5 m South of,Minor Arterial,Etobicoke York,43.602839,-79.539798,Non Intersection,No Control,Clear,"Dark, artificial",Dry,Non-Fatal Injury,Rear End,Driver,20 to 24,Minor,,West,"Automobile, Station Wagon",Stopped,Lost control,Inattentive,,,,,,,,,Yes,,Yes,,,Yes,,,,,,20,Alderwood,20,Alderwood (20),D22,617849.4239,4828797.415
17323,81582840,1001708062,07/09/2021,2021,630,HORNER AV,ALDERCREST RD,5 m South of,Minor Arterial,Etobicoke York,43.602839,-79.539798,Non Intersection,No Control,Clear,"Dark, artificial",Dry,Non-Fatal Injury,Rear End,Truck Driver,70 to 74,None,,West,Truck-Tractor,Going Ahead,Driving Properly,Normal,,,,,,,,,Yes,,Yes,,,Yes,,,,,,20,Alderwood,20,Alderwood (20),D22,617849.4239,4828797.415
17324,81582841,1001708062,07/09/2021,2021,630,HORNER AV,ALDERCREST RD,5 m South of,Minor Arterial,Etobicoke York,43.602839,-79.539798,Non Intersection,No Control,Clear,"Dark, artificial",Dry,Non-Fatal Injury,Rear End,Passenger,25 to 29,Major,,West,"Automobile, Station Wagon",Stopped,,,,,,,,,,,Yes,,Yes,,,Yes,,,,,,20,Alderwood,20,Alderwood (20),D22,617849.4239,4828797.415
17325,81584048,1001735558,10/09/2021,2021,1926,GERRARD ST E,YONGE  ST,58 m East of,Minor Arterial,Toronto and East York,43.659201,-79.381183,Non Intersection,No Control,Clear,"Dark, artificial",Dry,Non-Fatal Injury,Cyclist Collisions,Driver,25 to 29,None,,West,Delivery Van,Pulling Onto Shoulder or towardCurb,Failed to Yield Right of Way,Normal,,,,,,,,Yes,Yes,,,,,Yes,,Yes,,,,168,Downtown Yonge East,75,Church-Yonge Corridor (75),D51,630528.9249,4835294.414
17326,81584049,1001735558,10/09/2021,2021,1926,GERRARD ST E,YONGE  ST,58 m East of,Minor Arterial,Toronto and East York,43.659201,-79.381183,Non Intersection,No Control,Clear,"Dark, artificial",Dry,Non-Fatal Injury,Cyclist Collisions,Cyclist,30 to 34,Major,,West,Bicycle,Going Ahead,,,,,,Cyclist and Driver travelling in same direction. One vehicle sideswipes the other.,Driving Properly,Normal,,Yes,Yes,,,,,Yes,,Yes,,,,168,Downtown Yonge East,75,Church-Yonge Corridor (75),D51,630528.9249,4835294.414
17327,81584050,1001735558,10/09/2021,2021,1926,GERRARD ST E,YONGE  ST,58 m East of,Minor Arterial,Toronto and East York,43.659201,-79.381183,Non Intersection,No Control,Clear,"Dark, artificial",Dry,Non-Fatal Injury,Cyclist Collisions,Passenger,20 to 24,None,,,,,,,,,,,,,,Yes,Yes,,,,,Yes,,Yes,,,,168,Downtown Yonge East,75,Church-Yonge Corridor (75),D51,630528.9249,4835294.414
17328,81582773,1001747721,12/09/2021,2021,1500,BLOOR ST W,CHARLESTON RD,,Major Arterial,Etobicoke York,43.63935,-79.546191,Intersection Related,Stop Sign,Clear,Daylight,Dry,Non-Fatal Injury,Turning Movement,Driver,90 to 94,Major,,South,"Automobile, Station Wagon",Turning Right,Disobeyed Traffic Control,Inattentive,,,,,,,,,Yes,,,,,Yes,,Yes,,,,158,Islington,14,Islington-City Centre West (14),D22,617262.458,4832843.355
17329,81582774,1001747721,12/09/2021,2021,1500,BLOOR ST W,CHARLESTON RD,,Major Arterial,Etobicoke York,43.63935,-79.546191,Intersection Related,Stop Sign,Clear,Daylight,Dry,Non-Fatal Injury,Turning Movement,Driver,45 to 49,Minimal,,West,"Automobile, Station Wagon",Going Ahead,Driving Properly,Normal,,,,,,,,,Yes,,,,,Yes,,Yes,,,,158,Islington,14,Islington-City Centre West (14),D22,617262.458,4832843.355
17330,81582775,1001747721,12/09/2021,2021,1500,BLOOR ST W,CHARLESTON RD,,Major Arterial,Etobicoke York,43.63935,-79.546191,Intersection Related,Stop Sign,Clear,Daylight,Dry,Non-Fatal Injury,Turning Movement,Passenger,15 to 19,None,,West,"Automobile, Station Wagon",Going Ahead,,,,,,,,,,,Yes,,,,,Yes,,Yes,,,,158,Islington,14,Islington-City Centre West (14),D22,617262.458,4832843.355
17331,81582776,1001747721,12/09/2021,2021,1500,BLOOR ST W,CHARLESTON RD,,Major Arterial,Etobicoke York,43.63935,-79.546191,Intersection Related,Stop Sign,Clear,Daylight,Dry,Non-Fatal Injury,Turning Movement,Passenger,10 to 14,None,,West,"Automobile, Station Wagon",Going Ahead,,,,,,,,,,,Yes,,,,,Yes,,Yes,,,,158,Islington,14,Islington-City Centre West (14),D22,617262.458,4832843.355
17332,81581790,1001791905,18/09/2021,2021,1355,LAWRENCE AVE  W,WESTON RD,,Major Arterial,Etobicoke York,43.700087,-79.516155,At Intersection,Traffic Signal,Clear,Daylight,Dry,Fatal,Turning Movement,Driver,60 to 64,None,,North,Delivery Van,Turning Left,Improper Turn,Normal,,,,,,,,,Yes,Yes,,,,,Yes,Yes,,,,113,Weston,113,Weston (113),D12,619564.4888,4839631.867
17333,81581791,1001791905,18/09/2021,2021,1355,LAWRENCE AVE  W,WESTON RD,,Major Arterial,Etobicoke York,43.700087,-79.516155,At Intersection,Traffic Signal,Clear,Daylight,Dry,Fatal,Turning Movement,Motorcycle Driver,45 to 49,Fatal,37,South,Motorcycle,Going Ahead,Exceeding Speed Limit,Unknown,,,,,,,,,Yes,Yes,,,,,Yes,Yes,,,,113,Weston,113,Weston (113),D12,619564.4888,4839631.867
17334,81615054,1001794472,18/09/2021,2021,2100,SHEPPARD AVE E,NEILSON RD,3 m West of,Major Arterial,Scarborough,43.798037,-79.217922,Intersection Related,Traffic Signal,Clear,"Dark, artificial",Dry,Non-Fatal Injury,Turning Movement,Driver,25 to 29,None,,West,"Automobile, Station Wagon",Turning Left,Failed to Yield Right of Way,Inattentive,,,,,,,,,Yes,Yes,,,,,,Yes,,,,146,Malvern East,132,Malvern (132),D42,643361.5685,4850984.03
17335,81615055,1001794472,18/09/2021,2021,2100,SHEPPARD AVE E,NEILSON RD,3 m West of,Major Arterial,Scarborough,43.798037,-79.217922,Intersection Related,Traffic Signal,Clear,"Dark, artificial",Dry,Non-Fatal Injury,Turning Movement,Motorcycle Driver,35 to 39,Major,,South,Motorcycle,Going Ahead,Driving Properly,Normal,,,,,,,,,Yes,Yes,,,,,,Yes,,,,146,Malvern East,132,Malvern (132),D42,643361.5685,4850984.03
17336,81615056,1001794472,18/09/2021,2021,2100,SHEPPARD AVE E,NEILSON RD,3 m West of,Major Arterial,Scarborough,43.798037,-79.217922,Intersection Related,Traffic Signal,Clear,"Dark, artificial",Dry,Non-Fatal Injury,Turning Movement,Other,25 to 29,None,,,,,,,,,,,,,,,Yes,Yes,,,,,,Yes,,,,146,Malvern East,132,Malvern (132),D42,643361.5685,4850984.03