OBJECTID,INDEX,ACCNUM,DATE,ACCIDENT_YEAR,TIME,STREET1,STREET2,OFFSET,ROAD_CLASS,DISTRICT,LATITUDE,LONGITUDE,ACCLOC,TRAFFCTL,VISIBILITY,LIGHT,RDSFCOND,ACCLASS,IMPACTYPE,INVTYPE,INVAGE,INJURY,FATAL_NO,INITDIR,VEHTYPE,MANOEUVER,DRIVACT,DRIVCOND,PEDTYPE,PEDACT,PEDCOND,CYCLISTYPE,CYCACT,CYCCOND,PEDESTRIAN,CYCLIST,AUTOMOBILE,MOTORCYCLE,TRUCK,TRSN_CITY_VEH,EMERG_VEH,PASSENGER,SPEEDING,AG_DRIV,REDLIGHT,ALCOHOL,DISABILITY,HOOD_158,NEIGHBOURHOOD_158,HOOD_140,NEIGHBOURHOOD_140,DIVISION,x,y
17395,81584314,1001983260,15/10/2021,2021,1450,RICHMOND ST W,DUNCAN  ST,,Major Arterial,Toronto and East York,43.649382,-79.38914,At Intersection,Traffic Signal,Clear,Daylight,Dry,Non-Fatal Injury,Pedestrian Collisions,Driver,20 to 24,None,,West,"Automobile, Station Wagon",Turning Left,Failed to Yield Right of Way,Normal,,,,,,,Yes,,Yes,,,,,,,Yes,,,,164,Wellington Place,77,Waterfront Communities-The Island (77),D52,629908.4974,4834191.398
17396,81584315,1001983260,15/10/2021,2021,1450,RICHMOND ST W,DUNCAN  ST,,Major Arterial,Toronto and East York,43.649382,-79.38914,At Intersection,Traffic Signal,Clear,Daylight,Dry,Non-Fatal Injury,Pedestrian Collisions,Pedestrian,55 to 59,Major,,East,,,,,Vehicle turns left while ped crosses with ROW at inter.,Crossing with right of way,Normal,,,,Yes,,Yes,,,,,,,Yes,,,,164,Wellington Place,77,Waterfront Communities-The Island (77),D52,629908.4974,4834191.398
17397,81588154,1001991750,16/10/2021,2021,1917,BAY  ST,CUMBERLAND ST,,Major Arterial,Toronto and East York,43.670489,-79.389804,At Intersection,Traffic Signal,Clear,"Dark, artificial",Dry,Non-Fatal Injury,Pedestrian Collisions,Driver,unknown,None,,South,"Automobile, Station Wagon",Going Ahead,Exceeding Speed Limit,Unknown,,,,,,,Yes,,Yes,,,,,,Yes,Yes,,,,95,Annex,95,Annex (95),D53,629809.4543,4836534.571
17398,81588155,1001991750,16/10/2021,2021,1917,BAY  ST,CUMBERLAND ST,,Major Arterial,Toronto and East York,43.670489,-79.389804,At Intersection,Traffic Signal,Clear,"Dark, artificial",Dry,Non-Fatal Injury,Pedestrian Collisions,Pedestrian,20 to 24,Major,,East,,,,,Vehicle is going straight thru inter.while ped cross without ROW,Crossing with right of way,Normal,,,,Yes,,Yes,,,,,,Yes,Yes,,,,95,Annex,95,Annex (95),D53,629809.4543,4836534.571
17399,81584326,1002003556,18/10/2021,2021,1504,MCCOWAN RD,FINCH  AVE E,75 m North o,Major Arterial,Scarborough,43.808722,-79.26675,Non Intersection,No Control,Clear,Daylight,Dry,Non-Fatal Injury,Rear End,Driver,60 to 64,Major,,South,"Automobile, Station Wagon",Slowing or Stopping,Other,Medical or Physical Disability,,,,,,,,,Yes,,,,,,,,,,Yes,129,Agincourt North,129,Agincourt North (129),D42,639408.6353,4852087.344
17400,81584327,1002003556,18/10/2021,2021,1504,MCCOWAN RD,FINCH  AVE E,75 m North o,Major Arterial,Scarborough,43.808722,-79.26675,Non Intersection,No Control,Clear,Daylight,Dry,Non-Fatal Injury,Rear End,Driver,55 to 59,Minimal,,South,"Automobile, Station Wagon",Slowing or Stopping,Driving Properly,Normal,,,,,,,,,Yes,,,,,,,,,,Yes,129,Agincourt North,129,Agincourt North (129),D42,639408.6353,4852087.344
17401,81584155,1002009493,19/10/2021,2021,1140,DANFORTH AVE,BIRCHMOUNT RD,,Minor Arterial,Scarborough,43.696921,-79.263965,At Intersection,Traffic Signal,Clear,Daylight,Dry,Fatal,Pedestrian Collisions,Pedestrian,15 to 19,Fatal,45,North,,,,,Vehicle turns left while ped crosses with ROW at inter.,Crossing with right of way,Normal,,,,Yes,,Yes,,,,,,,Yes,,,,122,Birchcliffe-Cliffside,122,Birchcliffe-Cliffside (122),D41,639892.9055,4839674.834
17402,81584156,1002009493,19/10/2021,2021,1140,DANFORTH AVE,BIRCHMOUNT RD,,Minor Arterial,Scarborough,43.696921,-79.263965,At Intersection,Traffic Signal,Clear,Daylight,Dry,Fatal,Pedestrian Collisions,Driver,40 to 44,None,,South,"Automobile, Station Wagon",Turning Left,Failed to Yield Right of Way,Inattentive,,,,,,,Yes,,Yes,,,,,,,Yes,,,,122,Birchcliffe-Cliffside,122,Birchcliffe-Cliffside (122),D41,639892.9055,4839674.834
17403,81584157,1002013655,19/10/2021,2021,2136,O CONNOR DR,PEPLER AVE,,Major Arterial,Toronto and East York,43.693316,-79.349239,Non Intersection,No Control,Clear,"Dark, artificial",Dry,Fatal,Pedestrian Collisions,Driver,80 to 84,None,,East,"Automobile, Station Wagon",Going Ahead,Driving Properly,Unknown,,,,,,,Yes,,Yes,,,,,,,,,,,58,Old East York,58,Old East York (58),D55,633029.2635,4839134.102
17404,81584158,1002013655,19/10/2021,2021,2136,O CONNOR DR,PEPLER AVE,,Major Arterial,Toronto and East York,43.693316,-79.349239,Non Intersection,No Control,Clear,"Dark, artificial",Dry,Fatal,Pedestrian Collisions,Driver,40 to 44,None,,West,"Automobile, Station Wagon",Going Ahead,Driving Properly,Normal,,,,,,,Yes,,Yes,,,,,,,,,,,58,Old East York,58,Old East York (58),D55,633029.2635,4839134.102
17405,81584159,1002013655,19/10/2021,2021,2136,O CONNOR DR,PEPLER AVE,,Major Arterial,Toronto and East York,43.693316,-79.349239,Non Intersection,No Control,Clear,"Dark, artificial",Dry,Fatal,Pedestrian Collisions,Pedestrian,80 to 84,Fatal,46,North,,,,,Pedestrian hit at mid-block,"Crossing, no Traffic Control",Inattentive,,,,Yes,,Yes,,,,,,,,,,,58,Old East York,58,Old East York (58),D55,633029.2635,4839134.102
17406,81588229,1002021609,20/10/2021,2021,2318,LAWRENCE AVE EAST,GREENHOLM CRCT,2 m North of,Major Arterial,Scarborough,43.760295,-79.222736,Intersection Related,Traffic Signal,Clear,"Dark, artificial",Dry,Non-Fatal Injury,Turning Movement,Driver,20 to 24,Major,,East,"Automobile, Station Wagon",Turning Left,Failed to Yield Right of Way,Inattentive,,,,,,,,,Yes,,,,,Yes,,Yes,,,,141,Golfdale-Cedarbrae-Woburn,137,Woburn (137),D43,643064.2878,4846783.855
17407,81588230,1002021609,20/10/2021,2021,2318,LAWRENCE AVE EAST,GREENHOLM CRCT,2 m North of,Major Arterial,Scarborough,43.760295,-79.222736,Intersection Related,Traffic Signal,Clear,"Dark, artificial",Dry,Non-Fatal Injury,Turning Movement,Driver,25 to 29,Minimal,,West,"Automobile, Station Wagon",Going Ahead,Driving Properly,Normal,,,,,,,,,Yes,,,,,Yes,,Yes,,,,141,Golfdale-Cedarbrae-Woburn,137,Woburn (137),D43,643064.2878,4846783.855
17408,81588231,1002021609,20/10/2021,2021,2318,LAWRENCE AVE EAST,GREENHOLM CRCT,2 m North of,Major Arterial,Scarborough,43.760295,-79.222736,Intersection Related,Traffic Signal,Clear,"Dark, artificial",Dry,Non-Fatal Injury,Turning Movement,Passenger,15 to 19,None,,West,"Automobile, Station Wagon",Going Ahead,,,,,,,,,,,Yes,,,,,Yes,,Yes,,,,141,Golfdale-Cedarbrae-Woburn,137,Woburn (137),D43,643064.2878,4846783.855
17409,81588111,1002028747,21/10/2021,2021,2222,MCCOWAN RD,EGLINTON AVE E,,Major Arterial,Scarborough,43.73878,-79.238323,At Intersection,Traffic Signal,Rain,"Dark, artificial",Wet,Non-Fatal Injury,Pedestrian Collisions,Driver,45 to 49,None,,North,"Automobile, Station Wagon",Turning Left,Failed to Yield Right of Way,Inattentive,,,,,,,Yes,,Yes,,,,,,,Yes,,,,138,Eglinton East,138,Eglinton East (138),D43,641860.3897,4844367.477
17410,81588112,1002028747,21/10/2021,2021,2222,MCCOWAN RD,EGLINTON AVE E,,Major Arterial,Scarborough,43.73878,-79.238323,At Intersection,Traffic Signal,Rain,"Dark, artificial",Wet,Non-Fatal Injury,Pedestrian Collisions,Pedestrian,20 to 24,Major,,North,,,,,Vehicle turns left while ped crosses with ROW at inter.,Crossing with right of way,Normal,,,,Yes,,Yes,,,,,,,Yes,,,,138,Eglinton East,138,Eglinton East (138),D43,641860.3897,4844367.477
17411,81646683,1002036399,22/10/2021,2021,2319,WILSON AV,ALLINGHAM GS,,Major Arterial,North York,43.735579,-79.442638,Intersection Related,Traffic Signal,Clear,"Dark, artificial",Dry,Non-Fatal Injury,Approaching,Driver,20 to 24,Minor,,West,"Automobile, Station Wagon",Going Ahead,Lost control,Inattentive,,,,,,,,,Yes,,,Yes,,Yes,Yes,Yes,,,,33,Clanton Park,33,Clanton Park (33),D32,625414.2884,4843682.401
17412,81646684,1002036399,22/10/2021,2021,2319,WILSON AV,ALLINGHAM GS,,Major Arterial,North York,43.735579,-79.442638,Intersection Related,Traffic Signal,Clear,"Dark, artificial",Dry,Non-Fatal Injury,Approaching,Driver,45 to 49,Minimal,,East,Municipal Transit Bus (TTC),Going Ahead,Driving Properly,Normal,,,,,,,,,Yes,,,Yes,,Yes,Yes,Yes,,,,33,Clanton Park,33,Clanton Park (33),D32,625414.2884,4843682.401
17413,81646685,1002036399,22/10/2021,2021,2319,WILSON AV,ALLINGHAM GS,,Major Arterial,North York,43.735579,-79.442638,Intersection Related,Traffic Signal,Clear,"Dark, artificial",Dry,Non-Fatal Injury,Approaching,Passenger,15 to 19,Major,,,,,,,,,,,,,,,Yes,,,Yes,,Yes,Yes,Yes,,,,33,Clanton Park,33,Clanton Park (33),D32,625414.2884,4843682.401
17414,81646686,1002036399,22/10/2021,2021,2319,WILSON AV,ALLINGHAM GS,,Major Arterial,North York,43.735579,-79.442638,Intersection Related,Traffic Signal,Clear,"Dark, artificial",Dry,Non-Fatal Injury,Approaching,Passenger,15 to 19,Major,,,,,,,,,,,,,,,Yes,,,Yes,,Yes,Yes,Yes,,,,33,Clanton Park,33,Clanton Park (33),D32,625414.2884,4843682.401
17415,81646687,1002036399,22/10/2021,2021,2319,WILSON AV,ALLINGHAM GS,,Major Arterial,North York,43.735579,-79.442638,Intersection Related,Traffic Signal,Clear,"Dark, artificial",Dry,Non-Fatal Injury,Approaching,Passenger,15 to 19,Major,,,,,,,,,,,,,,,Yes,,,Yes,,Yes,Yes,Yes,,,,33,Clanton Park,33,Clanton Park (33),D32,625414.2884,4843682.401
17416,81646688,1002036399,22/10/2021,2021,2319,WILSON AV,ALLINGHAM GS,,Major Arterial,North York,43.735579,-79.442638,Intersection Related,Traffic Signal,Clear,"Dark, artificial",Dry,Non-Fatal Injury,Approaching,Passenger,15 to 19,Minor,,,,,,,,,,,,,,,Yes,,,Yes,,Yes,Yes,Yes,,,,33,Clanton Park,33,Clanton Park (33),D32,625414.2884,4843682.401
17417,81588336,1002048741,24/10/2021,2021,2019,2233 BARTOR RD,,100 m South ,Minor Arterial,Etobicoke York,43.73461,-79.526828,Non Intersection,No Control,Clear,Dark,Dry,Fatal,Rear End,Driver,30 to 34,None,,South,"Automobile, Station Wagon",Going Ahead,Lost control,Unknown,,,,,,,,,Yes,,,,,,,,,,,154,Oakdale-Beverley Heights,26,Downsview-Roding-CFB (26),D31,618636.3312,4843450.793
17418,81588337,1002048741,24/10/2021,2021,2019,2233 BARTOR RD,,100 m South ,Minor Arterial,Etobicoke York,43.73461,-79.526828,Non Intersection,No Control,Clear,Dark,Dry,Fatal,Rear End,Driver,45 to 49,Fatal,49,South,"Automobile, Station Wagon",Stopped,Other,Unknown,,,,,,,,,Yes,,,,,,,,,,,154,Oakdale-Beverley Heights,26,Downsview-Roding-CFB (26),D31,618636.3312,4843450.793
17419,81588105,1002052752,25/10/2021,2021,1255,ORIOLE PKWY,EGLINTON AVE W,50 m South o,Minor Arterial,Toronto and East York,43.704482,-79.405879,Non Intersection,No Control,Rain,Daylight,Wet,Non-Fatal Injury,Pedestrian Collisions,Driver,30 to 34,None,,South,"Automobile, Station Wagon",Going Ahead,Driving Properly,Normal,,,,,,,Yes,,Yes,,,,,,,,,,,100,Yonge-Eglinton,100,Yonge-Eglinton (100),D53,628440.9467,4840284.931
17420,81588106,1002052752,25/10/2021,2021,1255,ORIOLE PKWY,EGLINTON AVE W,50 m South o,Minor Arterial,Toronto and East York,43.704482,-79.405879,Non Intersection,No Control,Rain,Daylight,Wet,Non-Fatal Injury,Pedestrian Collisions,Pedestrian,30 to 34,Major,,East,,,,,Pedestrian hit at mid-block,"Crossing, Pedestrian Crossover",Inattentive,,,,Yes,,Yes,,,,,,,,,,,100,Yonge-Eglinton,100,Yonge-Eglinton (100),D53,628440.9467,4840284.931
17421,81588521,1002054917,25/10/2021,2021,1835,LAKE SHORE BLVD W,TWENTY FIRST ST,21 m west of,Major Arterial,Etobicoke York,43.597369,-79.520198,Non Intersection,No Control,Rain,"Dusk, artificial",Wet,Fatal,Pedestrian Collisions,Pedestrian,65 to 69,Fatal,48,South,,,,,Pedestrian hit at mid-block,"Crossing, no Traffic Control",Medical or Physical Disability,,,,Yes,,Yes,,,,,,,,,,,18,New Toronto,18,New Toronto (18),D22,619442.1295,4828217.903
17422,81588522,1002054917,25/10/2021,2021,1835,LAKE SHORE BLVD W,TWENTY FIRST ST,21 m west of,Major Arterial,Etobicoke York,43.597369,-79.520198,Non Intersection,No Control,Rain,"Dusk, artificial",Wet,Fatal,Pedestrian Collisions,Driver,40 to 44,None,,East,"Automobile, Station Wagon",Going Ahead,Driving Properly,Normal,,,,,,,Yes,,Yes,,,,,,,,,,,18,New Toronto,18,New Toronto (18),D22,619442.1295,4828217.903
17423,81599346,1002064782,27/10/2021,2021,812,DUNCANWOODS DR,NAVENBY  CRES,3 m South of,Collector,Etobicoke York,43.753745,-79.565372,Intersection Related,No Control,Clear,"Daylight, artificial",Dry,Non-Fatal Injury,Pedestrian Collisions,Driver,20 to 24,None,,South,"Automobile, Station Wagon",Going Ahead,Lost control,Fatigue,,,,,,,Yes,,Yes,,,,,,,,,,,21,Humber Summit,21,Humber Summit (21),D31,615495.5124,4845521.545
17424,81599347,1002064782,27/10/2021,2021,812,DUNCANWOODS DR,NAVENBY  CRES,3 m South of,Collector,Etobicoke York,43.753745,-79.565372,Intersection Related,No Control,Clear,"Daylight, artificial",Dry,Non-Fatal Injury,Pedestrian Collisions,Pedestrian,40 to 44,Major,,Unknown,,,,,Pedestrian hit on sidewalk or shoulder,On Sidewalk or Shoulder,Normal,,,,Yes,,Yes,,,,,,,,,,,21,Humber Summit,21,Humber Summit (21),D31,615495.5124,4845521.545
17425,81599348,1002064782,27/10/2021,2021,812,DUNCANWOODS DR,NAVENBY  CRES,3 m South of,Collector,Etobicoke York,43.753745,-79.565372,Intersection Related,No Control,Clear,"Daylight, artificial",Dry,Non-Fatal Injury,Pedestrian Collisions,Pedestrian,5 to 9,Minor,,Unknown,,,,,Pedestrian hit on sidewalk or shoulder,On Sidewalk or Shoulder,Normal,,,,Yes,,Yes,,,,,,,,,,,21,Humber Summit,21,Humber Summit (21),D31,615495.5124,4845521.545
17426,81706801,1002078919,29/10/2021,2021,248,VICTORIA PARK AV,GERRARD ST E,,Major Arterial,Scarborough,43.686831,-79.286548,At Intersection,Traffic Signal,Clear,"Dark, artificial",Dry,Non-Fatal Injury,SMV Other,Driver,30 to 34,None,,South,"Automobile, Station Wagon",Going Ahead,Driving Properly,Normal,,,,,,,,,Yes,,,,,Yes,,,,,,62,East End-Danforth,62,East End-Danforth (62),D55,638096.261,4838516.341
17427,81706802,1002078919,29/10/2021,2021,248,VICTORIA PARK AV,GERRARD ST E,,Major Arterial,Scarborough,43.686831,-79.286548,At Intersection,Traffic Signal,Clear,"Dark, artificial",Dry,Non-Fatal Injury,SMV Other,Passenger,30 to 34,Major,,,,,,,,,,,,,,,Yes,,,,,Yes,,,,,,62,East End-Danforth,62,East End-Danforth (62),D55,638096.261,4838516.341
17428,81599369,1002085130,29/10/2021,2021,2300,3600 STEELES AVE W,,1 m West of,Major Arterial,Etobicoke York,43.771792,-79.538791,Non Intersection,No Control,Rain,"Dark, artificial",Wet,Non-Fatal Injury,Pedestrian Collisions,Driver,25 to 29,None,,West,"Automobile, Station Wagon",Going Ahead,Driving Properly,Normal,,,,,,,Yes,,Yes,,,,,,,,,,,21,Humber Summit,21,Humber Summit (21),D31,617600.081,4847563.338
17429,81599370,1002085130,29/10/2021,2021,2300,3600 STEELES AVE W,,1 m West of,Major Arterial,Etobicoke York,43.771792,-79.538791,Non Intersection,No Control,Rain,"Dark, artificial",Wet,Non-Fatal Injury,Pedestrian Collisions,Pedestrian,35 to 39,Major,,South,,,,,Pedestrian hit at mid-block,Running onto Roadway,Inattentive,,,,Yes,,Yes,,,,,,,,,,,21,Humber Summit,21,Humber Summit (21),D31,617600.081,4847563.338
17430,81582214,1002090164,30/10/2021,2021,1840,KENNEDY RD,LAWRENCE AVE E,,Major Arterial,Scarborough,43.750979,-79.275401,Non Intersection,No Control,Rain,"Dark, artificial",Wet,Fatal,Pedestrian Collisions,Pedestrian,65 to 69,Fatal,47,East,,,,,Pedestrian hit at mid-block,"Crossing, no Traffic Control",Normal,,,,Yes,,Yes,,,,,,,,,,,126,Dorset Park,126,Dorset Park (126),D41,638846.413,4845659.538
17431,81588058,1002090164,30/10/2021,2021,1840,KENNEDY RD,LAWRENCE AVE E,,Major Arterial,Scarborough,43.750979,-79.275401,Non Intersection,No Control,Rain,"Dark, artificial",Wet,Fatal,Pedestrian Collisions,Driver,35 to 39,None,,North,"Automobile, Station Wagon",Going Ahead,Driving Properly,Normal,,,,,,,Yes,,Yes,,,,,,,,,,,126,Dorset Park,126,Dorset Park (126),D41,638846.413,4845659.538
17432,81604178,1002092719,31/10/2021,2021,324,WESTON RD,JUBILEE CRES,40 m North o,Major Arterial,North York,43.726172,-79.535579,Non Intersection,No Control,Clear,"Dark, artificial",Wet,Non-Fatal Injury,SMV Other,Driver,20 to 24,Major,,South,"Automobile, Station Wagon",Going Ahead,Lost control,Had Been Drinking,,,,,,,,,Yes,,,,,,,Yes,,,,23,Pelmo Park-Humberlea,23,Pelmo Park-Humberlea (23),D31,617948.1586,4842501.141
17433,81604149,1002105025,01/11/2021,2021,2205,2275 WARDEN AVE,,1 m South of,Major Arterial,Scarborough,43.782305,-79.309589,At/Near Private Drive,No Control,Clear,"Dark, artificial",Dry,Non-Fatal Injury,Cyclist Collisions,Driver,30 to 34,None,,South,"Automobile, Station Wagon",Turning Left,Failed to Yield Right of Way,Inattentive,,,,,,,,Yes,Yes,,,,,,,Yes,,,,118,Tam O'Shanter-Sullivan,118,Tam O'Shanter-Sullivan (118),D42,636022.9025,4849082.03
17434,81604150,1002105025,01/11/2021,2021,2205,2275 WARDEN AVE,,1 m South of,Major Arterial,Scarborough,43.782305,-79.309589,At/Near Private Drive,No Control,Clear,"Dark, artificial",Dry,Non-Fatal Injury,Cyclist Collisions,Cyclist,40 to 44,Major,,North,Bicycle,Going Ahead,,,,,,Motorist turned left across cyclists path.,Driving Properly,Normal,,Yes,Yes,,,,,,,Yes,,,,118,Tam O'Shanter-Sullivan,118,Tam O'Shanter-Sullivan (118),D42,636022.9025,4849082.03
17435,81604649,1002132451,05/11/2021,2021,1711,THE QUEENSWAY,NORTH QUEEN ST,135 m West o,Major Arterial,Etobicoke York,43.614066,-79.558002,Non Intersection,No Control,Clear,Daylight,Dry,Non-Fatal Injury,Pedestrian Collisions,Driver,30 to 34,None,,West,"Automobile, Station Wagon",Going Ahead,Driving Properly,Normal,,,,,,,Yes,,Yes,,,,,,,,,,,159,Etobicoke City Centre,14,Islington-City Centre West (14),D22,616358.5614,4830018.64
17436,81604650,1002132451,05/11/2021,2021,1711,THE QUEENSWAY,NORTH QUEEN ST,135 m West o,Major Arterial,Etobicoke York,43.614066,-79.558002,Non Intersection,No Control,Clear,Daylight,Dry,Non-Fatal Injury,Pedestrian Collisions,Pedestrian,75 to 79,Major,,South,,,,,Pedestrian hit at mid-block,Crossing without right of way,Normal,,,,Yes,,Yes,,,,,,,,,,,159,Etobicoke City Centre,14,Islington-City Centre West (14),D22,616358.5614,4830018.64
17437,81599212,1002135282,06/11/2021,2021,125,MIDDLEFIELD RD,FINCH  AVE E,10 m North o,Minor Arterial,Scarborough,43.809817,-79.257663,Intersection Related,Traffic Signal,Clear,"Dark, artificial",Dry,Non-Fatal Injury,Pedestrian Collisions,Driver,25 to 29,None,,South,"Automobile, Station Wagon",Going Ahead,Lost control,Unknown,,,,,,,Yes,,Yes,,,,,,,,,,,129,Agincourt North,129,Agincourt North (129),D42,640136.9673,4852224.313
17438,81599213,1002135282,06/11/2021,2021,125,MIDDLEFIELD RD,FINCH  AVE E,10 m North o,Minor Arterial,Scarborough,43.809817,-79.257663,Intersection Related,Traffic Signal,Clear,"Dark, artificial",Dry,Non-Fatal Injury,Pedestrian Collisions,Pedestrian,25 to 29,Major,,Unknown,,,,,Vehicle is going straight thru inter.while ped cross without ROW,Other,Had Been Drinking,,,,Yes,,Yes,,,,,,,,,,,129,Agincourt North,129,Agincourt North (129),D42,640136.9673,4852224.313
17439,81604855,1002145902,07/11/2021,2021,1614,DUFFERIN ST,DUPONT ST,,Major Arterial,Toronto and East York,43.668429,-79.438876,Intersection Related,Traffic Signal,Clear,Daylight,Dry,Non-Fatal Injury,Sideswipe,Driver,35 to 39,Minor,,East,"Automobile, Station Wagon",Going Ahead,Lost control,Unknown,,,,,,,,,Yes,,,,,Yes,Yes,Yes,,,,172,Dovercourt Village,93,Dovercourt-Wallace Emerson-Junction (93),D14,625857.6752,4836230.161
17440,81604856,1002145902,07/11/2021,2021,1614,DUFFERIN ST,DUPONT ST,,Major Arterial,Toronto and East York,43.668429,-79.438876,Intersection Related,Traffic Signal,Clear,Daylight,Dry,Non-Fatal Injury,Sideswipe,Driver,60 to 64,None,,East,"Automobile, Station Wagon",Going Ahead,Driving Properly,Normal,,,,,,,,,Yes,,,,,Yes,Yes,Yes,,,,172,Dovercourt Village,93,Dovercourt-Wallace Emerson-Junction (93),D14,625857.6752,4836230.161
17441,81604857,1002145902,07/11/2021,2021,1614,DUFFERIN ST,DUPONT ST,,Major Arterial,Toronto and East York,43.668429,-79.438876,Intersection Related,Traffic Signal,Clear,Daylight,Dry,Non-Fatal Injury,Sideswipe,Driver,65 to 69,Major,,East,"Automobile, Station Wagon",Going Ahead,Driving Properly,Normal,,,,,,,,,Yes,,,,,Yes,Yes,Yes,,,,172,Dovercourt Village,93,Dovercourt-Wallace Emerson-Junction (93),D14,625857.6752,4836230.161
17442,81604858,1002145902,07/11/2021,2021,1614,DUFFERIN ST,DUPONT ST,,Major Arterial,Toronto and East York,43.668429,-79.438876,Intersection Related,Traffic Signal,Clear,Daylight,Dry,Non-Fatal Injury,Sideswipe,Driver,30 to 34,None,,East,"Automobile, Station Wagon",Going Ahead,Driving Properly,Normal,,,,,,,,,Yes,,,,,Yes,Yes,Yes,,,,172,Dovercourt Village,93,Dovercourt-Wallace Emerson-Junction (93),D14,625857.6752,4836230.161
17443,81604859,1002145902,07/11/2021,2021,1614,DUFFERIN ST,DUPONT ST,,Major Arterial,Toronto and East York,43.668429,-79.438876,Intersection Related,Traffic Signal,Clear,Daylight,Dry,Non-Fatal Injury,Sideswipe,Driver,55 to 59,Minimal,,East,"Automobile, Station Wagon",Going Ahead,Driving Properly,Normal,,,,,,,,,Yes,,,,,Yes,Yes,Yes,,,,172,Dovercourt Village,93,Dovercourt-Wallace Emerson-Junction (93),D14,625857.6752,4836230.161
17444,81604860,1002145902,07/11/2021,2021,1614,DUFFERIN ST,DUPONT ST,,Major Arterial,Toronto and East York,43.668429,-79.438876,Intersection Related,Traffic Signal,Clear,Daylight,Dry,Non-Fatal Injury,Sideswipe,Driver,50 to 54,None,,West,"Automobile, Station Wagon",Going Ahead,Driving Properly,Normal,,,,,,,,,Yes,,,,,Yes,Yes,Yes,,,,172,Dovercourt Village,93,Dovercourt-Wallace Emerson-Junction (93),D14,625857.6752,4836230.161
17445,81604861,1002145902,07/11/2021,2021,1614,DUFFERIN ST,DUPONT ST,,Major Arterial,Toronto and East York,43.668429,-79.438876,Intersection Related,Traffic Signal,Clear,Daylight,Dry,Non-Fatal Injury,Sideswipe,Driver,20 to 24,None,,West,"Automobile, Station Wagon",Stopped,Driving Properly,Normal,,,,,,,,,Yes,,,,,Yes,Yes,Yes,,,,172,Dovercourt Village,93,Dovercourt-Wallace Emerson-Junction (93),D14,625857.6752,4836230.161
17446,81604862,1002145902,07/11/2021,2021,1614,DUFFERIN ST,DUPONT ST,,Major Arterial,Toronto and East York,43.668429,-79.438876,Intersection Related,Traffic Signal,Clear,Daylight,Dry,Non-Fatal Injury,Sideswipe,Driver,50 to 54,None,,West,"Automobile, Station Wagon",Stopped,Driving Properly,Normal,,,,,,,,,Yes,,,,,Yes,Yes,Yes,,,,172,Dovercourt Village,93,Dovercourt-Wallace Emerson-Junction (93),D14,625857.6752,4836230.161
17447,81604863,1002145902,07/11/2021,2021,1614,DUFFERIN ST,DUPONT ST,,Major Arterial,Toronto and East York,43.668429,-79.438876,Intersection Related,Traffic Signal,Clear,Daylight,Dry,Non-Fatal Injury,Sideswipe,Driver,30 to 34,None,,West,"Automobile, Station Wagon",Stopped,Driving Properly,Normal,,,,,,,,,Yes,,,,,Yes,Yes,Yes,,,,172,Dovercourt Village,93,Dovercourt-Wallace Emerson-Junction (93),D14,625857.6752,4836230.161
17448,81604864,1002145902,07/11/2021,2021,1614,DUFFERIN ST,DUPONT ST,,Major Arterial,Toronto and East York,43.668429,-79.438876,Intersection Related,Traffic Signal,Clear,Daylight,Dry,Non-Fatal Injury,Sideswipe,Passenger,35 to 39,Minor,,East,"Automobile, Station Wagon",Going Ahead,,,,,,,,,,,Yes,,,,,Yes,Yes,Yes,,,,172,Dovercourt Village,93,Dovercourt-Wallace Emerson-Junction (93),D14,625857.6752,4836230.161
17449,81604865,1002145902,07/11/2021,2021,1614,DUFFERIN ST,DUPONT ST,,Major Arterial,Toronto and East York,43.668429,-79.438876,Intersection Related,Traffic Signal,Clear,Daylight,Dry,Non-Fatal Injury,Sideswipe,Passenger,45 to 49,Minimal,,East,"Automobile, Station Wagon",Going Ahead,,,,,,,,,,,Yes,,,,,Yes,Yes,Yes,,,,172,Dovercourt Village,93,Dovercourt-Wallace Emerson-Junction (93),D14,625857.6752,4836230.161
17450,81604866,1002145902,07/11/2021,2021,1614,DUFFERIN ST,DUPONT ST,,Major Arterial,Toronto and East York,43.668429,-79.438876,Intersection Related,Traffic Signal,Clear,Daylight,Dry,Non-Fatal Injury,Sideswipe,Passenger,5 to 9,None,,East,"Automobile, Station Wagon",Going Ahead,,,,,,,,,,,Yes,,,,,Yes,Yes,Yes,,,,172,Dovercourt Village,93,Dovercourt-Wallace Emerson-Junction (93),D14,625857.6752,4836230.161
17451,81604867,1002145902,07/11/2021,2021,1614,DUFFERIN ST,DUPONT ST,,Major Arterial,Toronto and East York,43.668429,-79.438876,Intersection Related,Traffic Signal,Clear,Daylight,Dry,Non-Fatal Injury,Sideswipe,Passenger,15 to 19,None,,West,"Automobile, Station Wagon",Going Ahead,,,,,,,,,,,Yes,,,,,Yes,Yes,Yes,,,,172,Dovercourt Village,93,Dovercourt-Wallace Emerson-Junction (93),D14,625857.6752,4836230.161