OBJECTID,INDEX,ACCNUM,DATE,ACCIDENT_YEAR,TIME,STREET1,STREET2,OFFSET,ROAD_CLASS,DISTRICT,LATITUDE,LONGITUDE,ACCLOC,TRAFFCTL,VISIBILITY,LIGHT,RDSFCOND,ACCLASS,IMPACTYPE,INVTYPE,INVAGE,INJURY,FATAL_NO,INITDIR,VEHTYPE,MANOEUVER,DRIVACT,DRIVCOND,PEDTYPE,PEDACT,PEDCOND,CYCLISTYPE,CYCACT,CYCCOND,PEDESTRIAN,CYCLIST,AUTOMOBILE,MOTORCYCLE,TRUCK,TRSN_CITY_VEH,EMERG_VEH,PASSENGER,SPEEDING,AG_DRIV,REDLIGHT,ALCOHOL,DISABILITY,HOOD_158,NEIGHBOURHOOD_158,HOOD_140,NEIGHBOURHOOD_140,DIVISION,x,y
17452,81604868,1002145902,07/11/2021,2021,1614,DUFFERIN ST,DUPONT ST,,Major Arterial,Toronto and East York,43.668429,-79.438876,Intersection Related,Traffic Signal,Clear,Daylight,Dry,Non-Fatal Injury,Sideswipe,Passenger,20 to 24,None,,West,"Automobile, Station Wagon",Stopped,,,,,,,,,,,Yes,,,,,Yes,Yes,Yes,,,,172,Dovercourt Village,93,Dovercourt-Wallace Emerson-Junction (93),D14,625857.6752,4836230.161
17453,81604869,1002145902,07/11/2021,2021,1614,DUFFERIN ST,DUPONT ST,,Major Arterial,Toronto and East York,43.668429,-79.438876,Intersection Related,Traffic Signal,Clear,Daylight,Dry,Non-Fatal Injury,Sideswipe,Passenger,55 to 59,None,,West,"Automobile, Station Wagon",Stopped,,,,,,,,,,,Yes,,,,,Yes,Yes,Yes,,,,172,Dovercourt Village,93,Dovercourt-Wallace Emerson-Junction (93),D14,625857.6752,4836230.161
17454,81615074,1002157696,09/11/2021,2021,1013,BEDFORD RD,DAVENPORT RD,2 m East of,Major Arterial,Toronto and East York,43.6743,-79.399806,At Intersection,Traffic Signal,Clear,Daylight,Dry,Non-Fatal Injury,Pedestrian Collisions,Driver,60 to 64,None,,North,"Automobile, Station Wagon",Turning Right,Driving Properly,Normal,,,,,,,Yes,,Yes,,,,,,,,,,,95,Annex,95,Annex (95),D53,628994.9481,4836942.231
17455,81615075,1002157696,09/11/2021,2021,1013,BEDFORD RD,DAVENPORT RD,2 m East of,Major Arterial,Toronto and East York,43.6743,-79.399806,At Intersection,Traffic Signal,Clear,Daylight,Dry,Non-Fatal Injury,Pedestrian Collisions,Pedestrian,85 to 89,Major,,Unknown,,,,,Other / Undefined,Other,Other,,,,Yes,,Yes,,,,,,,,,,,95,Annex,95,Annex (95),D53,628994.9481,4836942.231
17456,81604040,1002160067,09/11/2021,2021,1550,LAWRENCE  AVE W,DUFFLAW  RD,3 m West of,Major Arterial,North York,43.712683,-79.460834,At Intersection,Traffic Signal,Rain,Daylight,Wet,Non-Fatal Injury,Pedestrian Collisions,Driver,60 to 64,None,,East,"Automobile, Station Wagon",Turning Left,Failed to Yield Right of Way,Inattentive,,,,,,,Yes,,Yes,,,,,,,Yes,,,,31,Yorkdale-Glen Park,31,Yorkdale-Glen Park (31),D13,623996.1804,4841112.093
17457,81604041,1002160067,09/11/2021,2021,1550,LAWRENCE  AVE W,DUFFLAW  RD,3 m West of,Major Arterial,North York,43.712683,-79.460834,At Intersection,Traffic Signal,Rain,Daylight,Wet,Non-Fatal Injury,Pedestrian Collisions,Pedestrian,20 to 24,Major,,West,,,,,Vehicle turns left while ped crosses with ROW at inter.,Crossing with right of way,Normal,,,,Yes,,Yes,,,,,,,Yes,,,,31,Yorkdale-Glen Park,31,Yorkdale-Glen Park (31),D13,623996.1804,4841112.093
17458,81708140,1002179415,10/11/2021,2021,1900,Aukland Road,Kipling Go station,,Major Arterial,Etobicoke York,43.638679,-79.534122,At/Near Private Drive,No Control,Clear,"Dark, artificial",Dry,Non-Fatal Injury,SMV Other,Driver,unknown,None,,South,Municipal Transit Bus (TTC),Turning Left,Driving Properly,Unknown,,,,,,,,,,,,Yes,,Yes,,,,,,159,Etobicoke City Centre,14,Islington-City Centre West (14),D22,618237.2527,4832785.953
17459,81708141,1002179415,10/11/2021,2021,1900,Aukland Road,Kipling Go station,,Major Arterial,Etobicoke York,43.638679,-79.534122,At/Near Private Drive,No Control,Clear,"Dark, artificial",Dry,Non-Fatal Injury,SMV Other,Passenger,75 to 79,Major,,,,,,,,,,,,,,,,,,Yes,,Yes,,,,,,159,Etobicoke City Centre,14,Islington-City Centre West (14),D22,618237.2527,4832785.953
17460,81615387,1002183621,12/11/2021,2021,2009,650 OLD WESTON RD,,55 m South o,Minor Arterial,Etobicoke York,43.679454,-79.465389,Non Intersection,No Control,Rain,"Dark, artificial",Wet,Non-Fatal Injury,Pedestrian Collisions,Driver,35 to 39,Minimal,,North,"Automobile, Station Wagon",Going Ahead,Exceeding Speed Limit,Inattentive,,,,,,,Yes,,Yes,,,,,,Yes,Yes,,,,91,Weston-Pelham Park,91,Weston-Pellam Park (91),D12,623697.5269,4837414.752
17461,81615388,1002183621,12/11/2021,2021,2009,650 OLD WESTON RD,,55 m South o,Minor Arterial,Etobicoke York,43.679454,-79.465389,Non Intersection,No Control,Rain,"Dark, artificial",Wet,Non-Fatal Injury,Pedestrian Collisions,Pedestrian,30 to 34,Major,,Unknown,,,,,Pedestrian hit at mid-block,Coming From Behind Parked Vehicle,Normal,,,,Yes,,Yes,,,,,,Yes,Yes,,,,91,Weston-Pelham Park,91,Weston-Pellam Park (91),D12,623697.5269,4837414.752
17462,81604193,1002183788,12/11/2021,2021,2030,DON VALLEY PARKWAY  S,DUNDAS ST E,,Expressway,Toronto and East York,43.662001,-79.355159,Non Intersection,No Control,Clear,"Dark, artificial",Wet,Fatal,Pedestrian Collisions,Pedestrian,30 to 34,Fatal,50,West,,,,,Pedestrian hit at mid-block,"Crossing, no Traffic Control",Other,,,,Yes,,Yes,,,,,Yes,,,,,,70,South Riverdale,70,South Riverdale (70),D55,632621.1574,4835646.662
17463,81604195,1002183788,12/11/2021,2021,2030,DON VALLEY PARKWAY  S,DUNDAS ST E,,Expressway,Toronto and East York,43.662001,-79.355159,Non Intersection,No Control,Clear,"Dark, artificial",Wet,Fatal,Pedestrian Collisions,Driver,25 to 29,None,,South,"Automobile, Station Wagon",Going Ahead,Driving Properly,Normal,,,,,,,Yes,,Yes,,,,,Yes,,,,,,70,South Riverdale,70,South Riverdale (70),D55,632621.1574,4835646.662
17464,81604410,1002183788,12/11/2021,2021,2030,DON VALLEY PARKWAY  S,DUNDAS ST E,,Expressway,Toronto and East York,43.662001,-79.355159,Non Intersection,No Control,Clear,"Dark, artificial",Wet,Fatal,Pedestrian Collisions,Passenger,30 to 34,None,,,,,,,,,,,,,Yes,,Yes,,,,,Yes,,,,,,70,South Riverdale,70,South Riverdale (70),D55,632621.1574,4835646.662
17465,81604196,1002190393,13/11/2021,2021,2012,THE QUEENSWAY,HIGH ST,,Major Arterial,Etobicoke York,43.632056,-79.477725,Non Intersection,No Control,Clear,"Dark, artificial",Dry,Fatal,SMV Other,Driver,20 to 24,Fatal,51,,"Automobile, Station Wagon",,,,,,,,,,,,Yes,,,,,,,,,,,16,Stonegate-Queensway,16,Stonegate-Queensway (16),D22,622799.746,4832132.266
17466,81604411,1002190393,13/11/2021,2021,2012,THE QUEENSWAY,HIGH ST,,Major Arterial,Etobicoke York,43.632056,-79.477725,Non Intersection,No Control,Clear,"Dark, artificial",Dry,Fatal,SMV Other,Driver,20 to 24,Major,,West,"Automobile, Station Wagon",Overtaking,Lost control,Unknown,,,,,,,,,Yes,,,,,,,,,,,16,Stonegate-Queensway,16,Stonegate-Queensway (16),D22,622799.746,4832132.266
17467,81604197,1002190676,13/11/2021,2021,2100,RENFORTH DR,CENTENNIAL PARK GT,,Minor Arterial,Etobicoke York,43.65372,-79.580486,Non Intersection,No Control,Clear,"Dark, artificial",Dry,Fatal,SMV Other,Passenger,5 to 9,Fatal,52,,,,,,,,,,,,,,Yes,,,,,Yes,,,,,,11,Eringate-Centennial-West Deane,11,Eringate-Centennial-West Deane (11),D22,614468.9475,4834391.446
17468,81604198,1002190676,13/11/2021,2021,2100,RENFORTH DR,CENTENNIAL PARK GT,,Minor Arterial,Etobicoke York,43.65372,-79.580486,Non Intersection,No Control,Clear,"Dark, artificial",Dry,Fatal,SMV Other,Driver,30 to 34,Major,,South,"Automobile, Station Wagon",Going Ahead,Lost control,Unknown,,,,,,,,,Yes,,,,,Yes,,,,,,11,Eringate-Centennial-West Deane,11,Eringate-Centennial-West Deane (11),D22,614468.9475,4834391.446
17469,81649168,1002211724,16/11/2021,2021,2130,DUNDAS ST W,HIGHWAY 427 C N,65 m West of,Major Arterial,Etobicoke York,43.628394,-79.557079,Intersection Related,No Control,Clear,"Dark, artificial",Dry,Non-Fatal Injury,SMV Other,Driver,15 to 19,Major,,East,"Automobile, Station Wagon",Going Ahead,Lost control,Inattentive,,,,,,,,,Yes,,,,,,Yes,Yes,,,,159,Etobicoke City Centre,14,Islington-City Centre West (14),D22,616405.3883,4831611.232
17470,81604591,1002212268,16/11/2021,2021,2330,LAKE SHORE BLVD W,BATHURST ST,,Major Arterial,Toronto and East York,43.636412,-79.399608,At Intersection,Traffic Signal,Clear,"Dark, artificial",Dry,Non-Fatal Injury,Pedestrian Collisions,Driver,25 to 29,None,,West,"Automobile, Station Wagon",Going Ahead,Other,Unknown,,,,,,,Yes,,Yes,,,,,,,,,,,163,Fort York-Liberty Village,82,Niagara (82),D14,629092.0687,4832734.578
17471,81604592,1002212268,16/11/2021,2021,2330,LAKE SHORE BLVD W,BATHURST ST,,Major Arterial,Toronto and East York,43.636412,-79.399608,At Intersection,Traffic Signal,Clear,"Dark, artificial",Dry,Non-Fatal Injury,Pedestrian Collisions,Pedestrian,35 to 39,Major,,North,,,,,Vehicle is going straight thru inter.while ped cross without ROW,Crossing without right of way,Normal,,,,Yes,,Yes,,,,,,,,,,,163,Fort York-Liberty Village,82,Niagara (82),D14,629092.0687,4832734.578
17472,81648422,1002218081,17/11/2021,2021,1856,LAKE SHORE BLVD W,SHORE BREEZE DR,3 m West of,Major Arterial,Etobicoke York,43.624072,-79.480487,Intersection Related,No Control,Rain,Dark,Wet,Non-Fatal Injury,Pedestrian Collisions,Driver,15 to 19,None,,East,"Automobile, Station Wagon",Going Ahead,Driving Properly,Normal,,,,,,,Yes,,Yes,,,,,,,,,,,161,Humber Bay Shores,17,Mimico (includes Humber Bay Shores) (17),D22,622593.1668,4831241.462
17473,81648423,1002218081,17/11/2021,2021,1856,LAKE SHORE BLVD W,SHORE BREEZE DR,3 m West of,Major Arterial,Etobicoke York,43.624072,-79.480487,Intersection Related,No Control,Rain,Dark,Wet,Non-Fatal Injury,Pedestrian Collisions,Pedestrian,25 to 29,Major,,Unknown,,,,,Vehicle is going straight thru inter.while ped cross without ROW,"Crossing, no Traffic Control",Inattentive,,,,Yes,,Yes,,,,,,,,,,,161,Humber Bay Shores,17,Mimico (includes Humber Bay Shores) (17),D22,622593.1668,4831241.462
17474,81604192,1002221731,18/11/2021,2021,959,SHERBOURNE ST,DUNDAS ST  E,,Major Arterial,Toronto and East York,43.658221,-79.37099,At Intersection,Traffic Signal,Clear,Daylight,Dry,Fatal,Pedestrian Collisions,Truck Driver,55 to 59,Minimal,,South,Truck (other),Turning Left,Driving Properly,Normal,,,,,,,Yes,,,,Yes,,,,,,,,,73,Moss Park,73,Moss Park (73),D51,631352.9556,4835201.658
17475,81604711,1002221731,18/11/2021,2021,959,SHERBOURNE ST,DUNDAS ST  E,,Major Arterial,Toronto and East York,43.658221,-79.37099,At Intersection,Traffic Signal,Clear,Daylight,Dry,Fatal,Pedestrian Collisions,Wheelchair,55 to 59,Fatal,53,West,,Going Ahead,,,Vehicle turns left while ped crosses without ROW at inter.,Crossing without right of way,Inattentive,,,,Yes,,,,Yes,,,,,,,,,73,Moss Park,73,Moss Park (73),D51,631352.9556,4835201.658
17476,81706817,1002246954,21/11/2021,2021,1923,JANE ST,SHEPPARD AV W,,Major Arterial,Etobicoke York,43.739379,-79.513187,At Intersection,Traffic Signal,Rain,"Dark, artificial",Wet,Non-Fatal Injury,Turning Movement,Driver,55 to 59,None,,North,"Automobile, Station Wagon",Turning Left,Driving Properly,Normal,,,,,,,,,Yes,,,,,,,,,,,25,Glenfield-Jane Heights,25,Glenfield-Jane Heights (25),D31,619725.3614,4844000.08
17477,81706818,1002246954,21/11/2021,2021,1923,JANE ST,SHEPPARD AV W,,Major Arterial,Etobicoke York,43.739379,-79.513187,At Intersection,Traffic Signal,Rain,"Dark, artificial",Wet,Non-Fatal Injury,Turning Movement,Driver,35 to 39,Major,,South,Other,Going Ahead,Driving Properly,Normal,,,,,,,,,Yes,,,,,,,,,,,25,Glenfield-Jane Heights,25,Glenfield-Jane Heights (25),D31,619725.3614,4844000.08
17478,81649459,1002268507,24/11/2021,2021,1810,24 GRANDVIEW AVE,,101 m East o,Local,Toronto and East York,43.673525,-79.349963,Non Intersection,No Control,Clear,"Dark, artificial",Dry,Non-Fatal Injury,Pedestrian Collisions,Truck Driver,55 to 59,None,,East,Truck - Dump,Going Ahead,Driving Properly,Normal,,,,,,,Yes,,,,Yes,,,,,,,,,68,North Riverdale,68,North Riverdale (68),D55,633014.6506,4836934.877
17479,81649460,1002268507,24/11/2021,2021,1810,24 GRANDVIEW AVE,,101 m East o,Local,Toronto and East York,43.673525,-79.349963,Non Intersection,No Control,Clear,"Dark, artificial",Dry,Non-Fatal Injury,Pedestrian Collisions,Pedestrian,60 to 64,Major,,Unknown,,,,,Pedestrian hit at mid-block,Coming From Behind Parked Vehicle,Inattentive,,,,Yes,,,,Yes,,,,,,,,,68,North Riverdale,68,North Riverdale (68),D55,633014.6506,4836934.877
17480,81646508,1002303219,29/11/2021,2021,1855,BURNHAMTHORPE RD,CORDOVA AV,,Major Arterial,Etobicoke York,43.648768,-79.52872,At Intersection,Traffic Signal,Snow,"Dark, artificial",Wet,Non-Fatal Injury,Turning Movement,Driver,50 to 54,Minimal,,North,"Automobile, Station Wagon",Going Ahead,Disobeyed Traffic Control,Inattentive,,,,,,,,,Yes,,,,,,Yes,Yes,Yes,,,158,Islington,14,Islington-City Centre West (14),D22,618653.1171,4833914.173
17481,81646509,1002303219,29/11/2021,2021,1855,BURNHAMTHORPE RD,CORDOVA AV,,Major Arterial,Etobicoke York,43.648768,-79.52872,At Intersection,Traffic Signal,Snow,"Dark, artificial",Wet,Non-Fatal Injury,Turning Movement,Driver,20 to 24,Major,,West,"Automobile, Station Wagon",Turning Right,Driving Properly,Normal,,,,,,,,,Yes,,,,,,Yes,Yes,Yes,,,158,Islington,14,Islington-City Centre West (14),D22,618653.1171,4833914.173
17482,81651428,1002310021,30/11/2021,2021,1700,PLAINS RD,GREENWOOD AVE,,Minor Arterial,Toronto and East York,43.693789,-79.338458,At Intersection,Stop Sign,Rain,"Dusk, artificial",Wet,Non-Fatal Injury,Cyclist Collisions,Driver,unknown,None,,West,"Automobile, Station Wagon",Going Ahead,Failed to Yield Right of Way,Inattentive,,,,,,,,Yes,Yes,,,,,,,Yes,,,,58,Old East York,58,Old East York (58),D55,633897.0247,4839203.988
17483,81651429,1002310021,30/11/2021,2021,1700,PLAINS RD,GREENWOOD AVE,,Minor Arterial,Toronto and East York,43.693789,-79.338458,At Intersection,Stop Sign,Rain,"Dusk, artificial",Wet,Non-Fatal Injury,Cyclist Collisions,Cyclist,65 to 69,Major,,West,Bicycle,Going Ahead,,,,,,Cyclist and Driver travelling in same direction. One vehicle rear-ended the other.,Driving Properly,Normal,,Yes,Yes,,,,,,,Yes,,,,58,Old East York,58,Old East York (58),D55,633897.0247,4839203.988
17484,81604988,1002309701,30/11/2021,2021,1721,JANE ST,HUMBERVIEW  RD,,Major Arterial,North York,43.653937,-79.486369,At Intersection,No Control,Clear,Dark,Wet,Non-Fatal Injury,Pedestrian Collisions,Driver,55 to 59,None,,North,"Automobile, Station Wagon",Turning Left,Failed to Yield Right of Way,Normal,,,,,,,Yes,,Yes,,,,,,,Yes,,,,89,Runnymede-Bloor West Village,89,Runnymede-Bloor West Village (89),D11,622058.122,4834549.679
17485,81604989,1002309701,30/11/2021,2021,1721,JANE ST,HUMBERVIEW  RD,,Major Arterial,North York,43.653937,-79.486369,At Intersection,No Control,Clear,Dark,Wet,Non-Fatal Injury,Pedestrian Collisions,Pedestrian,65 to 69,Major,,North,,,,,Vehicle turns left while ped crosses with ROW at inter.,"Crossing, no Traffic Control",Normal,,,,Yes,,Yes,,,,,,,Yes,,,,89,Runnymede-Bloor West Village,89,Runnymede-Bloor West Village (89),D11,622058.122,4834549.679
17486,81604918,1002314690,01/12/2021,2021,1130,SEATON ST,SHUTER ST,160 m North ,Local,Toronto and East York,43.657489,-79.368999,Non Intersection,No Control,Clear,Daylight,Dry,Non-Fatal Injury,SMV Unattended Vehicle,Driver,30 to 34,Major,,North,"Automobile, Station Wagon",Going Ahead,Lost control,Unknown,,,,,,,,,Yes,,,,,,Yes,Yes,,,,73,Moss Park,73,Moss Park (73),D51,631515.0969,4835123.514
17487,81614755,1002330287,03/12/2021,2021,1325,TOWER DR,BRIAN AVE,,Local,Scarborough,43.747439,-79.299724,Intersection Related,Stop Sign,Clear,Daylight,Dry,Fatal,SMV Other,Driver,80 to 84,Fatal,54,East,"Automobile, Station Wagon",Going Ahead,Lost control,Unknown,,,,,,,,,Yes,,,,,,,,,,,119,Wexford/Maryvale,119,Wexford/Maryvale (119),D41,636896.2318,4845225.882
17488,81648645,1002332405,03/12/2021,2021,1826,REXDALE  BLVD,QUEENS PLATE DR,,Major Arterial,Etobicoke York,43.719084,-79.60342,At Intersection,Traffic Signal,Clear,Dark,Dry,Non-Fatal Injury,Pedestrian Collisions,Pedestrian,50 to 54,Major,,North,,,,,Vehicle is going straight thru inter.while ped cross with ROW,Crossing with right of way,Normal,,,,Yes,,,,,,,,,,,,,1,West Humber-Clairville,1,West Humber-Clairville (1),D23,612497.3014,4841619.603
17489,81615263,1002360804,07/12/2021,2021,1825,DUNDAS ST W,LANSDOWNE AVE,,Minor Arterial,Toronto and East York,43.650096,-79.439693,At Intersection,Traffic Signal,Clear,"Dusk, artificial",Dry,Non-Fatal Injury,Pedestrian Collisions,Driver,35 to 39,None,,West,"Automobile, Station Wagon",Going Ahead,Driving Properly,Normal,,,,,,,Yes,,Yes,,,,,Yes,,,,,,84,Little Portugal,84,Little Portugal (84),D11,625830.0976,4834192.802
17490,81615264,1002360804,07/12/2021,2021,1825,DUNDAS ST W,LANSDOWNE AVE,,Minor Arterial,Toronto and East York,43.650096,-79.439693,At Intersection,Traffic Signal,Clear,"Dusk, artificial",Dry,Non-Fatal Injury,Pedestrian Collisions,Pedestrian,20 to 24,Major,,North,,,,,Vehicle is going straight thru inter.while ped cross without ROW,Running onto Roadway,Inattentive,,,,Yes,,Yes,,,,,Yes,,,,,,84,Little Portugal,84,Little Portugal (84),D11,625830.0976,4834192.802
17491,81615265,1002360804,07/12/2021,2021,1825,DUNDAS ST W,LANSDOWNE AVE,,Minor Arterial,Toronto and East York,43.650096,-79.439693,At Intersection,Traffic Signal,Clear,"Dusk, artificial",Dry,Non-Fatal Injury,Pedestrian Collisions,Passenger,unknown,None,,,,,,,,,,,,,Yes,,Yes,,,,,Yes,,,,,,84,Little Portugal,84,Little Portugal (84),D11,625830.0976,4834192.802
17492,81615191,1002361100,07/12/2021,2021,1904,BATHURST ST,ULSTER  ST,7 m South of,Major Arterial,Toronto and East York,43.659735,-79.409045,At Intersection,Traffic Signal,Clear,"Dark, artificial",Dry,Non-Fatal Injury,Pedestrian Collisions,Driver,25 to 29,None,,North,"Automobile, Station Wagon",Going Ahead,Driving Properly,Normal,,,,,,,Yes,,Yes,,,,,,,,,,,79,University,79,University (79),D14,628281.1878,4835310.267
17493,81615192,1002361100,07/12/2021,2021,1904,BATHURST ST,ULSTER  ST,7 m South of,Major Arterial,Toronto and East York,43.659735,-79.409045,At Intersection,Traffic Signal,Clear,"Dark, artificial",Dry,Non-Fatal Injury,Pedestrian Collisions,Pedestrian,15 to 19,Major,,East,,,,,Vehicle is going straight thru inter.while ped cross without ROW,Running onto Roadway,Normal,,,,Yes,,Yes,,,,,,,,,,,79,University,79,University (79),D14,628281.1878,4835310.267
17494,81647095,1002368883,08/12/2021,2021,2102,AVENUE RD,ST CLAIR AVE W,,Major Arterial,Toronto and East York,43.686633,-79.401469,Intersection Related,Traffic Signal,Clear,"Dark, artificial",Wet,Non-Fatal Injury,Turning Movement,Driver,80 to 84,Major,,East,"Automobile, Station Wagon",Turning Left,Improper Turn,Unknown,,,,,,,,,Yes,,,,Yes,Yes,,Yes,,,,97,Yonge-St.Clair,97,Yonge-St.Clair (97),D53,628834.4891,4838309.393
17495,81647096,1002368883,08/12/2021,2021,2102,AVENUE RD,ST CLAIR AVE W,,Major Arterial,Toronto and East York,43.686633,-79.401469,Intersection Related,Traffic Signal,Clear,"Dark, artificial",Wet,Non-Fatal Injury,Turning Movement,Driver,25 to 29,Minimal,,South,Police Vehicle,Going Ahead,Driving Properly,Normal,,,,,,,,,Yes,,,,Yes,Yes,,Yes,,,,97,Yonge-St.Clair,97,Yonge-St.Clair (97),D53,628834.4891,4838309.393
17496,81647097,1002368883,08/12/2021,2021,2102,AVENUE RD,ST CLAIR AVE W,,Major Arterial,Toronto and East York,43.686633,-79.401469,Intersection Related,Traffic Signal,Clear,"Dark, artificial",Wet,Non-Fatal Injury,Turning Movement,Driver,60 to 64,None,,East,Pick Up Truck,Stopped,Driving Properly,Unknown,,,,,,,,,Yes,,,,Yes,Yes,,Yes,,,,97,Yonge-St.Clair,97,Yonge-St.Clair (97),D53,628834.4891,4838309.393
17497,81647098,1002368883,08/12/2021,2021,2102,AVENUE RD,ST CLAIR AVE W,,Major Arterial,Toronto and East York,43.686633,-79.401469,Intersection Related,Traffic Signal,Clear,"Dark, artificial",Wet,Non-Fatal Injury,Turning Movement,Driver,40 to 44,None,,East,"Automobile, Station Wagon",Stopped,Driving Properly,Unknown,,,,,,,,,Yes,,,,Yes,Yes,,Yes,,,,97,Yonge-St.Clair,97,Yonge-St.Clair (97),D53,628834.4891,4838309.393
17498,81647099,1002368883,08/12/2021,2021,2102,AVENUE RD,ST CLAIR AVE W,,Major Arterial,Toronto and East York,43.686633,-79.401469,Intersection Related,Traffic Signal,Clear,"Dark, artificial",Wet,Non-Fatal Injury,Turning Movement,Passenger,75 to 79,Major,,,,,,,,,,,,,,,Yes,,,,Yes,Yes,,Yes,,,,97,Yonge-St.Clair,97,Yonge-St.Clair (97),D53,628834.4891,4838309.393
17499,81647100,1002368883,08/12/2021,2021,2102,AVENUE RD,ST CLAIR AVE W,,Major Arterial,Toronto and East York,43.686633,-79.401469,Intersection Related,Traffic Signal,Clear,"Dark, artificial",Wet,Non-Fatal Injury,Turning Movement,Passenger,40 to 44,Minimal,,,,,,,,,,,,,,,Yes,,,,Yes,Yes,,Yes,,,,97,Yonge-St.Clair,97,Yonge-St.Clair (97),D53,628834.4891,4838309.393
17500,81614754,1002384384,10/12/2021,2021,2345,LAKE SHORE BLVD E,LOWER JARVIS ST,,Major Arterial,Scarborough,43.645503,-79.369815,Non Intersection,Traffic Signal,Clear,Dark,Dry,Fatal,Pedestrian Collisions,Pedestrian,35 to 39,Fatal,57,Unknown,,,,,Vehicle is going straight thru inter.while ped cross without ROW,Other,Other,,,,Yes,,Yes,,,,,,Yes,Yes,,,,166,St Lawrence-East Bayfront-The Islands,77,Waterfront Communities-The Island (77),D51,631475.4498,4833791.018
17501,81614756,1002384384,10/12/2021,2021,2345,LAKE SHORE BLVD E,LOWER JARVIS ST,,Major Arterial,Scarborough,43.645503,-79.369815,Non Intersection,Traffic Signal,Clear,Dark,Dry,Fatal,Pedestrian Collisions,Driver,unknown,None,,East,"Automobile, Station Wagon",Going Ahead,Exceeding Speed Limit,Unknown,,,,,,,Yes,,Yes,,,,,,Yes,Yes,,,,166,St Lawrence-East Bayfront-The Islands,77,Waterfront Communities-The Island (77),D51,631475.4498,4833791.018
17502,81604199,1002386733,11/12/2021,2021,1132,MIDLAND AVE,BROADBENT AVE,,Major Arterial,Scarborough,43.738864,-79.259937,At Intersection,Traffic Signal,Clear,Daylight,Wet,Fatal,Pedestrian Collisions,Pedestrian,65 to 69,Fatal,55,West,,,,,Vehicle is going straight thru inter.while ped cross with ROW,Crossing with right of way,Unknown,,,,Yes,,Yes,,,,,,,Yes,Yes,Yes,,138,Eglinton East,138,Eglinton East (138),D41,640119.689,4844340.023
17503,81614753,1002386733,11/12/2021,2021,1132,MIDLAND AVE,BROADBENT AVE,,Major Arterial,Scarborough,43.738864,-79.259937,At Intersection,Traffic Signal,Clear,Daylight,Wet,Fatal,Pedestrian Collisions,Driver,30 to 34,None,,North,"Automobile, Station Wagon",Going Ahead,Disobeyed Traffic Control,"Ability Impaired, Alcohol",,,,,,,Yes,,Yes,,,,,,,Yes,Yes,Yes,,138,Eglinton East,138,Eglinton East (138),D41,640119.689,4844340.023
17504,81614757,1002396112,12/12/2021,2021,1930,3805 SHEPPARD AVE E,,,Major Arterial,Scarborough,43.782389,-79.29182,Non Intersection,No Control,Strong wind,"Dark, artificial",Dry,Fatal,Pedestrian Collisions,Pedestrian,80 to 84,Fatal,56,South,,,,,Pedestrian hit at mid-block,"Crossing, no Traffic Control",Inattentive,,,,Yes,,Yes,,,,,,,,,,,118,Tam O'Shanter-Sullivan,118,Tam O'Shanter-Sullivan (118),D42,637452.5498,4849120.711
17505,81614758,1002396112,12/12/2021,2021,1930,3805 SHEPPARD AVE E,,,Major Arterial,Scarborough,43.782389,-79.29182,Non Intersection,No Control,Strong wind,"Dark, artificial",Dry,Fatal,Pedestrian Collisions,Driver,35 to 39,None,,East,"Automobile, Station Wagon",Going Ahead,Other,Unknown,,,,,,,Yes,,Yes,,,,,,,,,,,118,Tam O'Shanter-Sullivan,118,Tam O'Shanter-Sullivan (118),D42,637452.5498,4849120.711
17506,81631490,1002401336,13/12/2021,2021,1430,MARTIN GROVE RD,GIHON SPRING DR,,Minor Arterial,Etobicoke York,43.754019,-79.600024,Intersection Related,Traffic Signal,Clear,Daylight,Dry,Non-Fatal Injury,Cyclist Collisions,Driver,55 to 59,None,,West,"Automobile, Station Wagon",Turning Left,Other,Normal,,,,,,,,Yes,Yes,,,,,,,,,,,2,Mount Olive-Silverstone-Jamestown,2,Mount Olive-Silverstone-Jamestown (2),D23,612705.3017,4845504.245
17507,81631491,1002401336,13/12/2021,2021,1430,MARTIN GROVE RD,GIHON SPRING DR,,Minor Arterial,Etobicoke York,43.754019,-79.600024,Intersection Related,Traffic Signal,Clear,Daylight,Dry,Non-Fatal Injury,Cyclist Collisions,Cyclist,75 to 79,Major,,East,Bicycle,Going Ahead,,,,,,Motorist turned left across cyclists path.,Other,Normal,,Yes,Yes,,,,,,,,,,,2,Mount Olive-Silverstone-Jamestown,2,Mount Olive-Silverstone-Jamestown (2),D23,612705.3017,4845504.245