OBJECTID,INDEX,ACCNUM,DATE,ACCIDENT_YEAR,TIME,STREET1,STREET2,OFFSET,ROAD_CLASS,DISTRICT,LATITUDE,LONGITUDE,ACCLOC,TRAFFCTL,VISIBILITY,LIGHT,RDSFCOND,ACCLASS,IMPACTYPE,INVTYPE,INVAGE,INJURY,FATAL_NO,INITDIR,VEHTYPE,MANOEUVER,DRIVACT,DRIVCOND,PEDTYPE,PEDACT,PEDCOND,CYCLISTYPE,CYCACT,CYCCOND,PEDESTRIAN,CYCLIST,AUTOMOBILE,MOTORCYCLE,TRUCK,TRSN_CITY_VEH,EMERG_VEH,PASSENGER,SPEEDING,AG_DRIV,REDLIGHT,ALCOHOL,DISABILITY,HOOD_158,NEIGHBOURHOOD_158,HOOD_140,NEIGHBOURHOOD_140,DIVISION,x,y
17508,81615885,1002433057,17/12/2021,2021,2234,KENNEDY RD,VILLAGE GREEN  SQ,2 m North of,Major Arterial,Scarborough,43.777182,-79.285518,Intersection Related,Traffic Signal,Clear,"Dark, artificial",Dry,Non-Fatal Injury,Pedestrian Collisions,Driver,30 to 34,None,,North,"Automobile, Station Wagon",Going Ahead,Driving Properly,Normal,,,,,,,Yes,,Yes,,,,,,,,,,,128,Agincourt South-Malvern West,128,Agincourt South-Malvern West (128),D42,637971.6369,4848552.875
17509,81615886,1002433057,17/12/2021,2021,2234,KENNEDY RD,VILLAGE GREEN  SQ,2 m North of,Major Arterial,Scarborough,43.777182,-79.285518,Intersection Related,Traffic Signal,Clear,"Dark, artificial",Dry,Non-Fatal Injury,Pedestrian Collisions,Pedestrian,20 to 24,Major,,East,,,,,Pedestrian hit at mid-block,"Crossing, no Traffic Control",Normal,,,,Yes,,Yes,,,,,,,,,,,128,Agincourt South-Malvern West,128,Agincourt South-Malvern West (128),D42,637971.6369,4848552.875
17510,81614759,1002433478,18/12/2021,2021,10,LAWRENCE AVE E,PHARMACY AVE,,Major Arterial,Scarborough,43.74317,-79.304607,At Intersection,Traffic Signal,Clear,"Dark, artificial",Dry,Fatal,Turning Movement,Driver,55 to 59,Fatal,58,West,"Automobile, Station Wagon",Turning Left,Driving Properly,Unknown,,,,,,,,,Yes,,,,,Yes,Yes,Yes,,,,119,Wexford/Maryvale,119,Wexford/Maryvale (119),D41,636512.7807,4844743.687
17511,81614760,1002433478,18/12/2021,2021,10,LAWRENCE AVE E,PHARMACY AVE,,Major Arterial,Scarborough,43.74317,-79.304607,At Intersection,Traffic Signal,Clear,"Dark, artificial",Dry,Fatal,Turning Movement,Driver,15 to 19,Major,,East,"Automobile, Station Wagon",Going Ahead,Exceeding Speed Limit,Unknown,,,,,,,,,Yes,,,,,Yes,Yes,Yes,,,,119,Wexford/Maryvale,119,Wexford/Maryvale (119),D41,636512.7807,4844743.687
17512,81614762,1002433478,18/12/2021,2021,10,LAWRENCE AVE E,PHARMACY AVE,,Major Arterial,Scarborough,43.74317,-79.304607,At Intersection,Traffic Signal,Clear,"Dark, artificial",Dry,Fatal,Turning Movement,Passenger,20 to 24,Major,,,,,,,,,,,,,,,Yes,,,,,Yes,Yes,Yes,,,,119,Wexford/Maryvale,119,Wexford/Maryvale (119),D41,636512.7807,4844743.687
17513,81615985,1002457803,21/12/2021,2021,1908,GARDINER XWY W,ROYAL YORK RD,50 m East of,Expressway,Toronto and East York,43.622889,-79.500896,Non Intersection,No Control,Clear,"Dark, artificial",Dry,Non-Fatal Injury,Sideswipe,Driver,30 to 34,Major,,West,"Automobile, Station Wagon",Pulling Away from Shoulder or Curb,Improper Lane Change,"Ability Impaired, Alcohol",,,,,,,,,Yes,,,Yes,,,,,,Yes,,160,Mimico-Queensway,17,Mimico (includes Humber Bay Shores) (17),D22,620948.9415,4831080.142
17514,81615986,1002457803,21/12/2021,2021,1908,GARDINER XWY W,ROYAL YORK RD,50 m East of,Expressway,Toronto and East York,43.622889,-79.500896,Non Intersection,No Control,Clear,"Dark, artificial",Dry,Non-Fatal Injury,Sideswipe,Driver,55 to 59,None,,West,Municipal Transit Bus (TTC),Going Ahead,Driving Properly,Normal,,,,,,,,,Yes,,,Yes,,,,,,Yes,,160,Mimico-Queensway,17,Mimico (includes Humber Bay Shores) (17),D22,620948.9415,4831080.142
17515,81631361,1002458151,21/12/2021,2021,1908,GARDINER EXPRESSWAY W,ROYAL YORK RD,300 m East o,Expressway,Etobicoke York,43.623576,-79.49818,Non Intersection,No Control,Clear,"Dark, artificial",Dry,Non-Fatal Injury,Sideswipe,Driver,30 to 34,Major,,West,"Automobile, Station Wagon",Changing Lanes,Improper Lane Change,"Ability Impaired, Alcohol",,,,,,,,,Yes,,,,,,,,,Yes,,160,Mimico-Queensway,17,Mimico (includes Humber Bay Shores) (17),D22,621166.6925,4831160.402
17516,81631362,1002458151,21/12/2021,2021,1908,GARDINER EXPRESSWAY W,ROYAL YORK RD,300 m East o,Expressway,Etobicoke York,43.623576,-79.49818,Non Intersection,No Control,Clear,"Dark, artificial",Dry,Non-Fatal Injury,Sideswipe,Driver,60 to 64,Minor,,West,"Automobile, Station Wagon",Going Ahead,Driving Properly,Normal,,,,,,,,,Yes,,,,,,,,,Yes,,160,Mimico-Queensway,17,Mimico (includes Humber Bay Shores) (17),D22,621166.6925,4831160.402
17517,81614766,1002462552,22/12/2021,2021,1353,MCCOWAN RD,ALTON TOWERS CRCL,,Major Arterial,Scarborough,43.820834,-79.273273,Non Intersection,No Control,Snow,Daylight,Wet,Fatal,SMV Other,Driver,65 to 69,Fatal,59,North,"Automobile, Station Wagon",Going Ahead,Lost control,Unknown,,,,,,,,,Yes,,,,,,,,,,,130,Milliken,130,Milliken (130),D42,638855.8955,4853421.61
17518,81614907,1002480548,25/12/2021,2021,1219,KING ST W,JAMESON AVE,1 m East of,Major Arterial,Toronto and East York,43.637129,-79.435771,Non Intersection,No Control,Clear,Daylight,Wet,Non-Fatal Injury,SMV Other,Driver,25 to 29,None,,East,Municipal Transit Bus (TTC),Going Ahead,Driving Properly,Normal,,,,,,,,,,,,Yes,,Yes,,,,,,85,South Parkdale,85,South Parkdale (85),D14,626173.5307,4832758.604
17519,81614908,1002480548,25/12/2021,2021,1219,KING ST W,JAMESON AVE,1 m East of,Major Arterial,Toronto and East York,43.637129,-79.435771,Non Intersection,No Control,Clear,Daylight,Wet,Non-Fatal Injury,SMV Other,Passenger,85 to 89,Major,,East,Municipal Transit Bus (TTC),Going Ahead,,,,,,,,,,,,,,Yes,,Yes,,,,,,85,South Parkdale,85,South Parkdale (85),D14,626173.5307,4832758.604
17520,81614761,1002486085,26/12/2021,2021,1402,YONGE ST,RICHMOND ST E,,Major Arterial,Toronto and East York,43.651618,-79.378948,At Intersection,Traffic Signal,Clear,Daylight,Dry,Fatal,Pedestrian Collisions,Pedestrian,0 to 4,None,,Unknown,,,,,Pedestrian hit on sidewalk or shoulder,On Sidewalk or Shoulder,Normal,,,,Yes,,Yes,,,,,,,,,,,168,Downtown Yonge East,75,Church-Yonge Corridor (75),D51,630725.5932,4834455.74
17521,81614767,1002486085,26/12/2021,2021,1402,YONGE ST,RICHMOND ST E,,Major Arterial,Toronto and East York,43.651618,-79.378948,At Intersection,Traffic Signal,Clear,Daylight,Dry,Fatal,Pedestrian Collisions,Pedestrian,15 to 19,Fatal,60,Unknown,,,,,Pedestrian hit on sidewalk or shoulder,On Sidewalk or Shoulder,Normal,,,,Yes,,Yes,,,,,,,,,,,168,Downtown Yonge East,75,Church-Yonge Corridor (75),D51,630725.5932,4834455.74
17522,81614768,1002486085,26/12/2021,2021,1402,YONGE ST,RICHMOND ST E,,Major Arterial,Toronto and East York,43.651618,-79.378948,At Intersection,Traffic Signal,Clear,Daylight,Dry,Fatal,Pedestrian Collisions,Pedestrian,45 to 49,Major,,Unknown,,,,,Pedestrian hit on sidewalk or shoulder,On Sidewalk or Shoulder,Normal,,,,Yes,,Yes,,,,,,,,,,,168,Downtown Yonge East,75,Church-Yonge Corridor (75),D51,630725.5932,4834455.74
17523,81614769,1002486085,26/12/2021,2021,1402,YONGE ST,RICHMOND ST E,,Major Arterial,Toronto and East York,43.651618,-79.378948,At Intersection,Traffic Signal,Clear,Daylight,Dry,Fatal,Pedestrian Collisions,Pedestrian,35 to 39,Minor,,Unknown,,,,,Pedestrian hit on sidewalk or shoulder,On Sidewalk or Shoulder,Normal,,,,Yes,,Yes,,,,,,,,,,,168,Downtown Yonge East,75,Church-Yonge Corridor (75),D51,630725.5932,4834455.74
17524,81614770,1002486085,26/12/2021,2021,1402,YONGE ST,RICHMOND ST E,,Major Arterial,Toronto and East York,43.651618,-79.378948,At Intersection,Traffic Signal,Clear,Daylight,Dry,Fatal,Pedestrian Collisions,Pedestrian,35 to 39,Minor,,Unknown,,,,,Pedestrian hit on sidewalk or shoulder,On Sidewalk or Shoulder,Normal,,,,Yes,,Yes,,,,,,,,,,,168,Downtown Yonge East,75,Church-Yonge Corridor (75),D51,630725.5932,4834455.74
17525,81614771,1002486085,26/12/2021,2021,1402,YONGE ST,RICHMOND ST E,,Major Arterial,Toronto and East York,43.651618,-79.378948,At Intersection,Traffic Signal,Clear,Daylight,Dry,Fatal,Pedestrian Collisions,Pedestrian,15 to 19,Major,,Unknown,,,,,Pedestrian hit on sidewalk or shoulder,On Sidewalk or Shoulder,Normal,,,,Yes,,Yes,,,,,,,,,,,168,Downtown Yonge East,75,Church-Yonge Corridor (75),D51,630725.5932,4834455.74
17526,81614772,1002486085,26/12/2021,2021,1402,YONGE ST,RICHMOND ST E,,Major Arterial,Toronto and East York,43.651618,-79.378948,At Intersection,Traffic Signal,Clear,Daylight,Dry,Fatal,Pedestrian Collisions,Driver,30 to 34,None,,West,"Automobile, Station Wagon",Turning Left,Improper Turn,Normal,,,,,,,Yes,,Yes,,,,,,,,,,,168,Downtown Yonge East,75,Church-Yonge Corridor (75),D51,630725.5932,4834455.74
17527,81614773,1002486085,26/12/2021,2021,1402,YONGE ST,RICHMOND ST E,,Major Arterial,Toronto and East York,43.651618,-79.378948,At Intersection,Traffic Signal,Clear,Daylight,Dry,Fatal,Pedestrian Collisions,Driver,20 to 24,Minor,,West,"Automobile, Station Wagon",Going Ahead,Driving Properly,Normal,,,,,,,Yes,,Yes,,,,,,,,,,,168,Downtown Yonge East,75,Church-Yonge Corridor (75),D51,630725.5932,4834455.74
17528,81614774,1002486085,26/12/2021,2021,1402,YONGE ST,RICHMOND ST E,,Major Arterial,Toronto and East York,43.651618,-79.378948,At Intersection,Traffic Signal,Clear,Daylight,Dry,Fatal,Pedestrian Collisions,Pedestrian,40 to 44,Minor,,Unknown,,,,,Pedestrian hit on sidewalk or shoulder,On Sidewalk or Shoulder,Normal,,,,Yes,,Yes,,,,,,,,,,,168,Downtown Yonge East,75,Church-Yonge Corridor (75),D51,630725.5932,4834455.74
17529,81705464,2000034069,06/01/2022,2022,1209,174 DELAWARE AVE,,,Local,Toronto and East York,43.660174,-79.427699,Non Intersection,No Control,Clear,Daylight,Dry,Non-Fatal Injury,Pedestrian Collisions,Driver,30 to 34,None,,North,"Automobile, Station Wagon",Going Ahead,Driving Properly,Normal,,,,,,,Yes,,Yes,,,,,,,,,,,80,Palmerston-Little Italy,80,Palmerston-Little Italy (80),D14,626776.1479,4835330.352
17530,81705465,2000034069,06/01/2022,2022,1209,174 DELAWARE AVE,,,Local,Toronto and East York,43.660174,-79.427699,Non Intersection,No Control,Clear,Daylight,Dry,Non-Fatal Injury,Pedestrian Collisions,Pedestrian,5 to 9,Major,,West,,,,,Pedestrian hit at mid-block,"Crossing, no Traffic Control",Inattentive,,,,Yes,,Yes,,,,,,,,,,,80,Palmerston-Little Italy,80,Palmerston-Little Italy (80),D14,626776.1479,4835330.352
17531,81614776,2000036960,06/01/2022,2022,1942,LAWRENCE AVE E,BROCKLEY DR,,Major Arterial,Scarborough,43.751959,-79.262477,At Intersection,Traffic Signal,Clear,Dark,Dry,Fatal,Pedestrian Collisions,Passenger,20 to 24,None,,,,,,,,,,,,,Yes,,Yes,,,,,Yes,,Yes,,,,157,Bendale South,127,Bendale (127),D41,639884.6452,4845790.128
17532,81615291,2000036960,06/01/2022,2022,1942,LAWRENCE AVE E,BROCKLEY DR,,Major Arterial,Scarborough,43.751959,-79.262477,At Intersection,Traffic Signal,Clear,Dark,Dry,Fatal,Pedestrian Collisions,Driver,20 to 24,None,,East,"Automobile, Station Wagon",Going Ahead,Failed to Yield Right of Way,Unknown,,,,,,,Yes,,Yes,,,,,Yes,,Yes,,,,157,Bendale South,127,Bendale (127),D41,639884.6452,4845790.128
17533,81616021,2000036960,06/01/2022,2022,1942,LAWRENCE AVE E,BROCKLEY DR,,Major Arterial,Scarborough,43.751959,-79.262477,At Intersection,Traffic Signal,Clear,Dark,Dry,Fatal,Pedestrian Collisions,Pedestrian,75 to 79,Fatal,1,South,,,,,Vehicle is going straight thru inter.while ped cross without ROW,Crossing without right of way,Normal,,,,Yes,,Yes,,,,,Yes,,Yes,,,,157,Bendale South,127,Bendale (127),D41,639884.6452,4845790.128
17534,81615690,2000038978,07/01/2022,2022,622,DON VALLEY PARKWAY  N,LEASIDE BDGE,120 m South ,Expressway,,43.697722,-79.348224,Non Intersection,No Control,Clear,"Dark, artificial",Dry,Non-Fatal Injury,SMV Other,Driver,25 to 29,Major,,North,"Automobile, Station Wagon",Going Ahead,Lost control,Unknown,,,,,,,,,Yes,,,,,Yes,Yes,Yes,,,,58,Old East York,58,Old East York (58),D55,633101.3113,4839625.079
17535,81615691,2000038978,07/01/2022,2022,622,DON VALLEY PARKWAY  N,LEASIDE BDGE,120 m South ,Expressway,,43.697722,-79.348224,Non Intersection,No Control,Clear,"Dark, artificial",Dry,Non-Fatal Injury,SMV Other,Driver,25 to 29,None,,South,"Automobile, Station Wagon",Going Ahead,Driving Properly,Normal,,,,,,,,,Yes,,,,,Yes,Yes,Yes,,,,58,Old East York,58,Old East York (58),D55,633101.3113,4839625.079
17536,81615692,2000038978,07/01/2022,2022,622,DON VALLEY PARKWAY  N,LEASIDE BDGE,120 m South ,Expressway,,43.697722,-79.348224,Non Intersection,No Control,Clear,"Dark, artificial",Dry,Non-Fatal Injury,SMV Other,Driver,40 to 44,None,,South,"Automobile, Station Wagon",Going Ahead,Driving Properly,Normal,,,,,,,,,Yes,,,,,Yes,Yes,Yes,,,,58,Old East York,58,Old East York (58),D55,633101.3113,4839625.079
17537,81615693,2000038978,07/01/2022,2022,622,DON VALLEY PARKWAY  N,LEASIDE BDGE,120 m South ,Expressway,,43.697722,-79.348224,Non Intersection,No Control,Clear,"Dark, artificial",Dry,Non-Fatal Injury,SMV Other,Passenger,25 to 29,Major,,,,,,,,,,,,,,,Yes,,,,,Yes,Yes,Yes,,,,58,Old East York,58,Old East York (58),D55,633101.3113,4839625.079
17538,81615694,2000038978,07/01/2022,2022,622,DON VALLEY PARKWAY  N,LEASIDE BDGE,120 m South ,Expressway,,43.697722,-79.348224,Non Intersection,No Control,Clear,"Dark, artificial",Dry,Non-Fatal Injury,SMV Other,Passenger,25 to 29,Major,,,,,,,,,,,,,,,Yes,,,,,Yes,Yes,Yes,,,,58,Old East York,58,Old East York (58),D55,633101.3113,4839625.079
17539,81647145,2000039834,07/01/2022,2022,938,MIDDLEFIELD RD,STEELES AVE E,,Minor Arterial,Scarborough,43.832621,-79.267932,At Intersection,Traffic Signal,Clear,Daylight,Dry,Non-Fatal Injury,Pedestrian Collisions,Driver,65 to 69,None,,South,"Automobile, Station Wagon",Turning Left,Failed to Yield Right of Way,Normal,,,,,,,Yes,,Yes,,,,,,,Yes,,,,130,Milliken,130,Milliken (130),D42,639257.9865,4854739.731
17540,81647146,2000039834,07/01/2022,2022,938,MIDDLEFIELD RD,STEELES AVE E,,Minor Arterial,Scarborough,43.832621,-79.267932,At Intersection,Traffic Signal,Clear,Daylight,Dry,Non-Fatal Injury,Pedestrian Collisions,Pedestrian,50 to 54,Major,,North,,,,,Vehicle turns left while ped crosses with ROW at inter.,Crossing with right of way,Normal,,,,Yes,,Yes,,,,,,,Yes,,,,130,Milliken,130,Milliken (130),D42,639257.9865,4854739.731
17541,81636202,2000083530,1/13/2022,2022,2130,WESTON RD,LANYARD RD,1 m West of,Major Arterial,Etobicoke York,43.748164,-79.54156,At Intersection,Traffic Signal,Clear,"Dark, artificial",Dry,Non-Fatal Injury,Pedestrian Collisions,Driver,60 to 64,None,,North,"Automobile, Station Wagon",Turning Left,Failed to Yield Right of Way,Inattentive,,,,,,,Yes,,Yes,,,,,,,Yes,,,,22,Humbermede,22,Humbermede (22),D31,617423.4372,4844935.172
17542,81636203,2000083530,1/13/2022,2022,2130,WESTON RD,LANYARD RD,1 m West of,Major Arterial,Etobicoke York,43.748164,-79.54156,At Intersection,Traffic Signal,Clear,"Dark, artificial",Dry,Non-Fatal Injury,Pedestrian Collisions,Pedestrian,55 to 59,Major,,North,,,,,Vehicle turns left while ped crosses with ROW at inter.,Crossing with right of way,Normal,,,,Yes,,Yes,,,,,,,Yes,,,,22,Humbermede,22,Humbermede (22),D31,617423.4372,4844935.172
17543,81615516,2000088172,1/14/2022,2022,1441,DAVENPORT RD,LANSDOWNE AVE,8 m South of,Minor Arterial,Toronto and East York,43.671485,-79.448261,At Intersection,Traffic Signal,Clear,Daylight,Dry,Non-Fatal Injury,Pedestrian Collisions,Driver,55 to 59,None,,West,Pick Up Truck,Turning Left,Driving Properly,Normal,,,,,,,Yes,,Yes,,,,,,,,,,,171,Junction-Wallace Emerson,93,Dovercourt-Wallace Emerson-Junction (93),D13,625094.7015,4836555.375
17544,81615517,2000088172,1/14/2022,2022,1441,DAVENPORT RD,LANSDOWNE AVE,8 m South of,Minor Arterial,Toronto and East York,43.671485,-79.448261,At Intersection,Traffic Signal,Clear,Daylight,Dry,Non-Fatal Injury,Pedestrian Collisions,Pedestrian,75 to 79,Major,,East,,,,,Vehicle turns left while ped crosses without ROW at inter.,Crossing without right of way,Had Been Drinking,,,,Yes,,Yes,,,,,,,,,,,171,Junction-Wallace Emerson,93,Dovercourt-Wallace Emerson-Junction (93),D13,625094.7015,4836555.375
17545,81615344,2000129056,1/20/2022,2022,1610,VICTORIA PARK AVE,COMBERMERE DR,10 m South o,Major Arterial,North York,43.755992,-79.314578,At Intersection,Traffic Signal,Clear,Daylight,Dry,Non-Fatal Injury,Rear End,Driver,20 to 24,Major,,South,"Automobile, Station Wagon",Going Ahead,Speed too Fast For Condition,Normal,,,,,,,,,Yes,,,,,Yes,Yes,Yes,,,,119,Wexford/Maryvale,119,Wexford/Maryvale (119),D41,635680.9324,4846151.381
17546,81615345,2000129056,1/20/2022,2022,1610,VICTORIA PARK AVE,COMBERMERE DR,10 m South o,Major Arterial,North York,43.755992,-79.314578,At Intersection,Traffic Signal,Clear,Daylight,Dry,Non-Fatal Injury,Rear End,Driver,60 to 64,None,,South,"Automobile, Station Wagon",Stopped,Driving Properly,Normal,,,,,,,,,Yes,,,,,Yes,Yes,Yes,,,,119,Wexford/Maryvale,119,Wexford/Maryvale (119),D41,635680.9324,4846151.381
17547,81615346,2000129056,1/20/2022,2022,1610,VICTORIA PARK AVE,COMBERMERE DR,10 m South o,Major Arterial,North York,43.755992,-79.314578,At Intersection,Traffic Signal,Clear,Daylight,Dry,Non-Fatal Injury,Rear End,Passenger,80 to 84,None,,,,,,,,,,,,,,,Yes,,,,,Yes,Yes,Yes,,,,119,Wexford/Maryvale,119,Wexford/Maryvale (119),D41,635680.9324,4846151.381
17548,81680743,2000130290,1/20/2022,2022,1910,1875 STEELES AVE W,,120 m East o,Major Arterial,North York,43.787585,-79.468059,Non Intersection,No Control,Clear,"Dark, artificial",Dry,Property Damage O,Turning Movement,Driver,25 to 29,None,,North,Pick Up Truck,Turning Left,Failed to Yield Right of Way,Inattentive,,,,,,,,,Yes,,,,,,,Yes,,,,34,Bathurst Manor,34,Bathurst Manor (34),D32,623260.2761,4849420.278
17549,81680744,2000130290,1/20/2022,2022,1910,1875 STEELES AVE W,,120 m East o,Major Arterial,North York,43.787585,-79.468059,Non Intersection,No Control,Clear,"Dark, artificial",Dry,Property Damage O,Turning Movement,Driver,70 to 74,Major,,East,"Automobile, Station Wagon",Going Ahead,Driving Properly,Normal,,,,,,,,,Yes,,,,,,,Yes,,,,34,Bathurst Manor,34,Bathurst Manor (34),D32,623260.2761,4849420.278
17550,81631315,2000144156,1/22/2022,2022,1914,92 ASHRIDGE DR,,100 m North ,Local,Scarborough,43.81531,-79.268764,Non Intersection,No Control,Clear,"Dark, artificial",Packed Snow,Non-Fatal Injury,Pedestrian Collisions,Driver,unknown,None,,North,"Automobile, Station Wagon",Going Ahead,,,,,,,,,Yes,,Yes,,,,,,,,,,,129,Agincourt North,129,Agincourt North (129),D42,639231.333,4852815.658
17551,81631316,2000144156,1/22/2022,2022,1914,92 ASHRIDGE DR,,100 m North ,Local,Scarborough,43.81531,-79.268764,Non Intersection,No Control,Clear,"Dark, artificial",Packed Snow,Non-Fatal Injury,Pedestrian Collisions,Pedestrian,90 to 94,Major,,Unknown,,,,,Pedestrian hit at mid-block,Person Getting on/off Vehicle,Normal,,,,Yes,,Yes,,,,,,,,,,,129,Agincourt North,129,Agincourt North (129),D42,639231.333,4852815.658
17552,81278474,2000145218,1/22/2022,2022,2306,WESTON RD,DEE AVE,,Major Arterial,Etobicoke York,43.711131,-79.535136,Intersection Related,No Control,Clear,"Dark, artificial",Dry,Fatal,Pedestrian Collisions,Driver,30 to 34,None,,North,"Automobile, Station Wagon",Going Ahead,Improper Passing,Unknown,,,,,,,Yes,,Yes,,,,,,,Yes,,,,23,Pelmo Park-Humberlea,23,Pelmo Park-Humberlea (23),D12,618013.3629,4840831.258
17553,81615292,2000145218,1/22/2022,2022,2306,WESTON RD,DEE AVE,,Major Arterial,Etobicoke York,43.711131,-79.535136,Intersection Related,No Control,Clear,"Dark, artificial",Dry,Fatal,Pedestrian Collisions,Pedestrian,50 to 54,Fatal,2,West,,,,,Vehicle is going straight thru inter.while ped cross without ROW,Crossing without right of way,Other,,,,Yes,,Yes,,,,,,,Yes,,,,23,Pelmo Park-Humberlea,23,Pelmo Park-Humberlea (23),D12,618013.3629,4840831.258
17554,81615620,2000170861,1/26/2022,2022,1600,STEELES AV W,NORFINCH DR,230 m West o,Major Arterial,,43.772772,-79.533733,Non Intersection,No Control,Clear,Daylight,Dry,Non-Fatal Injury,Sideswipe,Driver,25 to 29,Major,,West,"Automobile, Station Wagon",Going Ahead,Other,Other,,,,,,,,,Yes,,,,,,,,,,,24,Black Creek,24,Black Creek (24),D31,618005.2313,4847679.377
17555,81615621,2000170861,1/26/2022,2022,1600,STEELES AV W,NORFINCH DR,230 m West o,Major Arterial,,43.772772,-79.533733,Non Intersection,No Control,Clear,Daylight,Dry,Non-Fatal Injury,Sideswipe,Driver,50 to 54,None,,West,School Bus,Stopped,Driving Properly,Normal,,,,,,,,,Yes,,,,,,,,,,,24,Black Creek,24,Black Creek (24),D31,618005.2313,4847679.377
17556,81615622,2000170861,1/26/2022,2022,1600,STEELES AV W,NORFINCH DR,230 m West o,Major Arterial,,43.772772,-79.533733,Non Intersection,No Control,Clear,Daylight,Dry,Non-Fatal Injury,Sideswipe,Driver,40 to 44,None,,West,"Automobile, Station Wagon",Stopped,Driving Properly,Normal,,,,,,,,,Yes,,,,,,,,,,,24,Black Creek,24,Black Creek (24),D31,618005.2313,4847679.377
17557,81615623,2000170861,1/26/2022,2022,1600,STEELES AV W,NORFINCH DR,230 m West o,Major Arterial,,43.772772,-79.533733,Non Intersection,No Control,Clear,Daylight,Dry,Non-Fatal Injury,Sideswipe,Driver,50 to 54,None,,West,"Automobile, Station Wagon",Stopped,Driving Properly,Normal,,,,,,,,,Yes,,,,,,,,,,,24,Black Creek,24,Black Creek (24),D31,618005.2313,4847679.377
17558,81615599,2000176791,1/27/2022,2022,1447,FINCH AVE W,ELANA DR,,Major Arterial,North York,43.756823,-79.519908,At/Near Private Drive,No Control,Clear,Daylight,Wet,Non-Fatal Injury,Pedestrian Collisions,Driver,35 to 39,None,,East,"Automobile, Station Wagon",Going Ahead,Driving Properly,Normal,,,,,,,Yes,,Yes,,,,,,,,,,,25,Glenfield-Jane Heights,25,Glenfield-Jane Heights (25),D31,619149.5345,4845927.799
17559,81615600,2000176791,1/27/2022,2022,1447,FINCH AVE W,ELANA DR,,Major Arterial,North York,43.756823,-79.519908,At/Near Private Drive,No Control,Clear,Daylight,Wet,Non-Fatal Injury,Pedestrian Collisions,Pedestrian,45 to 49,Major,,North,,,,,Pedestrian hit at mid-block,"Crossing, no Traffic Control",Inattentive,,,,Yes,,Yes,,,,,,,,,,,25,Glenfield-Jane Heights,25,Glenfield-Jane Heights (25),D31,619149.5345,4845927.799
17560,81615479,2000184133,1/28/2022,2022,1506,THE QUEENSWAY,ISLINGTON AVE,ISLINGTON AV,Major Arterial,Etobicoke York,43.623351,-79.515498,Non Intersection,No Control,Clear,Daylight,Dry,Fatal,Pedestrian Collisions,Passenger,30 to 34,None,,,,,,,,,,,,,Yes,,Yes,,,,,Yes,,Yes,,,,159,Etobicoke City Centre,14,Islington-City Centre West (14),D22,619769.9126,4831110.286
17561,81615480,2000184133,1/28/2022,2022,1506,THE QUEENSWAY,ISLINGTON AVE,ISLINGTON AV,Major Arterial,Etobicoke York,43.623351,-79.515498,Non Intersection,No Control,Clear,Daylight,Dry,Fatal,Pedestrian Collisions,Driver,30 to 34,None,,South,"Automobile, Station Wagon",Turning Right,Failed to Yield Right of Way,Inattentive,,,,,,,Yes,,Yes,,,,,Yes,,Yes,,,,159,Etobicoke City Centre,14,Islington-City Centre West (14),D22,619769.9126,4831110.286
17562,81616022,2000184133,1/28/2022,2022,1506,THE QUEENSWAY,ISLINGTON AVE,ISLINGTON AV,Major Arterial,Etobicoke York,43.623351,-79.515498,Non Intersection,No Control,Clear,Daylight,Dry,Fatal,Pedestrian Collisions,Pedestrian,80 to 84,Fatal,3,East,,,,,Pedestrian hit on sidewalk or shoulder,On Sidewalk or Shoulder,Normal,,,,Yes,,Yes,,,,,Yes,,Yes,,,,159,Etobicoke City Centre,14,Islington-City Centre West (14),D22,619769.9126,4831110.286
17563,81615751,2000196904,1/30/2022,2022,1415,GARDINER XWY W,STRACHAN AVE,374 m West o,Expressway,Toronto and East York,43.636824,-79.414432,Non Intersection,No Control,Clear,Daylight,Dry,Non-Fatal Injury,Rear End,Driver,35 to 39,Minor,,West,"Automobile, Station Wagon",Going Ahead,Lost control,Inattentive,,,,,,,,,Yes,,,,,Yes,Yes,Yes,,,,163,Fort York-Liberty Village,82,Niagara (82),D14,627895.4373,4832757.388
17564,81615752,2000196904,1/30/2022,2022,1415,GARDINER XWY W,STRACHAN AVE,374 m West o,Expressway,Toronto and East York,43.636824,-79.414432,Non Intersection,No Control,Clear,Daylight,Dry,Non-Fatal Injury,Rear End,Driver,35 to 39,Major,,West,"Automobile, Station Wagon",Going Ahead,Driving Properly,Normal,,,,,,,,,Yes,,,,,Yes,Yes,Yes,,,,163,Fort York-Liberty Village,82,Niagara (82),D14,627895.4373,4832757.388