OBJECTID,INDEX,ACCNUM,DATE,ACCIDENT_YEAR,TIME,STREET1,STREET2,OFFSET,ROAD_CLASS,DISTRICT,LATITUDE,LONGITUDE,ACCLOC,TRAFFCTL,VISIBILITY,LIGHT,RDSFCOND,ACCLASS,IMPACTYPE,INVTYPE,INVAGE,INJURY,FATAL_NO,INITDIR,VEHTYPE,MANOEUVER,DRIVACT,DRIVCOND,PEDTYPE,PEDACT,PEDCOND,CYCLISTYPE,CYCACT,CYCCOND,PEDESTRIAN,CYCLIST,AUTOMOBILE,MOTORCYCLE,TRUCK,TRSN_CITY_VEH,EMERG_VEH,PASSENGER,SPEEDING,AG_DRIV,REDLIGHT,ALCOHOL,DISABILITY,HOOD_158,NEIGHBOURHOOD_158,HOOD_140,NEIGHBOURHOOD_140,DIVISION,x,y
17565,81615753,2000196904,1/30/2022,2022,1415,GARDINER XWY W,STRACHAN AVE,374 m West o,Expressway,Toronto and East York,43.636824,-79.414432,Non Intersection,No Control,Clear,Daylight,Dry,Non-Fatal Injury,Rear End,Passenger,30 to 34,Minimal,,,,,,,,,,,,,,,Yes,,,,,Yes,Yes,Yes,,,,163,Fort York-Liberty Village,82,Niagara (82),D14,627895.4373,4832757.388
17566,81665306,2000220559,02/02/2022,2022,2000,BATHURST ST,WOLSELEY ST,5 m East of,Major Arterial,Toronto and East York,43.647952,-79.404285,At Intersection,No Control,Snow,Dark,Wet,Non-Fatal Injury,SMV Other,Driver,60 to 64,Major,,South,"Automobile, Station Wagon",Going Ahead,Lost control,Medical or Physical Disability,,,,,,,,,Yes,,,,,,,,,,Yes,78,Kensington-Chinatown,78,Kensington-Chinatown (78),D14,628690.1636,4834008.981
17567,81615481,2000223282,03/02/2022,2022,922,F G GARDINER XY  W,ROYAL YORK RD,EAST OF ISLI,Expressway,Etobicoke York,43.622718,-79.501651,Non Intersection,No Control,Clear,Daylight,Wet,Fatal,Rear End,Driver,25 to 29,Fatal,4,West,"Automobile, Station Wagon",Going Ahead,Exceeding Speed Limit,Inattentive,,,,,,,,,Yes,,Yes,,,,Yes,Yes,,,,160,Mimico-Queensway,17,Mimico (includes Humber Bay Shores) (17),D22,620888.3697,4831060.051
17568,81615482,2000223282,03/02/2022,2022,922,F G GARDINER XY  W,ROYAL YORK RD,EAST OF ISLI,Expressway,Etobicoke York,43.622718,-79.501651,Non Intersection,No Control,Clear,Daylight,Wet,Fatal,Rear End,Truck Driver,25 to 29,None,,West,Truck - Open,Going Ahead,Driving Properly,Normal,,,,,,,,,Yes,,Yes,,,,Yes,Yes,,,,160,Mimico-Queensway,17,Mimico (includes Humber Bay Shores) (17),D22,620888.3697,4831060.051
17569,81647568,2000226271,03/02/2022,2022,1655,JANE ST,DRIFTWOOD AVE,,Major Arterial,North York,43.765837,-79.519641,At Intersection,Traffic Signal,Drifting Snow,Dusk,Wet,Non-Fatal Injury,Pedestrian Collisions,Driver,50 to 54,None,,West,"Automobile, Station Wagon",Turning Left,Failed to Yield Right of Way,Unknown,,,,,,,Yes,,Yes,,,,,,,Yes,,,,24,Black Creek,24,Black Creek (24),D31,619153.1338,4846929.321
17570,81647569,2000226271,03/02/2022,2022,1655,JANE ST,DRIFTWOOD AVE,,Major Arterial,North York,43.765837,-79.519641,At Intersection,Traffic Signal,Drifting Snow,Dusk,Wet,Non-Fatal Injury,Pedestrian Collisions,Pedestrian,65 to 69,Major,,South,,,,,Vehicle turns left while ped crosses with ROW at inter.,Crossing with right of way,Normal,,,,Yes,,Yes,,,,,,,Yes,,,,24,Black Creek,24,Black Creek (24),D31,619153.1338,4846929.321
17571,81650410,2000232737,04/02/2022,2022,1623,SHEPPARD AVE E,YONGE ST,75 m East of,Major Arterial,North York,43.761584,-79.41006,Non Intersection,No Control,Clear,Daylight,Slush,Non-Fatal Injury,Pedestrian Collisions,Driver,65 to 69,None,,East,"Automobile, Station Wagon",Going Ahead,Driving Properly,Normal,,,,,,,Yes,,Yes,,,,,,,,,,,153,Avondale,51,Willowdale East (51),D32,627982.3814,4846620.468
17572,81650411,2000232737,04/02/2022,2022,1623,SHEPPARD AVE E,YONGE ST,75 m East of,Major Arterial,North York,43.761584,-79.41006,Non Intersection,No Control,Clear,Daylight,Slush,Non-Fatal Injury,Pedestrian Collisions,Pedestrian,80 to 84,Major,,North,,,,,Pedestrian hit at mid-block,"Crossing, no Traffic Control",Normal,,,,Yes,,Yes,,,,,,,,,,,153,Avondale,51,Willowdale East (51),D32,627982.3814,4846620.468
17573,81651096,2000258732,08/02/2022,2022,2039,BIRCHMOUNT ROAD,ZENITH DR,18 m S of,Minor Arterial,Scarborough,43.711009,-79.269771,Intersection Related,Stop Sign,Clear,Dark,Dry,Non-Fatal Injury,Pedestrian Collisions,Driver,50 to 54,None,,West,Pick Up Truck,Turning Left,Lost control,Normal,,,,,,,Yes,,Yes,,,,,,,,,,,120,Clairlea-Birchmount,120,Clairlea-Birchmount (120),D41,639392.3849,4841229.729
17574,81651097,2000258732,08/02/2022,2022,2039,BIRCHMOUNT ROAD,ZENITH DR,18 m S of,Minor Arterial,Scarborough,43.711009,-79.269771,Intersection Related,Stop Sign,Clear,Dark,Dry,Non-Fatal Injury,Pedestrian Collisions,Pedestrian,30 to 34,Major,,Unknown,,,,,Pedestrian hit on sidewalk or shoulder,On Sidewalk or Shoulder,Normal,,,,Yes,,Yes,,,,,,,,,,,120,Clairlea-Birchmount,120,Clairlea-Birchmount (120),D41,639392.3849,4841229.729
17575,81650652,2000267263,10/02/2022,2022,700,WILLIAM R ALLEN RD,TRANSIT RD,,Major Arterial,North York,43.741763,-79.45425,At Intersection,Traffic Signal,Clear,Daylight,Wet,Non-Fatal Injury,Turning Movement,Truck Driver,25 to 29,None,,South,Truck-Tractor,Going Ahead,Disobeyed Traffic Control,Normal,,,,,,,,,Yes,,Yes,,,,,Yes,Yes,,,33,Clanton Park,33,Clanton Park (33),D32,624466.3527,4844351.713
17576,81650653,2000267263,10/02/2022,2022,700,WILLIAM R ALLEN RD,TRANSIT RD,,Major Arterial,North York,43.741763,-79.45425,At Intersection,Traffic Signal,Clear,Daylight,Wet,Non-Fatal Injury,Turning Movement,Driver,65 to 69,Major,,East,"Automobile, Station Wagon",Turning Left,Driving Properly,Normal,,,,,,,,,Yes,,Yes,,,,,Yes,Yes,,,33,Clanton Park,33,Clanton Park (33),D32,624466.3527,4844351.713
17577,81648272,2000271559,10/02/2022,2022,1900,YONGE ST,ERSKINE AVE,,Major Arterial,,43.711005,-79.399272,At Intersection,No Control,Clear,"Dark, artificial",Dry,Non-Fatal Injury,Pedestrian Collisions,Driver,30 to 34,None,,South,"Automobile, Station Wagon",Turning Left,Failed to Yield Right of Way,Inattentive,,,,,,,Yes,,Yes,,,,,Yes,,Yes,,,,173,North Toronto,104,Mount Pleasant West (104),D53,628959.2995,4841019.659
17578,81648273,2000271559,10/02/2022,2022,1900,YONGE ST,ERSKINE AVE,,Major Arterial,,43.711005,-79.399272,At Intersection,No Control,Clear,"Dark, artificial",Dry,Non-Fatal Injury,Pedestrian Collisions,Passenger,35 to 39,None,,,,,,,,,,,,,Yes,,Yes,,,,,Yes,,Yes,,,,173,North Toronto,104,Mount Pleasant West (104),D53,628959.2995,4841019.659
17579,81648274,2000271559,10/02/2022,2022,1900,YONGE ST,ERSKINE AVE,,Major Arterial,,43.711005,-79.399272,At Intersection,No Control,Clear,"Dark, artificial",Dry,Non-Fatal Injury,Pedestrian Collisions,Pedestrian,60 to 64,Major,,North,,,,,Vehicle turns left while ped crosses with ROW at inter.,Crossing with right of way,Normal,,,,Yes,,Yes,,,,,Yes,,Yes,,,,173,North Toronto,104,Mount Pleasant West (104),D53,628959.2995,4841019.659
17580,81649684,2000284125,12/02/2022,2022,1945,384 O CONNOR DR,,100 m East o,Major Arterial,Toronto and East York,43.695937,-79.33755,Non Intersection,No Control,Clear,"Dark, artificial",Dry,Non-Fatal Injury,Other,Driver,40 to 44,None,,West,Municipal Transit Bus (TTC),Slowing or Stopping,Driving Properly,Normal,,,,,,,,,,,,Yes,,Yes,,,,,,58,Old East York,58,Old East York (58),D55,633965.4144,4839444.02
17581,81649685,2000284125,12/02/2022,2022,1945,384 O CONNOR DR,,100 m East o,Major Arterial,Toronto and East York,43.695937,-79.33755,Non Intersection,No Control,Clear,"Dark, artificial",Dry,Non-Fatal Injury,Other,Passenger,65 to 69,Major,,,,,,,,,,,,,,,,,,Yes,,Yes,,,,,,58,Old East York,58,Old East York (58),D55,633965.4144,4839444.02
17582,81615831,2000320162,18/02/2022,2022,1144,BAY ST,COLLEGE ST,,Major Arterial,Etobicoke York,43.660742,-79.385814,At Intersection,Traffic Signal,Clear,Daylight,Wet,Fatal,Pedestrian Collisions,Pedestrian,80 to 84,Fatal,5,North,,,,,Vehicle turns right while ped crosses with ROW at inter.,Crossing with right of way,Normal,,,,Yes,,Yes,,,,,,,Yes,,,,170,Yonge-Bay Corridor,76,Bay Street Corridor (76),D52,630152.1831,4835458.288
17583,81615832,2000320162,18/02/2022,2022,1144,BAY ST,COLLEGE ST,,Major Arterial,Etobicoke York,43.660742,-79.385814,At Intersection,Traffic Signal,Clear,Daylight,Wet,Fatal,Pedestrian Collisions,Driver,80 to 84,None,,South,"Automobile, Station Wagon",Turning Right,Failed to Yield Right of Way,Normal,,,,,,,Yes,,Yes,,,,,,,Yes,,,,170,Yonge-Bay Corridor,76,Bay Street Corridor (76),D52,630152.1831,4835458.288
17584,81650299,2000348171,22/02/2022,2022,2350,484 WILSON HEIGHTS BLVD,,,Minor Arterial,North York,43.746848,-79.454181,Non Intersection,No Control,Clear,"Dark, artificial",Wet,Non-Fatal Injury,SMV Other,Driver,25 to 29,Major,,North,"Automobile, Station Wagon",Going Ahead,Lost control,Unknown,,,,,,,,,Yes,,,,,,,,,,,155,Downsview,26,Downsview-Roding-CFB (26),D32,624461.3706,4844916.58
17585,81658164,2000368462,25/02/2022,2022,2216,BAYVIEW AV,DAVISVILLE AV,5 m West of,Major Arterial,North York,43.702994,-79.374103,Intersection Related,Traffic Signal,Snow,"Dark, artificial",Wet,Non-Fatal Injury,Pedestrian Collisions,Driver,50 to 54,None,,North,Pick Up Truck,Turning Left,Failed to Yield Right of Way,Unknown,,,,,,,Yes,,Yes,,,,,,,Yes,,,,56,Leaside-Bennington,56,Leaside-Bennington (56),D53,631004.4582,4840169.389
17586,81658165,2000368462,25/02/2022,2022,2216,BAYVIEW AV,DAVISVILLE AV,5 m West of,Major Arterial,North York,43.702994,-79.374103,Intersection Related,Traffic Signal,Snow,"Dark, artificial",Wet,Non-Fatal Injury,Pedestrian Collisions,Pedestrian,45 to 49,Major,,North,,,,,Vehicle turns left while ped crosses with ROW at inter.,Crossing with right of way,Normal,,,,Yes,,Yes,,,,,,,Yes,,,,56,Leaside-Bennington,56,Leaside-Bennington (56),D53,631004.4582,4840169.389
17587,81646749,2000370303,26/02/2022,2022,813,BURNHAMTHORPE RD,HIGHWAY 427 C N,40 m West of,Major Arterial,Etobicoke York,43.645625,-79.562526,Overpass or Bridge,No Control,Clear,Daylight,Dry,Non-Fatal Injury,Cyclist Collisions,Driver,unknown,None,,East,"Automobile, Station Wagon",Going Ahead,Other,Unknown,,,,,,,,Yes,Yes,,,,,,,,,,,158,Islington,14,Islington-City Centre West (14),D22,615932.8168,4833517.325
17588,81646750,2000370303,26/02/2022,2022,813,BURNHAMTHORPE RD,HIGHWAY 427 C N,40 m West of,Major Arterial,Etobicoke York,43.645625,-79.562526,Overpass or Bridge,No Control,Clear,Daylight,Dry,Non-Fatal Injury,Cyclist Collisions,Cyclist,60 to 64,Major,,East,Bicycle,Going Ahead,,,,,,Cyclist and Driver travelling in same direction. One vehicle sideswipes the other.,Driving Properly,Normal,,Yes,Yes,,,,,,,,,,,158,Islington,14,Islington-City Centre West (14),D22,615932.8168,4833517.325
17589,81647440,2000372294,26/02/2022,2022,1430,THE QUEENSWAY,SHERWAY GARDENS RD,,Major Arterial,Etobicoke York,43.614997,-79.552219,At Intersection,Traffic Signal,Clear,Daylight,Dry,Non-Fatal Injury,Pedestrian Collisions,Driver,40 to 44,None,,North,"Automobile, Station Wagon",Turning Right,Failed to Yield Right of Way,Inattentive,,,,,,,Yes,,Yes,,,,,,,Yes,,,,159,Etobicoke City Centre,14,Islington-City Centre West (14),D22,616823.4077,4830130.158
17590,81647441,2000372294,26/02/2022,2022,1430,THE QUEENSWAY,SHERWAY GARDENS RD,,Major Arterial,Etobicoke York,43.614997,-79.552219,At Intersection,Traffic Signal,Clear,Daylight,Dry,Non-Fatal Injury,Pedestrian Collisions,Pedestrian,65 to 69,Major,,North,,,,,Vehicle turns right while ped crosses with ROW at inter.,Crossing with right of way,Normal,,,,Yes,,Yes,,,,,,,Yes,,,,159,Etobicoke City Centre,14,Islington-City Centre West (14),D22,616823.4077,4830130.158
17591,81615833,2000375775,27/02/2022,2022,348,YORE RD,KEELE ST,,Major Arterial,,43.691695,-79.474223,Intersection Related,No Control,Clear,"Dark, artificial",Dry,Fatal,SMV Other,Driver,20 to 24,Fatal,6,West,"Automobile, Station Wagon",Going Ahead,Lost control,Unknown,,,,,,,,,Yes,,,,,,,,,,,112,Beechborough-Greenbrook,112,Beechborough-Greenbrook (112),D12,622960.4428,4838761.144
17592,81616019,2000383216,28/02/2022,2022,1050,FINCH AVE E,MCCOWAN RD,,Major Arterial,Scarborough,43.807955,-79.266467,At Intersection,Traffic Signal,Clear,Daylight,Dry,Fatal,Pedestrian Collisions,Pedestrian,45 to 49,Fatal,7,East,,,,,Vehicle turns right while ped crosses with ROW at inter.,Crossing with right of way,Normal,,,,Yes,,,,,Yes,,,,,,,,129,Agincourt North,129,Agincourt North (129),D42,639433.1825,4852002.633
17593,81616020,2000383216,28/02/2022,2022,1050,FINCH AVE E,MCCOWAN RD,,Major Arterial,Scarborough,43.807955,-79.266467,At Intersection,Traffic Signal,Clear,Daylight,Dry,Fatal,Pedestrian Collisions,Driver,45 to 49,None,,East,Municipal Transit Bus (TTC),Turning Right,Improper Turn,Normal,,,,,,,Yes,,,,,Yes,,,,,,,,129,Agincourt North,129,Agincourt North (129),D42,639433.1825,4852002.633
17594,81650754,2000415804,05/03/2022,2022,120,BRIMORTON DR,MCCOWAN RD,37 m West of,Collector,Scarborough,43.765364,-79.248927,Intersection Related,Traffic Signal,Clear,"Dark, artificial",Dry,Non-Fatal Injury,SMV Other,Driver,20 to 24,Major,,West,"Automobile, Station Wagon",Going Ahead,Lost control,Inattentive,,,,,,,,,Yes,,,,,Yes,Yes,Yes,,,,142,Woburn North,137,Woburn (137),D43,640944.0629,4847301.933
17595,81650755,2000415804,05/03/2022,2022,120,BRIMORTON DR,MCCOWAN RD,37 m West of,Collector,Scarborough,43.765364,-79.248927,Intersection Related,Traffic Signal,Clear,"Dark, artificial",Dry,Non-Fatal Injury,SMV Other,Passenger,20 to 24,None,,,,,,,,,,,,,,,Yes,,,,,Yes,Yes,Yes,,,,142,Woburn North,137,Woburn (137),D43,640944.0629,4847301.933
17596,81631593,2000422292,06/03/2022,2022,240,LAKE SHORE BLVD W,JAMESON AVE,,Major Arterial,,43.633368,-79.43645,Non Intersection,No Control,Clear,Dark,Dry,Fatal,SMV Other,Passenger,15 to 19,Fatal,8,,,,,,,,,,,,,,Yes,,,,,Yes,,,,,,85,South Parkdale,85,South Parkdale (85),D14,626126.6287,4832339.865
17597,81631594,2000422292,06/03/2022,2022,240,LAKE SHORE BLVD W,JAMESON AVE,,Major Arterial,,43.633368,-79.43645,Non Intersection,No Control,Clear,Dark,Dry,Fatal,SMV Other,Driver,30 to 34,Major,,East,"Automobile, Station Wagon",Going Ahead,Lost control,Unknown,,,,,,,,,Yes,,,,,Yes,,,,,,85,South Parkdale,85,South Parkdale (85),D14,626126.6287,4832339.865
17598,81631591,2000425405,06/03/2022,2022,1521,DUNDAS ST E,BOND ST,,Local,Toronto and East York,43.656188,-79.378276,At/Near Private Drive,No Control,Clear,Daylight,Dry,Fatal,Pedestrian Collisions,Vehicle Owner,unknown,,,,,,,,,,,,,,Yes,,Yes,,,,,,,Yes,,,,168,Downtown Yonge East,75,Church-Yonge Corridor (75),D51,630769.8659,4834964.358
17599,81631595,2000425405,06/03/2022,2022,1521,DUNDAS ST E,BOND ST,,Local,Toronto and East York,43.656188,-79.378276,At/Near Private Drive,No Control,Clear,Daylight,Dry,Fatal,Pedestrian Collisions,Pedestrian,45 to 49,Fatal,9,Unknown,,,,,Pedestrian hit on sidewalk or shoulder,On Sidewalk or Shoulder,"Ability Impaired, Alcohol",,,,Yes,,Yes,,,,,,,Yes,,,,168,Downtown Yonge East,75,Church-Yonge Corridor (75),D51,630769.8659,4834964.358
17600,81631596,2000425405,06/03/2022,2022,1521,DUNDAS ST E,BOND ST,,Local,Toronto and East York,43.656188,-79.378276,At/Near Private Drive,No Control,Clear,Daylight,Dry,Fatal,Pedestrian Collisions,Driver,55 to 59,None,,West,"Automobile, Station Wagon",Turning Right,Failed to Yield Right of Way,Inattentive,,,,,,,Yes,,Yes,,,,,,,Yes,,,,168,Downtown Yonge East,75,Church-Yonge Corridor (75),D51,630769.8659,4834964.358
17601,81650997,2000427556,06/03/2022,2022,2233,460 PAPE AVE,,8 m West of ,Minor Arterial,Toronto and East York,43.671691,-79.341853,Non Intersection,No Control,Clear,Dark,Dry,Non-Fatal Injury,Pedestrian Collisions,Driver,45 to 49,None,,South,"Automobile, Station Wagon",Going Ahead,Driving Properly,Normal,,,,,,,Yes,,Yes,,,,,,,Yes,,,,69,Blake-Jones,69,Blake-Jones (69),D55,633672.5021,4836744.223
17602,81650998,2000427556,06/03/2022,2022,2233,460 PAPE AVE,,8 m West of ,Minor Arterial,Toronto and East York,43.671691,-79.341853,Non Intersection,No Control,Clear,Dark,Dry,Non-Fatal Injury,Pedestrian Collisions,Pedestrian,15 to 19,Major,,Unknown,,,,,Pedestrian hit at mid-block,"Crossing, no Traffic Control","Ability Impaired, Alcohol",,,,Yes,,Yes,,,,,,,Yes,,,,69,Blake-Jones,69,Blake-Jones (69),D55,633672.5021,4836744.223
17603,81651459,2000427862,07/03/2022,2022,5,145 STEELES AVE E,,50 m East of,Major Arterial,North York,43.80054,-79.408313,Non Intersection,No Control,Clear,"Dark, artificial",Dry,Non-Fatal Injury,Approaching,Driver,45 to 49,Minor,,East,Pick Up Truck,Going Ahead,Lost control,Had Been Drinking,,,,,,,,,Yes,,,,,Yes,,,,,,50,Newtonbrook East,50,Newtonbrook East (50),D32,628039.8224,4850949.833
17604,81651460,2000427862,07/03/2022,2022,5,145 STEELES AVE E,,50 m East of,Major Arterial,North York,43.80054,-79.408313,Non Intersection,No Control,Clear,"Dark, artificial",Dry,Non-Fatal Injury,Approaching,Driver,65 to 69,Major,,West,Delivery Van,Going Ahead,Driving Properly,Normal,,,,,,,,,Yes,,,,,Yes,,,,,,50,Newtonbrook East,50,Newtonbrook East (50),D32,628039.8224,4850949.833
17605,81651461,2000427862,07/03/2022,2022,5,145 STEELES AVE E,,50 m East of,Major Arterial,North York,43.80054,-79.408313,Non Intersection,No Control,Clear,"Dark, artificial",Dry,Non-Fatal Injury,Approaching,Driver,55 to 59,Minor,,West,"Automobile, Station Wagon",Going Ahead,Driving Properly,Normal,,,,,,,,,Yes,,,,,Yes,,,,,,50,Newtonbrook East,50,Newtonbrook East (50),D32,628039.8224,4850949.833
17606,81651462,2000427862,07/03/2022,2022,5,145 STEELES AVE E,,50 m East of,Major Arterial,North York,43.80054,-79.408313,Non Intersection,No Control,Clear,"Dark, artificial",Dry,Non-Fatal Injury,Approaching,Passenger,25 to 29,Minor,,,,,,,,,,,,,,,Yes,,,,,Yes,,,,,,50,Newtonbrook East,50,Newtonbrook East (50),D32,628039.8224,4850949.833
17607,81703147,2000429734,07/03/2022,2022,930,BATHURST ST,JOICEY BLVD,1 m South of,Major Arterial,North York,43.733817,-79.433131,At Intersection,Traffic Signal,Rain,Daylight,Wet,Non-Fatal Injury,Pedestrian Collisions,Driver,30 to 34,None,,West,Pick Up Truck,Turning Left,Failed to Yield Right of Way,Normal,,,,,,,Yes,,Yes,,,,,,,Yes,,,,39,Bedford Park-Nortown,39,Bedford Park-Nortown (39),D32,626183.5942,4843501.139
17608,81703148,2000429734,07/03/2022,2022,930,BATHURST ST,JOICEY BLVD,1 m South of,Major Arterial,North York,43.733817,-79.433131,At Intersection,Traffic Signal,Rain,Daylight,Wet,Non-Fatal Injury,Pedestrian Collisions,Pedestrian,80 to 84,Major,,East,,,,,Vehicle turns left while ped crosses with ROW at inter.,Crossing with right of way,Normal,,,,Yes,,Yes,,,,,,,Yes,,,,39,Bedford Park-Nortown,39,Bedford Park-Nortown (39),D32,626183.5942,4843501.139
17609,81648995,2000435603,08/03/2022,2022,700,DUNDAS ST W,ANNETTE ST,6 m West of,Minor Arterial,North York,43.664412,-79.458736,At Intersection,Traffic Signal,Clear,Daylight,Dry,Non-Fatal Injury,Rear End,Driver,75 to 79,Major,,South,"Automobile, Station Wagon",Going Ahead,Failed to Yield Right of Way,Inattentive,,,,,,,,,Yes,,,,,,,Yes,,,,90,Junction Area,90,Junction Area (90),D11,624264.8374,4835754.082
17610,81648996,2000435603,08/03/2022,2022,700,DUNDAS ST W,ANNETTE ST,6 m West of,Minor Arterial,North York,43.664412,-79.458736,At Intersection,Traffic Signal,Clear,Daylight,Dry,Non-Fatal Injury,Rear End,Driver,65 to 69,Minor,,South,"Automobile, Station Wagon",Stopped,Driving Properly,Normal,,,,,,,,,Yes,,,,,,,Yes,,,,90,Junction Area,90,Junction Area (90),D11,624264.8374,4835754.082
17611,81648997,2000435603,08/03/2022,2022,700,DUNDAS ST W,ANNETTE ST,6 m West of,Minor Arterial,North York,43.664412,-79.458736,At Intersection,Traffic Signal,Clear,Daylight,Dry,Non-Fatal Injury,Rear End,Driver,unknown,None,,South,"Automobile, Station Wagon",Stopped,Driving Properly,Normal,,,,,,,,,Yes,,,,,,,Yes,,,,90,Junction Area,90,Junction Area (90),D11,624264.8374,4835754.082
17612,81646403,2000444231,09/03/2022,2022,1100,DANFORTH AVE,WOODBINE AVE,10 m West of,Major Arterial,Toronto and East York,43.685603,-79.31274,Intersection Related,Traffic Signal,Clear,Daylight,Dry,Non-Fatal Injury,Rear End,Truck Driver,45 to 49,Minimal,,West,Truck - Dump,Slowing or Stopping,Lost control,Inattentive,,,,,,,,,Yes,,Yes,,,,,,,,,62,East End-Danforth,62,East End-Danforth (62),D55,635988.058,4838336.67
17613,81646404,2000444231,09/03/2022,2022,1100,DANFORTH AVE,WOODBINE AVE,10 m West of,Major Arterial,Toronto and East York,43.685603,-79.31274,Intersection Related,Traffic Signal,Clear,Daylight,Dry,Non-Fatal Injury,Rear End,Driver,45 to 49,Major,,West,"Automobile, Station Wagon",Slowing or Stopping,Driving Properly,Normal,,,,,,,,,Yes,,Yes,,,,,,,,,62,East End-Danforth,62,East End-Danforth (62),D55,635988.058,4838336.67
17614,81647572,2000444865,09/03/2022,2022,1251,WILSON AVENUE,CLAYSON ROAD,,Major Arterial,North York,43.717593,-79.522998,At Intersection,Traffic Signal,Clear,Daylight,Dry,Non-Fatal Injury,Turning Movement,Driver,70 to 74,Minimal,,East,"Automobile, Station Wagon",Turning Left,Failed to Yield Right of Way,Inattentive,,,,,,,,,Yes,Yes,,,,,Yes,Yes,Yes,,,154,Oakdale-Beverley Heights,26,Downsview-Roding-CFB (26),D31,618978.452,4841566.305
17615,81647573,2000444865,09/03/2022,2022,1251,WILSON AVENUE,CLAYSON ROAD,,Major Arterial,North York,43.717593,-79.522998,At Intersection,Traffic Signal,Clear,Daylight,Dry,Non-Fatal Injury,Turning Movement,Motorcycle Driver,20 to 24,Major,,West,Motorcycle,Going Ahead,Disobeyed Traffic Control,Unknown,,,,,,,,,Yes,Yes,,,,,Yes,Yes,Yes,,,154,Oakdale-Beverley Heights,26,Downsview-Roding-CFB (26),D31,618978.452,4841566.305
17616,81650634,2000459968,11/03/2022,2022,1445,MARKHAM RD,NASHDENE RD,,Major Arterial,Scarborough,43.820166,-79.24615,At Intersection,Traffic Signal,Clear,Daylight,Dry,Non-Fatal Injury,Pedestrian Collisions,Truck Driver,50 to 54,None,,North,Truck-Tractor,Going Ahead,Driving Properly,Normal,,,,,,,Yes,,,,Yes,,,,,,,,,144,Morningside Heights,131,Rouge (131),D42,641038.6066,4853393.303
17617,81650635,2000459968,11/03/2022,2022,1445,MARKHAM RD,NASHDENE RD,,Major Arterial,Scarborough,43.820166,-79.24615,At Intersection,Traffic Signal,Clear,Daylight,Dry,Non-Fatal Injury,Pedestrian Collisions,Pedestrian,20 to 24,Major,,Unknown,,,,,Other / Undefined,Other,Medical or Physical Disability,,,,Yes,,,,Yes,,,,,,,,,144,Morningside Heights,131,Rouge (131),D42,641038.6066,4853393.303
17618,81649277,2000469670,13/03/2022,2022,324,RATHBURN RD,CENTENNIAL PARK ROAD,36 m West of,Minor Arterial,Etobicoke York,43.65053,-79.581714,Non Intersection,No Control,Clear,"Dark, artificial",Dry,Non-Fatal Injury,SMV Other,Driver,35 to 39,Major,,West,"Automobile, Station Wagon",Going Ahead,Lost control,"Ability Impaired, Alcohol",,,,,,,,,Yes,,,,,,Yes,Yes,,Yes,,11,Eringate-Centennial-West Deane,11,Eringate-Centennial-West Deane (11),D22,614375.9764,4834035.463
17619,81649079,2000495169,16/03/2022,2022,1945,15 THORNCLIFFE PARK DR,,10 m East of,Collector,North York,43.703654,-79.347598,Non Intersection,No Control,"Fog, Mist, Smoke, Dust","Dark, artificial",Dry,Non-Fatal Injury,Pedestrian Collisions,Driver,20 to 24,None,,West,"Automobile, Station Wagon",Turning Left,Failed to Yield Right of Way,Inattentive,,,,,,,Yes,,Yes,,,,,,,Yes,,,,55,Thorncliffe Park,55,Thorncliffe Park (55),D53,633138.6244,4840284.916
17620,81649080,2000495169,16/03/2022,2022,1945,15 THORNCLIFFE PARK DR,,10 m East of,Collector,North York,43.703654,-79.347598,Non Intersection,No Control,"Fog, Mist, Smoke, Dust","Dark, artificial",Dry,Non-Fatal Injury,Pedestrian Collisions,Pedestrian,75 to 79,Major,,,,,,,Pedestrian hit at mid-block,"Crossing, no Traffic Control",Normal,,,,Yes,,Yes,,,,,,,Yes,,,,55,Thorncliffe Park,55,Thorncliffe Park (55),D53,633138.6244,4840284.916
17621,81648744,2000518219,20/03/2022,2022,252,BATHURST ST,NIAGARA ST,,Major Arterial,Toronto and East York,43.641841,-79.401851,At Intersection,Traffic Signal,Rain,"Dark, artificial",Wet,Non-Fatal Injury,Pedestrian Collisions,Driver,30 to 34,None,,South,Pick Up Truck,Turning Left,Failed to Yield Right of Way,Had Been Drinking,,,,,,,Yes,,Yes,,,,,Yes,,Yes,,,,164,Wellington Place,77,Waterfront Communities-The Island (77),D14,628899.5306,4833334.052
17622,81648745,2000518219,20/03/2022,2022,252,BATHURST ST,NIAGARA ST,,Major Arterial,Toronto and East York,43.641841,-79.401851,At Intersection,Traffic Signal,Rain,"Dark, artificial",Wet,Non-Fatal Injury,Pedestrian Collisions,Pedestrian,25 to 29,Major,,North,,,,,Vehicle turns left while ped crosses with ROW at inter.,Crossing with right of way,Normal,,,,Yes,,Yes,,,,,Yes,,Yes,,,,164,Wellington Place,77,Waterfront Communities-The Island (77),D14,628899.5306,4833334.052