OBJECTID,INDEX,ACCNUM,DATE,ACCIDENT_YEAR,TIME,STREET1,STREET2,OFFSET,ROAD_CLASS,DISTRICT,LATITUDE,LONGITUDE,ACCLOC,TRAFFCTL,VISIBILITY,LIGHT,RDSFCOND,ACCLASS,IMPACTYPE,INVTYPE,INVAGE,INJURY,FATAL_NO,INITDIR,VEHTYPE,MANOEUVER,DRIVACT,DRIVCOND,PEDTYPE,PEDACT,PEDCOND,CYCLISTYPE,CYCACT,CYCCOND,PEDESTRIAN,CYCLIST,AUTOMOBILE,MOTORCYCLE,TRUCK,TRSN_CITY_VEH,EMERG_VEH,PASSENGER,SPEEDING,AG_DRIV,REDLIGHT,ALCOHOL,DISABILITY,HOOD_158,NEIGHBOURHOOD_158,HOOD_140,NEIGHBOURHOOD_140,DIVISION,x,y
17623,81648746,2000518219,20/03/2022,2022,252,BATHURST ST,NIAGARA ST,,Major Arterial,Toronto and East York,43.641841,-79.401851,At Intersection,Traffic Signal,Rain,"Dark, artificial",Wet,Non-Fatal Injury,Pedestrian Collisions,Pedestrian,15 to 19,Minimal,,,,,,,,,Normal,,,,Yes,,Yes,,,,,Yes,,Yes,,,,164,Wellington Place,77,Waterfront Communities-The Island (77),D14,628899.5306,4833334.052
17624,81648747,2000518219,20/03/2022,2022,252,BATHURST ST,NIAGARA ST,,Major Arterial,Toronto and East York,43.641841,-79.401851,At Intersection,Traffic Signal,Rain,"Dark, artificial",Wet,Non-Fatal Injury,Pedestrian Collisions,Passenger,30 to 34,None,,,,,,,,,,,,,Yes,,Yes,,,,,Yes,,Yes,,,,164,Wellington Place,77,Waterfront Communities-The Island (77),D14,628899.5306,4833334.052
17625,81648748,2000518219,20/03/2022,2022,252,BATHURST ST,NIAGARA ST,,Major Arterial,Toronto and East York,43.641841,-79.401851,At Intersection,Traffic Signal,Rain,"Dark, artificial",Wet,Non-Fatal Injury,Pedestrian Collisions,Passenger,30 to 34,None,,,,,,,,,,,,,Yes,,Yes,,,,,Yes,,Yes,,,,164,Wellington Place,77,Waterfront Communities-The Island (77),D14,628899.5306,4833334.052
17626,81646589,2000545515,23/03/2022,2022,2330,YONGE ST,PATRICIA AVE,,Major Arterial,North York,43.790183,-79.418094,At Intersection,Traffic Signal,Rain,"Dark, artificial",Wet,Non-Fatal Injury,Turning Movement,Driver,65 to 69,Minimal,,South,"Automobile, Station Wagon",Going Ahead,Disobeyed Traffic Control,Inattentive,,,,,,,,,Yes,,,,,Yes,,Yes,Yes,,,50,Newtonbrook East,50,Newtonbrook East (50),D32,627274.9899,4849784.44
17627,81646590,2000545515,23/03/2022,2022,2330,YONGE ST,PATRICIA AVE,,Major Arterial,North York,43.790183,-79.418094,At Intersection,Traffic Signal,Rain,"Dark, artificial",Wet,Non-Fatal Injury,Turning Movement,Driver,35 to 39,Major,,East,"Automobile, Station Wagon",Turning Left,Driving Properly,Normal,,,,,,,,,Yes,,,,,Yes,,Yes,Yes,,,50,Newtonbrook East,50,Newtonbrook East (50),D32,627274.9899,4849784.44
17628,81646591,2000545515,23/03/2022,2022,2330,YONGE ST,PATRICIA AVE,,Major Arterial,North York,43.790183,-79.418094,At Intersection,Traffic Signal,Rain,"Dark, artificial",Wet,Non-Fatal Injury,Turning Movement,Passenger,20 to 24,None,,,,,,,,,,,,,,,Yes,,,,,Yes,,Yes,Yes,,,50,Newtonbrook East,50,Newtonbrook East (50),D32,627274.9899,4849784.44
17629,81709694,2000584749,29/03/2022,2022,1718,WILSON AVE,WENDELL AVE,1 m  of,Major Arterial,Etobicoke York,43.716788,-79.52705,Intersection Related,Traffic Signal,Clear,Daylight,Dry,Non-Fatal Injury,Cyclist Collisions,Driver,15 to 19,None,,East,"Automobile, Station Wagon",Going Ahead,Disobeyed Traffic Control,Inattentive,,,,,,,,Yes,Yes,,,,,,,Yes,Yes,,,154,Oakdale-Beverley Heights,26,Downsview-Roding-CFB (26),D31,618653.6334,4841471.09
17630,81709695,2000584749,29/03/2022,2022,1718,WILSON AVE,WENDELL AVE,1 m  of,Major Arterial,Etobicoke York,43.716788,-79.52705,Intersection Related,Traffic Signal,Clear,Daylight,Dry,Non-Fatal Injury,Cyclist Collisions,Cyclist,55 to 59,Major,,West,Bicycle,Turning Left,,,,,,,Driving Properly,Normal,,Yes,Yes,,,,,,,Yes,Yes,,,154,Oakdale-Beverley Heights,26,Downsview-Roding-CFB (26),D31,618653.6334,4841471.09
17631,81631590,2000598961,31/03/2022,2022,1736,LAKE SHORE BLVD W,SUPERIOR AVE,,Major Arterial,Etobicoke York,43.614878,-79.48862,At Intersection,Traffic Signal,Clear,Daylight,Dry,Fatal,Pedestrian Collisions,Pedestrian,40 to 44,Fatal,11,South,,,,,Vehicle is going straight thru inter.while ped cross with ROW,Crossing with right of way,Normal,,,,Yes,,Yes,,,,,,,Yes,Yes,,,161,Humber Bay Shores,17,Mimico (includes Humber Bay Shores) (17),D22,621955.5826,4830208.378
17632,81631597,2000598961,31/03/2022,2022,1736,LAKE SHORE BLVD W,SUPERIOR AVE,,Major Arterial,Etobicoke York,43.614878,-79.48862,At Intersection,Traffic Signal,Clear,Daylight,Dry,Fatal,Pedestrian Collisions,Driver,35 to 39,Fatal,12,East,"Automobile, Station Wagon",Going Ahead,Disobeyed Traffic Control,Inattentive,,,,,,,Yes,,Yes,,,,,,,Yes,Yes,,,161,Humber Bay Shores,17,Mimico (includes Humber Bay Shores) (17),D22,621955.5826,4830208.378
17633,81631723,2000598961,31/03/2022,2022,1736,LAKE SHORE BLVD W,SUPERIOR AVE,,Major Arterial,Etobicoke York,43.614878,-79.48862,At Intersection,Traffic Signal,Clear,Daylight,Dry,Fatal,Pedestrian Collisions,Pedestrian,75 to 79,Fatal,10,South,,,,,Vehicle is going straight thru inter.while ped cross with ROW,Crossing with right of way,Normal,,,,Yes,,Yes,,,,,,,Yes,Yes,,,161,Humber Bay Shores,17,Mimico (includes Humber Bay Shores) (17),D22,621955.5826,4830208.378
17634,81679675,2000598961,31/03/2022,2022,1736,LAKE SHORE BLVD W,SUPERIOR AVE,,Major Arterial,Etobicoke York,43.614878,-79.48862,At Intersection,Traffic Signal,Clear,Daylight,Dry,Fatal,Pedestrian Collisions,Other,unknown,None,11,East,Other,Parked,,,,,,,,,Yes,,Yes,,,,,,,Yes,Yes,,,161,Humber Bay Shores,17,Mimico (includes Humber Bay Shores) (17),D22,621955.5826,4830208.378
17635,81679676,2000598961,31/03/2022,2022,1736,LAKE SHORE BLVD W,SUPERIOR AVE,,Major Arterial,Etobicoke York,43.614878,-79.48862,At Intersection,Traffic Signal,Clear,Daylight,Dry,Fatal,Pedestrian Collisions,Other,unknown,None,11,East,"Automobile, Station Wagon",Parked,,,,,,,,,Yes,,Yes,,,,,,,Yes,Yes,,,161,Humber Bay Shores,17,Mimico (includes Humber Bay Shores) (17),D22,621955.5826,4830208.378
17636,81679677,2000598961,31/03/2022,2022,1736,LAKE SHORE BLVD W,SUPERIOR AVE,,Major Arterial,Etobicoke York,43.614878,-79.48862,At Intersection,Traffic Signal,Clear,Daylight,Dry,Fatal,Pedestrian Collisions,Other,unknown,None,11,East,"Automobile, Station Wagon",Parked,,,,,,,,,Yes,,Yes,,,,,,,Yes,Yes,,,161,Humber Bay Shores,17,Mimico (includes Humber Bay Shores) (17),D22,621955.5826,4830208.378
17637,81679678,2000598961,31/03/2022,2022,1736,LAKE SHORE BLVD W,SUPERIOR AVE,,Major Arterial,Etobicoke York,43.614878,-79.48862,At Intersection,Traffic Signal,Clear,Daylight,Dry,Fatal,Pedestrian Collisions,Other,unknown,None,11,East,"Automobile, Station Wagon",Parked,,,,,,,,,Yes,,Yes,,,,,,,Yes,Yes,,,161,Humber Bay Shores,17,Mimico (includes Humber Bay Shores) (17),D22,621955.5826,4830208.378
17638,81631592,2000627947,05/04/2022,2022,125,LANSDOWNE AVE,LAPPIN AVE,,Minor Arterial,Etobicoke York,43.664824,-79.445697,Non Intersection,No Control,Clear,"Dark, artificial",Dry,Fatal,Pedestrian Collisions,Pedestrian,45 to 49,Fatal,13,Unknown,,,,,Pedestrian hit at mid-block,"Crossing, no Traffic Control",Inattentive,,,,Yes,,Yes,,,,,,,,,,,171,Junction-Wallace Emerson,93,Dovercourt-Wallace Emerson-Junction (93),D11,625315.2629,4835819.452
17639,81631722,2000627947,05/04/2022,2022,125,LANSDOWNE AVE,LAPPIN AVE,,Minor Arterial,Etobicoke York,43.664824,-79.445697,Non Intersection,No Control,Clear,"Dark, artificial",Dry,Fatal,Pedestrian Collisions,Driver,40 to 44,None,,South,Pick Up Truck,Going Ahead,Driving Properly,Normal,,,,,,,Yes,,Yes,,,,,,,,,,,171,Junction-Wallace Emerson,93,Dovercourt-Wallace Emerson-Junction (93),D11,625315.2629,4835819.452
17640,81631725,2000630643,05/04/2022,2022,1230,FINCH AVE W,400 S FINCH E RAMP,,Major Arterial,Etobicoke York,43.753958,-79.532718,Non Intersection,No Control,Clear,Daylight,Dry,Fatal,Pedestrian Collisions,Driver,35 to 39,None,,West,Truck-Tractor,Going Ahead,Driving Properly,Normal,,,,,,,Yes,,,,Yes,,,,,,,,,22,Humbermede,22,Humbermede (22),D31,618123.9402,4845591.251
17641,81636142,2000630643,05/04/2022,2022,1230,FINCH AVE W,400 S FINCH E RAMP,,Major Arterial,Etobicoke York,43.753958,-79.532718,Non Intersection,No Control,Clear,Daylight,Dry,Fatal,Pedestrian Collisions,Pedestrian,60 to 64,Fatal,14,West,,,,,Pedestrian hit at mid-block,Walking on Roadway with Traffic,Inattentive,,,,Yes,,,,Yes,,,,,,,,,22,Humbermede,22,Humbermede (22),D31,618123.9402,4845591.251
17642,81656910,2000662470,09/04/2022,2022,2338,KNIGHTON DR,WYNDCLIFF CR,,Local,North York,43.737357,-79.31544,At Intersection,Stop Sign,Clear,"Dark, artificial",Dry,Non-Fatal Injury,SMV Other,Motorcycle Driver,15 to 19,Major,,South,Motorcycle,Turning Left,Lost control,Normal,,,,,,,,,,Yes,,,,,,,,,,43,Victoria Village,43,Victoria Village (43),D33,635653.6275,4844080.272
17643,81687942,2000673769,11/04/2022,2022,1607,22 BENTON RD,,2 m South of,Collector,,43.708949,-79.471324,At/Near Private Drive,No Control,Clear,Daylight,Dry,Non-Fatal Injury,SMV Other,Driver,15 to 19,Major,,North,"Automobile, Station Wagon",Reversing,Other,Other,,,,,,,,,Yes,,,,,,,,,,,30,Brookhaven-Amesbury,30,Brookhaven-Amesbury (30),D12,623158.7399,4840681.741
17644,81663977,2000677048,12/04/2022,2022,556,DANFORTH RD,MACKINAC CR,3 m South of,Major Arterial,Scarborough,43.749533,-79.244441,Intersection Related,No Control,Clear,Dark,Dry,Non-Fatal Injury,Approaching,Driver,25 to 29,Minor,,South,"Automobile, Station Wagon",Going Ahead,Lost control,Unknown,,,,,,,,,Yes,,,,,,,,,,,157,Bendale South,127,Bendale (127),D43,641342.4171,4845551.302
17645,81663978,2000677048,12/04/2022,2022,556,DANFORTH RD,MACKINAC CR,3 m South of,Major Arterial,Scarborough,43.749533,-79.244441,Intersection Related,No Control,Clear,Dark,Dry,Non-Fatal Injury,Approaching,Driver,35 to 39,Major,,North,"Automobile, Station Wagon",Going Ahead,Driving Properly,Normal,,,,,,,,,Yes,,,,,,,,,,,157,Bendale South,127,Bendale (127),D43,641342.4171,4845551.302
17646,81636141,2000692125,14/04/2022,2022,316,SPADINA AVE,KING ST W,,Major Arterial,Toronto and East York,43.644992,-79.394862,Non Intersection,No Control,Rain,"Dark, artificial",Wet,Fatal,Pedestrian Collisions,Pedestrian,30 to 34,Fatal,16,East,,,,,Pedestrian hit at mid-block,"Crossing, no Traffic Control",Normal,,,,Yes,,Yes,,,,,,Yes,Yes,,,,164,Wellington Place,77,Waterfront Communities-The Island (77),D14,629456.4697,4833694.89
17647,81636143,2000692125,14/04/2022,2022,316,SPADINA AVE,KING ST W,,Major Arterial,Toronto and East York,43.644992,-79.394862,Non Intersection,No Control,Rain,"Dark, artificial",Wet,Fatal,Pedestrian Collisions,Driver,unknown,None,,South,"Automobile, Station Wagon",Going Ahead,Exceeding Speed Limit,Unknown,,,,,,,Yes,,Yes,,,,,,Yes,Yes,,,,164,Wellington Place,77,Waterfront Communities-The Island (77),D14,629456.4697,4833694.89
17648,81664171,2000697983,14/04/2022,2022,2042,CALEDONIA RD,KITCHENER AVE,,Minor Arterial,,43.688998,-79.460521,At Intersection,Traffic Signal,Clear,"Dark, artificial",Dry,Non-Fatal Injury,Cyclist Collisions,Driver,55 to 59,None,,North,"Automobile, Station Wagon",Turning Left,Improper Turn,Normal,,,,,,,,Yes,Yes,,,,,Yes,,,,,,109,Caledonia-Fairbank,109,Caledonia-Fairbank (109),D13,624070.2402,4838482.014
17649,81664172,2000697983,14/04/2022,2022,2042,CALEDONIA RD,KITCHENER AVE,,Minor Arterial,,43.688998,-79.460521,At Intersection,Traffic Signal,Clear,"Dark, artificial",Dry,Non-Fatal Injury,Cyclist Collisions,Cyclist,20 to 24,Major,,South,Bicycle,Going Ahead,,,,,,Motorist turned left across cyclists path.,Driving Properly,Normal,,Yes,Yes,,,,,Yes,,,,,,109,Caledonia-Fairbank,109,Caledonia-Fairbank (109),D13,624070.2402,4838482.014
17650,81664173,2000697983,14/04/2022,2022,2042,CALEDONIA RD,KITCHENER AVE,,Minor Arterial,,43.688998,-79.460521,At Intersection,Traffic Signal,Clear,"Dark, artificial",Dry,Non-Fatal Injury,Cyclist Collisions,Cyclist Passenger,15 to 19,Minor,,,,,,,,,,,,,,Yes,Yes,,,,,Yes,,,,,,109,Caledonia-Fairbank,109,Caledonia-Fairbank (109),D13,624070.2402,4838482.014
17651,81636139,2000699120,15/04/2022,2022,43,DON VALLEY PARKWAY  S,LEASIDE BDGE,,Expressway,Toronto and East York,43.697924,-79.350124,Non Intersection,No Control,Clear,"Dark, artificial",Dry,Fatal,Pedestrian Collisions,Pedestrian,35 to 39,Fatal,15,Unknown,,,,,Other / Undefined,Other,Unknown,,,,Yes,,Yes,,,,,,,,,,,57,Broadview North,57,Broadview North (57),D55,632947.7599,4839644.465
17652,81636140,2000699120,15/04/2022,2022,43,DON VALLEY PARKWAY  S,LEASIDE BDGE,,Expressway,Toronto and East York,43.697924,-79.350124,Non Intersection,No Control,Clear,"Dark, artificial",Dry,Fatal,Pedestrian Collisions,Driver,60 to 64,None,,South,"Automobile, Station Wagon",Going Ahead,Driving Properly,Normal,,,,,,,Yes,,Yes,,,,,,,,,,,57,Broadview North,57,Broadview North (57),D55,632947.7599,4839644.465
17653,81650910,2000699426,15/04/2022,2022,211,665 KENNEDY RD,,,Major Arterial,Scarborough,43.726008,-79.265292,Non Intersection,No Control,Clear,"Dark, artificial",Dry,Non-Fatal Injury,Turning Movement,Driver,25 to 29,None,,South,"Automobile, Station Wagon",Turning Left,Failed to Yield Right of Way,Inattentive,,,,,,,,,Yes,,,,,Yes,,Yes,,,,124,Kennedy Park,124,Kennedy Park (124),D41,639718.3629,4842903.129
17654,81650911,2000699426,15/04/2022,2022,211,665 KENNEDY RD,,,Major Arterial,Scarborough,43.726008,-79.265292,Non Intersection,No Control,Clear,"Dark, artificial",Dry,Non-Fatal Injury,Turning Movement,Driver,60 to 64,Major,,North,"Automobile, Station Wagon",Going Ahead,Driving Properly,Normal,,,,,,,,,Yes,,,,,Yes,,Yes,,,,124,Kennedy Park,124,Kennedy Park (124),D41,639718.3629,4842903.129
17655,81650912,2000699426,15/04/2022,2022,211,665 KENNEDY RD,,,Major Arterial,Scarborough,43.726008,-79.265292,Non Intersection,No Control,Clear,"Dark, artificial",Dry,Non-Fatal Injury,Turning Movement,Passenger,25 to 29,None,,,,,,,,,,,,,,,Yes,,,,,Yes,,Yes,,,,124,Kennedy Park,124,Kennedy Park (124),D41,639718.3629,4842903.129
17656,81651014,2000709624,16/04/2022,2022,1635,GERRARD ST W,ELIZABETH ST,30 m East of,Minor Arterial,Toronto and East York,43.658164,-79.385913,Non Intersection,No Control,Clear,Daylight,Dry,Non-Fatal Injury,Pedestrian Collisions,Driver,35 to 39,None,,West,"Automobile, Station Wagon",Going Ahead,Driving Properly,Normal,,,,,,,Yes,,Yes,,,,,,,,,,,170,Yonge-Bay Corridor,76,Bay Street Corridor (76),D52,630149.7707,4835171.811
17657,81651015,2000709624,16/04/2022,2022,1635,GERRARD ST W,ELIZABETH ST,30 m East of,Minor Arterial,Toronto and East York,43.658164,-79.385913,Non Intersection,No Control,Clear,Daylight,Dry,Non-Fatal Injury,Pedestrian Collisions,Pedestrian,55 to 59,Major,,South,,,,,Pedestrian hit at mid-block,"Crossing, no Traffic Control",Inattentive,,,,Yes,,Yes,,,,,,,,,,,170,Yonge-Bay Corridor,76,Bay Street Corridor (76),D52,630149.7707,4835171.811
17658,81647780,2000718408,18/04/2022,2022,554,MARTIN GROVE RD,GARFELLA DR,5 m South of,Minor Arterial,Etobicoke York,43.744216,-79.595325,At Intersection,Traffic Signal,Clear,"Dark, artificial",Dry,Non-Fatal Injury,Pedestrian Collisions,Driver,25 to 29,None,,West,"Automobile, Station Wagon",Turning Left,Driving Properly,Inattentive,,,,,,,Yes,,Yes,,,,,,,,,,,2,Mount Olive-Silverstone-Jamestown,2,Mount Olive-Silverstone-Jamestown (2),D23,613102.0594,4844421.885
17659,81647781,2000718408,18/04/2022,2022,554,MARTIN GROVE RD,GARFELLA DR,5 m South of,Minor Arterial,Etobicoke York,43.744216,-79.595325,At Intersection,Traffic Signal,Clear,"Dark, artificial",Dry,Non-Fatal Injury,Pedestrian Collisions,Pedestrian,40 to 44,Major,,East,,,,,Vehicle turns left while ped crosses with ROW at inter.,Crossing with right of way,Normal,,,,Yes,,Yes,,,,,,,,,,,2,Mount Olive-Silverstone-Jamestown,2,Mount Olive-Silverstone-Jamestown (2),D23,613102.0594,4844421.885
17660,81648204,2000722938,18/04/2022,2022,2120,KENNEDY RD,STEELES AVE E,,Major Arterial,Scarborough,43.823619,-79.307025,At Intersection,Traffic Signal,Rain,"Dark, artificial",Slush,Non-Fatal Injury,Cyclist Collisions,Cyclist,60 to 64,Major,,East,Bicycle,Going Ahead,,,,,,"Cyclist without ROW rides into path of motorist at inter, lnwy, dwy-Cyclist not turn.",Other,Normal,,Yes,,,Yes,,,,,,,,,130,Milliken,130,Milliken (130),D42,636135.3475,4853674.829
17661,81648205,2000722938,18/04/2022,2022,2120,KENNEDY RD,STEELES AVE E,,Major Arterial,Scarborough,43.823619,-79.307025,At Intersection,Traffic Signal,Rain,"Dark, artificial",Slush,Non-Fatal Injury,Cyclist Collisions,Truck Driver,25 to 29,None,,North,"Truck - Closed (Blazer, etc)",Turning Left,Driving Properly,Normal,,,,,,,,Yes,,,Yes,,,,,,,,,130,Milliken,130,Milliken (130),D42,636135.3475,4853674.829
17662,81651259,2000725125,19/04/2022,2022,837,1491 LAKE SHORE BLVD W,,10 m North o,Major Arterial,,43.636389,-79.444042,Non Intersection,No Control,Clear,Daylight,Dry,Non-Fatal Injury,Rear End,Motorcycle Driver,35 to 39,Major,,East,Motorcycle,Going Ahead,Improper Passing,Normal,,,,,,,,,Yes,Yes,,,,,,Yes,,,,85,South Parkdale,85,South Parkdale (85),D14,625507.911,4832663.878
17663,81651260,2000725125,19/04/2022,2022,837,1491 LAKE SHORE BLVD W,,10 m North o,Major Arterial,,43.636389,-79.444042,Non Intersection,No Control,Clear,Daylight,Dry,Non-Fatal Injury,Rear End,Driver,20 to 24,None,,East,Pick Up Truck,Going Ahead,Driving Properly,Normal,,,,,,,,,Yes,Yes,,,,,,Yes,,,,85,South Parkdale,85,South Parkdale (85),D14,625507.911,4832663.878
17664,81704446,2000729543,19/04/2022,2022,2015,LAKE SHORE BLVD W,LAKE CRES,63 m West of,Major Arterial,Etobicoke York,43.606276,-79.490588,Non Intersection,No Control,Clear,"Dark, artificial",Dry,Non-Fatal Injury,Approaching,Driver,20 to 24,Major,,East,"Automobile, Station Wagon",Going Ahead,Lost control,Unknown,,,,,,,,,Yes,,,,,,Yes,Yes,,,,160,Mimico-Queensway,17,Mimico (includes Humber Bay Shores) (17),D22,621814.144,4829250.134
17665,81704447,2000729543,19/04/2022,2022,2015,LAKE SHORE BLVD W,LAKE CRES,63 m West of,Major Arterial,Etobicoke York,43.606276,-79.490588,Non Intersection,No Control,Clear,"Dark, artificial",Dry,Non-Fatal Injury,Approaching,Driver,30 to 34,Minor,,West,Pick Up Truck,Going Ahead,Driving Properly,Normal,,,,,,,,,Yes,,,,,,Yes,Yes,,,,160,Mimico-Queensway,17,Mimico (includes Humber Bay Shores) (17),D22,621814.144,4829250.134
17666,81749621,2000746819,22/04/2022,2022,1000,SPADINA AV,QUEEN ST W,10 m South o,Major Arterial,Toronto and East York,43.648761,-79.396351,Intersection Related,Traffic Signal,Clear,Daylight,Dry,Non-Fatal Injury,Cyclist Collisions,Truck Driver,50 to 54,None,,South,Truck - Dump,Going Ahead,Improper Passing,Normal,,,,,,,,Yes,,,Yes,,,,,Yes,,,,164,Wellington Place,77,Waterfront Communities-The Island (77),D52,629328.2899,4834111.165
17667,81749622,2000746819,22/04/2022,2022,1000,SPADINA AV,QUEEN ST W,10 m South o,Major Arterial,Toronto and East York,43.648761,-79.396351,Intersection Related,Traffic Signal,Clear,Daylight,Dry,Non-Fatal Injury,Cyclist Collisions,Cyclist,35 to 39,Major,,South,Bicycle,Going Ahead,,,,,,,Driving Properly,Normal,,Yes,,,Yes,,,,,Yes,,,,164,Wellington Place,77,Waterfront Communities-The Island (77),D52,629328.2899,4834111.165
17668,81650985,2000768413,25/04/2022,2022,1345,452 DANFORTH AVE,,30 m West of,Major Arterial,Toronto and East York,43.677825,-79.350108,Non Intersection,No Control,Rain,Daylight,Wet,Non-Fatal Injury,Pedestrian Collisions,Moped Driver,35 to 39,Minimal,,West,Moped,Going Ahead,Speed too Fast For Condition,Inattentive,,,,,,,Yes,Yes,,,,,,,Yes,Yes,,,,68,North Riverdale,68,North Riverdale (68),D55,632993.462,4837412.218
17669,81650986,2000768413,25/04/2022,2022,1345,452 DANFORTH AVE,,30 m West of,Major Arterial,Toronto and East York,43.677825,-79.350108,Non Intersection,No Control,Rain,Daylight,Wet,Non-Fatal Injury,Pedestrian Collisions,Pedestrian,5 to 9,Major,,North,,,,,Pedestrian hit at mid-block,Person Getting on/off Vehicle,Inattentive,,,,Yes,Yes,,,,,,,Yes,Yes,,,,68,North Riverdale,68,North Riverdale (68),D55,632993.462,4837412.218
17670,81751353,2000773802,26/04/2022,2022,1003,WESTON RD,HUMBER BLVD,,Major Arterial,Etobicoke York,43.683356,-79.480282,Intersection Related,No Control,Clear,Daylight,Dry,Non-Fatal Injury,Sideswipe,Motorcycle Driver,30 to 34,Major,,South,Motorcycle,Going Ahead,Failed to Yield Right of Way,Inattentive,,,,,,,,,Yes,Yes,,,,,Yes,Yes,,,,111,Rockcliffe-Smythe,111,Rockcliffe-Smythe (111),D12,622489.1234,4837826.019
17671,81751354,2000773802,26/04/2022,2022,1003,WESTON RD,HUMBER BLVD,,Major Arterial,Etobicoke York,43.683356,-79.480282,Intersection Related,No Control,Clear,Daylight,Dry,Non-Fatal Injury,Sideswipe,Driver,60 to 64,None,,South,"Automobile, Station Wagon",Changing Lanes,Driving Properly,Normal,,,,,,,,,Yes,Yes,,,,,Yes,Yes,,,,111,Rockcliffe-Smythe,111,Rockcliffe-Smythe (111),D12,622489.1234,4837826.019
17672,81751355,2000773802,26/04/2022,2022,1003,WESTON RD,HUMBER BLVD,,Major Arterial,Etobicoke York,43.683356,-79.480282,Intersection Related,No Control,Clear,Daylight,Dry,Non-Fatal Injury,Sideswipe,Driver,60 to 64,None,,West,Passenger Van,Going Ahead,Driving Properly,Normal,,,,,,,,,Yes,Yes,,,,,Yes,Yes,,,,111,Rockcliffe-Smythe,111,Rockcliffe-Smythe (111),D12,622489.1234,4837826.019
17673,81636304,2000774562,26/04/2022,2022,1149,BLUFFWOOD DR,STEELES AVE E,,Major Arterial,North York,43.807639,-79.376056,At Intersection,Traffic Signal,Clear,Daylight,Dry,Fatal,Pedestrian Collisions,Pedestrian,Over 95,Fatal,17,West,,,,,Vehicle turns right while ped crosses with ROW at inter.,Crossing with right of way,Inattentive,,,,Yes,,Yes,,,,,,,,,,,49,Bayview Woods-Steeles,49,Bayview Woods-Steeles (49),D33,630619.2179,4851788.703
17674,81636305,2000774562,26/04/2022,2022,1149,BLUFFWOOD DR,STEELES AVE E,,Major Arterial,North York,43.807639,-79.376056,At Intersection,Traffic Signal,Clear,Daylight,Dry,Fatal,Pedestrian Collisions,Driver,60 to 64,None,,North,"Automobile, Station Wagon",Turning Right,Improper Turn,Inattentive,,,,,,,Yes,,Yes,,,,,,,,,,,49,Bayview Woods-Steeles,49,Bayview Woods-Steeles (49),D33,630619.2179,4851788.703
17675,81646929,2000785196,27/04/2022,2022,2135,MORNINGSIDE AVE,FINCH AVE E,,Minor Arterial,Scarborough,43.819625,-79.221034,At Intersection,Traffic Signal,Clear,"Dark, artificial",Dry,Non-Fatal Injury,Pedestrian Collisions,Driver,25 to 29,None,,South,"Automobile, Station Wagon",Turning Left,Exceeding Speed Limit,Inattentive,,,,,,,Yes,,Yes,,,,,Yes,Yes,Yes,,,,145,Malvern West,132,Malvern (132),D42,643059.6646,4853376.344
17676,81646930,2000785196,27/04/2022,2022,2135,MORNINGSIDE AVE,FINCH AVE E,,Minor Arterial,Scarborough,43.819625,-79.221034,At Intersection,Traffic Signal,Clear,"Dark, artificial",Dry,Non-Fatal Injury,Pedestrian Collisions,Passenger,25 to 29,None,,,,,,,,,,,,,Yes,,Yes,,,,,Yes,Yes,Yes,,,,145,Malvern West,132,Malvern (132),D42,643059.6646,4853376.344
17677,81646931,2000785196,27/04/2022,2022,2135,MORNINGSIDE AVE,FINCH AVE E,,Minor Arterial,Scarborough,43.819625,-79.221034,At Intersection,Traffic Signal,Clear,"Dark, artificial",Dry,Non-Fatal Injury,Pedestrian Collisions,Passenger,25 to 29,None,,,,,,,,,,,,,Yes,,Yes,,,,,Yes,Yes,Yes,,,,145,Malvern West,132,Malvern (132),D42,643059.6646,4853376.344
17678,81646932,2000785196,27/04/2022,2022,2135,MORNINGSIDE AVE,FINCH AVE E,,Minor Arterial,Scarborough,43.819625,-79.221034,At Intersection,Traffic Signal,Clear,"Dark, artificial",Dry,Non-Fatal Injury,Pedestrian Collisions,Pedestrian,20 to 24,Major,,North,,,,,Vehicle turns left while ped crosses with ROW at inter.,Crossing with right of way,Normal,,,,Yes,,Yes,,,,,Yes,Yes,Yes,,,,145,Malvern West,132,Malvern (132),D42,643059.6646,4853376.344
17679,81680421,2000833786,04/05/2022,2022,2315,KEELE ST,TORO RD,,Major Arterial,North York,43.759757,-79.490039,Intersection Related,Traffic Signal,Clear,"Dark, artificial",Dry,Non-Fatal Injury,Cyclist Collisions,Driver,20 to 24,None,,North,"Automobile, Station Wagon",Going Ahead,Other,Unknown,,,,,,,,Yes,Yes,,,,,,,Yes,,,,27,York University Heights,27,York University Heights (27),D31,621548.1098,4846297.065