OBJECTID,INDEX,ACCNUM,DATE,ACCIDENT_YEAR,TIME,STREET1,STREET2,OFFSET,ROAD_CLASS,DISTRICT,LATITUDE,LONGITUDE,ACCLOC,TRAFFCTL,VISIBILITY,LIGHT,RDSFCOND,ACCLASS,IMPACTYPE,INVTYPE,INVAGE,INJURY,FATAL_NO,INITDIR,VEHTYPE,MANOEUVER,DRIVACT,DRIVCOND,PEDTYPE,PEDACT,PEDCOND,CYCLISTYPE,CYCACT,CYCCOND,PEDESTRIAN,CYCLIST,AUTOMOBILE,MOTORCYCLE,TRUCK,TRSN_CITY_VEH,EMERG_VEH,PASSENGER,SPEEDING,AG_DRIV,REDLIGHT,ALCOHOL,DISABILITY,HOOD_158,NEIGHBOURHOOD_158,HOOD_140,NEIGHBOURHOOD_140,DIVISION,x,y
17680,81680422,2000833786,04/05/2022,2022,2315,KEELE ST,TORO RD,,Major Arterial,North York,43.759757,-79.490039,Intersection Related,Traffic Signal,Clear,"Dark, artificial",Dry,Non-Fatal Injury,Cyclist Collisions,Cyclist,40 to 44,Major,,North,Bicycle,Going Ahead,,,,,,Cyclist and Driver travelling in same direction. One vehicle rear-ended the other.,Driving Properly,Unknown,,Yes,Yes,,,,,,,Yes,,,,27,York University Heights,27,York University Heights (27),D31,621548.1098,4846297.065
17681,81651031,2000850476,07/05/2022,2022,935,REINER RD,FAYWOOD BLVD,,Collector,,43.749636,-79.450214,At Intersection,Stop Sign,Clear,Daylight,Dry,Non-Fatal Injury,Pedestrian Collisions,Driver,50 to 54,None,,South,"Automobile, Station Wagon",Turning Left,Failed to Yield Right of Way,Inattentive,,,,,,,Yes,,Yes,,,,,,,Yes,,,,33,Clanton Park,33,Clanton Park (33),D32,624774.9826,4845232.196
17682,81651032,2000850476,07/05/2022,2022,935,REINER RD,FAYWOOD BLVD,,Collector,,43.749636,-79.450214,At Intersection,Stop Sign,Clear,Daylight,Dry,Non-Fatal Injury,Pedestrian Collisions,Pedestrian,70 to 74,Major,,North,,,,,Vehicle turns left while ped crosses with ROW at inter.,Crossing with right of way,Normal,,,,Yes,,Yes,,,,,,,Yes,,,,33,Clanton Park,33,Clanton Park (33),D32,624774.9826,4845232.196
17683,81649335,2000852942,07/05/2022,2022,1630,PARKVIEW AVE,LONGMORE ST,70 m West of,Local,,43.773455,-79.401767,Non Intersection,No Control,Clear,Daylight,Dry,Non-Fatal Injury,SMV Other,Motorcycle Driver,50 to 54,Major,,East,Motorcycle,Going Ahead,Lost control,Normal,,,,,,,,,,Yes,,,,,Yes,Yes,,,,152,East Willowdale,51,Willowdale East (51),D32,628624.4865,4847951.772
17684,81648958,2000860343,08/05/2022,2022,1915,ST CLAIR AVE W,GUNNS RD,2 m West of,Major Arterial,Etobicoke York,43.67171,-79.47108,Intersection Related,Traffic Signal,Clear,Daylight,Dry,Non-Fatal Injury,Turning Movement,Driver,15 to 19,None,,West,"Automobile, Station Wagon",Going Ahead,Other,Inattentive,,,,,,,,,Yes,,,,,Yes,Yes,Yes,Yes,,,90,Junction Area,90,Junction Area (90),D11,623254.652,4836546.206
17685,81648959,2000860343,08/05/2022,2022,1915,ST CLAIR AVE W,GUNNS RD,2 m West of,Major Arterial,Etobicoke York,43.67171,-79.47108,Intersection Related,Traffic Signal,Clear,Daylight,Dry,Non-Fatal Injury,Turning Movement,Driver,25 to 29,Major,,South,"Automobile, Station Wagon",Turning Right,Disobeyed Traffic Control,Inattentive,,,,,,,,,Yes,,,,,Yes,Yes,Yes,Yes,,,90,Junction Area,90,Junction Area (90),D11,623254.652,4836546.206
17686,81648960,2000860343,08/05/2022,2022,1915,ST CLAIR AVE W,GUNNS RD,2 m West of,Major Arterial,Etobicoke York,43.67171,-79.47108,Intersection Related,Traffic Signal,Clear,Daylight,Dry,Non-Fatal Injury,Turning Movement,Driver,35 to 39,None,,South,"Automobile, Station Wagon",Turning Right,Driving Properly,Normal,,,,,,,,,Yes,,,,,Yes,Yes,Yes,Yes,,,90,Junction Area,90,Junction Area (90),D11,623254.652,4836546.206
17687,81648961,2000860343,08/05/2022,2022,1915,ST CLAIR AVE W,GUNNS RD,2 m West of,Major Arterial,Etobicoke York,43.67171,-79.47108,Intersection Related,Traffic Signal,Clear,Daylight,Dry,Non-Fatal Injury,Turning Movement,Passenger,15 to 19,None,,,,,,,,,,,,,,,Yes,,,,,Yes,Yes,Yes,Yes,,,90,Junction Area,90,Junction Area (90),D11,623254.652,4836546.206
17688,81648962,2000860343,08/05/2022,2022,1915,ST CLAIR AVE W,GUNNS RD,2 m West of,Major Arterial,Etobicoke York,43.67171,-79.47108,Intersection Related,Traffic Signal,Clear,Daylight,Dry,Non-Fatal Injury,Turning Movement,Passenger,0 to 4,None,,,,,,,,,,,,,,,Yes,,,,,Yes,Yes,Yes,Yes,,,90,Junction Area,90,Junction Area (90),D11,623254.652,4836546.206
17689,81647585,2000874402,10/05/2022,2022,1632,CONSILIUM PL,PROGRESS AVE,,Minor Arterial,Scarborough,43.776595,-79.250499,At Intersection,Traffic Signal,Clear,Daylight,Dry,Non-Fatal Injury,Turning Movement,Driver,50 to 54,None,,East,"Automobile, Station Wagon",Turning Left,Improper Turn,Inattentive,,,,,,,,,Yes,Yes,,,,,,,,,,142,Woburn North,137,Woburn (137),D43,640791.1742,4848546.637
17690,81647586,2000874402,10/05/2022,2022,1632,CONSILIUM PL,PROGRESS AVE,,Minor Arterial,Scarborough,43.776595,-79.250499,At Intersection,Traffic Signal,Clear,Daylight,Dry,Non-Fatal Injury,Turning Movement,Motorcycle Driver,55 to 59,Major,,West,Motorcycle,Going Ahead,Driving Properly,Normal,,,,,,,,,Yes,Yes,,,,,,,,,,142,Woburn North,137,Woburn (137),D43,640791.1742,4848546.637
17691,81647068,2000874869,10/05/2022,2022,1728,ELLESMERE RD,MIDLAND AVE,,Major Arterial,Scarborough,43.767852,-79.271076,At Intersection,Traffic Signal,Clear,Daylight,Dry,Non-Fatal Injury,Pedestrian Collisions,Driver,55 to 59,None,,East,"Automobile, Station Wagon",Going Ahead,Driving Properly,Inattentive,,,,,,,Yes,,Yes,,,,,,,,,,,156,Bendale-Glen Andrew,127,Bendale (127),D41,639155.4973,4847540.803
17692,81647069,2000874869,10/05/2022,2022,1728,ELLESMERE RD,MIDLAND AVE,,Major Arterial,Scarborough,43.767852,-79.271076,At Intersection,Traffic Signal,Clear,Daylight,Dry,Non-Fatal Injury,Pedestrian Collisions,Pedestrian,10 to 14,Major,,South,,,,,Vehicle is going straight thru inter.while ped cross without ROW,Crossing without right of way,Inattentive,,,,Yes,,Yes,,,,,,,,,,,156,Bendale-Glen Andrew,127,Bendale (127),D41,639155.4973,4847540.803
17693,81648236,2000881205,11/05/2022,2022,1455,NORTH QUEEN ST,NOVA RD,,Minor Arterial,Etobicoke York,43.616034,-79.556918,At Intersection,Traffic Signal,Clear,Daylight,Dry,Non-Fatal Injury,SMV Other,Driver,80 to 84,Major,,East,"Automobile, Station Wagon",Turning Left,Lost control,Unknown,,,,,,,,,Yes,,,,,,,,,,,159,Etobicoke City Centre,14,Islington-City Centre West (14),D22,616442.2346,4830238.729
17694,81640459,2000899254,13/05/2022,2022,2210,SALINAS CRT,ROSELAWN AVE,,Local,Toronto and East York,43.70048,-79.449024,Intersection Related,No Control,Clear,"Dark, artificial",Dry,Fatal,SMV Other,Moped Driver,35 to 39,Fatal,18,East,Motorcycle,Going Ahead,Lost control,Had Been Drinking,,,,,,,,Yes,,Yes,,,,,,,,,,108,Briar Hill-Belgravia,108,Briar Hill-Belgravia (108),D13,624972.9661,4839774.513
17695,81647164,2000905786,14/05/2022,2022,2045,151 CHERRY ST,,12 m South o,Collector,Toronto and East York,43.639537,-79.347293,Non Intersection,No Control,Clear,"Dark, artificial",Loose Sand or Gravel,Non-Fatal Injury,SMV Other,Motorcycle Driver,60 to 64,Minor,,North,Motorcycle,Going Ahead,Lost control,Normal,,,,,,,,,,Yes,,,,Yes,Yes,Yes,,,,70,South Riverdale,70,South Riverdale (70),D51,633305.0781,4833164.342
17696,81647165,2000905786,14/05/2022,2022,2045,151 CHERRY ST,,12 m South o,Collector,Toronto and East York,43.639537,-79.347293,Non Intersection,No Control,Clear,"Dark, artificial",Loose Sand or Gravel,Non-Fatal Injury,SMV Other,Motorcycle Passenger,75 to 79,Major,,,,,,,,,,,,,,,,Yes,,,,Yes,Yes,Yes,,,,70,South Riverdale,70,South Riverdale (70),D51,633305.0781,4833164.342
17697,81703375,2000933204,18/05/2022,2022,1642,WILSON AVE,KEELE ST,,Major Arterial,North York,43.726569,-79.482028,At Intersection,Traffic Signal,Clear,Daylight,Dry,Non-Fatal Injury,Pedestrian Collisions,Driver,70 to 74,None,,West,"Automobile, Station Wagon",Turning Left,Failed to Yield Right of Way,Normal,,,,,,,Yes,,Yes,,,,,,,Yes,,,,155,Downsview,26,Downsview-Roding-CFB (26),D31,622260.5181,4842622.843
17698,81703376,2000933204,18/05/2022,2022,1642,WILSON AVE,KEELE ST,,Major Arterial,North York,43.726569,-79.482028,At Intersection,Traffic Signal,Clear,Daylight,Dry,Non-Fatal Injury,Pedestrian Collisions,Pedestrian,50 to 54,Major,,East,,Going Ahead,,,Vehicle turns left while ped crosses with ROW at inter.,Crossing with right of way,Normal,,,,Yes,,Yes,,,,,,,Yes,,,,155,Downsview,26,Downsview-Roding-CFB (26),D31,622260.5181,4842622.843
17699,81657525,2000945428,20/05/2022,2022,1045,ISLINGTON AVE,PRINCESS MARGARET BLVD,,Major Arterial,,43.675574,-79.537082,At Intersection,Traffic Signal,Clear,Daylight,Dry,Non-Fatal Injury,Angle,Driver,40 to 44,None,,North,Pick Up Truck,Going Ahead,Disobeyed Traffic Control,Inattentive,,,,,,,,,Yes,,,,,,,Yes,Yes,,,9,Edenbridge-Humber Valley,9,Edenbridge-Humber Valley (9),D22,617926.2558,4836879.405
17700,81657526,2000945428,20/05/2022,2022,1045,ISLINGTON AVE,PRINCESS MARGARET BLVD,,Major Arterial,,43.675574,-79.537082,At Intersection,Traffic Signal,Clear,Daylight,Dry,Non-Fatal Injury,Angle,Driver,30 to 34,Major,,West,Off Road - Other,Other,Driving Properly,Normal,,,,,,,,,Yes,,,,,,,Yes,Yes,,,9,Edenbridge-Humber Valley,9,Edenbridge-Humber Valley (9),D22,617926.2558,4836879.405
17701,81648101,2000962188,22/05/2022,2022,1443,DUFFERIN ST,CROATIA ST,,Major Arterial,Toronto and East York,43.658274,-79.434741,At Intersection,Stop Sign,Clear,Daylight,Dry,Non-Fatal Injury,Pedestrian Collisions,Driver,60 to 64,None,,East,"Automobile, Station Wagon",Turning Left,Failed to Yield Right of Way,Inattentive,,,,,,,Yes,,Yes,,,,,Yes,,Yes,,,,83,Dufferin Grove,83,Dufferin Grove (83),D14,626212.32,4835108.596
17702,81648102,2000962188,22/05/2022,2022,1443,DUFFERIN ST,CROATIA ST,,Major Arterial,Toronto and East York,43.658274,-79.434741,At Intersection,Stop Sign,Clear,Daylight,Dry,Non-Fatal Injury,Pedestrian Collisions,Passenger,40 to 44,None,,,,,,,,,,,,,Yes,,Yes,,,,,Yes,,Yes,,,,83,Dufferin Grove,83,Dufferin Grove (83),D14,626212.32,4835108.596
17703,81648103,2000962188,22/05/2022,2022,1443,DUFFERIN ST,CROATIA ST,,Major Arterial,Toronto and East York,43.658274,-79.434741,At Intersection,Stop Sign,Clear,Daylight,Dry,Non-Fatal Injury,Pedestrian Collisions,Pedestrian,65 to 69,Major,,West,,,,,Vehicle turns left while ped crosses without ROW at inter.,Crossing without right of way,Inattentive,,,,Yes,,Yes,,,,,Yes,,Yes,,,,83,Dufferin Grove,83,Dufferin Grove (83),D14,626212.32,4835108.596
17704,81640575,2000963706,22/05/2022,2022,1911,2467 QUEEN ST E,,,Minor Arterial,Toronto and East York,43.673403,-79.283077,At Intersection,Stop Sign,Clear,Daylight,Dry,Fatal,SMV Other,Driver,65 to 69,Fatal,19,South,Pick Up Truck,Going Ahead,Lost control,Unknown,,,,,,,,,Yes,,,,,,,,,,,63,The Beaches,63,The Beaches (63),D55,638406.8845,4837030.761
17705,81645407,2000963706,22/05/2022,2022,1911,2467 QUEEN ST E,,,Minor Arterial,Toronto and East York,43.673403,-79.283077,At Intersection,Stop Sign,Clear,Daylight,Dry,Fatal,SMV Other,Other,unknown,None,,,"Automobile, Station Wagon",Parked,,,,,,,,,,,Yes,,,,,,,,,,,63,The Beaches,63,The Beaches (63),D55,638406.8845,4837030.761
17706,81649920,2000984362,25/05/2022,2022,1656,COLLEGE ST,EUCLID AVE,60 m West of,Major Arterial,Toronto and East York,43.655512,-79.411853,Non Intersection,No Control,Clear,Daylight,Dry,Non-Fatal Injury,Cyclist Collisions,Cyclist,40 to 44,Major,,West,Bicycle,Going Ahead,,,,,,Cyclist and Driver travelling in same direction. One vehicle sideswipes the other.,Driving Properly,Had Been Drinking,,Yes,Yes,,,,,,,,,,,81,Trinity-Bellwoods,81,Trinity-Bellwoods (81),D14,628063.7492,4834836.909
17707,81649921,2000984362,25/05/2022,2022,1656,COLLEGE ST,EUCLID AVE,60 m West of,Major Arterial,Toronto and East York,43.655512,-79.411853,Non Intersection,No Control,Clear,Daylight,Dry,Non-Fatal Injury,Cyclist Collisions,Driver,30 to 34,None,,West,"Automobile, Station Wagon",Going Ahead,Driving Properly,Normal,,,,,,,,Yes,Yes,,,,,,,,,,,81,Trinity-Bellwoods,81,Trinity-Bellwoods (81),D14,628063.7492,4834836.909
17708,81640576,2000986496,25/05/2022,2022,2312,LAKE SHORE BLVD W,BRITISH COLUMBIA RD,,Major Arterial,Toronto and East York,43.630168,-79.426128,Non Intersection,No Control,Clear,"Dark, artificial",Dry,Fatal,Approaching,Driver,20 to 24,Major,,West,"Automobile, Station Wagon",Going Ahead,Lost control,Normal,,,,,,,,,Yes,,,,,,,,,,,163,Fort York-Liberty Village,82,Niagara (82),D14,626966.0181,4832000.2
17709,81645402,2000986496,25/05/2022,2022,2312,LAKE SHORE BLVD W,BRITISH COLUMBIA RD,,Major Arterial,Toronto and East York,43.630168,-79.426128,Non Intersection,No Control,Clear,"Dark, artificial",Dry,Fatal,Approaching,Driver,40 to 44,Fatal,20,East,"Automobile, Station Wagon",Going Ahead,Driving Properly,Normal,,,,,,,,,Yes,,,,,,,,,,,163,Fort York-Liberty Village,82,Niagara (82),D14,626966.0181,4832000.2
17710,81688197,2000988089,26/05/2022,2022,831,STEELES AVE E,MAXOME AVE,,Major Arterial,North York,43.800986,-79.406207,At Intersection,Traffic Signal,Clear,Daylight,Dry,Non-Fatal Injury,Cyclist Collisions,Driver,20 to 24,None,,South,"Automobile, Station Wagon",Turning Left,Improper Turn,Inattentive,,,,,,,,Yes,Yes,,,,,,,,,,,50,Newtonbrook East,50,Newtonbrook East (50),D32,628208.2825,4851002.629
17711,81688198,2000988089,26/05/2022,2022,831,STEELES AVE E,MAXOME AVE,,Major Arterial,North York,43.800986,-79.406207,At Intersection,Traffic Signal,Clear,Daylight,Dry,Non-Fatal Injury,Cyclist Collisions,Cyclist,20 to 24,Major,,North,Bicycle,Going Ahead,,,,,,Motorist turned left across cyclists path.,Driving Properly,Normal,,Yes,Yes,,,,,,,,,,,50,Newtonbrook East,50,Newtonbrook East (50),D32,628208.2825,4851002.629
17712,81650486,2001001629,27/05/2022,2022,2341,6 KEMP SQUARE,,1 m West of,Local,,43.699996,-79.495494,Non Intersection,No Control,Clear,"Dark, artificial",Dry,Non-Fatal Injury,SMV Other,Driver,45 to 49,Major,,South,"Automobile, Station Wagon",Going Ahead,Lost control,"Ability Impaired, Alcohol Over .08",,,,,,,,,Yes,,,,,,,,,Yes,,30,Brookhaven-Amesbury,30,Brookhaven-Amesbury (30),D12,621229.4972,4839651.762
17713,81646953,2001007343,28/05/2022,2022,2015,DON VALLEY PARKWAY  S,LAWRENCE AVE E,50 m North o,Expressway,North York,43.739955,-79.332233,Non Intersection,No Control,Clear,Daylight,Dry,Non-Fatal Injury,Rear End,Motorcycle Driver,40 to 44,Major,,South,Motorcycle,Going Ahead,Following too Close,Inattentive,,,,,,,,,Yes,Yes,,,,,,Yes,,,,42,Banbury-Don Mills,42,Banbury-Don Mills (42),D33,634295.504,4844341.46
17714,81646954,2001007343,28/05/2022,2022,2015,DON VALLEY PARKWAY  S,LAWRENCE AVE E,50 m North o,Expressway,North York,43.739955,-79.332233,Non Intersection,No Control,Clear,Daylight,Dry,Non-Fatal Injury,Rear End,Driver,15 to 19,None,,South,"Automobile, Station Wagon",Slowing or Stopping,Driving Properly,Normal,,,,,,,,,Yes,Yes,,,,,,Yes,,,,42,Banbury-Don Mills,42,Banbury-Don Mills (42),D33,634295.504,4844341.46
17715,81648359,2001020904,30/05/2022,2022,1847,QUEENS QUAY E,MERCHANTS WHARF,19 m South o,Minor Arterial,Toronto and East York,43.645484,-79.364284,At Intersection,No Control,Clear,Daylight,Dry,Non-Fatal Injury,Cyclist Collisions,Driver,50 to 54,None,,East,"Automobile, Station Wagon",Turning Right,Improper Turn,Normal,,,,,,,,Yes,Yes,,,,,,,,,,,166,St Lawrence-East Bayfront-The Islands,77,Waterfront Communities-The Island (77),D51,631921.5749,4833797.685
17716,81648360,2001020904,30/05/2022,2022,1847,QUEENS QUAY E,MERCHANTS WHARF,19 m South o,Minor Arterial,Toronto and East York,43.645484,-79.364284,At Intersection,No Control,Clear,Daylight,Dry,Non-Fatal Injury,Cyclist Collisions,Cyclist,10 to 14,Major,,West,Bicycle,Going Ahead,,,,,,"Motorist turns right at non-signal Inter.(stop, yield, no cont.,and dwy) and strikes cyclist.",Driving Properly,Normal,,Yes,Yes,,,,,,,,,,,166,St Lawrence-East Bayfront-The Islands,77,Waterfront Communities-The Island (77),D51,631921.5749,4833797.685
17717,81705171,2001021476,30/05/2022,2022,2012,THE DONWAY E,GUYTOI CRT,3 m North of,Minor Arterial,North York,43.732337,-79.341464,Intersection Related,No Control,Clear,"Dusk, artificial",Dry,Non-Fatal Injury,Pedestrian Collisions,Driver,30 to 34,None,,East,"Automobile, Station Wagon",Going Ahead,Driving Properly,Normal,,,,,,,Yes,,Yes,,,,,,,,,,,42,Banbury-Don Mills,42,Banbury-Don Mills (42),D33,633569.1146,4843480.447
17718,81705172,2001021476,30/05/2022,2022,2012,THE DONWAY E,GUYTOI CRT,3 m North of,Minor Arterial,North York,43.732337,-79.341464,Intersection Related,No Control,Clear,"Dusk, artificial",Dry,Non-Fatal Injury,Pedestrian Collisions,Pedestrian,20 to 24,Major,,North,,,,,Vehicle is going straight thru inter.while ped cross without ROW,Running onto Roadway,Other,,,,Yes,,Yes,,,,,,,,,,,42,Banbury-Don Mills,42,Banbury-Don Mills (42),D33,633569.1146,4843480.447
17719,81649889,2001027552,31/05/2022,2022,1636,EASTERN AVE,WOODFIELD RD,7 m North of,Minor Arterial,Toronto and East York,43.663516,-79.320537,At Intersection,Stop Sign,Clear,Daylight,Dry,Non-Fatal Injury,Angle,Driver,20 to 24,Minor,,South,"Automobile, Station Wagon",Going Ahead,Disobeyed Traffic Control,Normal,,,,,,,,,Yes,,,,,Yes,,Yes,,,,63,The Beaches,63,The Beaches (63),D55,635409.305,4835870.85
17720,81649890,2001027552,31/05/2022,2022,1636,EASTERN AVE,WOODFIELD RD,7 m North of,Minor Arterial,Toronto and East York,43.663516,-79.320537,At Intersection,Stop Sign,Clear,Daylight,Dry,Non-Fatal Injury,Angle,Driver,25 to 29,Major,,West,"Automobile, Station Wagon",Going Ahead,Driving Properly,Normal,,,,,,,,,Yes,,,,,Yes,,Yes,,,,63,The Beaches,63,The Beaches (63),D55,635409.305,4835870.85
17721,81649891,2001027552,31/05/2022,2022,1636,EASTERN AVE,WOODFIELD RD,7 m North of,Minor Arterial,Toronto and East York,43.663516,-79.320537,At Intersection,Stop Sign,Clear,Daylight,Dry,Non-Fatal Injury,Angle,Passenger,25 to 29,None,,,,,,,,,,,,,,,Yes,,,,,Yes,,Yes,,,,63,The Beaches,63,The Beaches (63),D55,635409.305,4835870.85
17722,81651399,2001048848,03/06/2022,2022,1240,25 RIPLEY AVE,,1 m South of,Local,,43.637358,-79.474689,Non Intersection,No Control,Clear,Daylight,Dry,Non-Fatal Injury,Pedestrian Collisions,Driver,45 to 49,None,,North,Delivery Van,Going Ahead,Other,Inattentive,,,,,,,Yes,,Yes,,,,,,Yes,Yes,,,,87,High Park-Swansea,87,High Park-Swansea (87),D11,623033.8379,4832725.616
17723,81651400,2001048848,03/06/2022,2022,1240,25 RIPLEY AVE,,1 m South of,Local,,43.637358,-79.474689,Non Intersection,No Control,Clear,Daylight,Dry,Non-Fatal Injury,Pedestrian Collisions,Pedestrian,30 to 34,Major,,,,,,,Pedestrian hit at mid-block,Pushing/Working on Vehicle,Normal,,,,Yes,,Yes,,,,,,Yes,Yes,,,,87,High Park-Swansea,87,High Park-Swansea (87),D11,623033.8379,4832725.616
17724,81665345,2001049162,03/06/2022,2022,1443,GERRARD ST E,NORMANDY BLVD,,Minor Arterial,,43.679259,-79.313381,At Intersection,No Control,Clear,Daylight,Dry,Non-Fatal Injury,Turning Movement,Driver,60 to 64,None,,West,"Automobile, Station Wagon",Turning Left,Improper Turn,Unknown,,,,,,,,,Yes,Yes,,,,,,,,,,64,Woodbine Corridor,64,Woodbine Corridor (64),D55,635950.7239,4837631.03
17725,81665346,2001049162,03/06/2022,2022,1443,GERRARD ST E,NORMANDY BLVD,,Minor Arterial,,43.679259,-79.313381,At Intersection,No Control,Clear,Daylight,Dry,Non-Fatal Injury,Turning Movement,Motorcycle Driver,45 to 49,Major,,East,Motorcycle,Going Ahead,Driving Properly,Unknown,,,,,,,,,Yes,Yes,,,,,,,,,,64,Woodbine Corridor,64,Woodbine Corridor (64),D55,635950.7239,4837631.03
17726,81647828,2001058259,04/06/2022,2022,1945,MARKHAM RD,STEELES AVE E,,Major Arterial,Scarborough,43.836528,-79.251148,At Intersection,Traffic Signal,Clear,Daylight,Dry,Non-Fatal Injury,Turning Movement,Driver,25 to 29,None,,South,"Automobile, Station Wagon",Turning Left,Failed to Yield Right of Way,Inattentive,,,,,,,,,Yes,,,,,Yes,,Yes,,,,144,Morningside Heights,131,Rouge (131),D42,640598.2559,4855202.066
17727,81647829,2001058259,04/06/2022,2022,1945,MARKHAM RD,STEELES AVE E,,Major Arterial,Scarborough,43.836528,-79.251148,At Intersection,Traffic Signal,Clear,Daylight,Dry,Non-Fatal Injury,Turning Movement,Driver,60 to 64,Major,,North,Pick Up Truck,Going Ahead,Driving Properly,Normal,,,,,,,,,Yes,,,,,Yes,,Yes,,,,144,Morningside Heights,131,Rouge (131),D42,640598.2559,4855202.066
17728,81647830,2001058259,04/06/2022,2022,1945,MARKHAM RD,STEELES AVE E,,Major Arterial,Scarborough,43.836528,-79.251148,At Intersection,Traffic Signal,Clear,Daylight,Dry,Non-Fatal Injury,Turning Movement,Passenger,45 to 49,Minimal,,,,,,,,,,,,,,,Yes,,,,,Yes,,Yes,,,,144,Morningside Heights,131,Rouge (131),D42,640598.2559,4855202.066
17729,81647831,2001058259,04/06/2022,2022,1945,MARKHAM RD,STEELES AVE E,,Major Arterial,Scarborough,43.836528,-79.251148,At Intersection,Traffic Signal,Clear,Daylight,Dry,Non-Fatal Injury,Turning Movement,Passenger,65 to 69,Minimal,,,,,,,,,,,,,,,Yes,,,,,Yes,,Yes,,,,144,Morningside Heights,131,Rouge (131),D42,640598.2559,4855202.066
17730,81647832,2001058259,04/06/2022,2022,1945,MARKHAM RD,STEELES AVE E,,Major Arterial,Scarborough,43.836528,-79.251148,At Intersection,Traffic Signal,Clear,Daylight,Dry,Non-Fatal Injury,Turning Movement,Passenger,25 to 29,Minimal,,,,,,,,,,,,,,,Yes,,,,,Yes,,Yes,,,,144,Morningside Heights,131,Rouge (131),D42,640598.2559,4855202.066
17731,81647833,2001058259,04/06/2022,2022,1945,MARKHAM RD,STEELES AVE E,,Major Arterial,Scarborough,43.836528,-79.251148,At Intersection,Traffic Signal,Clear,Daylight,Dry,Non-Fatal Injury,Turning Movement,Passenger,60 to 64,Minimal,,,,,,,,,,,,,,,Yes,,,,,Yes,,Yes,,,,144,Morningside Heights,131,Rouge (131),D42,640598.2559,4855202.066
17732,81647834,2001058259,04/06/2022,2022,1945,MARKHAM RD,STEELES AVE E,,Major Arterial,Scarborough,43.836528,-79.251148,At Intersection,Traffic Signal,Clear,Daylight,Dry,Non-Fatal Injury,Turning Movement,Passenger,55 to 59,None,,,,,,,,,,,,,,,Yes,,,,,Yes,,Yes,,,,144,Morningside Heights,131,Rouge (131),D42,640598.2559,4855202.066
17733,81650009,2001063847,05/06/2022,2022,1625,KING ST W,CLOSE AVE,30 m West of,Major Arterial,Toronto and East York,43.637389,-79.43468,Non Intersection,No Control,Clear,Daylight,Dry,Non-Fatal Injury,Pedestrian Collisions,Driver,30 to 34,Minimal,,East,"Automobile, Station Wagon",Going Ahead,Driving Properly,Normal,,,,,,,Yes,,Yes,,,,,,,,,,,85,South Parkdale,85,South Parkdale (85),D14,626260.9891,4832789.139
17734,81650010,2001063847,05/06/2022,2022,1625,KING ST W,CLOSE AVE,30 m West of,Major Arterial,Toronto and East York,43.637389,-79.43468,Non Intersection,No Control,Clear,Daylight,Dry,Non-Fatal Injury,Pedestrian Collisions,Pedestrian,25 to 29,Major,,South,,,,,Pedestrian hit at mid-block,Running onto Roadway,Inattentive,,,,Yes,,Yes,,,,,,,,,,,85,South Parkdale,85,South Parkdale (85),D14,626260.9891,4832789.139
17735,81649528,2001085402,08/06/2022,2022,1554,DUNDAS ST W,LAKEVIEW AVE,25 m East of,Minor Arterial,Toronto and East York,43.649314,-79.42274,Intersection Related,No Control,Clear,Daylight,Dry,Non-Fatal Injury,Cyclist Collisions,Driver,55 to 59,None,,West,Pick Up Truck,Changing Lanes,Improper Lane Change,Inattentive,,,,,,,,Yes,Yes,,,,,,,,,,,81,Trinity-Bellwoods,81,Trinity-Bellwoods (81),D14,627198.9271,4834131.796
17736,81649529,2001085402,08/06/2022,2022,1554,DUNDAS ST W,LAKEVIEW AVE,25 m East of,Minor Arterial,Toronto and East York,43.649314,-79.42274,Intersection Related,No Control,Clear,Daylight,Dry,Non-Fatal Injury,Cyclist Collisions,Cyclist,55 to 59,Major,,West,Bicycle,Going Ahead,,,,,,Cyclist and Driver travelling in same direction. One vehicle sideswipes the other.,Driving Properly,Normal,,Yes,Yes,,,,,,,,,,,81,Trinity-Bellwoods,81,Trinity-Bellwoods (81),D14,627198.9271,4834131.796
17737,81647223,2001096338,10/06/2022,2022,307,695 MIDLAND AVE,,,Major Arterial,Scarborough,43.726344,-79.254642,Non Intersection,No Control,Clear,"Dark, artificial",Dry,Non-Fatal Injury,SMV Other,Driver,20 to 24,Major,,North,"Automobile, Station Wagon",Going Ahead,Lost control,Had Been Drinking,,,,,,,,,Yes,,,,,,,,,,,124,Kennedy Park,124,Kennedy Park (124),D41,640575.3687,4842958.459
17738,81687575,2001097209,10/06/2022,2022,749,THE WEST MALL,BURNHAMTHORPE RD,,Major Arterial,Etobicoke York,43.64448,-79.567203,At Intersection,Traffic Signal,Clear,Daylight,Dry,Non-Fatal Injury,Turning Movement,Truck Driver,45 to 49,None,,South,Truck (other),Turning Right,Failed to Yield Right of Way,Inattentive,,,,,,,,,,,Yes,,,Yes,,Yes,,,,13,Etobicoke West Mall,13,Etobicoke West Mall (13),D22,615557.8075,4833383.636