OBJECTID,INDEX,ACCNUM,DATE,ACCIDENT_YEAR,TIME,STREET1,STREET2,OFFSET,ROAD_CLASS,DISTRICT,LATITUDE,LONGITUDE,ACCLOC,TRAFFCTL,VISIBILITY,LIGHT,RDSFCOND,ACCLASS,IMPACTYPE,INVTYPE,INVAGE,INJURY,FATAL_NO,INITDIR,VEHTYPE,MANOEUVER,DRIVACT,DRIVCOND,PEDTYPE,PEDACT,PEDCOND,CYCLISTYPE,CYCACT,CYCCOND,PEDESTRIAN,CYCLIST,AUTOMOBILE,MOTORCYCLE,TRUCK,TRSN_CITY_VEH,EMERG_VEH,PASSENGER,SPEEDING,AG_DRIV,REDLIGHT,ALCOHOL,DISABILITY,HOOD_158,NEIGHBOURHOOD_158,HOOD_140,NEIGHBOURHOOD_140,DIVISION,x,y
17739,81687576,2001097209,10/06/2022,2022,749,THE WEST MALL,BURNHAMTHORPE RD,,Major Arterial,Etobicoke York,43.64448,-79.567203,At Intersection,Traffic Signal,Clear,Daylight,Dry,Non-Fatal Injury,Turning Movement,Driver,55 to 59,Major,,South,Other,Going Ahead,Driving Properly,Normal,,,,,,,,,,,Yes,,,Yes,,Yes,,,,13,Etobicoke West Mall,13,Etobicoke West Mall (13),D22,615557.8075,4833383.636
17740,81687577,2001097209,10/06/2022,2022,749,THE WEST MALL,BURNHAMTHORPE RD,,Major Arterial,Etobicoke York,43.64448,-79.567203,At Intersection,Traffic Signal,Clear,Daylight,Dry,Non-Fatal Injury,Turning Movement,Passenger,50 to 54,None,,,,,,,,,,,,,,,,,Yes,,,Yes,,Yes,,,,13,Etobicoke West Mall,13,Etobicoke West Mall (13),D22,615557.8075,4833383.636
17741,81688079,2001105848,11/06/2022,2022,1140,DUFFERIN ST,ORFUS RD,25 m North o,Major Arterial,North York,43.720385,-79.456126,Intersection Related,Traffic Signal,Clear,Daylight,Dry,Non-Fatal Injury,SMV Other,Driver,90 to 94,Major,,South,"Automobile, Station Wagon",Going Ahead,Lost control,Normal,,,,,,,,,Yes,,,,,,,Yes,,,,31,Yorkdale-Glen Park,31,Yorkdale-Glen Park (31),D32,624359.5298,4841974.562
17742,81657670,2001109273,11/06/2022,2022,1236,YONGE ST,ALBERTUS AVE,10 m South o,Major Arterial,North York,43.714495,-79.400012,Intersection Related,No Control,Clear,"Dark, artificial",Dry,Non-Fatal Injury,Pedestrian Collisions,Driver,65 to 69,None,,South,"Automobile, Station Wagon",Going Ahead,Driving Properly,Normal,,,,,,,Yes,,Yes,,,,,,,,,,,99,Mount Pleasant East,99,Mount Pleasant East (99),D53,628892.2005,4841406.122
17743,81657671,2001109273,11/06/2022,2022,1236,YONGE ST,ALBERTUS AVE,10 m South o,Major Arterial,North York,43.714495,-79.400012,Intersection Related,No Control,Clear,"Dark, artificial",Dry,Non-Fatal Injury,Pedestrian Collisions,Pedestrian,20 to 24,Major,,,,,,,Pedestrian hit at mid-block,"Crossing, no Traffic Control",Inattentive,,,,Yes,,Yes,,,,,,,,,,,99,Mount Pleasant East,99,Mount Pleasant East (99),D53,628892.2005,4841406.122
17744,81640574,2001122186,13/06/2022,2022,1815,SHEPPARD AVE W,SENTINEL RD,,Major Arterial,North York,43.743579,-79.491809,At Intersection,Traffic Signal,Clear,Daylight,Dry,Fatal,Turning Movement,Driver,40 to 44,Minor,,East,"Automobile, Station Wagon",Turning Left,Failed to Yield Right of Way,Normal,,,,,,,,,Yes,Yes,,,,,Yes,Yes,,,,155,Downsview,26,Downsview-Roding-CFB (26),D31,621438.3432,4844497.665
17745,81645401,2001122186,13/06/2022,2022,1815,SHEPPARD AVE W,SENTINEL RD,,Major Arterial,North York,43.743579,-79.491809,At Intersection,Traffic Signal,Clear,Daylight,Dry,Fatal,Turning Movement,Motorcycle Driver,35 to 39,Fatal,21,West,Motorcycle,Going Ahead,Speed too Fast For Condition,Other,,,,,,,,,Yes,Yes,,,,,Yes,Yes,,,,155,Downsview,26,Downsview-Roding-CFB (26),D31,621438.3432,4844497.665
17746,81666383,2001126945,14/06/2022,2022,1159,836 BLOOR ST W,,2 m South of,Major Arterial,Toronto and East York,43.662306,-79.423663,Non Intersection,No Control,Clear,Daylight,Dry,Non-Fatal Injury,Pedestrian Collisions,Cyclist,20 to 24,Minimal,,West,Bicycle,Going Ahead,,,,,,Cyclist strikes pedestrian.,Driving Properly,Unknown,Yes,Yes,,,,,,,,,,,,80,Palmerston-Little Italy,80,Palmerston-Little Italy (80),D14,627097.0789,4835573.313
17747,81666384,2001126945,14/06/2022,2022,1159,836 BLOOR ST W,,2 m South of,Major Arterial,Toronto and East York,43.662306,-79.423663,Non Intersection,No Control,Clear,Daylight,Dry,Non-Fatal Injury,Pedestrian Collisions,Pedestrian,75 to 79,Major,,North,,,,,Pedestrian hit at mid-block,"Crossing, no Traffic Control",Inattentive,,,,Yes,Yes,,,,,,,,,,,,80,Palmerston-Little Italy,80,Palmerston-Little Italy (80),D14,627097.0789,4835573.313
17748,81688090,2001127226,14/06/2022,2022,1246,HUMBERLINE DR,HUDDERSFIELD RD,326 m South ,Minor Arterial,Etobicoke York,43.74034,-79.619365,At/Near Private Drive,No Control,Clear,Daylight,Dry,Non-Fatal Injury,Angle,Truck Driver,30 to 34,None,,West,"Truck - Closed (Blazer, etc)",Reversing,Other,Normal,,,,,,,,,Yes,,Yes,,,,,,,,,1,West Humber-Clairville,1,West Humber-Clairville (1),D23,611173.5608,4843958.862
17749,81688091,2001127226,14/06/2022,2022,1246,HUMBERLINE DR,HUDDERSFIELD RD,326 m South ,Minor Arterial,Etobicoke York,43.74034,-79.619365,At/Near Private Drive,No Control,Clear,Daylight,Dry,Non-Fatal Injury,Angle,Driver,80 to 84,Major,,South,"Automobile, Station Wagon",Going Ahead,Driving Properly,Normal,,,,,,,,,Yes,,Yes,,,,,,,,,1,West Humber-Clairville,1,West Humber-Clairville (1),D23,611173.5608,4843958.862
17750,81647935,2001145268,16/06/2022,2022,1930,OVERLEA BLVD,THORNCLIFFE PARK DR,3 m South of,Major Arterial,North York,43.707385,-79.343669,At Intersection,Traffic Signal,Clear,Daylight,Dry,Non-Fatal Injury,Cyclist Collisions,Cyclist,10 to 14,Major,,East,Bicycle,Going Ahead,,,,,,"Cyclist without ROW rides into path of motorist at inter, lnwy, dwy-Cyclist not turn.",Disobeyed Traffic Control,Inattentive,,Yes,Yes,,,,,Yes,,,,,,55,Thorncliffe Park,55,Thorncliffe Park (55),D53,633446.919,4840705.614
17751,81647936,2001145268,16/06/2022,2022,1930,OVERLEA BLVD,THORNCLIFFE PARK DR,3 m South of,Major Arterial,North York,43.707385,-79.343669,At Intersection,Traffic Signal,Clear,Daylight,Dry,Non-Fatal Injury,Cyclist Collisions,Driver,80 to 84,None,,North,"Automobile, Station Wagon",Going Ahead,Driving Properly,Normal,,,,,,,,Yes,Yes,,,,,Yes,,,,,,55,Thorncliffe Park,55,Thorncliffe Park (55),D53,633446.919,4840705.614
17752,81647937,2001145268,16/06/2022,2022,1930,OVERLEA BLVD,THORNCLIFFE PARK DR,3 m South of,Major Arterial,North York,43.707385,-79.343669,At Intersection,Traffic Signal,Clear,Daylight,Dry,Non-Fatal Injury,Cyclist Collisions,Passenger,80 to 84,None,,,,,,,,,,,,,,Yes,Yes,,,,,Yes,,,,,,55,Thorncliffe Park,55,Thorncliffe Park (55),D53,633446.919,4840705.614
17753,81649374,2001153999,17/06/2022,2022,2350,360 ROYAL YORK RD,,31 m North o,Minor Arterial,,43.617835,-79.499057,At/Near Private Drive,No Control,Clear,Dark,Dry,Non-Fatal Injury,Turning Movement,Driver,50 to 54,None,,South,"Automobile, Station Wagon",Turning Left,Failed to Yield Right of Way,Inattentive,,,,,,,,,Yes,Yes,,,,,,Yes,,,,160,Mimico-Queensway,17,Mimico (includes Humber Bay Shores) (17),D22,621107.4613,4830521.514
17754,81649375,2001153999,17/06/2022,2022,2350,360 ROYAL YORK RD,,31 m North o,Minor Arterial,,43.617835,-79.499057,At/Near Private Drive,No Control,Clear,Dark,Dry,Non-Fatal Injury,Turning Movement,Motorcycle Driver,45 to 49,Major,,North,Motorcycle,Going Ahead,Driving Properly,Normal,,,,,,,,,Yes,Yes,,,,,,Yes,,,,160,Mimico-Queensway,17,Mimico (includes Humber Bay Shores) (17),D22,621107.4613,4830521.514
17755,81646621,2001159151,18/06/2022,2022,1855,GAMBLE AVE,PAPE AVE,,Major Arterial,Toronto and East York,43.690329,-79.349132,At Intersection,Stop Sign,Clear,Daylight,Dry,Non-Fatal Injury,Pedestrian Collisions,Driver,60 to 64,None,,East,"Automobile, Station Wagon",Going Ahead,Failed to Yield Right of Way,Inattentive,,,,,,,Yes,,Yes,,,,,,,Yes,,,,58,Old East York,58,Old East York (58),D55,633044.4911,4838802.525
17756,81646622,2001159151,18/06/2022,2022,1855,GAMBLE AVE,PAPE AVE,,Major Arterial,Toronto and East York,43.690329,-79.349132,At Intersection,Stop Sign,Clear,Daylight,Dry,Non-Fatal Injury,Pedestrian Collisions,Pedestrian,60 to 64,Major,,South,,,,,Vehicle is going straight thru inter.while ped cross with ROW,Crossing with right of way,Normal,,,,Yes,,Yes,,,,,,,Yes,,,,58,Old East York,58,Old East York (58),D55,633044.4911,4838802.525
17757,81646430,2001159560,18/06/2022,2022,2015,BRIMLEY RD,EGLINTON AVE E,,Major Arterial,Scarborough,43.736624,-79.24805,At Intersection,Traffic Signal,Clear,Daylight,Dry,Non-Fatal Injury,Pedestrian Collisions,Driver,35 to 39,None,,North,"Automobile, Station Wagon",Turning Left,Improper Turn,Inattentive,,,,,,,Yes,,Yes,,,,,,,,,,,124,Kennedy Park,124,Kennedy Park (124),D41,641082.1697,4844111.411
17758,81646431,2001159560,18/06/2022,2022,2015,BRIMLEY RD,EGLINTON AVE E,,Major Arterial,Scarborough,43.736624,-79.24805,At Intersection,Traffic Signal,Clear,Daylight,Dry,Non-Fatal Injury,Pedestrian Collisions,Pedestrian,25 to 29,Major,,South,,,,,Vehicle turns left while ped crosses with ROW at inter.,Crossing with right of way,Normal,,,,Yes,,Yes,,,,,,,,,,,124,Kennedy Park,124,Kennedy Park (124),D41,641082.1697,4844111.411
17759,81645403,2001166978,20/06/2022,2022,47,MARKHAM RD,BLAKEMANOR BLVD,,Major Arterial,Scarborough,43.749045,-79.221446,Non Intersection,No Control,Clear,"Dark, artificial",Dry,Fatal,Pedestrian Collisions,Pedestrian,30 to 34,Fatal,22,West,,,,,Pedestrian hit at mid-block,Running onto Roadway,Other,,,,Yes,,,,,Yes,,,,,,,,141,Golfdale-Cedarbrae-Woburn,137,Woburn (137),D43,643194.9621,4845536.599
17760,81645404,2001166978,20/06/2022,2022,47,MARKHAM RD,BLAKEMANOR BLVD,,Major Arterial,Scarborough,43.749045,-79.221446,Non Intersection,No Control,Clear,"Dark, artificial",Dry,Fatal,Pedestrian Collisions,Driver,30 to 34,None,,North,Municipal Transit Bus (TTC),Going Ahead,Driving Properly,Normal,,,,,,,Yes,,,,,Yes,,,,,,,,141,Golfdale-Cedarbrae-Woburn,137,Woburn (137),D43,643194.9621,4845536.599
17761,81647604,2001169875,20/06/2022,2022,1235,BRIMLEY RD,BRIMORTON DR,110 m South ,Major Arterial,Scarborough,43.764178,-79.259158,Non Intersection,No Control,Clear,Daylight,Dry,Non-Fatal Injury,SMV Other,Driver,15 to 19,Major,,North,"Automobile, Station Wagon",Going Ahead,Lost control,Unknown,,,,,,,,,Yes,,,,,,Yes,Yes,,,,156,Bendale-Glen Andrew,127,Bendale (127),D41,640123.3281,4847152.846
17762,81645405,2001175617,21/06/2022,2022,906,28 TREMONT CRES,,,Local,North York,43.736521,-79.352756,Non Intersection,No Control,Clear,Daylight,Dry,Fatal,Pedestrian Collisions,Pedestrian,85 to 89,Fatal,23,East,,,,,Vehicle is reversing and hits pedestrian,Walking on Roadway Against Traffic,Normal,,,,Yes,,,,Yes,,,,,,,,,42,Banbury-Don Mills,42,Banbury-Don Mills (42),D33,632650.4729,4843927
17763,81645406,2001175617,21/06/2022,2022,906,28 TREMONT CRES,,,Local,North York,43.736521,-79.352756,Non Intersection,No Control,Clear,Daylight,Dry,Fatal,Pedestrian Collisions,Driver,35 to 39,Minimal,,West,Truck (other),Reversing,Other,Normal,,,,,,,Yes,,,,Yes,,,,,,,,,42,Banbury-Don Mills,42,Banbury-Don Mills (42),D33,632650.4729,4843927
17764,81657206,2001178288,21/06/2022,2022,1530,ADELAIDE ST E,POWER ST,,Major Arterial,North York,43.654006,-79.362697,At Intersection,Stop Sign,Clear,Daylight,Dry,Non-Fatal Injury,Angle,Motorcycle Driver,25 to 29,Major,,East,Motorcycle,Going Ahead,Exceeding Speed Limit,Normal,,,,,,,,,Yes,Yes,,,,,Yes,Yes,,,,73,Moss Park,73,Moss Park (73),D51,632030.8947,4834746.689
17765,81657207,2001178288,21/06/2022,2022,1530,ADELAIDE ST E,POWER ST,,Major Arterial,North York,43.654006,-79.362697,At Intersection,Stop Sign,Clear,Daylight,Dry,Non-Fatal Injury,Angle,Driver,25 to 29,None,,North,"Automobile, Station Wagon",Going Ahead,Driving Properly,Normal,,,,,,,,,Yes,Yes,,,,,Yes,Yes,,,,73,Moss Park,73,Moss Park (73),D51,632030.8947,4834746.689
17766,81708773,2001187840,22/06/2022,2022,2046,WILLIAM R ALLEN RD,SHEPPARD AVE W,400 m South ,Major Arterial,North York,43.750247,-79.46336,Non Intersection,No Control,Clear,"Dark, artificial",Dry,Non-Fatal Injury,SMV Other,Driver,60 to 64,Minimal,,South,"Automobile, Station Wagon",Going Ahead,Failed to Yield Right of Way,Other,,,,,,,,,Yes,,,,,Yes,Yes,Yes,,,,155,Downsview,26,Downsview-Roding-CFB (26),D32,623715.3158,4845280.339
17767,81708774,2001187840,22/06/2022,2022,2046,WILLIAM R ALLEN RD,SHEPPARD AVE W,400 m South ,Major Arterial,North York,43.750247,-79.46336,Non Intersection,No Control,Clear,"Dark, artificial",Dry,Non-Fatal Injury,SMV Other,Passenger,40 to 44,Major,,,,,,,,,,,,,,,Yes,,,,,Yes,Yes,Yes,,,,155,Downsview,26,Downsview-Roding-CFB (26),D32,623715.3158,4845280.339
17768,81645437,2001202991,24/06/2022,2022,2210,1760 Albion Rd,,,Major Arterial,Etobicoke York,43.743365,-79.603,Non Intersection,No Control,Clear,"Dark, artificial",Dry,Fatal,Turning Movement,Motorcycle Driver,60 to 64,Fatal,24,West,"Automobile, Station Wagon",Going Ahead,Driving Properly,Normal,,,,,,,,,Yes,Yes,,,,,,,,,,1,West Humber-Clairville,1,West Humber-Clairville (1),D23,612485.6712,4844316.92
17769,81645439,2001202991,24/06/2022,2022,2210,1760 Albion Rd,,,Major Arterial,Etobicoke York,43.743365,-79.603,Non Intersection,No Control,Clear,"Dark, artificial",Dry,Fatal,Turning Movement,Driver,20 to 24,None,,East,"Automobile, Station Wagon",Turning Left,Improper Turn,Inattentive,,,,,,,,,Yes,Yes,,,,,,,,,,1,West Humber-Clairville,1,West Humber-Clairville (1),D23,612485.6712,4844316.92
17770,81680679,2001212143,26/06/2022,2022,600,SPADINA AVE,QUEEN ST W,50 m South o,Major Arterial,Toronto and East York,43.648482,-79.396251,Non Intersection,No Control,Clear,Daylight,Dry,Non-Fatal Injury,Cyclist Collisions,Driver,unknown,None,,South,"Automobile, Station Wagon",Going Ahead,Other,Other,,,,,,,,Yes,Yes,,,,,,,,,,,164,Wellington Place,77,Waterfront Communities-The Island (77),D52,629336.9535,4834080.334
17771,81680680,2001212143,26/06/2022,2022,600,SPADINA AVE,QUEEN ST W,50 m South o,Major Arterial,Toronto and East York,43.648482,-79.396251,Non Intersection,No Control,Clear,Daylight,Dry,Non-Fatal Injury,Cyclist Collisions,Cyclist,30 to 34,Major,,South,Bicycle,Going Ahead,,,,,,Cyclist and Driver travelling in same direction. One vehicle sideswipes the other.,Other,Other,,Yes,Yes,,,,,,,,,,,164,Wellington Place,77,Waterfront Communities-The Island (77),D52,629336.9535,4834080.334
17772,81657133,2001217698,27/06/2022,2022,238,QUEEN ST W,BELLWOODS AVE,,Major Arterial,Toronto and East York,43.645774,-79.410747,At Intersection,No Control,Clear,"Dark, artificial",Dry,Non-Fatal Injury,Cyclist Collisions,Driver,55 to 59,None,,East,"Automobile, Station Wagon",Turning Left,Failed to Yield Right of Way,Inattentive,,,,,,,,Yes,Yes,,,,,,,Yes,,,,162,West Queen West,82,Niagara (82),D14,628173.6474,4833757.085
17773,81657134,2001217698,27/06/2022,2022,238,QUEEN ST W,BELLWOODS AVE,,Major Arterial,Toronto and East York,43.645774,-79.410747,At Intersection,No Control,Clear,"Dark, artificial",Dry,Non-Fatal Injury,Cyclist Collisions,Cyclist,25 to 29,Major,,West,Bicycle,Going Ahead,,,,,,Motorist turned left across cyclists path.,Driving Properly,Normal,,Yes,Yes,,,,,,,Yes,,,,162,West Queen West,82,Niagara (82),D14,628173.6474,4833757.085
17774,81657297,2001223141,27/06/2022,2022,1956,BAY ST,SCOLLARD ST,7 m West of,Major Arterial,Toronto and East York,43.672064,-79.390491,At Intersection,Traffic Signal,Clear,Daylight,Dry,Non-Fatal Injury,Angle,Driver,55 to 59,Major,,North,Other,Going Ahead,Disobeyed Traffic Control,Normal,,,,,,,,,Yes,,,,,,,Yes,Yes,,,95,Annex,95,Annex (95),D53,629750.6758,4836708.421
17775,81657298,2001223141,27/06/2022,2022,1956,BAY ST,SCOLLARD ST,7 m West of,Major Arterial,Toronto and East York,43.672064,-79.390491,At Intersection,Traffic Signal,Clear,Daylight,Dry,Non-Fatal Injury,Angle,Driver,unknown,None,,West,"Automobile, Station Wagon",Going Ahead,Driving Properly,Normal,,,,,,,,,Yes,,,,,,,Yes,Yes,,,95,Annex,95,Annex (95),D53,629750.6758,4836708.421
17776,81657390,2001244232,30/06/2022,2022,1813,ORTON PARK RD,BRIMORTON DR,53 m South o,Minor Arterial,Scarborough,43.77064,-79.208415,Non Intersection,No Control,Clear,Daylight,Dry,Non-Fatal Injury,SMV Other,Driver,70 to 74,Major,,North,"Automobile, Station Wagon",Going Ahead,Lost control,Medical or Physical Disability,,,,,,,,,Yes,,,,,,Yes,Yes,,,Yes,141,Golfdale-Cedarbrae-Woburn,137,Woburn (137),D43,644192.2392,4847957.67
17777,81657342,2001244804,30/06/2022,2022,1942,575 CENTENNIAL PARK BLVD,,10 m North o,Collector,,43.653765,-79.595409,At/Near Private Drive,No Control,Clear,Daylight,Dry,Non-Fatal Injury,SMV Other,Motorcycle Driver,50 to 54,Major,,North,Motorcycle,Going Ahead,Lost control,Normal,,,,,,,,,,Yes,,,,,Yes,Yes,,,,11,Eringate-Centennial-West Deane,11,Eringate-Centennial-West Deane (11),D22,613265.4705,4834375.968
17778,81645438,2001252821,01/07/2022,2022,2341,WELLINGTON ST W,UNIVERSITY AVE,,Major Arterial,Toronto and East York,43.646311,-79.384059,At Intersection,Traffic Signal,Clear,"Dark, artificial",Wet,Fatal,Pedestrian Collisions,Pedestrian,25 to 29,Fatal,25,Unknown,,,,,Vehicle is going straight thru inter.while ped cross with ROW,Crossing with right of way,Normal,,,,Yes,,Yes,,,,,Yes,,Yes,Yes,Yes,,170,Yonge-Bay Corridor,76,Bay Street Corridor (76),D52,630324.9025,4833858.29
17779,81645444,2001252821,01/07/2022,2022,2341,WELLINGTON ST W,UNIVERSITY AVE,,Major Arterial,Toronto and East York,43.646311,-79.384059,At Intersection,Traffic Signal,Clear,"Dark, artificial",Wet,Fatal,Pedestrian Collisions,Driver,25 to 29,None,,West,"Automobile, Station Wagon",Going Ahead,Disobeyed Traffic Control,"Ability Impaired, Alcohol Over .08",,,,,,,Yes,,Yes,,,,,Yes,,Yes,Yes,Yes,,170,Yonge-Bay Corridor,76,Bay Street Corridor (76),D52,630324.9025,4833858.29
17780,81651482,2001252821,01/07/2022,2022,2341,WELLINGTON ST W,UNIVERSITY AVE,,Major Arterial,Toronto and East York,43.646311,-79.384059,At Intersection,Traffic Signal,Clear,"Dark, artificial",Wet,Fatal,Pedestrian Collisions,Pedestrian,30 to 34,Major,,Unknown,,,,,Pedestrian hit on sidewalk or shoulder,On Sidewalk or Shoulder,Normal,,,,Yes,,Yes,,,,,Yes,,Yes,Yes,Yes,,170,Yonge-Bay Corridor,76,Bay Street Corridor (76),D52,630324.9025,4833858.29
17781,81651483,2001252821,01/07/2022,2022,2341,WELLINGTON ST W,UNIVERSITY AVE,,Major Arterial,Toronto and East York,43.646311,-79.384059,At Intersection,Traffic Signal,Clear,"Dark, artificial",Wet,Fatal,Pedestrian Collisions,Passenger,30 to 34,None,,Unknown,,,,,,,,,,,Yes,,Yes,,,,,Yes,,Yes,Yes,Yes,,170,Yonge-Bay Corridor,76,Bay Street Corridor (76),D52,630324.9025,4833858.29
17782,81651484,2001252821,01/07/2022,2022,2341,WELLINGTON ST W,UNIVERSITY AVE,,Major Arterial,Toronto and East York,43.646311,-79.384059,At Intersection,Traffic Signal,Clear,"Dark, artificial",Wet,Fatal,Pedestrian Collisions,Driver,50 to 54,Minimal,,North,"Automobile, Station Wagon",Going Ahead,Driving Properly,Normal,,,,,,,Yes,,Yes,,,,,Yes,,Yes,Yes,Yes,,170,Yonge-Bay Corridor,76,Bay Street Corridor (76),D52,630324.9025,4833858.29
17783,81651485,2001252821,01/07/2022,2022,2341,WELLINGTON ST W,UNIVERSITY AVE,,Major Arterial,Toronto and East York,43.646311,-79.384059,At Intersection,Traffic Signal,Clear,"Dark, artificial",Wet,Fatal,Pedestrian Collisions,Passenger,30 to 34,Minor,,,,,,,,,,,,,Yes,,Yes,,,,,Yes,,Yes,Yes,Yes,,170,Yonge-Bay Corridor,76,Bay Street Corridor (76),D52,630324.9025,4833858.29
17784,81651486,2001252821,01/07/2022,2022,2341,WELLINGTON ST W,UNIVERSITY AVE,,Major Arterial,Toronto and East York,43.646311,-79.384059,At Intersection,Traffic Signal,Clear,"Dark, artificial",Wet,Fatal,Pedestrian Collisions,Passenger,30 to 34,Minimal,,,,,,,,,,,,,Yes,,Yes,,,,,Yes,,Yes,Yes,Yes,,170,Yonge-Bay Corridor,76,Bay Street Corridor (76),D52,630324.9025,4833858.29
17785,81651487,2001252821,01/07/2022,2022,2341,WELLINGTON ST W,UNIVERSITY AVE,,Major Arterial,Toronto and East York,43.646311,-79.384059,At Intersection,Traffic Signal,Clear,"Dark, artificial",Wet,Fatal,Pedestrian Collisions,Passenger,30 to 34,Minimal,,,,,,,,,,,,,Yes,,Yes,,,,,Yes,,Yes,Yes,Yes,,170,Yonge-Bay Corridor,76,Bay Street Corridor (76),D52,630324.9025,4833858.29
17786,81651488,2001252821,01/07/2022,2022,2341,WELLINGTON ST W,UNIVERSITY AVE,,Major Arterial,Toronto and East York,43.646311,-79.384059,At Intersection,Traffic Signal,Clear,"Dark, artificial",Wet,Fatal,Pedestrian Collisions,Driver,45 to 49,Minimal,,North,"Automobile, Station Wagon",Going Ahead,Driving Properly,Normal,,,,,,,Yes,,Yes,,,,,Yes,,Yes,Yes,Yes,,170,Yonge-Bay Corridor,76,Bay Street Corridor (76),D52,630324.9025,4833858.29
17787,81651489,2001252821,01/07/2022,2022,2341,WELLINGTON ST W,UNIVERSITY AVE,,Major Arterial,Toronto and East York,43.646311,-79.384059,At Intersection,Traffic Signal,Clear,"Dark, artificial",Wet,Fatal,Pedestrian Collisions,Passenger,50 to 54,Minimal,,,,,,,,,,,,,Yes,,Yes,,,,,Yes,,Yes,Yes,Yes,,170,Yonge-Bay Corridor,76,Bay Street Corridor (76),D52,630324.9025,4833858.29
17788,81658183,2001253169,02/07/2022,2022,42,ADELAIDE ST E,YONGE ST,,Major Arterial,Toronto and East York,43.650336,-79.378429,At Intersection,Traffic Signal,Clear,"Dark, artificial",Dry,Non-Fatal Injury,Pedestrian Collisions,Driver,20 to 24,None,,East,"Automobile, Station Wagon",Going Ahead,Exceeding Speed Limit,Normal,,,,,,,Yes,,Yes,,,,,,Yes,Yes,,,,168,Downtown Yonge East,75,Church-Yonge Corridor (75),D51,630770.2294,4834314.175
17789,81658184,2001253169,02/07/2022,2022,42,ADELAIDE ST E,YONGE ST,,Major Arterial,Toronto and East York,43.650336,-79.378429,At Intersection,Traffic Signal,Clear,"Dark, artificial",Dry,Non-Fatal Injury,Pedestrian Collisions,Pedestrian,20 to 24,Major,,South,,,,,Vehicle is going straight thru inter.while ped cross without ROW,Crossing without right of way,Normal,,,,Yes,,Yes,,,,,,Yes,Yes,,,,168,Downtown Yonge East,75,Church-Yonge Corridor (75),D51,630770.2294,4834314.175
17790,81666275,2001257548,02/07/2022,2022,1809,ADELAIDE ST W,PORTLAND ST,8 m East of,Major Arterial,Toronto and East York,43.645659,-79.400592,At Intersection,Traffic Signal,Clear,Daylight,Dry,Non-Fatal Injury,Cyclist Collisions,Truck Driver,45 to 49,None,,North,Truck (other),Turning Right,Failed to Yield Right of Way,Normal,,,,,,,,Yes,,,Yes,,,,,Yes,,,,164,Wellington Place,77,Waterfront Communities-The Island (77),D14,628992.9053,4833760.047
17791,81666276,2001257548,02/07/2022,2022,1809,ADELAIDE ST W,PORTLAND ST,8 m East of,Major Arterial,Toronto and East York,43.645659,-79.400592,At Intersection,Traffic Signal,Clear,Daylight,Dry,Non-Fatal Injury,Cyclist Collisions,Cyclist,15 to 19,Major,,North,Bicycle,Going Ahead,,,,,,Motorist turning right on green or amber at signalized intersection strikes cyclist.,Driving Properly,Normal,,Yes,,,Yes,,,,,Yes,,,,164,Wellington Place,77,Waterfront Communities-The Island (77),D14,628992.9053,4833760.047
17792,81645440,2001265655,03/07/2022,2022,2245,701 WARDEN AVE,,,Minor Arterial,Scarborough,43.710311,-79.280322,Non Intersection,No Control,Clear,"Dusk, artificial",Dry,Fatal,Rear End,Driver,40 to 44,None,,South,"Automobile, Station Wagon",Going Ahead,Driving Properly,Normal,,,,,,,,,Yes,,,,,Yes,,,,,,121,Oakridge,121,Oakridge (121),D41,638543.9632,4841134.516
17793,81645441,2001265655,03/07/2022,2022,2245,701 WARDEN AVE,,,Minor Arterial,Scarborough,43.710311,-79.280322,Non Intersection,No Control,Clear,"Dusk, artificial",Dry,Fatal,Rear End,Driver,55 to 59,Major,,North,"Automobile, Station Wagon",Going Ahead,Driving Properly,Normal,,,,,,,,,Yes,,,,,Yes,,,,,,121,Oakridge,121,Oakridge (121),D41,638543.9632,4841134.516
17794,81645442,2001265655,03/07/2022,2022,2245,701 WARDEN AVE,,,Minor Arterial,Scarborough,43.710311,-79.280322,Non Intersection,No Control,Clear,"Dusk, artificial",Dry,Fatal,Rear End,Passenger,45 to 49,Minor,,,,,,,,,,,,,,,Yes,,,,,Yes,,,,,,121,Oakridge,121,Oakridge (121),D41,638543.9632,4841134.516
17795,81645443,2001265655,03/07/2022,2022,2245,701 WARDEN AVE,,,Minor Arterial,Scarborough,43.710311,-79.280322,Non Intersection,No Control,Clear,"Dusk, artificial",Dry,Fatal,Rear End,Passenger,75 to 79,Major,,,,,,,,,,,,,,,Yes,,,,,Yes,,,,,,121,Oakridge,121,Oakridge (121),D41,638543.9632,4841134.516
17796,81651490,2001265655,03/07/2022,2022,2245,701 WARDEN AVE,,,Minor Arterial,Scarborough,43.710311,-79.280322,Non Intersection,No Control,Clear,"Dusk, artificial",Dry,Fatal,Rear End,Passenger,0 to 4,None,,,,,,,,,,,,,,,Yes,,,,,Yes,,,,,,121,Oakridge,121,Oakridge (121),D41,638543.9632,4841134.516