OBJECTID,INDEX,ACCNUM,DATE,ACCIDENT_YEAR,TIME,STREET1,STREET2,OFFSET,ROAD_CLASS,DISTRICT,LATITUDE,LONGITUDE,ACCLOC,TRAFFCTL,VISIBILITY,LIGHT,RDSFCOND,ACCLASS,IMPACTYPE,INVTYPE,INVAGE,INJURY,FATAL_NO,INITDIR,VEHTYPE,MANOEUVER,DRIVACT,DRIVCOND,PEDTYPE,PEDACT,PEDCOND,CYCLISTYPE,CYCACT,CYCCOND,PEDESTRIAN,CYCLIST,AUTOMOBILE,MOTORCYCLE,TRUCK,TRSN_CITY_VEH,EMERG_VEH,PASSENGER,SPEEDING,AG_DRIV,REDLIGHT,ALCOHOL,DISABILITY,HOOD_158,NEIGHBOURHOOD_158,HOOD_140,NEIGHBOURHOOD_140,DIVISION,x,y
17797,81651491,2001265655,03/07/2022,2022,2245,701 WARDEN AVE,,,Minor Arterial,Scarborough,43.710311,-79.280322,Non Intersection,No Control,Clear,"Dusk, artificial",Dry,Fatal,Rear End,Passenger,5 to 9,None,,,,,,,,,,,,,,,Yes,,,,,Yes,,,,,,121,Oakridge,121,Oakridge (121),D41,638543.9632,4841134.516
17798,81656792,2001265655,03/07/2022,2022,2245,701 WARDEN AVE,,,Minor Arterial,Scarborough,43.710311,-79.280322,Non Intersection,No Control,Clear,"Dusk, artificial",Dry,Fatal,Rear End,Driver,85 to 89,Fatal,26,South,"Automobile, Station Wagon",Going Ahead,Lost control,Unknown,,,,,,,,,Yes,,,,,Yes,,,,,,121,Oakridge,121,Oakridge (121),D41,638543.9632,4841134.516
17799,81664918,2001272860,04/07/2022,2022,2145,LAKE SHORE BV W,ONTARIO PLACE BV,25 m East of,Major Arterial,Toronto and East York,43.632376,-79.410892,Non Intersection,No Control,Clear,"Dark, artificial",Dry,Non-Fatal Injury,Sideswipe,Motorcycle Driver,20 to 24,Major,,East,Motorcycle,Going Ahead,Exceeding Speed Limit,Inattentive,,,,,,,,,Yes,Yes,,,,,Yes,Yes,,,,163,Fort York-Liberty Village,82,Niagara (82),D14,628190.4417,4832268.841
17800,81664919,2001272860,04/07/2022,2022,2145,LAKE SHORE BV W,ONTARIO PLACE BV,25 m East of,Major Arterial,Toronto and East York,43.632376,-79.410892,Non Intersection,No Control,Clear,"Dark, artificial",Dry,Non-Fatal Injury,Sideswipe,Driver,30 to 34,None,,East,Pick Up Truck,Going Ahead,Driving Properly,Normal,,,,,,,,,Yes,Yes,,,,,Yes,Yes,,,,163,Fort York-Liberty Village,82,Niagara (82),D14,628190.4417,4832268.841
17801,81665763,2001286974,06/07/2022,2022,1945,KING ST W,GWYNNE AVE,5 m South of,Major Arterial,Toronto and East York,43.638579,-79.428821,Intersection Related,No Control,Clear,"Dusk, artificial",Dry,Non-Fatal Injury,Pedestrian Collisions,Driver,25 to 29,None,,West,"Automobile, Station Wagon",Going Ahead,Driving Properly,Normal,,,,,,,Yes,,Yes,,,,,,,,,,,85,South Parkdale,85,South Parkdale (85),D14,626731.0875,4832930.233
17802,81665764,2001286974,06/07/2022,2022,1945,KING ST W,GWYNNE AVE,5 m South of,Major Arterial,Toronto and East York,43.638579,-79.428821,Intersection Related,No Control,Clear,"Dusk, artificial",Dry,Non-Fatal Injury,Pedestrian Collisions,Pedestrian,25 to 29,Major,,North,,,,,Vehicle is going straight thru inter.while ped cross without ROW,Crossing without right of way,Inattentive,,,,Yes,,Yes,,,,,,,,,,,85,South Parkdale,85,South Parkdale (85),D14,626731.0875,4832930.233
17803,81703222,2001292860,07/07/2022,2022,1605,KEELE ST,MURRAY ROSS PARKWAY,,Major Arterial,North York,43.767241,-79.492,At Intersection,Traffic Signal,Clear,Daylight,Dry,Non-Fatal Injury,Cyclist Collisions,Truck Driver,55 to 59,None,,West,Truck-Tractor,Turning Right,Improper Turn,Inattentive,,,,,,,,Yes,,,Yes,,,,,,,,,27,York University Heights,27,York University Heights (27),D31,621375.1174,4847125.399
17804,81703223,2001292860,07/07/2022,2022,1605,KEELE ST,MURRAY ROSS PARKWAY,,Major Arterial,North York,43.767241,-79.492,At Intersection,Traffic Signal,Clear,Daylight,Dry,Non-Fatal Injury,Cyclist Collisions,Cyclist,70 to 74,Major,,South,Bicycle,Going Ahead,,,,,,Motorist turning right on red at signalized intersection strikes cyclist.,Driving Properly,Normal,,Yes,,,Yes,,,,,,,,,27,York University Heights,27,York University Heights (27),D31,621375.1174,4847125.399
17805,81664356,2001311462,09/07/2022,2022,2233,DON VALLEY PARKWAY  S,DVP S YORK MILLS E RAMP,30 m North o,Expressway,North York,43.758597,-79.335994,Non Intersection,No Control,Clear,"Dark, artificial",Dry,Non-Fatal Injury,Rear End,Driver,20 to 24,Major,,South,Motorcycle,Going Ahead,Lost control,Unknown,,,,,,,,,Yes,Yes,,,,Yes,Yes,Yes,,,,149,Parkwoods-O'Connor Hills,45,Parkwoods-Donalda (45),D33,633951.0566,4846405.844
17806,81664357,2001311462,09/07/2022,2022,2233,DON VALLEY PARKWAY  S,DVP S YORK MILLS E RAMP,30 m North o,Expressway,North York,43.758597,-79.335994,Non Intersection,No Control,Clear,"Dark, artificial",Dry,Non-Fatal Injury,Rear End,Driver,30 to 34,None,,South,"Automobile, Station Wagon",Slowing or Stopping,Driving Properly,Normal,,,,,,,,,Yes,Yes,,,,Yes,Yes,Yes,,,,149,Parkwoods-O'Connor Hills,45,Parkwoods-Donalda (45),D33,633951.0566,4846405.844
17807,81664358,2001311462,09/07/2022,2022,2233,DON VALLEY PARKWAY  S,DVP S YORK MILLS E RAMP,30 m North o,Expressway,North York,43.758597,-79.335994,Non Intersection,No Control,Clear,"Dark, artificial",Dry,Non-Fatal Injury,Rear End,Passenger,20 to 24,None,,,,,,,,,,,,,,,Yes,Yes,,,,Yes,Yes,Yes,,,,149,Parkwoods-O'Connor Hills,45,Parkwoods-Donalda (45),D33,633951.0566,4846405.844
17808,81664359,2001311462,09/07/2022,2022,2233,DON VALLEY PARKWAY  S,DVP S YORK MILLS E RAMP,30 m North o,Expressway,North York,43.758597,-79.335994,Non Intersection,No Control,Clear,"Dark, artificial",Dry,Non-Fatal Injury,Rear End,Passenger,30 to 34,None,,,,,,,,,,,,,,,Yes,Yes,,,,Yes,Yes,Yes,,,,149,Parkwoods-O'Connor Hills,45,Parkwoods-Donalda (45),D33,633951.0566,4846405.844
17809,81664360,2001311462,09/07/2022,2022,2233,DON VALLEY PARKWAY  S,DVP S YORK MILLS E RAMP,30 m North o,Expressway,North York,43.758597,-79.335994,Non Intersection,No Control,Clear,"Dark, artificial",Dry,Non-Fatal Injury,Rear End,Passenger,20 to 24,None,,,,,,,,,,,,,,,Yes,Yes,,,,Yes,Yes,Yes,,,,149,Parkwoods-O'Connor Hills,45,Parkwoods-Donalda (45),D33,633951.0566,4846405.844
17810,81664576,2001318455,11/07/2022,2022,3,GUILDWOOD PKWY,GALLOWAY RD,,Minor Arterial,Scarborough,43.749594,-79.18938,At Intersection,Stop Sign,Clear,"Dark, artificial",Dry,Non-Fatal Injury,Approaching,Driver,20 to 24,Major,,East,"Automobile, Station Wagon",Going Ahead,Disobeyed Traffic Control,Other,,,,,,,,,Yes,,,,,Yes,Yes,Yes,,,,140,Guildwood,140,Guildwood (140),D43,645775.3604,4845653.51
17811,81664577,2001318455,11/07/2022,2022,3,GUILDWOOD PKWY,GALLOWAY RD,,Minor Arterial,Scarborough,43.749594,-79.18938,At Intersection,Stop Sign,Clear,"Dark, artificial",Dry,Non-Fatal Injury,Approaching,Driver,40 to 44,Minor,,West,"Automobile, Station Wagon",Going Ahead,Driving Properly,Normal,,,,,,,,,Yes,,,,,Yes,Yes,Yes,,,,140,Guildwood,140,Guildwood (140),D43,645775.3604,4845653.51
17812,81664578,2001318455,11/07/2022,2022,3,GUILDWOOD PKWY,GALLOWAY RD,,Minor Arterial,Scarborough,43.749594,-79.18938,At Intersection,Stop Sign,Clear,"Dark, artificial",Dry,Non-Fatal Injury,Approaching,Passenger,40 to 44,Minor,,,,,,,,,,,,,,,Yes,,,,,Yes,Yes,Yes,,,,140,Guildwood,140,Guildwood (140),D43,645775.3604,4845653.51
17813,81658024,2001319854,11/07/2022,2022,749,F G GARDINER XY  E,GARDINER E LOWER JARVIS RAMP,5 m North of,Expressway,Toronto and East York,43.641997,-79.379878,Non Intersection,No Control,Clear,Daylight,Dry,Non-Fatal Injury,Rear End,Truck Driver,55 to 59,None,,East,Truck - Open,Slowing or Stopping,Following too Close,Normal,,,,,,,,,Yes,,Yes,,,,,Yes,,,,166,St Lawrence-East Bayfront-The Islands,77,Waterfront Communities-The Island (77),D52,630671.4549,4833385.738
17814,81658025,2001319854,11/07/2022,2022,749,F G GARDINER XY  E,GARDINER E LOWER JARVIS RAMP,5 m North of,Expressway,Toronto and East York,43.641997,-79.379878,Non Intersection,No Control,Clear,Daylight,Dry,Non-Fatal Injury,Rear End,Driver,50 to 54,Major,,East,"Automobile, Station Wagon",Slowing or Stopping,Driving Properly,Normal,,,,,,,,,Yes,,Yes,,,,,Yes,,,,166,St Lawrence-East Bayfront-The Islands,77,Waterfront Communities-The Island (77),D52,630671.4549,4833385.738
17815,81658026,2001319854,11/07/2022,2022,749,F G GARDINER XY  E,GARDINER E LOWER JARVIS RAMP,5 m North of,Expressway,Toronto and East York,43.641997,-79.379878,Non Intersection,No Control,Clear,Daylight,Dry,Non-Fatal Injury,Rear End,Driver,65 to 69,None,,East,"Automobile, Station Wagon",Stopped,Driving Properly,Normal,,,,,,,,,Yes,,Yes,,,,,Yes,,,,166,St Lawrence-East Bayfront-The Islands,77,Waterfront Communities-The Island (77),D52,630671.4549,4833385.738
17816,81666605,2001329600,12/07/2022,2022,1407,QUEEN ST W,BROCK AVE,,Major Arterial,Toronto and East York,43.641402,-79.43233,At Intersection,Traffic Signal,Clear,Daylight,Dry,Non-Fatal Injury,Pedestrian Collisions,Driver,30 to 34,Minor,,East,"Automobile, Station Wagon",Turning Left,Improper Turn,Normal,,,,,,,Yes,,Yes,,,,,,,,,,,85,South Parkdale,85,South Parkdale (85),D14,626442.1275,4833238.411
17817,81666606,2001329600,12/07/2022,2022,1407,QUEEN ST W,BROCK AVE,,Major Arterial,Toronto and East York,43.641402,-79.43233,At Intersection,Traffic Signal,Clear,Daylight,Dry,Non-Fatal Injury,Pedestrian Collisions,Driver,60 to 64,None,,West,"Automobile, Station Wagon",Going Ahead,Driving Properly,Normal,,,,,,,Yes,,Yes,,,,,,,,,,,85,South Parkdale,85,South Parkdale (85),D14,626442.1275,4833238.411
17818,81666607,2001329600,12/07/2022,2022,1407,QUEEN ST W,BROCK AVE,,Major Arterial,Toronto and East York,43.641402,-79.43233,At Intersection,Traffic Signal,Clear,Daylight,Dry,Non-Fatal Injury,Pedestrian Collisions,Pedestrian,50 to 54,Major,,Unknown,,,,,Pedestrian hit on sidewalk or shoulder,On Sidewalk or Shoulder,Normal,,,,Yes,,Yes,,,,,,,,,,,85,South Parkdale,85,South Parkdale (85),D14,626442.1275,4833238.411
17819,81688080,2001330011,12/07/2022,2022,1508,JANE ST,FINCH AVE W,50 m South o,Major Arterial,North York,43.756674,-79.517574,Non Intersection,No Control,Clear,Daylight,Dry,Non-Fatal Injury,Pedestrian Collisions,Driver,40 to 44,None,,North,"Automobile, Station Wagon",Going Ahead,Driving Properly,Normal,,,,,,,Yes,,Yes,,,,,Yes,,,,,,25,Glenfield-Jane Heights,25,Glenfield-Jane Heights (25),D31,619337.7224,4845914.611
17820,81688081,2001330011,12/07/2022,2022,1508,JANE ST,FINCH AVE W,50 m South o,Major Arterial,North York,43.756674,-79.517574,Non Intersection,No Control,Clear,Daylight,Dry,Non-Fatal Injury,Pedestrian Collisions,Passenger,60 to 64,None,,,,,,,,,,,,,Yes,,Yes,,,,,Yes,,,,,,25,Glenfield-Jane Heights,25,Glenfield-Jane Heights (25),D31,619337.7224,4845914.611
17821,81688082,2001330011,12/07/2022,2022,1508,JANE ST,FINCH AVE W,50 m South o,Major Arterial,North York,43.756674,-79.517574,Non Intersection,No Control,Clear,Daylight,Dry,Non-Fatal Injury,Pedestrian Collisions,Passenger,10 to 14,None,,,,,,,,,,,,,Yes,,Yes,,,,,Yes,,,,,,25,Glenfield-Jane Heights,25,Glenfield-Jane Heights (25),D31,619337.7224,4845914.611
17822,81688083,2001330011,12/07/2022,2022,1508,JANE ST,FINCH AVE W,50 m South o,Major Arterial,North York,43.756674,-79.517574,Non Intersection,No Control,Clear,Daylight,Dry,Non-Fatal Injury,Pedestrian Collisions,Passenger,0 to 4,None,,,,,,,,,,,,,Yes,,Yes,,,,,Yes,,,,,,25,Glenfield-Jane Heights,25,Glenfield-Jane Heights (25),D31,619337.7224,4845914.611
17823,81688084,2001330011,12/07/2022,2022,1508,JANE ST,FINCH AVE W,50 m South o,Major Arterial,North York,43.756674,-79.517574,Non Intersection,No Control,Clear,Daylight,Dry,Non-Fatal Injury,Pedestrian Collisions,Pedestrian,15 to 19,Major,,West,,,,,Pedestrian hit at mid-block,"Crossing, no Traffic Control",Normal,,,,Yes,,Yes,,,,,Yes,,,,,,25,Glenfield-Jane Heights,25,Glenfield-Jane Heights (25),D31,619337.7224,4845914.611
17824,81665611,2001333771,13/07/2022,2022,345,NORGROVE CRES,SUMMITCREST DR,50 m North o,Local,Etobicoke York,43.686335,-79.529254,Non Intersection,No Control,Clear,"Dark, artificial",Dry,Non-Fatal Injury,Pedestrian Collisions,Driver,30 to 34,Minor,,North,"Automobile, Station Wagon",Going Ahead,Other,Unknown,,,,,,,Yes,,Yes,,,,,,,,,,,7,Willowridge-Martingrove-Richview,7,Willowridge-Martingrove-Richview (7),D23,618536.0855,4838085.715
17825,81665612,2001333771,13/07/2022,2022,345,NORGROVE CRES,SUMMITCREST DR,50 m North o,Local,Etobicoke York,43.686335,-79.529254,Non Intersection,No Control,Clear,"Dark, artificial",Dry,Non-Fatal Injury,Pedestrian Collisions,Pedestrian,30 to 34,Major,,East,,,,,Pedestrian hit at mid-block,Running onto Roadway,Other,,,,Yes,,Yes,,,,,,,,,,,7,Willowridge-Martingrove-Richview,7,Willowridge-Martingrove-Richview (7),D23,618536.0855,4838085.715
17826,81658073,2001336552,13/07/2022,2022,1311,LAKESHORE BLVD E,YONGE ST,60 m East of,Major Arterial,Toronto and East York,43.644316,-79.374988,Non Intersection,No Control,Clear,Daylight,Dry,Non-Fatal Injury,Rear End,Driver,30 to 34,Major,,West,"Automobile, Station Wagon",Changing Lanes,Improper Lane Change,Inattentive,,,,,,,,,Yes,,Yes,,,,,Yes,,,,166,St Lawrence-East Bayfront-The Islands,77,Waterfront Communities-The Island (77),D51,631060.8208,4833651.004
17827,81658074,2001336552,13/07/2022,2022,1311,LAKESHORE BLVD E,YONGE ST,60 m East of,Major Arterial,Toronto and East York,43.644316,-79.374988,Non Intersection,No Control,Clear,Daylight,Dry,Non-Fatal Injury,Rear End,Truck Driver,50 to 54,None,,West,"Truck - Closed (Blazer, etc)",Going Ahead,Following too Close,Inattentive,,,,,,,,,Yes,,Yes,,,,,Yes,,,,166,St Lawrence-East Bayfront-The Islands,77,Waterfront Communities-The Island (77),D51,631060.8208,4833651.004
17828,81658022,2001340330,13/07/2022,2022,2338,EGLINTON AVE E,DANFORTH RD,20 m South o,Major Arterial,Scarborough,43.737025,-79.246127,At Intersection,Traffic Signal,Clear,Dark,Dry,Non-Fatal Injury,Pedestrian Collisions,Driver,50 to 54,None,,West,"Automobile, Station Wagon",Turning Left,Improper Turn,Normal,,,,,,,Yes,,Yes,,,,,,,,,,,138,Eglinton East,138,Eglinton East (138),D43,641236.0854,4844159.224
17829,81658023,2001340330,13/07/2022,2022,2338,EGLINTON AVE E,DANFORTH RD,20 m South o,Major Arterial,Scarborough,43.737025,-79.246127,At Intersection,Traffic Signal,Clear,Dark,Dry,Non-Fatal Injury,Pedestrian Collisions,Pedestrian,50 to 54,Major,,West,,,,,Vehicle turns left while ped crosses with ROW at inter.,Crossing with right of way,Normal,,,,Yes,,Yes,,,,,,,,,,,138,Eglinton East,138,Eglinton East (138),D43,641236.0854,4844159.224
17830,81657960,2001344891,14/07/2022,2022,1600,EVANS AVE,TREEVIEW DR,,Major Arterial,Etobicoke York,43.61344,-79.536372,At Intersection,Traffic Signal,Clear,Daylight,Dry,Non-Fatal Injury,Cyclist Collisions,Driver,75 to 79,None,,West,Passenger Van,Turning Left,Improper Turn,Inattentive,,,,,,,,Yes,Yes,,,,,,,,,,,20,Alderwood,20,Alderwood (20),D22,618105.1819,4829979.65
17831,81657961,2001344891,14/07/2022,2022,1600,EVANS AVE,TREEVIEW DR,,Major Arterial,Etobicoke York,43.61344,-79.536372,At Intersection,Traffic Signal,Clear,Daylight,Dry,Non-Fatal Injury,Cyclist Collisions,Cyclist,60 to 64,Major,,East,Bicycle,Going Ahead,,,,,,Motorist turned left across cyclists path.,Other,Inattentive,,Yes,Yes,,,,,,,,,,,20,Alderwood,20,Alderwood (20),D22,618105.1819,4829979.65
17832,81657106,2001353218,15/07/2022,2022,1830,UNIVERSITY AVE,ELM ST,,Major Arterial,Toronto and East York,43.656253,-79.388934,At Intersection,Traffic Signal,Clear,Daylight,Dry,Non-Fatal Injury,Angle,Driver,25 to 29,Major,,West,Other,Going Ahead,Disobeyed Traffic Control,Inattentive,,,,,,,,,Yes,,,,,,,Yes,Yes,,,78,Kensington-Chinatown,78,Kensington-Chinatown (78),D52,629910.2948,4834954.835
17833,81657107,2001353218,15/07/2022,2022,1830,UNIVERSITY AVE,ELM ST,,Major Arterial,Toronto and East York,43.656253,-79.388934,At Intersection,Traffic Signal,Clear,Daylight,Dry,Non-Fatal Injury,Angle,Driver,50 to 54,None,,South,"Automobile, Station Wagon",Going Ahead,Driving Properly,Normal,,,,,,,,,Yes,,,,,,,Yes,Yes,,,78,Kensington-Chinatown,78,Kensington-Chinatown (78),D52,629910.2948,4834954.835
17834,81658241,2001354914,15/07/2022,2022,2317,BATHURST ST,EGLINTON AVE W,3 m North of,Major Arterial,,43.700888,-79.425563,At Intersection,Traffic Signal,Clear,Dark,Dry,Non-Fatal Injury,Cyclist Collisions,Cyclist,35 to 39,Major,,South,Bicycle,Going Ahead,,,,,,Cyclist and Driver travelling in same direction. One vehicle sideswipes the other.,Lost control,Had Been Drinking,,Yes,Yes,,,,,,,,,,,106,Humewood-Cedarvale,106,Humewood-Cedarvale (106),D13,626862.5398,4839855.459
17835,81658242,2001354914,15/07/2022,2022,2317,BATHURST ST,EGLINTON AVE W,3 m North of,Major Arterial,,43.700888,-79.425563,At Intersection,Traffic Signal,Clear,Dark,Dry,Non-Fatal Injury,Cyclist Collisions,Driver,55 to 59,None,,South,"Automobile, Station Wagon",Stopped,Driving Properly,Normal,,,,,,,,Yes,Yes,,,,,,,,,,,106,Humewood-Cedarvale,106,Humewood-Cedarvale (106),D13,626862.5398,4839855.459
17836,81656789,2001361814,16/07/2022,2022,2237,NORTH QUEEN ST,MANSTOR RD,,Minor Arterial,Etobicoke York,43.618144,-79.557628,Intersection Related,No Control,Clear,"Dark, artificial",Dry,Fatal,SMV Other,Motorcycle Driver,45 to 49,Fatal,27,West,Motorcycle,Going Ahead,Lost control,Unknown,,,,,,,,,,Yes,,,,,,,,,,159,Etobicoke City Centre,14,Islington-City Centre West (14),D22,616380.8739,4830472.075
17837,81666256,2001364051,17/07/2022,2022,946,KEELE ST,LAWRENCE AVE W,15 m North o,Major Arterial,North York,43.708655,-79.478038,Intersection Related,Traffic Signal,Clear,Daylight,Dry,Non-Fatal Injury,Rear End,Driver,35 to 39,Major,,South,"Automobile, Station Wagon",Going Ahead,Exceeding Speed Limit,Unknown,,,,,,,,,Yes,,Yes,,,,Yes,Yes,,,,30,Brookhaven-Amesbury,30,Brookhaven-Amesbury (30),D12,622618.4171,4840639.136
17838,81666257,2001364051,17/07/2022,2022,946,KEELE ST,LAWRENCE AVE W,15 m North o,Major Arterial,North York,43.708655,-79.478038,Intersection Related,Traffic Signal,Clear,Daylight,Dry,Non-Fatal Injury,Rear End,Truck Driver,55 to 59,None,,South,Truck - Dump,Stopped,Driving Properly,Normal,,,,,,,,,Yes,,Yes,,,,Yes,Yes,,,,30,Brookhaven-Amesbury,30,Brookhaven-Amesbury (30),D12,622618.4171,4840639.136
17839,81657750,2001379315,19/07/2022,2022,1245,MORNINGSIDE AVE,MILITARY TRL,,Major Arterial,Scarborough,43.789206,-79.194324,At Intersection,Traffic Signal,Clear,Daylight,Dry,Non-Fatal Injury,Pedestrian Collisions,Driver,40 to 44,None,,South,"Automobile, Station Wagon",Turning Left,Failed to Yield Right of Way,Normal,,,,,,,Yes,,Yes,,,,,,,Yes,,,,135,Morningside,135,Morningside (135),D43,645281.3625,4850044.356
17840,81657751,2001379315,19/07/2022,2022,1245,MORNINGSIDE AVE,MILITARY TRL,,Major Arterial,Scarborough,43.789206,-79.194324,At Intersection,Traffic Signal,Clear,Daylight,Dry,Non-Fatal Injury,Pedestrian Collisions,Pedestrian,10 to 14,Major,,South,,,,,Vehicle turns left while ped crosses with ROW at inter.,Crossing with right of way,Normal,,,,Yes,,Yes,,,,,,,Yes,,,,135,Morningside,135,Morningside (135),D43,645281.3625,4850044.356
17841,81666273,2001380523,19/07/2022,2022,1550,TRETHEWEY DR,BLACK CREEK DR,189 m West o,Minor Arterial,,43.695502,-79.488467,Non Intersection,No Control,Clear,Daylight,Dry,Non-Fatal Injury,Turning Movement,Driver,20 to 24,None,,East,"Automobile, Station Wagon",Turning Left,Improper Turn,Normal,,,,,,,,,Yes,Yes,,,,,,,,,,30,Brookhaven-Amesbury,30,Brookhaven-Amesbury (30),D12,621804.8196,4839162.94
17842,81666274,2001380523,19/07/2022,2022,1550,TRETHEWEY DR,BLACK CREEK DR,189 m West o,Minor Arterial,,43.695502,-79.488467,Non Intersection,No Control,Clear,Daylight,Dry,Non-Fatal Injury,Turning Movement,Motorcycle Driver,35 to 39,Major,,West,Motorcycle,Going Ahead,Driving Properly,Normal,,,,,,,,,Yes,Yes,,,,,,,,,,30,Brookhaven-Amesbury,30,Brookhaven-Amesbury (30),D12,621804.8196,4839162.94
17843,81656788,2001395408,21/07/2022,2022,1510,WARDEN AVE,COMSTOCK RD,,Major Arterial,Scarborough,43.721461,-79.284953,At Intersection,Traffic Signal,Clear,Daylight,Dry,Fatal,Pedestrian Collisions,Driver,75 to 79,None,,South,"Automobile, Station Wagon",Going Ahead,Driving Properly,Normal,,,,,,,Yes,,Yes,,,,,Yes,,Yes,,,,120,Clairlea-Birchmount,120,Clairlea-Birchmount (120),D41,638145.2424,4842365.156
17844,81656790,2001395408,21/07/2022,2022,1510,WARDEN AVE,COMSTOCK RD,,Major Arterial,Scarborough,43.721461,-79.284953,At Intersection,Traffic Signal,Clear,Daylight,Dry,Fatal,Pedestrian Collisions,Pedestrian,35 to 39,Fatal,28,Unknown,,,,,Pedestrian hit on sidewalk or shoulder,On Sidewalk or Shoulder,Normal,,,,Yes,,Yes,,,,,Yes,,Yes,,,,120,Clairlea-Birchmount,120,Clairlea-Birchmount (120),D41,638145.2424,4842365.156
17845,81656791,2001395408,21/07/2022,2022,1510,WARDEN AVE,COMSTOCK RD,,Major Arterial,Scarborough,43.721461,-79.284953,At Intersection,Traffic Signal,Clear,Daylight,Dry,Fatal,Pedestrian Collisions,Passenger,20 to 24,None,,,,,,,,,,,,,Yes,,Yes,,,,,Yes,,Yes,,,,120,Clairlea-Birchmount,120,Clairlea-Birchmount (120),D41,638145.2424,4842365.156
17846,81658383,2001395408,21/07/2022,2022,1510,WARDEN AVE,COMSTOCK RD,,Major Arterial,Scarborough,43.721461,-79.284953,At Intersection,Traffic Signal,Clear,Daylight,Dry,Fatal,Pedestrian Collisions,Driver,15 to 19,None,,North,"Automobile, Station Wagon",Turning Left,Failed to Yield Right of Way,Normal,,,,,,,Yes,,Yes,,,,,Yes,,Yes,,,,120,Clairlea-Birchmount,120,Clairlea-Birchmount (120),D41,638145.2424,4842365.156
17847,81687420,2001404331,22/07/2022,2022,1815,ST CLAIR AVE W,CALEDONIA RD,50 m East of,Major Arterial,Toronto and East York,43.675387,-79.454189,Non Intersection,No Control,Clear,Daylight,Dry,Non-Fatal Injury,Pedestrian Collisions,Driver,55 to 59,None,,West,Street Car,Going Ahead,Driving Properly,Normal,,,,,,,Yes,,,,,Yes,,,,Yes,,,,92,Corso Italia-Davenport,92,Corso Italia-Davenport (92),D13,624608.7306,4836979.822
17848,81687421,2001404331,22/07/2022,2022,1815,ST CLAIR AVE W,CALEDONIA RD,50 m East of,Major Arterial,Toronto and East York,43.675387,-79.454189,Non Intersection,No Control,Clear,Daylight,Dry,Non-Fatal Injury,Pedestrian Collisions,Pedestrian,45 to 49,Major,,South,,,,,Pedestrian involved in a collision with transit vehicle anywhere along roadway,"Crossing, no Traffic Control",Normal,,,,Yes,,,,,Yes,,,,Yes,,,,92,Corso Italia-Davenport,92,Corso Italia-Davenport (92),D13,624608.7306,4836979.822
17849,81645436,2001414066,24/07/2022,2022,142,BRIMLEY RD,WATERFIELD DR,,Major Arterial,Scarborough,43.765128,-79.259509,At Intersection,Traffic Signal,Clear,"Dark, artificial",Dry,Fatal,SMV Other,Motorcycle Driver,35 to 39,Fatal,29,South,Motorcycle,Going Ahead,Lost control,Unknown,,,,,,,,,,Yes,,,,,,,,,,156,Bendale-Glen Andrew,127,Bendale (127),D43,640092.8575,4847257.764
17850,81664126,2001417954,24/07/2022,2022,1635,MIDLAND AVE,FINCH AVE E,2 m North of,Major Arterial,Scarborough,43.804583,-79.286739,Non Intersection,No Control,Clear,Daylight,Dry,Non-Fatal Injury,Turning Movement,Driver,35 to 39,Major,,East,"Automobile, Station Wagon",Turning Left,Failed to Yield Right of Way,Inattentive,,,,,,,,,Yes,,,,,Yes,,Yes,,,,130,Milliken,130,Milliken (130),D42,637810.3824,4851594.157
17851,81664127,2001417954,24/07/2022,2022,1635,MIDLAND AVE,FINCH AVE E,2 m North of,Major Arterial,Scarborough,43.804583,-79.286739,Non Intersection,No Control,Clear,Daylight,Dry,Non-Fatal Injury,Turning Movement,Driver,65 to 69,Minor,,South,Pick Up Truck,Going Ahead,Driving Properly,Normal,,,,,,,,,Yes,,,,,Yes,,Yes,,,,130,Milliken,130,Milliken (130),D42,637810.3824,4851594.157
17852,81664128,2001417954,24/07/2022,2022,1635,MIDLAND AVE,FINCH AVE E,2 m North of,Major Arterial,Scarborough,43.804583,-79.286739,Non Intersection,No Control,Clear,Daylight,Dry,Non-Fatal Injury,Turning Movement,Passenger,40 to 44,None,,,,,,,,,,,,,,,Yes,,,,,Yes,,Yes,,,,130,Milliken,130,Milliken (130),D42,637810.3824,4851594.157
17853,81664129,2001417954,24/07/2022,2022,1635,MIDLAND AVE,FINCH AVE E,2 m North of,Major Arterial,Scarborough,43.804583,-79.286739,Non Intersection,No Control,Clear,Daylight,Dry,Non-Fatal Injury,Turning Movement,Passenger,45 to 49,Minor,,,,,,,,,,,,,,,Yes,,,,,Yes,,Yes,,,,130,Milliken,130,Milliken (130),D42,637810.3824,4851594.157
17854,81664130,2001417954,24/07/2022,2022,1635,MIDLAND AVE,FINCH AVE E,2 m North of,Major Arterial,Scarborough,43.804583,-79.286739,Non Intersection,No Control,Clear,Daylight,Dry,Non-Fatal Injury,Turning Movement,Passenger,45 to 49,Minor,,,,,,,,,,,,,,,Yes,,,,,Yes,,Yes,,,,130,Milliken,130,Milliken (130),D42,637810.3824,4851594.157