OBJECTID,INDEX,ACCNUM,DATE,ACCIDENT_YEAR,TIME,STREET1,STREET2,OFFSET,ROAD_CLASS,DISTRICT,LATITUDE,LONGITUDE,ACCLOC,TRAFFCTL,VISIBILITY,LIGHT,RDSFCOND,ACCLASS,IMPACTYPE,INVTYPE,INVAGE,INJURY,FATAL_NO,INITDIR,VEHTYPE,MANOEUVER,DRIVACT,DRIVCOND,PEDTYPE,PEDACT,PEDCOND,CYCLISTYPE,CYCACT,CYCCOND,PEDESTRIAN,CYCLIST,AUTOMOBILE,MOTORCYCLE,TRUCK,TRSN_CITY_VEH,EMERG_VEH,PASSENGER,SPEEDING,AG_DRIV,REDLIGHT,ALCOHOL,DISABILITY,HOOD_158,NEIGHBOURHOOD_158,HOOD_140,NEIGHBOURHOOD_140,DIVISION,x,y
17855,81663481,2001427156,24/07/2022,2022,2254,REXDALE BLVD,KIPLING AVE,100 m East o,Major Arterial,Etobicoke York,43.711875,-79.565456,Non Intersection,No Control,Rain,"Dark, artificial",Wet,Non-Fatal Injury,Pedestrian Collisions,Driver,45 to 49,Minimal,,East,"Automobile, Station Wagon",Going Ahead,Failed to Yield Right of Way,"Ability Impaired, Alcohol Over .08",,,,,,,Yes,,Yes,,,,,,,Yes,,Yes,,1,West Humber-Clairville,1,West Humber-Clairville (1),D23,615569.2549,4840871.172
17856,81663482,2001427156,24/07/2022,2022,2254,REXDALE BLVD,KIPLING AVE,100 m East o,Major Arterial,Etobicoke York,43.711875,-79.565456,Non Intersection,No Control,Rain,"Dark, artificial",Wet,Non-Fatal Injury,Pedestrian Collisions,Pedestrian,20 to 24,Major,,Unknown,,,,,Pedestrian hit at mid-block,Pushing/Working on Vehicle,Normal,,,,Yes,,Yes,,,,,,,Yes,,Yes,,1,West Humber-Clairville,1,West Humber-Clairville (1),D23,615569.2549,4840871.172
17857,81658093,2001421096,25/07/2022,2022,403,KINGSTON RD,SCARBOROUGH GOLF CLUB RD,,Major Arterial,Scarborough,43.745928,-79.209316,Intersection Related,Traffic Signal,Clear,Dawn,Dry,Fatal,SMV Other,Driver,50 to 54,Fatal,30,East,"Automobile, Station Wagon",Going Ahead,Lost control,Inattentive,,,,,,,,,Yes,,,,,,,,,,,140,Guildwood,140,Guildwood (140),D43,644179.069,4845211.45
17858,81704559,2001422943,25/07/2022,2022,950,PARK LAWN RD,LAKE SHORE BLVD W,N OF LAKE SH,Major Arterial,Etobicoke York,43.623656,-79.483226,At Intersection,Traffic Signal,Clear,Daylight,Dry,Non-Fatal Injury,Pedestrian Collisions,Driver,80 to 84,Minimal,,South,"Automobile, Station Wagon",Turning Right,Failed to Yield Right of Way,Normal,,,,,,,Yes,,Yes,,,,,,,Yes,,,,161,Humber Bay Shores,17,Mimico (includes Humber Bay Shores) (17),D22,622373.0284,4831191.219
17859,81704560,2001422943,25/07/2022,2022,950,PARK LAWN RD,LAKE SHORE BLVD W,N OF LAKE SH,Major Arterial,Etobicoke York,43.623656,-79.483226,At Intersection,Traffic Signal,Clear,Daylight,Dry,Non-Fatal Injury,Pedestrian Collisions,Wheelchair,60 to 64,Major,,South,,,,,Vehicle turns right while ped crosses with ROW at inter.,Crossing with right of way,Normal,,,,Yes,,Yes,,,,,,,Yes,,,,161,Humber Bay Shores,17,Mimico (includes Humber Bay Shores) (17),D22,622373.0284,4831191.219
17860,81687538,2001426544,25/07/2022,2022,2000,YORK ST,LAKESHORE W GARDINER,,Major Arterial,Toronto and East York,43.641688,-79.380946,At Intersection,Traffic Signal,Clear,Daylight,Dry,Non-Fatal Injury,Turning Movement,Motorcycle Driver,25 to 29,Major,,South,Motorcycle,Turning Right,Improper Turn,Normal,,,,,,,,,,Yes,,Yes,,,,,,,,166,St Lawrence-East Bayfront-The Islands,77,Waterfront Communities-The Island (77),D52,630585.9835,4833349.739
17861,81687539,2001426544,25/07/2022,2022,2000,YORK ST,LAKESHORE W GARDINER,,Major Arterial,Toronto and East York,43.641688,-79.380946,At Intersection,Traffic Signal,Clear,Daylight,Dry,Non-Fatal Injury,Turning Movement,Driver,50 to 54,None,,West,"Bus (Other) (Go Bus, Gray Coa",Going Ahead,Driving Properly,Normal,,,,,,,,,,Yes,,Yes,,,,,,,,166,St Lawrence-East Bayfront-The Islands,77,Waterfront Communities-The Island (77),D52,630585.9835,4833349.739
17862,81663769,2001452847,29/07/2022,2022,1156,WILSON  AVE,BATHURST  ST,60 m West of,Major Arterial,North York,43.737059,-79.435085,At/Near Private Drive,No Control,Clear,Daylight,Dry,Non-Fatal Injury,Pedestrian Collisions,Driver,45 to 49,None,,West,"Automobile, Station Wagon",Pulling Onto Shoulder or towardCurb,Speed too Fast For Condition,Inattentive,,,,,,,Yes,,Yes,,,,,Yes,Yes,Yes,,,,33,Clanton Park,33,Clanton Park (33),D32,626019.432,4843858.236
17863,81663770,2001452847,29/07/2022,2022,1156,WILSON  AVE,BATHURST  ST,60 m West of,Major Arterial,North York,43.737059,-79.435085,At/Near Private Drive,No Control,Clear,Daylight,Dry,Non-Fatal Injury,Pedestrian Collisions,Passenger,15 to 19,None,,,,,,,,,,,,,Yes,,Yes,,,,,Yes,Yes,Yes,,,,33,Clanton Park,33,Clanton Park (33),D32,626019.432,4843858.236
17864,81663771,2001452847,29/07/2022,2022,1156,WILSON  AVE,BATHURST  ST,60 m West of,Major Arterial,North York,43.737059,-79.435085,At/Near Private Drive,No Control,Clear,Daylight,Dry,Non-Fatal Injury,Pedestrian Collisions,Pedestrian,70 to 74,Major,,West,,,,,Pedestrian hit on sidewalk or shoulder,Other,Other,,,,Yes,,Yes,,,,,Yes,Yes,Yes,,,,33,Clanton Park,33,Clanton Park (33),D32,626019.432,4843858.236
17865,81709039,2001453011,29/07/2022,2022,1220,BRIMLEY RD,OMNI DR,,Major Arterial,Scarborough,43.771941,-79.261875,Intersection Related,Traffic Signal,Clear,Daylight,Dry,Non-Fatal Injury,Turning Movement,Driver,85 to 89,None,,North,"Automobile, Station Wagon",Going Ahead,Disobeyed Traffic Control,Inattentive,,,,,,,,,Yes,,,,,Yes,,Yes,Yes,,,156,Bendale-Glen Andrew,127,Bendale (127),D43,639886.5311,4848010.454
17866,81709040,2001453011,29/07/2022,2022,1220,BRIMLEY RD,OMNI DR,,Major Arterial,Scarborough,43.771941,-79.261875,Intersection Related,Traffic Signal,Clear,Daylight,Dry,Non-Fatal Injury,Turning Movement,Driver,50 to 54,Major,,East,"Automobile, Station Wagon",Turning Left,Driving Properly,Normal,,,,,,,,,Yes,,,,,Yes,,Yes,Yes,,,156,Bendale-Glen Andrew,127,Bendale (127),D43,639886.5311,4848010.454
17867,81709041,2001453011,29/07/2022,2022,1220,BRIMLEY RD,OMNI DR,,Major Arterial,Scarborough,43.771941,-79.261875,Intersection Related,Traffic Signal,Clear,Daylight,Dry,Non-Fatal Injury,Turning Movement,Passenger,75 to 79,None,,,,,,,,,,,,,,,Yes,,,,,Yes,,Yes,Yes,,,156,Bendale-Glen Andrew,127,Bendale (127),D43,639886.5311,4848010.454
17868,81666799,2001456323,29/07/2022,2022,2045,636 TRETHEWEY DR,,3 m West of,Minor Arterial,North York,43.696936,-79.494991,At Intersection,No Control,Clear,"Dusk, artificial",Dry,Non-Fatal Injury,Turning Movement,Driver,40 to 44,Minimal,,East,"Automobile, Station Wagon",Turning Left,Speed too Fast For Condition,Inattentive,,,,,,,,,Yes,Yes,,,,Yes,Yes,Yes,,,,30,Brookhaven-Amesbury,30,Brookhaven-Amesbury (30),D12,621276.1969,4839312.643
17869,81666800,2001456323,29/07/2022,2022,2045,636 TRETHEWEY DR,,3 m West of,Minor Arterial,North York,43.696936,-79.494991,At Intersection,No Control,Clear,"Dusk, artificial",Dry,Non-Fatal Injury,Turning Movement,Motorcycle Driver,20 to 24,Major,,West,Motorcycle,Going Ahead,Driving Properly,Normal,,,,,,,,,Yes,Yes,,,,Yes,Yes,Yes,,,,30,Brookhaven-Amesbury,30,Brookhaven-Amesbury (30),D12,621276.1969,4839312.643
17870,81666801,2001456323,29/07/2022,2022,2045,636 TRETHEWEY DR,,3 m West of,Minor Arterial,North York,43.696936,-79.494991,At Intersection,No Control,Clear,"Dusk, artificial",Dry,Non-Fatal Injury,Turning Movement,Passenger,unknown,Minimal,,,,,,,,,,,,,,,Yes,Yes,,,,Yes,Yes,Yes,,,,30,Brookhaven-Amesbury,30,Brookhaven-Amesbury (30),D12,621276.1969,4839312.643
17871,81749771,2001457680,30/07/2022,2022,45,DON VALLEY PARKWAY  N,LAWRENCE AVE E,250 m South ,Expressway,North York,43.737429,-79.332172,Non Intersection,No Control,Clear,"Dark, artificial",Dry,Non-Fatal Injury,SMV Other,Driver,20 to 24,Major,,North,"Automobile, Station Wagon",Going Ahead,Lost control,Other,,,,,,,,,Yes,,,,,,,,,,,42,Banbury-Don Mills,42,Banbury-Don Mills (42),D33,634306.0637,4844061.009
17872,81658094,2001458223,30/07/2022,2022,336,WILSON AVE,CLAYSON RD,,Major Arterial,North York,43.717631,-79.522998,At Intersection,Traffic Signal,Clear,"Dark, artificial",Dry,Fatal,Pedestrian Collisions,Pedestrian,20 to 24,Fatal,31,North,,,,,Vehicle is going straight thru inter.while ped cross with ROW,Crossing with right of way,Normal,,,,Yes,,Yes,,,,,,Yes,Yes,,Yes,,154,Oakdale-Beverley Heights,26,Downsview-Roding-CFB (26),D31,618978.3767,4841570.525
17873,81658095,2001458223,30/07/2022,2022,336,WILSON AVE,CLAYSON RD,,Major Arterial,North York,43.717631,-79.522998,At Intersection,Traffic Signal,Clear,"Dark, artificial",Dry,Fatal,Pedestrian Collisions,Driver,40 to 44,None,,East,"Automobile, Station Wagon",Going Ahead,Exceeding Speed Limit,"Ability Impaired, Alcohol",,,,,,,Yes,,Yes,,,,,,Yes,Yes,,Yes,,154,Oakdale-Beverley Heights,26,Downsview-Roding-CFB (26),D31,618978.3767,4841570.525
17874,81658097,2001458223,30/07/2022,2022,336,WILSON AVE,CLAYSON RD,,Major Arterial,North York,43.717631,-79.522998,At Intersection,Traffic Signal,Clear,"Dark, artificial",Dry,Fatal,Pedestrian Collisions,Driver,30 to 34,None,,East,"Automobile, Station Wagon",Stopped,Driving Properly,Normal,,,,,,,Yes,,Yes,,,,,,Yes,Yes,,Yes,,154,Oakdale-Beverley Heights,26,Downsview-Roding-CFB (26),D31,618978.3767,4841570.525
17875,81663314,2001460697,30/07/2022,2022,1356,NEILSON RD,SHEPPARD AVE E,,Major Arterial,Scarborough,43.798041,-79.217685,At Intersection,Traffic Signal,Clear,Daylight,Dry,Non-Fatal Injury,Turning Movement,Driver,45 to 49,Minimal,,North,"Automobile, Station Wagon",Turning Left,Failed to Yield Right of Way,Normal,,,,,,,,,Yes,,,,,Yes,,Yes,,,,146,Malvern East,132,Malvern (132),D42,643380.6249,4850984.885
17876,81663315,2001460697,30/07/2022,2022,1356,NEILSON RD,SHEPPARD AVE E,,Major Arterial,Scarborough,43.798041,-79.217685,At Intersection,Traffic Signal,Clear,Daylight,Dry,Non-Fatal Injury,Turning Movement,Driver,20 to 24,Minimal,,South,"Automobile, Station Wagon",Going Ahead,Driving Properly,Normal,,,,,,,,,Yes,,,,,Yes,,Yes,,,,146,Malvern East,132,Malvern (132),D42,643380.6249,4850984.885
17877,81663316,2001460697,30/07/2022,2022,1356,NEILSON RD,SHEPPARD AVE E,,Major Arterial,Scarborough,43.798041,-79.217685,At Intersection,Traffic Signal,Clear,Daylight,Dry,Non-Fatal Injury,Turning Movement,Passenger,70 to 74,Major,,,,,,,,,,,,,,,Yes,,,,,Yes,,Yes,,,,146,Malvern East,132,Malvern (132),D42,643380.6249,4850984.885
17878,81666559,2001463724,30/07/2022,2022,2201,WARDEN AVE,BAMBURGH CRCL,,Major Arterial,Scarborough,43.811564,-79.323329,At Intersection,Traffic Signal,Clear,"Dark, artificial",Dry,Non-Fatal Injury,Pedestrian Collisions,Driver,25 to 29,None,,East,Pick Up Truck,Going Ahead,Disobeyed Traffic Control,Normal,,,,,,,Yes,,Yes,,,,,,,Yes,Yes,,,116,Steeles,116,Steeles (116),D42,634851.4339,4852309.222
17879,81666560,2001463724,30/07/2022,2022,2201,WARDEN AVE,BAMBURGH CRCL,,Major Arterial,Scarborough,43.811564,-79.323329,At Intersection,Traffic Signal,Clear,"Dark, artificial",Dry,Non-Fatal Injury,Pedestrian Collisions,Pedestrian,15 to 19,Major,,South,,,,,Vehicle is going straight thru inter.while ped cross with ROW,Crossing with right of way,Normal,,,,Yes,,Yes,,,,,,,Yes,Yes,,,116,Steeles,116,Steeles (116),D42,634851.4339,4852309.222
17880,81666561,2001463724,30/07/2022,2022,2201,WARDEN AVE,BAMBURGH CRCL,,Major Arterial,Scarborough,43.811564,-79.323329,At Intersection,Traffic Signal,Clear,"Dark, artificial",Dry,Non-Fatal Injury,Pedestrian Collisions,Pedestrian,15 to 19,Major,,South,,,,,Vehicle is going straight thru inter.while ped cross with ROW,Crossing with right of way,Normal,,,,Yes,,Yes,,,,,,,Yes,Yes,,,116,Steeles,116,Steeles (116),D42,634851.4339,4852309.222
17881,81658096,2001464726,31/07/2022,2022,112,KENNEDY RD,TRANSWAY CRES,,Major Arterial,Scarborough,43.731146,-79.26752,At Intersection,No Control,Clear,"Dark, artificial",Dry,Fatal,Turning Movement,Motorcycle Driver,35 to 39,Fatal,32,North,Motorcycle,Going Ahead,Exceeding Speed Limit,Unknown,,,,,,,,,Yes,Yes,,,,Yes,Yes,Yes,,,,124,Kennedy Park,124,Kennedy Park (124),D41,639526.9801,4843470.026
17882,81658098,2001464726,31/07/2022,2022,112,KENNEDY RD,TRANSWAY CRES,,Major Arterial,Scarborough,43.731146,-79.26752,At Intersection,No Control,Clear,"Dark, artificial",Dry,Fatal,Turning Movement,Driver,30 to 34,None,,South,"Automobile, Station Wagon",Turning Left,Driving Properly,Normal,,,,,,,,,Yes,Yes,,,,Yes,Yes,Yes,,,,124,Kennedy Park,124,Kennedy Park (124),D41,639526.9801,4843470.026
17883,81658384,2001464726,31/07/2022,2022,112,KENNEDY RD,TRANSWAY CRES,,Major Arterial,Scarborough,43.731146,-79.26752,At Intersection,No Control,Clear,"Dark, artificial",Dry,Fatal,Turning Movement,Passenger,15 to 19,None,,,,,,,,,,,,,,,Yes,Yes,,,,Yes,Yes,Yes,,,,124,Kennedy Park,124,Kennedy Park (124),D41,639526.9801,4843470.026
17884,81738822,2001470034,31/07/2022,2022,2025,DISCO RD,ATTWELL DR,,Collector,Etobicoke York,43.701339,-79.608921,At Intersection,No Control,Clear,Daylight,Dry,Non-Fatal Injury,SMV Other,Motorcycle Driver,40 to 44,Major,,North,Motorcycle,Other,Lost control,Other,,,,,,,,,,Yes,,,,,,,,,,1,West Humber-Clairville,1,West Humber-Clairville (1),D23,612087.2531,4839641.327
17885,81658099,2001477527,01/08/2022,2022,2222,STEELES AVE E,SEWELLS RD,,Minor Arterial,Scarborough,43.84653,-79.207355,Non Intersection,No Control,Clear,Dark,Dry,Fatal,Approaching,Driver,40 to 44,Fatal,33,West,"Automobile, Station Wagon",Going Ahead,Driving Properly,Normal,,,,,,,,,Yes,,,,,Yes,Yes,Yes,,,,144,Morningside Heights,131,Rouge (131),D42,644094.9339,4856388.344
17886,81658100,2001477527,01/08/2022,2022,2222,STEELES AVE E,SEWELLS RD,,Minor Arterial,Scarborough,43.84653,-79.207355,Non Intersection,No Control,Clear,Dark,Dry,Fatal,Approaching,Driver,20 to 24,Major,,East,"Automobile, Station Wagon",Going Ahead,Exceeding Speed Limit,Normal,,,,,,,,,Yes,,,,,Yes,Yes,Yes,,,,144,Morningside Heights,131,Rouge (131),D42,644094.9339,4856388.344
17887,81658101,2001477527,01/08/2022,2022,2222,STEELES AVE E,SEWELLS RD,,Minor Arterial,Scarborough,43.84653,-79.207355,Non Intersection,No Control,Clear,Dark,Dry,Fatal,Approaching,Passenger,20 to 24,Minor,,,,,,,,,,,,,,,Yes,,,,,Yes,Yes,Yes,,,,144,Morningside Heights,131,Rouge (131),D42,644094.9339,4856388.344
17888,81658385,2001477527,01/08/2022,2022,2222,STEELES AVE E,SEWELLS RD,,Minor Arterial,Scarborough,43.84653,-79.207355,Non Intersection,No Control,Clear,Dark,Dry,Fatal,Approaching,Passenger,0 to 4,None,,,,,,,,,,,,,,,Yes,,,,,Yes,Yes,Yes,,,,144,Morningside Heights,131,Rouge (131),D42,644094.9339,4856388.344
17889,81658386,2001477527,01/08/2022,2022,2222,STEELES AVE E,SEWELLS RD,,Minor Arterial,Scarborough,43.84653,-79.207355,Non Intersection,No Control,Clear,Dark,Dry,Fatal,Approaching,Passenger,30 to 34,None,,,,,,,,,,,,,,,Yes,,,,,Yes,Yes,Yes,,,,144,Morningside Heights,131,Rouge (131),D42,644094.9339,4856388.344
17890,81658387,2001477527,01/08/2022,2022,2222,STEELES AVE E,SEWELLS RD,,Minor Arterial,Scarborough,43.84653,-79.207355,Non Intersection,No Control,Clear,Dark,Dry,Fatal,Approaching,Passenger,5 to 9,None,,,,,,,,,,,,,,,Yes,,,,,Yes,Yes,Yes,,,,144,Morningside Heights,131,Rouge (131),D42,644094.9339,4856388.344
17891,81658388,2001477527,01/08/2022,2022,2222,STEELES AVE E,SEWELLS RD,,Minor Arterial,Scarborough,43.84653,-79.207355,Non Intersection,No Control,Clear,Dark,Dry,Fatal,Approaching,Driver,35 to 39,None,,West,"Automobile, Station Wagon",Going Ahead,Driving Properly,Normal,,,,,,,,,Yes,,,,,Yes,Yes,Yes,,,,144,Morningside Heights,131,Rouge (131),D42,644094.9339,4856388.344
17892,81667294,2001485578,03/08/2022,2022,25,JANE ST,ALLIANCE AVE,100 m South ,Major Arterial,Toronto and East York,43.675166,-79.495258,Non Intersection,No Control,Clear,"Dark, artificial",Dry,Non-Fatal Injury,Pedestrian Collisions,Driver,55 to 59,None,,North,"Automobile, Station Wagon",Slowing or Stopping,Other,Other,,,,,,,Yes,,Yes,,,,,,,,,,,111,Rockcliffe-Smythe,111,Rockcliffe-Smythe (111),D12,621298.5508,4836894.401
17893,81667295,2001485578,03/08/2022,2022,25,JANE ST,ALLIANCE AVE,100 m South ,Major Arterial,Toronto and East York,43.675166,-79.495258,Non Intersection,No Control,Clear,"Dark, artificial",Dry,Non-Fatal Injury,Pedestrian Collisions,Pedestrian,20 to 24,Major,,Unknown,,,,,Other / Undefined,Other,Normal,,,,Yes,,Yes,,,,,,,,,,,111,Rockcliffe-Smythe,111,Rockcliffe-Smythe (111),D12,621298.5508,4836894.401
17894,81663310,2001487064,03/08/2022,2022,855,DEAUVILLE LANE,GRENOBLE DR,,Collector,North York,43.716502,-79.330341,At Intersection,Stop Sign,Clear,Daylight,Dry,Non-Fatal Injury,Pedestrian Collisions,Driver,90 to 94,None,,North,"Automobile, Station Wagon",Going Ahead,Failed to Yield Right of Way,Inattentive,,,,,,,Yes,,Yes,,,,,,,Yes,,,,44,Flemingdon Park,44,Flemingdon Park (44),D55,634500.3417,4841739.73
17895,81663311,2001487064,03/08/2022,2022,855,DEAUVILLE LANE,GRENOBLE DR,,Collector,North York,43.716502,-79.330341,At Intersection,Stop Sign,Clear,Daylight,Dry,Non-Fatal Injury,Pedestrian Collisions,Pedestrian,40 to 44,Major,,West,,,,,Vehicle is going straight thru inter.while ped cross with ROW,Crossing with right of way,Normal,,,,Yes,,Yes,,,,,,,Yes,,,,44,Flemingdon Park,44,Flemingdon Park (44),D55,634500.3417,4841739.73
17896,81658377,2001490698,03/08/2022,2022,1800,ROYAL YORK RD,STANLEY AVE,,Minor Arterial,Etobicoke York,43.614253,-79.497592,At Intersection,No Control,Clear,Daylight,Dry,Fatal,Pedestrian Collisions,Driver,35 to 39,None,,South,"Automobile, Station Wagon",Turning Left,Improper Turn,Inattentive,,,,,,,Yes,,Yes,,,,,,,,,,,160,Mimico-Queensway,17,Mimico (includes Humber Bay Shores) (17),D22,621232.8674,4830125.827
17897,81658382,2001490698,03/08/2022,2022,1800,ROYAL YORK RD,STANLEY AVE,,Minor Arterial,Etobicoke York,43.614253,-79.497592,At Intersection,No Control,Clear,Daylight,Dry,Fatal,Pedestrian Collisions,Pedestrian,85 to 89,Fatal,36,North,,Going Ahead,,,Vehicle turns left while ped crosses with ROW at inter.,Crossing with right of way,Normal,,,,Yes,,Yes,,,,,,,,,,,160,Mimico-Queensway,17,Mimico (includes Humber Bay Shores) (17),D22,621232.8674,4830125.827
17898,81658102,2001503800,05/08/2022,2022,1533,VICTORIA PARK AVE,SURREY AVE,,Major Arterial,Scarborough,43.736197,-79.307391,At/Near Private Drive,Traffic Signal,Clear,Daylight,Dry,Fatal,Turning Movement,Passenger,85 to 89,Fatal,34,,,,,,,,,,,,,,Yes,,,,,Yes,,Yes,,,,119,Wexford/Maryvale,119,Wexford/Maryvale (119),D41,636304.4336,4843964.648
17899,81658103,2001503800,05/08/2022,2022,1533,VICTORIA PARK AVE,SURREY AVE,,Major Arterial,Scarborough,43.736197,-79.307391,At/Near Private Drive,Traffic Signal,Clear,Daylight,Dry,Fatal,Turning Movement,Driver,25 to 29,Minor,,South,"Automobile, Station Wagon",Going Ahead,Driving Properly,Normal,,,,,,,,,Yes,,,,,Yes,,Yes,,,,119,Wexford/Maryvale,119,Wexford/Maryvale (119),D41,636304.4336,4843964.648
17900,81658376,2001503800,05/08/2022,2022,1533,VICTORIA PARK AVE,SURREY AVE,,Major Arterial,Scarborough,43.736197,-79.307391,At/Near Private Drive,Traffic Signal,Clear,Daylight,Dry,Fatal,Turning Movement,Driver,70 to 74,Minor,,North,"Automobile, Station Wagon",Turning Left,Failed to Yield Right of Way,Inattentive,,,,,,,,,Yes,,,,,Yes,,Yes,,,,119,Wexford/Maryvale,119,Wexford/Maryvale (119),D41,636304.4336,4843964.648
17901,81658389,2001503800,05/08/2022,2022,1533,VICTORIA PARK AVE,SURREY AVE,,Major Arterial,Scarborough,43.736197,-79.307391,At/Near Private Drive,Traffic Signal,Clear,Daylight,Dry,Fatal,Turning Movement,Passenger,15 to 19,Minor,,,,,,,,,,,,,,,Yes,,,,,Yes,,Yes,,,,119,Wexford/Maryvale,119,Wexford/Maryvale (119),D41,636304.4336,4843964.648
17902,81663855,2001504296,05/08/2022,2022,1640,DUPONT ST,OSSINGTON AVE,1 m West of,Major Arterial,Etobicoke York,43.670024,-79.428989,Intersection Related,Traffic Signal,Clear,Daylight,Dry,Property Damage O,Other,Driver,40 to 44,None,,East,"Bus (Other) (Go Bus, Gray Coa",Changing Lanes,Driving Properly,Normal,,,,,,,,,,,,Yes,,Yes,,,,,,172,Dovercourt Village,93,Dovercourt-Wallace Emerson-Junction (93),D14,626651.4172,4836422.354
17903,81663856,2001504296,05/08/2022,2022,1640,DUPONT ST,OSSINGTON AVE,1 m West of,Major Arterial,Etobicoke York,43.670024,-79.428989,Intersection Related,Traffic Signal,Clear,Daylight,Dry,Property Damage O,Other,Passenger,55 to 59,Major,,,,,,,,,,,,,,,,,,Yes,,Yes,,,,,,172,Dovercourt Village,93,Dovercourt-Wallace Emerson-Junction (93),D14,626651.4172,4836422.354
17904,81664490,2001506529,05/08/2022,2022,2231,QUEEN  ST E,ORCHARD PARK BLVD,12 m East of,Minor Arterial,Toronto and East York,43.666957,-79.313518,Intersection Related,No Control,Clear,"Dark, artificial",Dry,Non-Fatal Injury,Pedestrian Collisions,Driver,60 to 64,None,,East,Pick Up Truck,Going Ahead,Driving Properly,Normal,,,,,,,Yes,,Yes,,,,,,,,,,,63,The Beaches,63,The Beaches (63),D55,635967.4603,4836264.5
17905,81664491,2001506529,05/08/2022,2022,2231,QUEEN  ST E,ORCHARD PARK BLVD,12 m East of,Minor Arterial,Toronto and East York,43.666957,-79.313518,Intersection Related,No Control,Clear,"Dark, artificial",Dry,Non-Fatal Injury,Pedestrian Collisions,Pedestrian,60 to 64,Major,,North,,,,,Pedestrian hit at mid-block,"Crossing, no Traffic Control",Normal,,,,Yes,,Yes,,,,,,,,,,,63,The Beaches,63,The Beaches (63),D55,635967.4603,4836264.5
17906,81663756,2001507092,06/08/2022,2022,40,ST CLAIR  AVE W,LAUGHTON  AVE,1662 St Clai,Major Arterial,Etobicoke York,43.674651,-79.457607,At Intersection,Traffic Signal,Clear,"Dark, artificial",Dry,Non-Fatal Injury,Pedestrian Collisions,Driver,45 to 49,None,,West,"Automobile, Station Wagon",Going Ahead,Other,"Ability Impaired, Alcohol",,,,,,,Yes,,Yes,,,,,,,,,Yes,,91,Weston-Pelham Park,91,Weston-Pellam Park (91),D11,624334.7211,4836892.95
17907,81663757,2001507092,06/08/2022,2022,40,ST CLAIR  AVE W,LAUGHTON  AVE,1662 St Clai,Major Arterial,Etobicoke York,43.674651,-79.457607,At Intersection,Traffic Signal,Clear,"Dark, artificial",Dry,Non-Fatal Injury,Pedestrian Collisions,Pedestrian,55 to 59,Major,,North,,,,,Vehicle is going straight thru inter.while ped cross without ROW,Crossing without right of way,Inattentive,,,,Yes,,Yes,,,,,,,,,Yes,,91,Weston-Pelham Park,91,Weston-Pellam Park (91),D11,624334.7211,4836892.95
17908,81664139,2001513623,07/08/2022,2022,13,HIGHWAY 2A  E,HIGHLAND CREEK OVERPASS,200 m East o,Expressway,Scarborough,43.784403,-79.165149,Non Intersection,No Control,Clear,Dark,Dry,Fatal,Pedestrian Collisions,Driver,45 to 49,None,,East,"Automobile, Station Wagon",Going Ahead,Driving Properly,Normal,,,,,,,Yes,,Yes,,,,,,,,,,,133,Centennial Scarborough,133,Centennial Scarborough (133),D43,647640.5845,4849562.53
17909,81664140,2001513623,07/08/2022,2022,13,HIGHWAY 2A  E,HIGHLAND CREEK OVERPASS,200 m East o,Expressway,Scarborough,43.784403,-79.165149,Non Intersection,No Control,Clear,Dark,Dry,Fatal,Pedestrian Collisions,Pedestrian,45 to 49,Fatal,40,Unknown,,,,,Pedestrian hit at mid-block,"Crossing, no Traffic Control",Inattentive,,,,Yes,,Yes,,,,,,,,,,,133,Centennial Scarborough,133,Centennial Scarborough (133),D43,647640.5845,4849562.53
17910,81703108,2001514494,07/08/2022,2022,414,KENNEDY RD,MERRIAN RD,18 m East of,Major Arterial,Scarborough,43.727336,-79.26588,At Intersection,Traffic Signal,Clear,"Dark, artificial",Dry,Non-Fatal Injury,Pedestrian Collisions,Motorcycle Driver,30 to 34,Major,,South,Motorcycle,Going Ahead,Other,Unknown,,,,,,,Yes,,,Yes,,,,,,,,,,124,Kennedy Park,124,Kennedy Park (124),D41,639667.9165,4843049.632
17911,81703109,2001514494,07/08/2022,2022,414,KENNEDY RD,MERRIAN RD,18 m East of,Major Arterial,Scarborough,43.727336,-79.26588,At Intersection,Traffic Signal,Clear,"Dark, artificial",Dry,Non-Fatal Injury,Pedestrian Collisions,Pedestrian,60 to 64,Major,,West,,,,,Vehicle is going straight thru inter.while ped cross without ROW,Crossing without right of way,Normal,,,,Yes,,,Yes,,,,,,,,,,124,Kennedy Park,124,Kennedy Park (124),D41,639667.9165,4843049.632
17912,81658379,2001527997,09/08/2022,2022,532,STEELES AVE W,BATHURST ST,,Major Arterial,North York,43.792338,-79.445712,At Intersection,Traffic Signal,Clear,Dark,Dry,Fatal,Rear End,Passenger,30 to 34,Fatal,35,,,,,,,,,,,,,,Yes,,,,,Yes,,,,,,36,Newtonbrook West,36,Newtonbrook West (36),D32,625048.4226,4849981.691