OBJECTID,INDEX,ACCNUM,DATE,ACCIDENT_YEAR,TIME,STREET1,STREET2,OFFSET,ROAD_CLASS,DISTRICT,LATITUDE,LONGITUDE,ACCLOC,TRAFFCTL,VISIBILITY,LIGHT,RDSFCOND,ACCLASS,IMPACTYPE,INVTYPE,INVAGE,INJURY,FATAL_NO,INITDIR,VEHTYPE,MANOEUVER,DRIVACT,DRIVCOND,PEDTYPE,PEDACT,PEDCOND,CYCLISTYPE,CYCACT,CYCCOND,PEDESTRIAN,CYCLIST,AUTOMOBILE,MOTORCYCLE,TRUCK,TRSN_CITY_VEH,EMERG_VEH,PASSENGER,SPEEDING,AG_DRIV,REDLIGHT,ALCOHOL,DISABILITY,HOOD_158,NEIGHBOURHOOD_158,HOOD_140,NEIGHBOURHOOD_140,DIVISION,x,y
17913,81658380,2001527997,09/08/2022,2022,532,STEELES AVE W,BATHURST ST,,Major Arterial,North York,43.792338,-79.445712,At Intersection,Traffic Signal,Clear,Dark,Dry,Fatal,Rear End,Driver,20 to 24,Major,,East,"Automobile, Station Wagon",Going Ahead,Lost control,Unknown,,,,,,,,,Yes,,,,,Yes,,,,,,36,Newtonbrook West,36,Newtonbrook West (36),D32,625048.4226,4849981.691
17914,81658381,2001527997,09/08/2022,2022,532,STEELES AVE W,BATHURST ST,,Major Arterial,North York,43.792338,-79.445712,At Intersection,Traffic Signal,Clear,Dark,Dry,Fatal,Rear End,Driver,60 to 64,Major,,East,"Automobile, Station Wagon",Stopped,Driving Properly,Normal,,,,,,,,,Yes,,,,,Yes,,,,,,36,Newtonbrook West,36,Newtonbrook West (36),D32,625048.4226,4849981.691
17915,81665131,2001535137,10/08/2022,2022,648,525 ELM ST,,5 m South of,Collector,Toronto and East York,43.655848,-79.391498,Non Intersection,No Control,Clear,Daylight,Dry,Non-Fatal Injury,Pedestrian Collisions,Driver,25 to 29,None,,East,"Automobile, Station Wagon",Going Ahead,Driving Properly,Normal,,,,,,,Yes,,Yes,,,,,,,,,,,78,Kensington-Chinatown,78,Kensington-Chinatown (78),D52,629704.4133,4834905.843
17916,81665132,2001535137,10/08/2022,2022,648,525 ELM ST,,5 m South of,Collector,Toronto and East York,43.655848,-79.391498,Non Intersection,No Control,Clear,Daylight,Dry,Non-Fatal Injury,Pedestrian Collisions,Pedestrian,30 to 34,Major,,North,,,,,Pedestrian hit at mid-block,"Crossing, no Traffic Control",Normal,,,,Yes,,Yes,,,,,,,,,,,78,Kensington-Chinatown,78,Kensington-Chinatown (78),D52,629704.4133,4834905.843
17917,81687366,2001536072,10/08/2022,2022,939,MARTIN GROVE RD,STEELES AVE W,15 m South o,Minor Arterial,Etobicoke York,43.757792,-79.603336,Non Intersection,No Control,Clear,Daylight,Dry,Non-Fatal Injury,Pedestrian Collisions,Driver,50 to 54,None,,West,"Automobile, Station Wagon",Turning Left,Driving Properly,Normal,,,,,,,Yes,,Yes,,,,,,,,,,,1,West Humber-Clairville,1,West Humber-Clairville (1),D23,612431.6011,4845918.79
17918,81687367,2001536072,10/08/2022,2022,939,MARTIN GROVE RD,STEELES AVE W,15 m South o,Minor Arterial,Etobicoke York,43.757792,-79.603336,Non Intersection,No Control,Clear,Daylight,Dry,Non-Fatal Injury,Pedestrian Collisions,Pedestrian,60 to 64,Major,,West,,,,,Pedestrian hit at mid-block,"Crossing, no Traffic Control",Normal,,,,Yes,,Yes,,,,,,,,,,,1,West Humber-Clairville,1,West Humber-Clairville (1),D23,612431.6011,4845918.79
17919,81663804,2001538160,10/08/2022,2022,1438,BLOOR ST W,JOPLING AVE S,,Major Arterial,Etobicoke York,43.640822,-79.539516,At Intersection,Stop Sign,Clear,Daylight,Dry,Fatal,Turning Movement,Motorcycle Driver,45 to 49,Fatal,38,East,Motorcycle,Going Ahead,Driving Properly,Normal,,,,,,,,,Yes,Yes,,,,,,Yes,,,,158,Islington,14,Islington-City Centre West (14),D22,617797.9831,4833016.291
17920,81663807,2001538160,10/08/2022,2022,1438,BLOOR ST W,JOPLING AVE S,,Major Arterial,Etobicoke York,43.640822,-79.539516,At Intersection,Stop Sign,Clear,Daylight,Dry,Fatal,Turning Movement,Driver,90 to 94,None,,North,"Automobile, Station Wagon",Turning Left,Disobeyed Traffic Control,Normal,,,,,,,,,Yes,Yes,,,,,,Yes,,,,158,Islington,14,Islington-City Centre West (14),D22,617797.9831,4833016.291
17921,81688568,2001544933,11/08/2022,2022,1314,QUEEN ST E,YONGE ST,1 m South of,Major Arterial,Toronto and East York,43.652369,-79.379222,At Intersection,Traffic Signal,Clear,Daylight,Dry,Non-Fatal Injury,Turning Movement,Truck Driver,50 to 54,None,,West,Truck - Dump,Turning Right,Disobeyed Traffic Control,Inattentive,,,,,,,,,,Yes,Yes,,,,,Yes,Yes,,,168,Downtown Yonge East,75,Church-Yonge Corridor (75),D51,630701.8679,4834538.717
17922,81688569,2001544933,11/08/2022,2022,1314,QUEEN ST E,YONGE ST,1 m South of,Major Arterial,Toronto and East York,43.652369,-79.379222,At Intersection,Traffic Signal,Clear,Daylight,Dry,Non-Fatal Injury,Turning Movement,Motorcycle Driver,55 to 59,Major,,West,Motorcycle,Going Ahead,Driving Properly,Normal,,,,,,,,,,Yes,Yes,,,,,Yes,Yes,,,168,Downtown Yonge East,75,Church-Yonge Corridor (75),D51,630701.8679,4834538.717
17923,81656793,2001549410,12/08/2022,2022,410,DUFFERIN ST,GERRY FITZGERALD DR,,Major Arterial,North York,43.783106,-79.470119,Non Intersection,No Control,Clear,"Dawn, artificial",Dry,Fatal,Approaching,Driver,30 to 34,Minor,,North,"Automobile, Station Wagon",Going Ahead,Lost control,Fatigue,,,,,,,,,Yes,,,,,,,,,,,34,Bathurst Manor,34,Bathurst Manor (34),D32,623103.7202,4848919.751
17924,81658378,2001549410,12/08/2022,2022,410,DUFFERIN ST,GERRY FITZGERALD DR,,Major Arterial,North York,43.783106,-79.470119,Non Intersection,No Control,Clear,"Dawn, artificial",Dry,Fatal,Approaching,Driver,55 to 59,Fatal,37,South,"Automobile, Station Wagon",Going Ahead,Driving Properly,Normal,,,,,,,,,Yes,,,,,,,,,,,34,Bathurst Manor,34,Bathurst Manor (34),D32,623103.7202,4848919.751
17925,81663344,2001553400,12/08/2022,2022,1620,EGLINTON AVE E,DON VALLEY PKWY SOUTHBOUND RAM,5 m North of,Major Arterial,North York,43.722975,-79.330417,Non Intersection,No Control,Clear,Daylight,Dry,Non-Fatal Injury,Cyclist Collisions,Cyclist,20 to 24,Major,,West,Bicycle,Going Ahead,,,,,,"Cyclist without ROW rides into path of motorist at inter, lnwy, dwy-Cyclist not turn.",Other,Inattentive,,Yes,Yes,,,,,,,,,,,44,Flemingdon Park,44,Flemingdon Park (44),D55,634479.7367,4842458.527
17926,81663345,2001553400,12/08/2022,2022,1620,EGLINTON AVE E,DON VALLEY PKWY SOUTHBOUND RAM,5 m North of,Major Arterial,North York,43.722975,-79.330417,Non Intersection,No Control,Clear,Daylight,Dry,Non-Fatal Injury,Cyclist Collisions,Driver,55 to 59,None,,West,"Automobile, Station Wagon",Turning Right,Driving Properly,Normal,,,,,,,,Yes,Yes,,,,,,,,,,,44,Flemingdon Park,44,Flemingdon Park (44),D55,634479.7367,4842458.527
17927,81663657,2001555147,12/08/2022,2022,2105,LAKE SHORE BLVD W [E/B],BRITISH COLUMBIA RD,29 m South o,Major Arterial,Toronto and East York,43.631171,-79.429263,Non Intersection,Traffic Signal,Clear,Daylight,Dry,Non-Fatal Injury,Pedestrian Collisions,Driver,40 to 44,None,,East,"Automobile, Station Wagon",Going Ahead,Driving Properly,Normal,,,,,,,Yes,,Yes,,,,,,,,,,,85,South Parkdale,85,South Parkdale (85),D14,626711.0039,4832106.806
17928,81663658,2001555147,12/08/2022,2022,2105,LAKE SHORE BLVD W [E/B],BRITISH COLUMBIA RD,29 m South o,Major Arterial,Toronto and East York,43.631171,-79.429263,Non Intersection,Traffic Signal,Clear,Daylight,Dry,Non-Fatal Injury,Pedestrian Collisions,Pedestrian,30 to 34,Major,,South,,,,,Vehicle is going straight thru inter.while ped cross without ROW,Crossing marked crosswalk without ROW,Normal,,,,Yes,,Yes,,,,,,,,,,,85,South Parkdale,85,South Parkdale (85),D14,626711.0039,4832106.806
17929,81663895,2001556474,13/08/2022,2022,220,672 KENNEDY RD,,8 m East of,Major Arterial,Scarborough,43.726512,-79.265514,Non Intersection,No Control,Clear,"Dark, artificial",Dry,Non-Fatal Injury,Rear End,Driver,25 to 29,None,,South,"Automobile, Station Wagon",Going Ahead,Lost control,"Ability Impaired, Alcohol Over .08",,,,,,,,,Yes,,,,,Yes,,,,Yes,,124,Kennedy Park,124,Kennedy Park (124),D41,639699.3105,4842958.732
17930,81663896,2001556474,13/08/2022,2022,220,672 KENNEDY RD,,8 m East of,Major Arterial,Scarborough,43.726512,-79.265514,Non Intersection,No Control,Clear,"Dark, artificial",Dry,Non-Fatal Injury,Rear End,Driver,40 to 44,None,,South,"Automobile, Station Wagon",Stopped,Driving Properly,Normal,,,,,,,,,Yes,,,,,Yes,,,,Yes,,124,Kennedy Park,124,Kennedy Park (124),D41,639699.3105,4842958.732
17931,81663897,2001556474,13/08/2022,2022,220,672 KENNEDY RD,,8 m East of,Major Arterial,Scarborough,43.726512,-79.265514,Non Intersection,No Control,Clear,"Dark, artificial",Dry,Non-Fatal Injury,Rear End,Passenger,45 to 49,Major,,,,,,,,,,,,,,,Yes,,,,,Yes,,,,Yes,,124,Kennedy Park,124,Kennedy Park (124),D41,639699.3105,4842958.732
17932,81663898,2001556474,13/08/2022,2022,220,672 KENNEDY RD,,8 m East of,Major Arterial,Scarborough,43.726512,-79.265514,Non Intersection,No Control,Clear,"Dark, artificial",Dry,Non-Fatal Injury,Rear End,Passenger,55 to 59,Minor,,,,,,,,,,,,,,,Yes,,,,,Yes,,,,Yes,,124,Kennedy Park,124,Kennedy Park (124),D41,639699.3105,4842958.732
17933,81663899,2001556474,13/08/2022,2022,220,672 KENNEDY RD,,8 m East of,Major Arterial,Scarborough,43.726512,-79.265514,Non Intersection,No Control,Clear,"Dark, artificial",Dry,Non-Fatal Injury,Rear End,Passenger,40 to 44,None,,,,,,,,,,,,,,,Yes,,,,,Yes,,,,Yes,,124,Kennedy Park,124,Kennedy Park (124),D41,639699.3105,4842958.732
17934,81703498,2001591004,18/08/2022,2022,30,F G GARDINER XY  W,STRACHAN AVE,450 m West o,Expressway,Toronto and East York,43.636424,-79.415782,Non Intersection,No Control,Clear,"Dark, artificial",Dry,Non-Fatal Injury,Rear End,Motorcycle Driver,45 to 49,Major,,West,Motorcycle,Changing Lanes,Improper Lane Change,Normal,,,,,,,,,Yes,Yes,,,,,,,,,,163,Fort York-Liberty Village,82,Niagara (82),D14,627787.3901,4832710.884
17935,81703499,2001591004,18/08/2022,2022,30,F G GARDINER XY  W,STRACHAN AVE,450 m West o,Expressway,Toronto and East York,43.636424,-79.415782,Non Intersection,No Control,Clear,"Dark, artificial",Dry,Non-Fatal Injury,Rear End,Driver,25 to 29,None,,West,"Automobile, Station Wagon",Stopped,Driving Properly,Normal,,,,,,,,,Yes,Yes,,,,,,,,,,163,Fort York-Liberty Village,82,Niagara (82),D14,627787.3901,4832710.884
17936,81665219,2001598507,19/08/2022,2022,25,KEELE ST,SHEPPARD AVE W,5 m East of,Major Arterial,North York,43.744704,-79.486408,At Intersection,Traffic Signal,Clear,"Dark, artificial",Dry,Non-Fatal Injury,Pedestrian Collisions,Truck Driver,55 to 59,None,,North,Truck (other),Turning Right,Improper Turn,Inattentive,,,,,,,Yes,,,,Yes,,,,,,,,,155,Downsview,26,Downsview-Roding-CFB (26),D31,621870.9481,4844630.544
17937,81665220,2001598507,19/08/2022,2022,25,KEELE ST,SHEPPARD AVE W,5 m East of,Major Arterial,North York,43.744704,-79.486408,At Intersection,Traffic Signal,Clear,"Dark, artificial",Dry,Non-Fatal Injury,Pedestrian Collisions,Pedestrian,55 to 59,Major,,North,,,,,Vehicle turns right while ped crosses with ROW at inter.,Crossing with right of way,Normal,,,,Yes,,,,Yes,,,,,,,,,155,Downsview,26,Downsview-Roding-CFB (26),D31,621870.9481,4844630.544
17938,81703142,2001599980,19/08/2022,2022,830,YONGE ST,CONNAUGHT AV,,Major Arterial,North York,43.789359,-79.417888,At Intersection,Stop Sign,Clear,Daylight,Dry,Non-Fatal Injury,Angle,Driver,55 to 59,None,,East,"Automobile, Station Wagon",Going Ahead,Failed to Yield Right of Way,Normal,,,,,,,,,Yes,,,,,,,Yes,,,,50,Newtonbrook East,50,Newtonbrook East (50),D32,627293.3133,4849693.239
17939,81703143,2001599980,19/08/2022,2022,830,YONGE ST,CONNAUGHT AV,,Major Arterial,North York,43.789359,-79.417888,At Intersection,Stop Sign,Clear,Daylight,Dry,Non-Fatal Injury,Angle,Driver,60 to 64,Major,,North,"Automobile, Station Wagon",Going Ahead,Driving Properly,Normal,,,,,,,,,Yes,,,,,,,Yes,,,,50,Newtonbrook East,50,Newtonbrook East (50),D32,627293.3133,4849693.239
17940,81688308,2001603653,19/08/2022,2022,1804,ROYAL YORK RD,STRATH HUMBER CRT,34 m South o,Minor Arterial,Etobicoke York,43.661727,-79.517726,At Intersection,Traffic Signal,Clear,Daylight,Dry,Non-Fatal Injury,Turning Movement,Driver,70 to 74,Major,,South,"Automobile, Station Wagon",Going Ahead,Disobeyed Traffic Control,Normal,,,,,,,,,Yes,,,,,Yes,,Yes,Yes,,,9,Edenbridge-Humber Valley,9,Edenbridge-Humber Valley (9),D22,619514.0392,4835369.214
17941,81688309,2001603653,19/08/2022,2022,1804,ROYAL YORK RD,STRATH HUMBER CRT,34 m South o,Minor Arterial,Etobicoke York,43.661727,-79.517726,At Intersection,Traffic Signal,Clear,Daylight,Dry,Non-Fatal Injury,Turning Movement,Driver,45 to 49,None,,North,"Automobile, Station Wagon",Turning Left,Driving Properly,Normal,,,,,,,,,Yes,,,,,Yes,,Yes,Yes,,,9,Edenbridge-Humber Valley,9,Edenbridge-Humber Valley (9),D22,619514.0392,4835369.214
17942,81688310,2001603653,19/08/2022,2022,1804,ROYAL YORK RD,STRATH HUMBER CRT,34 m South o,Minor Arterial,Etobicoke York,43.661727,-79.517726,At Intersection,Traffic Signal,Clear,Daylight,Dry,Non-Fatal Injury,Turning Movement,Driver,65 to 69,None,,North,"Automobile, Station Wagon",Slowing or Stopping,Driving Properly,Normal,,,,,,,,,Yes,,,,,Yes,,Yes,Yes,,,9,Edenbridge-Humber Valley,9,Edenbridge-Humber Valley (9),D22,619514.0392,4835369.214
17943,81688311,2001603653,19/08/2022,2022,1804,ROYAL YORK RD,STRATH HUMBER CRT,34 m South o,Minor Arterial,Etobicoke York,43.661727,-79.517726,At Intersection,Traffic Signal,Clear,Daylight,Dry,Non-Fatal Injury,Turning Movement,Passenger,45 to 49,Minor,,,,,,,,,,,,,,,Yes,,,,,Yes,,Yes,Yes,,,9,Edenbridge-Humber Valley,9,Edenbridge-Humber Valley (9),D22,619514.0392,4835369.214
17944,81664880,2001624588,22/08/2022,2022,1958,MEADOWVALE RD,SHEPPARD AVE E,36 m South o,Minor Arterial,Scarborough,43.807902,-79.170619,At/Near Private Drive,No Control,Clear,"Dusk, artificial",Wet,Non-Fatal Injury,Cyclist Collisions,Truck Driver,40 to 44,None,,South,"Truck - Closed (Blazer, etc)",Turning Right,Failed to Yield Right of Way,Normal,,,,,,,,Yes,,,Yes,,,Yes,,Yes,,,,143,West Rouge,131,Rouge (131),D42,647142.7439,4852162.734
17945,81664881,2001624588,22/08/2022,2022,1958,MEADOWVALE RD,SHEPPARD AVE E,36 m South o,Minor Arterial,Scarborough,43.807902,-79.170619,At/Near Private Drive,No Control,Clear,"Dusk, artificial",Wet,Non-Fatal Injury,Cyclist Collisions,Cyclist,10 to 14,Major,,South,Bicycle,Going Ahead,,,,,,"Motorist turns right at non-signal Inter.(stop, yield, no cont.,and dwy) and strikes cyclist.",Driving Properly,Normal,,Yes,,,Yes,,,Yes,,Yes,,,,143,West Rouge,131,Rouge (131),D42,647142.7439,4852162.734
17946,81664882,2001624588,22/08/2022,2022,1958,MEADOWVALE RD,SHEPPARD AVE E,36 m South o,Minor Arterial,Scarborough,43.807902,-79.170619,At/Near Private Drive,No Control,Clear,"Dusk, artificial",Wet,Non-Fatal Injury,Cyclist Collisions,Passenger,15 to 19,None,,,,,,,,,,,,,,Yes,,,Yes,,,Yes,,Yes,,,,143,West Rouge,131,Rouge (131),D42,647142.7439,4852162.734
17947,81664883,2001624588,22/08/2022,2022,1958,MEADOWVALE RD,SHEPPARD AVE E,36 m South o,Minor Arterial,Scarborough,43.807902,-79.170619,At/Near Private Drive,No Control,Clear,"Dusk, artificial",Wet,Non-Fatal Injury,Cyclist Collisions,Passenger,10 to 14,None,,,,,,,,,,,,,,Yes,,,Yes,,,Yes,,Yes,,,,143,West Rouge,131,Rouge (131),D42,647142.7439,4852162.734
17948,81663805,2001624731,22/08/2022,2022,2031,2978 WESTON RD,,,Major Arterial,Etobicoke York,43.726855,-79.535571,Non Intersection,No Control,Rain,"Dark, artificial",Wet,Fatal,Approaching,Driver,75 to 79,Major,,South,"Automobile, Station Wagon",Going Ahead,Driving Properly,Normal,,,,,,,,,Yes,,,,,,,,,,,23,Pelmo Park-Humberlea,23,Pelmo Park-Humberlea (23),D31,617947.4625,4842577.009
17949,81664642,2001624731,22/08/2022,2022,2031,2978 WESTON RD,,,Major Arterial,Etobicoke York,43.726855,-79.535571,Non Intersection,No Control,Rain,"Dark, artificial",Wet,Fatal,Approaching,Driver,20 to 24,Fatal,39,North,"Automobile, Station Wagon",Going Ahead,Lost control,Unknown,,,,,,,,,Yes,,,,,,,,,,,23,Pelmo Park-Humberlea,23,Pelmo Park-Humberlea (23),D31,617947.4625,4842577.009
17950,81665434,2001632835,23/08/2022,2022,2252,SHEPPARD AVE E,BAYVIEW AVE,,Major Arterial,North York,43.766516,-79.388011,At Intersection,Traffic Signal,Clear,"Dark, artificial",Dry,Non-Fatal Injury,Turning Movement,Driver,80 to 84,Minor,,East,"Automobile, Station Wagon",Turning Left,Failed to Yield Right of Way,Inattentive,,,,,,,,,Yes,,,,,Yes,,Yes,,,,52,Bayview Village,52,Bayview Village (52),D33,629746.5718,4847202.552
17951,81665435,2001632835,23/08/2022,2022,2252,SHEPPARD AVE E,BAYVIEW AVE,,Major Arterial,North York,43.766516,-79.388011,At Intersection,Traffic Signal,Clear,"Dark, artificial",Dry,Non-Fatal Injury,Turning Movement,Driver,80 to 84,Major,,West,"Automobile, Station Wagon",Going Ahead,Driving Properly,Normal,,,,,,,,,Yes,,,,,Yes,,Yes,,,,52,Bayview Village,52,Bayview Village (52),D33,629746.5718,4847202.552
17952,81665436,2001632835,23/08/2022,2022,2252,SHEPPARD AVE E,BAYVIEW AVE,,Major Arterial,North York,43.766516,-79.388011,At Intersection,Traffic Signal,Clear,"Dark, artificial",Dry,Non-Fatal Injury,Turning Movement,Passenger,75 to 79,Minor,,,,,,,,,,,,,,,Yes,,,,,Yes,,Yes,,,,52,Bayview Village,52,Bayview Village (52),D33,629746.5718,4847202.552
17953,81679942,2001661839,27/08/2022,2022,2220,F G GARDINER XY  E,STRACHAN AVE,380 m West o,Expressway,Toronto and East York,43.63666,-79.414516,Non Intersection,No Control,Clear,"Dark, artificial",Dry,Non-Fatal Injury,Rear End,Motorcycle Driver,30 to 34,Major,,East,Motorcycle,Changing Lanes,Improper Lane Change,Normal,,,,,,,,,Yes,Yes,,,,Yes,,,,,,163,Fort York-Liberty Village,82,Niagara (82),D14,627889.0095,4832739.044
17954,81679943,2001661839,27/08/2022,2022,2220,F G GARDINER XY  E,STRACHAN AVE,380 m West o,Expressway,Toronto and East York,43.63666,-79.414516,Non Intersection,No Control,Clear,"Dark, artificial",Dry,Non-Fatal Injury,Rear End,Driver,20 to 24,None,,East,"Automobile, Station Wagon",Slowing or Stopping,Driving Properly,Normal,,,,,,,,,Yes,Yes,,,,Yes,,,,,,163,Fort York-Liberty Village,82,Niagara (82),D14,627889.0095,4832739.044
17955,81679944,2001661839,27/08/2022,2022,2220,F G GARDINER XY  E,STRACHAN AVE,380 m West o,Expressway,Toronto and East York,43.63666,-79.414516,Non Intersection,No Control,Clear,"Dark, artificial",Dry,Non-Fatal Injury,Rear End,Passenger,25 to 29,None,,,,,,,,,,,,,,,Yes,Yes,,,,Yes,,,,,,163,Fort York-Liberty Village,82,Niagara (82),D14,627889.0095,4832739.044
17956,81679945,2001661839,27/08/2022,2022,2220,F G GARDINER XY  E,STRACHAN AVE,380 m West o,Expressway,Toronto and East York,43.63666,-79.414516,Non Intersection,No Control,Clear,"Dark, artificial",Dry,Non-Fatal Injury,Rear End,Passenger,25 to 29,None,,,,,,,,,,,,,,,Yes,Yes,,,,Yes,,,,,,163,Fort York-Liberty Village,82,Niagara (82),D14,627889.0095,4832739.044
17957,81679946,2001661839,27/08/2022,2022,2220,F G GARDINER XY  E,STRACHAN AVE,380 m West o,Expressway,Toronto and East York,43.63666,-79.414516,Non Intersection,No Control,Clear,"Dark, artificial",Dry,Non-Fatal Injury,Rear End,Passenger,25 to 29,None,,,,,,,,,,,,,,,Yes,Yes,,,,Yes,,,,,,163,Fort York-Liberty Village,82,Niagara (82),D14,627889.0095,4832739.044
17958,81664405,2001669318,29/08/2022,2022,35,LAKE SHORE BLVD W,JAMESON AVE,,Major Arterial,Toronto and East York,43.633269,-79.43452,Intersection Related,No Control,Clear,"Dark, artificial",Dry,Non-Fatal Injury,Pedestrian Collisions,Driver,unknown,None,,West,"Automobile, Station Wagon",Going Ahead,Other,Unknown,,,,,,,Yes,,Yes,,,,,,,,,,,85,South Parkdale,85,South Parkdale (85),D14,626282.5246,4832331.804
17959,81664406,2001669318,29/08/2022,2022,35,LAKE SHORE BLVD W,JAMESON AVE,,Major Arterial,Toronto and East York,43.633269,-79.43452,Intersection Related,No Control,Clear,"Dark, artificial",Dry,Non-Fatal Injury,Pedestrian Collisions,Pedestrian,35 to 39,Major,,North,,,,,Pedestrian hit at mid-block,Walking on Roadway Against Traffic,Inattentive,,,,Yes,,Yes,,,,,,,,,,,85,South Parkdale,85,South Parkdale (85),D14,626282.5246,4832331.804
17960,81665521,2001682289,30/08/2022,2022,1910,124 EDENBRIDGE DR,,5 m East of,Collector,Etobicoke York,43.671797,-79.514888,At/Near Private Drive,No Control,Clear,Daylight,Dry,Non-Fatal Injury,Cyclist Collisions,Driver,30 to 34,None,,West,"Automobile, Station Wagon",Turning Left,Driving Properly,Normal,,,,,,,,Yes,Yes,,,,,,,,,,,9,Edenbridge-Humber Valley,9,Edenbridge-Humber Valley (9),D22,619722.8453,4836491.711
17961,81665522,2001682289,30/08/2022,2022,1910,124 EDENBRIDGE DR,,5 m East of,Collector,Etobicoke York,43.671797,-79.514888,At/Near Private Drive,No Control,Clear,Daylight,Dry,Non-Fatal Injury,Cyclist Collisions,Cyclist,30 to 34,Major,,East,Bicycle,Other,,,,,,Motorist turned left across cyclists path.,Other,Other,,Yes,Yes,,,,,,,,,,,9,Edenbridge-Humber Valley,9,Edenbridge-Humber Valley (9),D22,619722.8453,4836491.711
17962,81665523,2001682289,30/08/2022,2022,1910,124 EDENBRIDGE DR,,5 m East of,Collector,Etobicoke York,43.671797,-79.514888,At/Near Private Drive,No Control,Clear,Daylight,Dry,Non-Fatal Injury,Cyclist Collisions,Cyclist,20 to 24,Major,,East,Bicycle,Going Ahead,,,,,,Motorist turned left across cyclists path.,Other,Other,,Yes,Yes,,,,,,,,,,,9,Edenbridge-Humber Valley,9,Edenbridge-Humber Valley (9),D22,619722.8453,4836491.711
17963,81664703,2001686607,31/08/2022,2022,1147,ROGERS RD,GILBERT AVE,3 m North of,Minor Arterial,Etobicoke York,43.683348,-79.459544,At Intersection,No Control,Clear,Daylight,Dry,Non-Fatal Injury,Pedestrian Collisions,Driver,55 to 59,None,,East,"Automobile, Station Wagon",Turning Left,Failed to Yield Right of Way,Inattentive,,,,,,,Yes,,Yes,,,,,,,Yes,,,,109,Caledonia-Fairbank,109,Caledonia-Fairbank (109),D13,624160.6356,4837855.967
17964,81664704,2001686607,31/08/2022,2022,1147,ROGERS RD,GILBERT AVE,3 m North of,Minor Arterial,Etobicoke York,43.683348,-79.459544,At Intersection,No Control,Clear,Daylight,Dry,Non-Fatal Injury,Pedestrian Collisions,Pedestrian,70 to 74,Major,,West,,,,,Vehicle turns left while ped crosses with ROW at inter.,"Crossing, Pedestrian Crossover",Normal,,,,Yes,,Yes,,,,,,,Yes,,,,109,Caledonia-Fairbank,109,Caledonia-Fairbank (109),D13,624160.6356,4837855.967
17965,81664323,2001697085,01/09/2022,2022,1820,DUNDAS ST W,CHELSEA AVE,3 m North of,Minor Arterial,,43.658145,-79.45296,At Intersection,No Control,Clear,Daylight,Dry,Non-Fatal Injury,Turning Movement,Driver,55 to 59,None,,North,"Automobile, Station Wagon",Turning Left,Improper Turn,Normal,,,,,,,,,Yes,Yes,,,,,,,,,,88,High Park North,88,High Park North (88),D11,624743.5114,4835066.717
17966,81664324,2001697085,01/09/2022,2022,1820,DUNDAS ST W,CHELSEA AVE,3 m North of,Minor Arterial,,43.658145,-79.45296,At Intersection,No Control,Clear,Daylight,Dry,Non-Fatal Injury,Turning Movement,Motorcycle Driver,40 to 44,Major,,South,Motorcycle,Going Ahead,Driving Properly,Normal,,,,,,,,,Yes,Yes,,,,,,,,,,88,High Park North,88,High Park North (88),D11,624743.5114,4835066.717
17967,81664747,2001698920,01/09/2022,2022,2336,WESTON RD,JANE ST,,Major Arterial,Etobicoke York,43.691222,-79.500865,At Intersection,Traffic Signal,Clear,"Dark, artificial",Dry,Non-Fatal Injury,Angle,Driver,35 to 39,Minor,,North,"Automobile, Station Wagon",Going Ahead,Disobeyed Traffic Control,Unknown,,,,,,,,,Yes,,,,,Yes,Yes,Yes,Yes,,,115,Mount Dennis,115,Mount Dennis (115),D12,620814.3292,4838669.451
17968,81664748,2001698920,01/09/2022,2022,2336,WESTON RD,JANE ST,,Major Arterial,Etobicoke York,43.691222,-79.500865,At Intersection,Traffic Signal,Clear,"Dark, artificial",Dry,Non-Fatal Injury,Angle,Driver,35 to 39,Minimal,,West,"Automobile, Station Wagon",Going Ahead,Driving Properly,Normal,,,,,,,,,Yes,,,,,Yes,Yes,Yes,Yes,,,115,Mount Dennis,115,Mount Dennis (115),D12,620814.3292,4838669.451
17969,81664749,2001698920,01/09/2022,2022,2336,WESTON RD,JANE ST,,Major Arterial,Etobicoke York,43.691222,-79.500865,At Intersection,Traffic Signal,Clear,"Dark, artificial",Dry,Non-Fatal Injury,Angle,Driver,65 to 69,Minor,,West,"Automobile, Station Wagon",Going Ahead,Driving Properly,Normal,,,,,,,,,Yes,,,,,Yes,Yes,Yes,Yes,,,115,Mount Dennis,115,Mount Dennis (115),D12,620814.3292,4838669.451
17970,81664750,2001698920,01/09/2022,2022,2336,WESTON RD,JANE ST,,Major Arterial,Etobicoke York,43.691222,-79.500865,At Intersection,Traffic Signal,Clear,"Dark, artificial",Dry,Non-Fatal Injury,Angle,Passenger,35 to 39,Minor,,,,,,,,,,,,,,,Yes,,,,,Yes,Yes,Yes,Yes,,,115,Mount Dennis,115,Mount Dennis (115),D12,620814.3292,4838669.451
17971,81664751,2001698920,01/09/2022,2022,2336,WESTON RD,JANE ST,,Major Arterial,Etobicoke York,43.691222,-79.500865,At Intersection,Traffic Signal,Clear,"Dark, artificial",Dry,Non-Fatal Injury,Angle,Passenger,20 to 24,Major,,,,,,,,,,,,,,,Yes,,,,,Yes,Yes,Yes,Yes,,,115,Mount Dennis,115,Mount Dennis (115),D12,620814.3292,4838669.451