OBJECTID,INDEX,ACCNUM,DATE,ACCIDENT_YEAR,TIME,STREET1,STREET2,OFFSET,ROAD_CLASS,DISTRICT,LATITUDE,LONGITUDE,ACCLOC,TRAFFCTL,VISIBILITY,LIGHT,RDSFCOND,ACCLASS,IMPACTYPE,INVTYPE,INVAGE,INJURY,FATAL_NO,INITDIR,VEHTYPE,MANOEUVER,DRIVACT,DRIVCOND,PEDTYPE,PEDACT,PEDCOND,CYCLISTYPE,CYCACT,CYCCOND,PEDESTRIAN,CYCLIST,AUTOMOBILE,MOTORCYCLE,TRUCK,TRSN_CITY_VEH,EMERG_VEH,PASSENGER,SPEEDING,AG_DRIV,REDLIGHT,ALCOHOL,DISABILITY,HOOD_158,NEIGHBOURHOOD_158,HOOD_140,NEIGHBOURHOOD_140,DIVISION,x,y
17972,81666002,2001708028,03/09/2022,2022,753,BAYVIEW BLOOR DVP S RAMP,DON VALLEY PARKWAY  S,3 m East of,Expressway Ramp,Toronto and East York,43.682494,-79.362987,Non Intersection,No Control,Clear,Daylight,Dry,Non-Fatal Injury,SMV Other,Motorcycle Driver,45 to 49,Major,,East,Motorcycle,Going Ahead,Lost control,Normal,,,,,,,,,,Yes,,,,,,,,,,57,Broadview North,57,Broadview North (57),D55,631945.0734,4837910.204
17973,81663806,2001712442,03/09/2022,2022,2100,WILSON AVE,CORNELIUS PKWY,,Major Arterial,,43.728224,-79.477031,At Intersection,No Control,Clear,Dark,Dry,Fatal,Cyclist Collisions,Driver,55 to 59,None,,West,"Automobile, Station Wagon",Turning Left,Failed to Yield Right of Way,Inattentive,,,,,,,,Yes,Yes,,,,,Yes,,Yes,,,,155,Downsview,26,Downsview-Roding-CFB (26),D31,622659.6119,4842814.039
17974,81664647,2001712442,03/09/2022,2022,2100,WILSON AVE,CORNELIUS PKWY,,Major Arterial,,43.728224,-79.477031,At Intersection,No Control,Clear,Dark,Dry,Fatal,Cyclist Collisions,Cyclist,40 to 44,Fatal,41,East,Bicycle,Going Ahead,,,,,,Motorist turned left across cyclists path.,Driving Properly,Normal,,Yes,Yes,,,,,Yes,,Yes,,,,155,Downsview,26,Downsview-Roding-CFB (26),D31,622659.6119,4842814.039
17975,81665628,2001712442,03/09/2022,2022,2100,WILSON AVE,CORNELIUS PKWY,,Major Arterial,,43.728224,-79.477031,At Intersection,No Control,Clear,Dark,Dry,Fatal,Cyclist Collisions,Passenger,15 to 19,None,,East,Bicycle,Going Ahead,,,,,,Motorist turned left across cyclists path.,Driving Properly,Normal,,Yes,Yes,,,,,Yes,,Yes,,,,155,Downsview,26,Downsview-Roding-CFB (26),D31,622659.6119,4842814.039
17976,81664670,2001719120,04/09/2022,2022,2120,DANFORTH AVE,LEYTON AVE,,Major Arterial,Scarborough,43.693495,-79.27782,At Intersection,Stop Sign,Clear,"Dark, artificial",Dry,Non-Fatal Injury,Angle,Driver,15 to 19,None,,South,"Automobile, Station Wagon",Going Ahead,Disobeyed Traffic Control,Other,,,,,,,,,Yes,,,,,,Yes,Yes,,,,121,Oakridge,121,Oakridge (121),D41,638784.334,4839271.044
17977,81664671,2001719120,04/09/2022,2022,2120,DANFORTH AVE,LEYTON AVE,,Major Arterial,Scarborough,43.693495,-79.27782,At Intersection,Stop Sign,Clear,"Dark, artificial",Dry,Non-Fatal Injury,Angle,Driver,55 to 59,Major,,East,"Automobile, Station Wagon",Going Ahead,Driving Properly,Normal,,,,,,,,,Yes,,,,,,Yes,Yes,,,,121,Oakridge,121,Oakridge (121),D41,638784.334,4839271.044
17978,81664643,2001720780,05/09/2022,2022,424,YONGE ST,COLLEGE ST,,Major Arterial,Toronto and East York,43.661299,-79.383067,At Intersection,Traffic Signal,Clear,"Dark, artificial",Dry,Fatal,Pedestrian Collisions,Driver,30 to 34,None,,South,"Automobile, Station Wagon",Overtaking,Improper Passing,Unknown,,,,,,,Yes,,Yes,,,,,,,Yes,,,,168,Downtown Yonge East,75,Church-Yonge Corridor (75),D51,630372.4711,4835524.463
17979,81664645,2001720780,05/09/2022,2022,424,YONGE ST,COLLEGE ST,,Major Arterial,Toronto and East York,43.661299,-79.383067,At Intersection,Traffic Signal,Clear,"Dark, artificial",Dry,Fatal,Pedestrian Collisions,Driver,25 to 29,None,,South,"Automobile, Station Wagon",Stopped,Driving Properly,Normal,,,,,,,Yes,,Yes,,,,,,,Yes,,,,168,Downtown Yonge East,75,Church-Yonge Corridor (75),D51,630372.4711,4835524.463
17980,81665627,2001720780,05/09/2022,2022,424,YONGE ST,COLLEGE ST,,Major Arterial,Toronto and East York,43.661299,-79.383067,At Intersection,Traffic Signal,Clear,"Dark, artificial",Dry,Fatal,Pedestrian Collisions,Pedestrian,40 to 44,Fatal,42,Unknown,,,,,Other / Undefined,Other,Other,,,,Yes,,Yes,,,,,,,Yes,,,,168,Downtown Yonge East,75,Church-Yonge Corridor (75),D51,630372.4711,4835524.463
17981,81687347,2001730201,06/09/2022,2022,1411,SCARLETT RD,BRAEBURN AVE,39 m North o,Major Arterial,Etobicoke York,43.700743,-79.526279,At/Near Private Drive,No Control,Clear,Daylight,Dry,Non-Fatal Injury,Turning Movement,Driver,55 to 59,Minimal,,North,"Automobile, Station Wagon",Turning Left,Failed to Yield Right of Way,Normal,,,,,,,,,Yes,,,,,Yes,,Yes,,,,8,Humber Heights-Westmount,8,Humber Heights-Westmount (8),D23,618747.421,4839690.175
17982,81687348,2001730201,06/09/2022,2022,1411,SCARLETT RD,BRAEBURN AVE,39 m North o,Major Arterial,Etobicoke York,43.700743,-79.526279,At/Near Private Drive,No Control,Clear,Daylight,Dry,Non-Fatal Injury,Turning Movement,Driver,25 to 29,Major,,South,"Automobile, Station Wagon",Going Ahead,Driving Properly,Normal,,,,,,,,,Yes,,,,,Yes,,Yes,,,,8,Humber Heights-Westmount,8,Humber Heights-Westmount (8),D23,618747.421,4839690.175
17983,81687349,2001730201,06/09/2022,2022,1411,SCARLETT RD,BRAEBURN AVE,39 m North o,Major Arterial,Etobicoke York,43.700743,-79.526279,At/Near Private Drive,No Control,Clear,Daylight,Dry,Non-Fatal Injury,Turning Movement,Passenger,50 to 54,Minimal,,,,,,,,,,,,,,,Yes,,,,,Yes,,Yes,,,,8,Humber Heights-Westmount,8,Humber Heights-Westmount (8),D23,618747.421,4839690.175
17984,81666157,2001733583,06/09/2022,2022,2222,DANFORTH RD,MIDLAND AVE,71 m West of,Major Arterial,Scarborough,43.724185,-79.25436,Non Intersection,No Control,Clear,"Dawn, artificial",Dry,Non-Fatal Injury,Pedestrian Collisions,Driver,55 to 59,None,,West,"Automobile, Station Wagon",Going Ahead,Driving Properly,Normal,,,,,,,Yes,,Yes,,,,,,,,,,,124,Kennedy Park,124,Kennedy Park (124),D41,640603.1332,4842719.149
17985,81666158,2001733583,06/09/2022,2022,2222,DANFORTH RD,MIDLAND AVE,71 m West of,Major Arterial,Scarborough,43.724185,-79.25436,Non Intersection,No Control,Clear,"Dawn, artificial",Dry,Non-Fatal Injury,Pedestrian Collisions,Pedestrian,25 to 29,Major,,South,,,,,Pedestrian hit at mid-block,"Crossing, no Traffic Control",Unknown,,,,Yes,,Yes,,,,,,,,,,,124,Kennedy Park,124,Kennedy Park (124),D41,640603.1332,4842719.149
17986,81665664,2001735076,07/09/2022,2022,640,WESTON RD,RAY AVE,3 m North of,Minor Arterial,,43.688578,-79.494197,At Intersection,Traffic Signal,Clear,Dawn,Dry,Non-Fatal Injury,Turning Movement,Driver,20 to 24,None,,South,"Automobile, Station Wagon",Turning Left,Failed to Yield Right of Way,Normal,,,,,,,,,Yes,Yes,,,,,Yes,Yes,,,,115,Mount Dennis,115,Mount Dennis (115),D12,621357.0357,4838385.535
17987,81665665,2001735076,07/09/2022,2022,640,WESTON RD,RAY AVE,3 m North of,Minor Arterial,,43.688578,-79.494197,At Intersection,Traffic Signal,Clear,Dawn,Dry,Non-Fatal Injury,Turning Movement,Motorcycle Driver,30 to 34,Major,,North,Motorcycle,Going Ahead,Speed too Fast For Condition,Normal,,,,,,,,,Yes,Yes,,,,,Yes,Yes,,,,115,Mount Dennis,115,Mount Dennis (115),D12,621357.0357,4838385.535
17988,81664955,2001748727,08/09/2022,2022,2033,106 LAWRENCE  AVE E,ARDROSSAN  PL,106 LAWRENCE,Major Arterial,North York,43.726405,-79.395648,Non Intersection,No Control,Clear,"Dawn, artificial",Dry,Property Damage O,Pedestrian Collisions,Driver,50 to 54,None,,West,Municipal Transit Bus (TTC),Going Ahead,Driving Properly,Normal,,,,,,,Yes,,,,,Yes,,,,,,,,103,Lawrence Park South,103,Lawrence Park South (103),D53,629218.154,4842735.694
17989,81664956,2001748727,08/09/2022,2022,2033,106 LAWRENCE  AVE E,ARDROSSAN  PL,106 LAWRENCE,Major Arterial,North York,43.726405,-79.395648,Non Intersection,No Control,Clear,"Dawn, artificial",Dry,Property Damage O,Pedestrian Collisions,Pedestrian,15 to 19,Major,,Unknown,,,,,Pedestrian hit at mid-block,Running onto Roadway,Other,,,,Yes,,,,,Yes,,,,,,,,103,Lawrence Park South,103,Lawrence Park South (103),D53,629218.154,4842735.694
17990,81688472,2001755398,09/09/2022,2022,1752,SHEPPARD AVE W,WILSON HEIGHTS BLVD,100 m West o,Major Arterial,North York,43.751399,-79.457629,Non Intersection,No Control,Clear,Daylight,Dry,Non-Fatal Injury,Cyclist Collisions,Cyclist,65 to 69,Major,,East,Bicycle,Changing Lanes,,,,,,Cyclist and Driver travelling in same direction. One vehicle sideswipes the other.,Improper Lane Change,Inattentive,,Yes,,,,Yes,,,,,,,,33,Clanton Park,33,Clanton Park (33),D32,624174.3418,4845416.861
17991,81688473,2001755398,09/09/2022,2022,1752,SHEPPARD AVE W,WILSON HEIGHTS BLVD,100 m West o,Major Arterial,North York,43.751399,-79.457629,Non Intersection,No Control,Clear,Daylight,Dry,Non-Fatal Injury,Cyclist Collisions,Driver,40 to 44,None,,East,Municipal Transit Bus (TTC),Going Ahead,Driving Properly,Normal,,,,,,,,Yes,,,,Yes,,,,,,,,33,Clanton Park,33,Clanton Park (33),D32,624174.3418,4845416.861
17992,81665517,2001762186,10/09/2022,2022,1632,LAKE SHORE BV W,NET DR,63 m West of,Major Arterial,Toronto and East York,43.634391,-79.439014,Non Intersection,No Control,Clear,Daylight,Dry,Non-Fatal Injury,Turning Movement,Motorcycle Driver,35 to 39,Major,,East,Motorcycle,Going Ahead,Improper Passing,Normal,,,,,,,,,Yes,Yes,,,,,Yes,Yes,,,,85,South Parkdale,85,South Parkdale (85),D14,625917.6604,4832449.59
17993,81665518,2001762186,10/09/2022,2022,1632,LAKE SHORE BV W,NET DR,63 m West of,Major Arterial,Toronto and East York,43.634391,-79.439014,Non Intersection,No Control,Clear,Daylight,Dry,Non-Fatal Injury,Turning Movement,Driver,25 to 29,None,,North,"Automobile, Station Wagon",Turning Left,Driving Properly,Normal,,,,,,,,,Yes,Yes,,,,,Yes,Yes,,,,85,South Parkdale,85,South Parkdale (85),D14,625917.6604,4832449.59
17994,81665398,2001778339,12/09/2022,2022,2140,ISLINGTON AVENUE AND SATTERLY ROAD,ISLINGTON AV,5 m East of,Major Arterial,Etobicoke York,43.758406,-79.570651,Intersection Related,Traffic Signal,Clear,"Dark, artificial",Dry,Non-Fatal Injury,Turning Movement,Driver,25 to 29,None,,South,"Automobile, Station Wagon",Turning Left,Failed to Yield Right of Way,Inattentive,,,,,,,,,Yes,Yes,,,,,,Yes,,,,21,Humber Summit,21,Humber Summit (21),D31,615061.5875,4846031.87
17995,81665399,2001778339,12/09/2022,2022,2140,ISLINGTON AVENUE AND SATTERLY ROAD,ISLINGTON AV,5 m East of,Major Arterial,Etobicoke York,43.758406,-79.570651,Intersection Related,Traffic Signal,Clear,"Dark, artificial",Dry,Non-Fatal Injury,Turning Movement,Motorcycle Driver,30 to 34,Major,,North,Motorcycle,Going Ahead,Driving Properly,Normal,,,,,,,,,Yes,Yes,,,,,,Yes,,,,21,Humber Summit,21,Humber Summit (21),D31,615061.5875,4846031.87
17996,81665740,2001780111,13/09/2022,2022,730,SHEPPARD AVE E,NEILSON RD,,Major Arterial,Scarborough,43.79803,-79.217654,At Intersection,Traffic Signal,Clear,Daylight,Dry,Non-Fatal Injury,Turning Movement,Driver,40 to 44,Minimal,,North,"Automobile, Station Wagon",Turning Left,Improper Turn,Inattentive,,,,,,,,,Yes,,,,,Yes,,,,,,146,Malvern East,132,Malvern (132),D42,643383.1451,4850983.717
17997,81665741,2001780111,13/09/2022,2022,730,SHEPPARD AVE E,NEILSON RD,,Major Arterial,Scarborough,43.79803,-79.217654,At Intersection,Traffic Signal,Clear,Daylight,Dry,Non-Fatal Injury,Turning Movement,Driver,20 to 24,Minimal,,South,"Automobile, Station Wagon",Going Ahead,Driving Properly,Normal,,,,,,,,,Yes,,,,,Yes,,,,,,146,Malvern East,132,Malvern (132),D42,643383.1451,4850983.717
17998,81665742,2001780111,13/09/2022,2022,730,SHEPPARD AVE E,NEILSON RD,,Major Arterial,Scarborough,43.79803,-79.217654,At Intersection,Traffic Signal,Clear,Daylight,Dry,Non-Fatal Injury,Turning Movement,Passenger,15 to 19,Major,,,,,,,,,,,,,,,Yes,,,,,Yes,,,,,,146,Malvern East,132,Malvern (132),D42,643383.1451,4850983.717
17999,81665285,2001790386,14/09/2022,2022,1436,KING ST E,CHURCH ST,52 m West of,Major Arterial,Toronto and East York,43.649707,-79.374957,Non Intersection,No Control,Clear,Daylight,Dry,Non-Fatal Injury,Cyclist Collisions,Motorcycle Driver,20 to 24,Major,,East,Motorcycle,Going Ahead,Exceeding Speed Limit,Normal,,,,,,,,Yes,,Yes,,,,,Yes,Yes,,,,168,Downtown Yonge East,75,Church-Yonge Corridor (75),D51,631051.5969,4834249.794
18000,81665286,2001790386,14/09/2022,2022,1436,KING ST E,CHURCH ST,52 m West of,Major Arterial,Toronto and East York,43.649707,-79.374957,Non Intersection,No Control,Clear,Daylight,Dry,Non-Fatal Injury,Cyclist Collisions,Cyclist,40 to 44,None,,West,Bicycle,Turning Left,,,,,,Cyclist turned left across motorists path.,Improper Turn,Normal,,Yes,,Yes,,,,,Yes,Yes,,,,168,Downtown Yonge East,75,Church-Yonge Corridor (75),D51,631051.5969,4834249.794
18001,81665959,2001792754,14/09/2022,2022,2005,RUNNYMEDE RD,MARIA ST,10 m South o,Minor Arterial,,43.666323,-79.482394,Non Intersection,No Control,Clear,"Dark, artificial",Dry,Non-Fatal Injury,Rear End,Driver,unknown,None,,South,"Automobile, Station Wagon",Going Ahead,Speed too Fast For Condition,Inattentive,,,,,,,,,Yes,Yes,,,,,Yes,Yes,,,,90,Junction Area,90,Junction Area (90),D11,622353.5051,4835931.16
18002,81665960,2001792754,14/09/2022,2022,2005,RUNNYMEDE RD,MARIA ST,10 m South o,Minor Arterial,,43.666323,-79.482394,Non Intersection,No Control,Clear,"Dark, artificial",Dry,Non-Fatal Injury,Rear End,Driver,20 to 24,None,,South,"Automobile, Station Wagon",Stopped,Driving Properly,Normal,,,,,,,,,Yes,Yes,,,,,Yes,Yes,,,,90,Junction Area,90,Junction Area (90),D11,622353.5051,4835931.16
18003,81665961,2001792754,14/09/2022,2022,2005,RUNNYMEDE RD,MARIA ST,10 m South o,Minor Arterial,,43.666323,-79.482394,Non Intersection,No Control,Clear,"Dark, artificial",Dry,Non-Fatal Injury,Rear End,Motorcycle Driver,50 to 54,Major,,South,Motorcycle,Stopped,Driving Properly,Normal,,,,,,,,,Yes,Yes,,,,,Yes,Yes,,,,90,Junction Area,90,Junction Area (90),D11,622353.5051,4835931.16
18004,81665221,2001796200,15/09/2022,2022,1032,EGLINTON AVE W,SCARLETT RD ET,7 m South of,Major Arterial,Etobicoke York,43.68386,-79.51144,At Intersection,Traffic Signal,Clear,Daylight,Dry,Non-Fatal Injury,Rear End,Truck Driver,40 to 44,None,,West,Truck - Car Carrier,Going Ahead,Following too Close,Normal,,,,,,,,,Yes,,Yes,,,Yes,,Yes,,,,9,Edenbridge-Humber Valley,9,Edenbridge-Humber Valley (9),D22,619976.766,4837836.449
18005,81665222,2001796200,15/09/2022,2022,1032,EGLINTON AVE W,SCARLETT RD ET,7 m South of,Major Arterial,Etobicoke York,43.68386,-79.51144,At Intersection,Traffic Signal,Clear,Daylight,Dry,Non-Fatal Injury,Rear End,Driver,65 to 69,Minor,,West,"Automobile, Station Wagon",Slowing or Stopping,Driving Properly,Normal,,,,,,,,,Yes,,Yes,,,Yes,,Yes,,,,9,Edenbridge-Humber Valley,9,Edenbridge-Humber Valley (9),D22,619976.766,4837836.449
18006,81665223,2001796200,15/09/2022,2022,1032,EGLINTON AVE W,SCARLETT RD ET,7 m South of,Major Arterial,Etobicoke York,43.68386,-79.51144,At Intersection,Traffic Signal,Clear,Daylight,Dry,Non-Fatal Injury,Rear End,Passenger,65 to 69,Major,,,,,,,,,,,,,,,Yes,,Yes,,,Yes,,Yes,,,,9,Edenbridge-Humber Valley,9,Edenbridge-Humber Valley (9),D22,619976.766,4837836.449
18007,81688409,2001797133,15/09/2022,2022,1257,287 COLLEGE ST,,60 m West of,Major Arterial,Toronto and East York,43.657664,-79.401332,Non Intersection,No Control,Clear,Daylight,Dry,Non-Fatal Injury,Cyclist Collisions,Truck Driver,20 to 24,None,,East,"Truck - Closed (Blazer, etc)",Turning Left,Improper Turn,Normal,,,,,,,,Yes,,,Yes,,,,,,,,,78,Kensington-Chinatown,78,Kensington-Chinatown (78),D14,628907.5371,4835092.209
18008,81688410,2001797133,15/09/2022,2022,1257,287 COLLEGE ST,,60 m West of,Major Arterial,Toronto and East York,43.657664,-79.401332,Non Intersection,No Control,Clear,Daylight,Dry,Non-Fatal Injury,Cyclist Collisions,Cyclist,20 to 24,Major,,West,Bicycle,Going Ahead,,,,,,Cyclist falls off bike - no contact with motorist.,Driving Properly,Normal,,Yes,,,Yes,,,,,,,,,78,Kensington-Chinatown,78,Kensington-Chinatown (78),D14,628907.5371,4835092.209
18009,81666124,2001801385,16/09/2022,2022,120,DON VALLEY PKWY N,GERRARD ST,200 m North ,Expressway,Toronto and East York,43.666567,-79.356319,Non Intersection,No Control,Clear,"Dark, artificial",Dry,Non-Fatal Injury,SMV Other,Motorcycle Driver,25 to 29,Major,,North,Motorcycle,Going Ahead,Exceeding Speed Limit,Unknown,,,,,,,,,,Yes,,,,,Yes,Yes,,,,68,North Riverdale,68,North Riverdale (68),D55,632517.5801,4836151.924
18010,81666760,2001815812,18/09/2022,2022,150,F G GARDINER XY  E,CHERRY ST,50 m East of,Expressway,Toronto and East York,43.648947,-79.355068,Non Intersection,No Control,Clear,"Dark, artificial",Dry,Non-Fatal Injury,SMV Other,Motorcycle Driver,30 to 34,Major,,East,Motorcycle,Going Ahead,Lost control,Unknown,,,,,,,,,,Yes,,,,Yes,Yes,Yes,,,,166,St Lawrence-East Bayfront-The Islands,77,Waterfront Communities-The Island (77),D51,632657.2362,4834196.987
18011,81666761,2001815812,18/09/2022,2022,150,F G GARDINER XY  E,CHERRY ST,50 m East of,Expressway,Toronto and East York,43.648947,-79.355068,Non Intersection,No Control,Clear,"Dark, artificial",Dry,Non-Fatal Injury,SMV Other,Motorcycle Passenger,30 to 34,Major,,,,,,,,,,,,,,,,Yes,,,,Yes,Yes,Yes,,,,166,St Lawrence-East Bayfront-The Islands,77,Waterfront Communities-The Island (77),D51,632657.2362,4834196.987
18012,81665620,2001822639,19/09/2022,2022,627,BAYVIEW AVE,LAWRENCE AVE E,92 m South o,Major Arterial,North York,43.726691,-79.381511,Non Intersection,No Control,Clear,Dark,Dry,Non-Fatal Injury,Approaching,Passenger,75 to 79,Minor,,,,,,,,,,,,,,,Yes,,,,,Yes,,Yes,,,,41,Bridle Path-Sunnybrook-York Mills,41,Bridle Path-Sunnybrook-York Mills (41),D53,630356.1709,4842789.6
18013,81665621,2001822639,19/09/2022,2022,627,BAYVIEW AVE,LAWRENCE AVE E,92 m South o,Major Arterial,North York,43.726691,-79.381511,Non Intersection,No Control,Clear,Dark,Dry,Non-Fatal Injury,Approaching,Driver,60 to 64,None,,South,"Automobile, Station Wagon",Going Ahead,Other,Inattentive,,,,,,,,,Yes,,,,,Yes,,Yes,,,,41,Bridle Path-Sunnybrook-York Mills,41,Bridle Path-Sunnybrook-York Mills (41),D53,630356.1709,4842789.6
18014,81665622,2001822639,19/09/2022,2022,627,BAYVIEW AVE,LAWRENCE AVE E,92 m South o,Major Arterial,North York,43.726691,-79.381511,Non Intersection,No Control,Clear,Dark,Dry,Non-Fatal Injury,Approaching,Driver,25 to 29,Major,,North,"Automobile, Station Wagon",Going Ahead,Driving Properly,Normal,,,,,,,,,Yes,,,,,Yes,,Yes,,,,41,Bridle Path-Sunnybrook-York Mills,41,Bridle Path-Sunnybrook-York Mills (41),D53,630356.1709,4842789.6
18015,81665623,2001822639,19/09/2022,2022,627,BAYVIEW AVE,LAWRENCE AVE E,92 m South o,Major Arterial,North York,43.726691,-79.381511,Non Intersection,No Control,Clear,Dark,Dry,Non-Fatal Injury,Approaching,Passenger,55 to 59,Minor,,,,,,,,,,,,,,,Yes,,,,,Yes,,Yes,,,,41,Bridle Path-Sunnybrook-York Mills,41,Bridle Path-Sunnybrook-York Mills (41),D53,630356.1709,4842789.6
18016,81665821,2001844231,22/09/2022,2022,850,TRETHEWEY DR AND PAULSON ROAD,PAULSON RD,10 m West of,Minor Arterial,,43.693583,-79.482257,Intersection Related,No Control,Clear,Daylight,Dry,Non-Fatal Injury,Pedestrian Collisions,Driver,65 to 69,None,,West,"Automobile, Station Wagon",Going Ahead,Driving Properly,Normal,,,,,,,Yes,,Yes,,,,,,,,,,,112,Beechborough-Greenbrook,112,Beechborough-Greenbrook (112),D12,622309.1493,4838958.95
18017,81665822,2001844231,22/09/2022,2022,850,TRETHEWEY DR AND PAULSON ROAD,PAULSON RD,10 m West of,Minor Arterial,,43.693583,-79.482257,Intersection Related,No Control,Clear,Daylight,Dry,Non-Fatal Injury,Pedestrian Collisions,Pedestrian,15 to 19,Major,,South,,,,,Vehicle is going straight thru inter.while ped cross without ROW,Crossing without right of way,Normal,,,,Yes,,Yes,,,,,,,,,,,112,Beechborough-Greenbrook,112,Beechborough-Greenbrook (112),D12,622309.1493,4838958.95
18018,81665624,2001845564,22/09/2022,2022,1217,THE QUEENSWAY,KING ST W,20 m West of,Major Arterial,Toronto and East York,43.638644,-79.446178,Intersection Related,Traffic Signal,Clear,Daylight,Dry,Non-Fatal Injury,Approaching,Driver,70 to 74,Major,,West,"Automobile, Station Wagon",Going Ahead,Lost control,Medical or Physical Disability,,,,,,,,,Yes,,,,,,,,,,Yes,85,South Parkdale,85,South Parkdale (85),D14,625330.9254,4832911.097
18019,81665625,2001845564,22/09/2022,2022,1217,THE QUEENSWAY,KING ST W,20 m West of,Major Arterial,Toronto and East York,43.638644,-79.446178,Intersection Related,Traffic Signal,Clear,Daylight,Dry,Non-Fatal Injury,Approaching,Driver,60 to 64,Minor,,East,"Automobile, Station Wagon",Going Ahead,Driving Properly,Normal,,,,,,,,,Yes,,,,,,,,,,Yes,85,South Parkdale,85,South Parkdale (85),D14,625330.9254,4832911.097
18020,81667331,2001849890,22/09/2022,2022,2350,F G GARDINER XY  W,GARDINER X W 427 X N RAMP,25 m West of,Expressway,Etobicoke York,43.615931,-79.535976,Non Intersection,No Control,Clear,Dark,Dry,Non-Fatal Injury,Rear End,Driver,unknown,None,,West,"Automobile, Station Wagon",Going Ahead,Lost control,Inattentive,,,,,,,,,Yes,,,,,Yes,Yes,Yes,,,,20,Alderwood,20,Alderwood (20),D22,618132.2594,4830256.868
18021,81667332,2001849890,22/09/2022,2022,2350,F G GARDINER XY  W,GARDINER X W 427 X N RAMP,25 m West of,Expressway,Etobicoke York,43.615931,-79.535976,Non Intersection,No Control,Clear,Dark,Dry,Non-Fatal Injury,Rear End,Driver,50 to 54,Minimal,,West,"Automobile, Station Wagon",Stopped,Driving Properly,Normal,,,,,,,,,Yes,,,,,Yes,Yes,Yes,,,,20,Alderwood,20,Alderwood (20),D22,618132.2594,4830256.868
18022,81667333,2001849890,22/09/2022,2022,2350,F G GARDINER XY  W,GARDINER X W 427 X N RAMP,25 m West of,Expressway,Etobicoke York,43.615931,-79.535976,Non Intersection,No Control,Clear,Dark,Dry,Non-Fatal Injury,Rear End,Driver,30 to 34,Minimal,,West,"Automobile, Station Wagon",Slowing or Stopping,Driving Properly,Normal,,,,,,,,,Yes,,,,,Yes,Yes,Yes,,,,20,Alderwood,20,Alderwood (20),D22,618132.2594,4830256.868
18023,81667334,2001849890,22/09/2022,2022,2350,F G GARDINER XY  W,GARDINER X W 427 X N RAMP,25 m West of,Expressway,Etobicoke York,43.615931,-79.535976,Non Intersection,No Control,Clear,Dark,Dry,Non-Fatal Injury,Rear End,Driver,25 to 29,Minimal,,West,"Automobile, Station Wagon",Going Ahead,Speed too Fast For Condition,Inattentive,,,,,,,,,Yes,,,,,Yes,Yes,Yes,,,,20,Alderwood,20,Alderwood (20),D22,618132.2594,4830256.868
18024,81667335,2001849890,22/09/2022,2022,2350,F G GARDINER XY  W,GARDINER X W 427 X N RAMP,25 m West of,Expressway,Etobicoke York,43.615931,-79.535976,Non Intersection,No Control,Clear,Dark,Dry,Non-Fatal Injury,Rear End,Passenger,20 to 24,Minimal,,,,,,,,,,,,,,,Yes,,,,,Yes,Yes,Yes,,,,20,Alderwood,20,Alderwood (20),D22,618132.2594,4830256.868
18025,81667336,2001849890,22/09/2022,2022,2350,F G GARDINER XY  W,GARDINER X W 427 X N RAMP,25 m West of,Expressway,Etobicoke York,43.615931,-79.535976,Non Intersection,No Control,Clear,Dark,Dry,Non-Fatal Injury,Rear End,Passenger,20 to 24,Major,,,,,,,,,,,,,,,Yes,,,,,Yes,Yes,Yes,,,,20,Alderwood,20,Alderwood (20),D22,618132.2594,4830256.868
18026,81679977,2002282330,23/09/2022,2022,304,STEELES AVE E,SEWELLS RD,,Minor Arterial,Scarborough,43.845439,-79.212268,Non Intersection,No Control,Clear,Dark,Dry,Fatal,SMV Other,Passenger,15 to 19,Fatal,47,,,,,,,,,,,,,,Yes,,,,,Yes,,,,,,144,Morningside Heights,131,Rouge (131),D42,643702.6365,4856258.62
18027,81679978,2002282330,23/09/2022,2022,304,STEELES AVE E,SEWELLS RD,,Minor Arterial,Scarborough,43.845439,-79.212268,Non Intersection,No Control,Clear,Dark,Dry,Fatal,SMV Other,Driver,15 to 19,Minor,,West,"Automobile, Station Wagon",Other,Lost control,Unknown,,,,,,,,,Yes,,,,,Yes,,,,,,144,Morningside Heights,131,Rouge (131),D42,643702.6365,4856258.62
18028,81679979,2002282330,23/09/2022,2022,304,STEELES AVE E,SEWELLS RD,,Minor Arterial,Scarborough,43.845439,-79.212268,Non Intersection,No Control,Clear,Dark,Dry,Fatal,SMV Other,Passenger,20 to 24,Minor,,,,,,,,,,,,,,,Yes,,,,,Yes,,,,,,144,Morningside Heights,131,Rouge (131),D42,643702.6365,4856258.62
18029,81665564,2001854039,23/09/2022,2022,1425,WESTON WOOD RD,ROYAL YORK RD,,Minor Arterial,Etobicoke York,43.69187,-79.530826,At Intersection,No Control,Clear,Daylight,Dry,Non-Fatal Injury,Approaching,Driver,35 to 39,Minor,,South,Pick Up Truck,Going Ahead,Improper Passing,Inattentive,,,,,,,,,Yes,,,,,,,Yes,,,,8,Humber Heights-Westmount,8,Humber Heights-Westmount (8),D23,618398.4971,4838698.206