OBJECTID,INDEX,ACCNUM,DATE,ACCIDENT_YEAR,TIME,STREET1,STREET2,OFFSET,ROAD_CLASS,DISTRICT,LATITUDE,LONGITUDE,ACCLOC,TRAFFCTL,VISIBILITY,LIGHT,RDSFCOND,ACCLASS,IMPACTYPE,INVTYPE,INVAGE,INJURY,FATAL_NO,INITDIR,VEHTYPE,MANOEUVER,DRIVACT,DRIVCOND,PEDTYPE,PEDACT,PEDCOND,CYCLISTYPE,CYCACT,CYCCOND,PEDESTRIAN,CYCLIST,AUTOMOBILE,MOTORCYCLE,TRUCK,TRSN_CITY_VEH,EMERG_VEH,PASSENGER,SPEEDING,AG_DRIV,REDLIGHT,ALCOHOL,DISABILITY,HOOD_158,NEIGHBOURHOOD_158,HOOD_140,NEIGHBOURHOOD_140,DIVISION,x,y
18030,81665565,2001854039,23/09/2022,2022,1425,WESTON WOOD RD,ROYAL YORK RD,,Minor Arterial,Etobicoke York,43.69187,-79.530826,At Intersection,No Control,Clear,Daylight,Dry,Non-Fatal Injury,Approaching,Driver,75 to 79,Major,,North,"Automobile, Station Wagon",Going Ahead,Driving Properly,Normal,,,,,,,,,Yes,,,,,,,Yes,,,,8,Humber Heights-Westmount,8,Humber Heights-Westmount (8),D23,618398.4971,4838698.206
18031,81666453,2001859884,24/09/2022,2022,1100,BLOOR ST W,GARDENVALE RD,5 m East of,Major Arterial,Etobicoke York,43.645594,-79.518939,At Intersection,Traffic Signal,Clear,Daylight,Dry,Non-Fatal Injury,Pedestrian Collisions,Driver,25 to 29,None,,South,"Automobile, Station Wagon",Turning Left,Failed to Yield Right of Way,Inattentive,,,,,,,Yes,,Yes,,,,,,,Yes,,,,16,Stonegate-Queensway,16,Stonegate-Queensway (16),D22,619448.2147,4833575.69
18032,81666454,2001859884,24/09/2022,2022,1100,BLOOR ST W,GARDENVALE RD,5 m East of,Major Arterial,Etobicoke York,43.645594,-79.518939,At Intersection,Traffic Signal,Clear,Daylight,Dry,Non-Fatal Injury,Pedestrian Collisions,Pedestrian,55 to 59,Major,,North,,,,,Vehicle turns left while ped crosses with ROW at inter.,Crossing with right of way,Normal,,,,Yes,,Yes,,,,,,,Yes,,,,16,Stonegate-Queensway,16,Stonegate-Queensway (16),D22,619448.2147,4833575.69
18033,81665922,2001862623,24/09/2022,2022,1910,FINCH AVE E,SENECA HILL DR,155 m East o,Major Arterial,North York,43.79402,-79.348445,Non Intersection,No Control,Clear,Dusk,Dry,Non-Fatal Injury,Turning Movement,Motorcycle Driver,20 to 24,Major,,West,Motorcycle,Overtaking,Improper Passing,Normal,,,,,,,,,Yes,Yes,,,,Yes,,Yes,,,,47,Don Valley Village,47,Don Valley Village (47),D33,632870.2707,4850320.053
18034,81665923,2001862623,24/09/2022,2022,1910,FINCH AVE E,SENECA HILL DR,155 m East o,Major Arterial,North York,43.79402,-79.348445,Non Intersection,No Control,Clear,Dusk,Dry,Non-Fatal Injury,Turning Movement,Driver,25 to 29,None,,West,"Automobile, Station Wagon",Making U Turn,Driving Properly,Normal,,,,,,,,,Yes,Yes,,,,Yes,,Yes,,,,47,Don Valley Village,47,Don Valley Village (47),D33,632870.2707,4850320.053
18035,81665924,2001862623,24/09/2022,2022,1910,FINCH AVE E,SENECA HILL DR,155 m East o,Major Arterial,North York,43.79402,-79.348445,Non Intersection,No Control,Clear,Dusk,Dry,Non-Fatal Injury,Turning Movement,Passenger,25 to 29,None,,,,,,,,,,,,,,,Yes,Yes,,,,Yes,,Yes,,,,47,Don Valley Village,47,Don Valley Village (47),D33,632870.2707,4850320.053
18036,81665362,2001863583,24/09/2022,2022,2218,DUFFERIN ST,MARTIN ST,,Major Arterial,,43.689425,-79.447688,Non Intersection,No Control,Clear,"Dark, artificial",Dry,Fatal,Angle,Motorcycle Driver,30 to 34,Fatal,43,South,Motorcycle,Going Ahead,Driving Properly,Unknown,,,,,,,,,Yes,Yes,,Yes,,Yes,,,,,,107,Oakwood Village,107,Oakwood Village (107),D13,625103.6036,4838548.718
18037,81665363,2001863583,24/09/2022,2022,2218,DUFFERIN ST,MARTIN ST,,Major Arterial,,43.689425,-79.447688,Non Intersection,No Control,Clear,"Dark, artificial",Dry,Fatal,Angle,Driver,20 to 24,Minor,,West,"Automobile, Station Wagon",Reversing,Other,Inattentive,,,,,,,,,Yes,Yes,,Yes,,Yes,,,,,,107,Oakwood Village,107,Oakwood Village (107),D13,625103.6036,4838548.718
18038,81665364,2001863583,24/09/2022,2022,2218,DUFFERIN ST,MARTIN ST,,Major Arterial,,43.689425,-79.447688,Non Intersection,No Control,Clear,"Dark, artificial",Dry,Fatal,Angle,Driver,35 to 39,None,,North,Municipal Transit Bus (TTC),Going Ahead,Driving Properly,Normal,,,,,,,,,Yes,Yes,,Yes,,Yes,,,,,,107,Oakwood Village,107,Oakwood Village (107),D13,625103.6036,4838548.718
18039,81665626,2001863583,24/09/2022,2022,2218,DUFFERIN ST,MARTIN ST,,Major Arterial,,43.689425,-79.447688,Non Intersection,No Control,Clear,"Dark, artificial",Dry,Fatal,Angle,Passenger,15 to 19,Minor,,,,,,,,,,,,,,,Yes,Yes,,Yes,,Yes,,,,,,107,Oakwood Village,107,Oakwood Village (107),D13,625103.6036,4838548.718
18040,81665685,2001864755,25/09/2022,2022,316,GAMMA ST,VALERMO DR,,Local,Etobicoke York,43.60818,-79.539325,Non Intersection,No Control,Clear,"Dusk, artificial",Dry,Non-Fatal Injury,Pedestrian Collisions,Driver,45 to 49,None,,South,Passenger Van,Going Ahead,Other,"Ability Impaired, Alcohol Over .08",,,,,,,Yes,,Yes,,,,,,,Yes,,Yes,,20,Alderwood,20,Alderwood (20),D22,617877.1669,4829391.268
18041,81665686,2001864755,25/09/2022,2022,316,GAMMA ST,VALERMO DR,,Local,Etobicoke York,43.60818,-79.539325,Non Intersection,No Control,Clear,"Dusk, artificial",Dry,Non-Fatal Injury,Pedestrian Collisions,Pedestrian,40 to 44,Major,,Unknown,,,,,Pedestrian hit on sidewalk or shoulder,On Sidewalk or Shoulder,Normal,,,,Yes,,Yes,,,,,,,Yes,,Yes,,20,Alderwood,20,Alderwood (20),D22,617877.1669,4829391.268
18042,81687458,2001871122,26/09/2022,2022,624,KEELE ST,DENBIGH CRES,10 m North o,Major Arterial,North York,43.738223,-79.484851,Intersection Related,No Control,Clear,Daylight,Dry,Non-Fatal Injury,Rear End,Driver,20 to 24,Major,,North,"Automobile, Station Wagon",Going Ahead,Exceeding Speed Limit,Fatigue,,,,,,,,,Yes,,,,,,Yes,Yes,,,,155,Downsview,26,Downsview-Roding-CFB (26),D31,622009.4791,4843913.026
18043,81687459,2001871122,26/09/2022,2022,624,KEELE ST,DENBIGH CRES,10 m North o,Major Arterial,North York,43.738223,-79.484851,Intersection Related,No Control,Clear,Daylight,Dry,Non-Fatal Injury,Rear End,Driver,65 to 69,Minimal,,North,"Automobile, Station Wagon",Going Ahead,Driving Properly,Normal,,,,,,,,,Yes,,,,,,Yes,Yes,,,,155,Downsview,26,Downsview-Roding-CFB (26),D31,622009.4791,4843913.026
18044,81707366,2001876381,26/09/2022,2022,1909,COSBURN AV,GLEBEMOUNT AVE,,Minor Arterial,Toronto and East York,43.695437,-79.32162,Intersection Related,Pedestrian Crossover,Rain,"Dark, artificial",Wet,Non-Fatal Injury,Pedestrian Collisions,Driver,30 to 34,None,,East,"Automobile, Station Wagon",Going Ahead,Disobeyed Traffic Control,Inattentive,,,,,,,Yes,,Yes,,,,,,,Yes,,,,59,Danforth East York,59,Danforth East York (59),D55,635250.242,4839414.35
18045,81707367,2001876381,26/09/2022,2022,1909,COSBURN AV,GLEBEMOUNT AVE,,Minor Arterial,Toronto and East York,43.695437,-79.32162,Intersection Related,Pedestrian Crossover,Rain,"Dark, artificial",Wet,Non-Fatal Injury,Pedestrian Collisions,Pedestrian,60 to 64,Major,,,,,,,Pedestrian hit a PXO/ped. Mid-block signal,"Crossing, Pedestrian Crossover",Normal,,,,Yes,,Yes,,,,,,,Yes,,,,59,Danforth East York,59,Danforth East York (59),D55,635250.242,4839414.35
18046,81673502,2001876450,26/09/2022,2022,1920,KINGSTON RD,MORNINGSIDE AV,,Major Arterial,Scarborough,43.770507,-79.18687,At Intersection,Traffic Signal,Rain,Dark,Wet,Non-Fatal Injury,Pedestrian Collisions,Driver,40 to 44,None,,East,Municipal Transit Bus (TTC),Turning Left,Driving Properly,Normal,,,,,,,Yes,,,,,Yes,,,,,,,,136,West Hill,136,West Hill (136),D43,645926.5921,4847980.645
18047,81673503,2001876450,26/09/2022,2022,1920,KINGSTON RD,MORNINGSIDE AV,,Major Arterial,Scarborough,43.770507,-79.18687,At Intersection,Traffic Signal,Rain,Dark,Wet,Non-Fatal Injury,Pedestrian Collisions,Pedestrian,25 to 29,Major,,Unknown,,,,,Vehicle turns left while ped crosses without ROW at inter.,Crossing marked crosswalk without ROW,Inattentive,,,,Yes,,,,,Yes,,,,,,,,136,West Hill,136,West Hill (136),D43,645926.5921,4847980.645
18048,81673238,2001891464,28/09/2022,2022,2012,WILSON AVE,DALLNER RD,,Major Arterial,Etobicoke York,43.719824,-79.513767,At Intersection,No Control,Clear,"Dark, artificial",Dry,Non-Fatal Injury,Pedestrian Collisions,Driver,unknown,None,,East,"Automobile, Station Wagon",Going Ahead,Driving Properly,Unknown,,,,,,,Yes,,Yes,,,,,,,,,,,154,Oakdale-Beverley Heights,26,Downsview-Roding-CFB (26),D31,619717.6088,4841827.381
18049,81673239,2001891464,28/09/2022,2022,2012,WILSON AVE,DALLNER RD,,Major Arterial,Etobicoke York,43.719824,-79.513767,At Intersection,No Control,Clear,"Dark, artificial",Dry,Non-Fatal Injury,Pedestrian Collisions,Pedestrian,55 to 59,Major,,Unknown,,,,,Vehicle is going straight thru inter.while ped cross without ROW,Walking on Roadway Against Traffic,Other,,,,Yes,,Yes,,,,,,,,,,,154,Oakdale-Beverley Heights,26,Downsview-Roding-CFB (26),D31,619717.6088,4841827.381
18050,81688315,2001894189,29/09/2022,2022,904,STEELES AVE W,FENMAR DR,,Major Arterial,Etobicoke York,43.766474,-79.564739,At Intersection,Traffic Signal,Clear,Daylight,Dry,Non-Fatal Injury,Pedestrian Collisions,Driver,70 to 74,None,,South,Pick Up Truck,Turning Left,Failed to Yield Right of Way,Inattentive,,,,,,,Yes,,Yes,,,,,Yes,,Yes,,,,21,Humber Summit,21,Humber Summit (21),D31,615521.9737,4846936.17
18051,81688316,2001894189,29/09/2022,2022,904,STEELES AVE W,FENMAR DR,,Major Arterial,Etobicoke York,43.766474,-79.564739,At Intersection,Traffic Signal,Clear,Daylight,Dry,Non-Fatal Injury,Pedestrian Collisions,Passenger,65 to 69,None,,,,,,,,,,,,,Yes,,Yes,,,,,Yes,,Yes,,,,21,Humber Summit,21,Humber Summit (21),D31,615521.9737,4846936.17
18052,81688317,2001894189,29/09/2022,2022,904,STEELES AVE W,FENMAR DR,,Major Arterial,Etobicoke York,43.766474,-79.564739,At Intersection,Traffic Signal,Clear,Daylight,Dry,Non-Fatal Injury,Pedestrian Collisions,Pedestrian,50 to 54,Major,,North,,,,,Vehicle turns left while ped crosses with ROW at inter.,Crossing with right of way,Normal,,,,Yes,,Yes,,,,,Yes,,Yes,,,,21,Humber Summit,21,Humber Summit (21),D31,615521.9737,4846936.17
18053,81665629,2001898372,29/09/2022,2022,1920,SKYWAY AVE,DIXON RD,,Minor Arterial,North York,43.686701,-79.58604,Non Intersection,No Control,,Daylight,,Fatal,Turning Movement,Driver,55 to 59,None,,South,"Automobile, Station Wagon",Making U Turn,Improper Turn,Inattentive,,,,,,,,,Yes,Yes,,,,,,,,,,1,West Humber-Clairville,1,West Humber-Clairville (1),D23,613958.6408,4838046.768
18054,81667857,2001898372,29/09/2022,2022,1920,SKYWAY AVE,DIXON RD,,Minor Arterial,North York,43.686701,-79.58604,Non Intersection,No Control,,Daylight,,Fatal,Turning Movement,Motorcycle Driver,50 to 54,Fatal,44,South,Motorcycle,Going Ahead,Driving Properly,Normal,,,,,,,,,Yes,Yes,,,,,,,,,,1,West Humber-Clairville,1,West Humber-Clairville (1),D23,613958.6408,4838046.768
18055,81665988,2001902035,30/09/2022,2022,1005,33 QUEEN ST E,,30 m East of,Major Arterial,Toronto and East York,43.652686,-79.377605,Non Intersection,No Control,Clear,Daylight,Dry,Non-Fatal Injury,Turning Movement,Driver,85 to 89,Major,,North,"Automobile, Station Wagon",Turning Right,Failed to Yield Right of Way,Unknown,,,,,,,,,Yes,,Yes,,,Yes,,Yes,,,,168,Downtown Yonge East,75,Church-Yonge Corridor (75),D51,630831.5781,4834576.472
18056,81665989,2001902035,30/09/2022,2022,1005,33 QUEEN ST E,,30 m East of,Major Arterial,Toronto and East York,43.652686,-79.377605,Non Intersection,No Control,Clear,Daylight,Dry,Non-Fatal Injury,Turning Movement,Driver,55 to 59,Minimal,,East,"Automobile, Station Wagon",Going Ahead,Driving Properly,Normal,,,,,,,,,Yes,,Yes,,,Yes,,Yes,,,,168,Downtown Yonge East,75,Church-Yonge Corridor (75),D51,630831.5781,4834576.472
18057,81665990,2001902035,30/09/2022,2022,1005,33 QUEEN ST E,,30 m East of,Major Arterial,Toronto and East York,43.652686,-79.377605,Non Intersection,No Control,Clear,Daylight,Dry,Non-Fatal Injury,Turning Movement,Truck Driver,55 to 59,Minor,,West,Truck - Dump,Going Ahead,Driving Properly,Normal,,,,,,,,,Yes,,Yes,,,Yes,,Yes,,,,168,Downtown Yonge East,75,Church-Yonge Corridor (75),D51,630831.5781,4834576.472
18058,81665991,2001902035,30/09/2022,2022,1005,33 QUEEN ST E,,30 m East of,Major Arterial,Toronto and East York,43.652686,-79.377605,Non Intersection,No Control,Clear,Daylight,Dry,Non-Fatal Injury,Turning Movement,Passenger,55 to 59,Minimal,,,,,,,,,,,,,,,Yes,,Yes,,,Yes,,Yes,,,,168,Downtown Yonge East,75,Church-Yonge Corridor (75),D51,630831.5781,4834576.472
18059,81688369,2001903424,30/09/2022,2022,1331,BURNHAMTHORPE RD,LAUREL AV,80 m West of,Major Arterial,Etobicoke York,43.646945,-79.556659,Non Intersection,No Control,Clear,Daylight,Dry,Non-Fatal Injury,Angle,Motorcycle Driver,35 to 39,Major,,West,Motorcycle,Going Ahead,Lost control,Normal,,,,,,,,,Yes,Yes,,,,Yes,Yes,Yes,,,,158,Islington,14,Islington-City Centre West (14),D22,616403.4467,4833672.14
18060,81688370,2001903424,30/09/2022,2022,1331,BURNHAMTHORPE RD,LAUREL AV,80 m West of,Major Arterial,Etobicoke York,43.646945,-79.556659,Non Intersection,No Control,Clear,Daylight,Dry,Non-Fatal Injury,Angle,Driver,70 to 74,None,,North,"Automobile, Station Wagon",Going Ahead,Driving Properly,Normal,,,,,,,,,Yes,Yes,,,,Yes,Yes,Yes,,,,158,Islington,14,Islington-City Centre West (14),D22,616403.4467,4833672.14
18061,81688371,2001903424,30/09/2022,2022,1331,BURNHAMTHORPE RD,LAUREL AV,80 m West of,Major Arterial,Etobicoke York,43.646945,-79.556659,Non Intersection,No Control,Clear,Daylight,Dry,Non-Fatal Injury,Angle,Passenger,65 to 69,None,,,,,,,,,,,,,,,Yes,Yes,,,,Yes,Yes,Yes,,,,158,Islington,14,Islington-City Centre West (14),D22,616403.4467,4833672.14
18062,81667084,2001905181,30/09/2022,2022,1731,CARLTON ST,JARVIS ST,,Major Arterial,Toronto and East York,43.662413,-79.376689,At Intersection,Traffic Signal,Clear,Daylight,Dry,Non-Fatal Injury,Pedestrian Collisions,Driver,25 to 29,None,,West,"Automobile, Station Wagon",Turning Left,Failed to Yield Right of Way,Normal,,,,,,,Yes,,Yes,Yes,,,,Yes,,Yes,,,,73,Moss Park,73,Moss Park (73),D51,630884.3106,4835658.229
18063,81667085,2001905181,30/09/2022,2022,1731,CARLTON ST,JARVIS ST,,Major Arterial,Toronto and East York,43.662413,-79.376689,At Intersection,Traffic Signal,Clear,Daylight,Dry,Non-Fatal Injury,Pedestrian Collisions,Motorcycle Driver,55 to 59,Major,,East,Motorcycle,Going Ahead,Driving Properly,Normal,,,,,,,Yes,,Yes,Yes,,,,Yes,,Yes,,,,73,Moss Park,73,Moss Park (73),D51,630884.3106,4835658.229
18064,81667086,2001905181,30/09/2022,2022,1731,CARLTON ST,JARVIS ST,,Major Arterial,Toronto and East York,43.662413,-79.376689,At Intersection,Traffic Signal,Clear,Daylight,Dry,Non-Fatal Injury,Pedestrian Collisions,Passenger,unknown,None,,,,,,,,,,,,,Yes,,Yes,Yes,,,,Yes,,Yes,,,,73,Moss Park,73,Moss Park (73),D51,630884.3106,4835658.229
18065,81667087,2001905181,30/09/2022,2022,1731,CARLTON ST,JARVIS ST,,Major Arterial,Toronto and East York,43.662413,-79.376689,At Intersection,Traffic Signal,Clear,Daylight,Dry,Non-Fatal Injury,Pedestrian Collisions,Pedestrian,35 to 39,Minimal,,Unknown,,,,,Pedestrian hit on sidewalk or shoulder,On Sidewalk or Shoulder,Normal,,,,Yes,,Yes,Yes,,,,Yes,,Yes,,,,73,Moss Park,73,Moss Park (73),D51,630884.3106,4835658.229
18066,81667088,2001905181,30/09/2022,2022,1731,CARLTON ST,JARVIS ST,,Major Arterial,Toronto and East York,43.662413,-79.376689,At Intersection,Traffic Signal,Clear,Daylight,Dry,Non-Fatal Injury,Pedestrian Collisions,Pedestrian,35 to 39,Minimal,,Unknown,,,,,Pedestrian hit on sidewalk or shoulder,On Sidewalk or Shoulder,Normal,,,,Yes,,Yes,Yes,,,,Yes,,Yes,,,,73,Moss Park,73,Moss Park (73),D51,630884.3106,4835658.229
18067,81704798,2001909311,01/10/2022,2022,956,DUFFERIN ST,PEEL AVE,23 m North o,Minor Arterial,Toronto and East York,43.64379,-79.429195,At Intersection,No Control,Clear,Daylight,Dry,Non-Fatal Injury,Cyclist Collisions,Cyclist,30 to 34,Major,,South,Bicycle,Turning Left,,,,,,Cyclist turned left across motorists path.,Failed to Yield Right of Way,Inattentive,,Yes,Yes,,,,,,,,,,,84,Little Portugal,84,Little Portugal (84),D11,626689.9673,4833508.41
18068,81704799,2001909311,01/10/2022,2022,956,DUFFERIN ST,PEEL AVE,23 m North o,Minor Arterial,Toronto and East York,43.64379,-79.429195,At Intersection,No Control,Clear,Daylight,Dry,Non-Fatal Injury,Cyclist Collisions,Driver,40 to 44,None,,North,"Automobile, Station Wagon",Going Ahead,Driving Properly,Normal,,,,,,,,Yes,Yes,,,,,,,,,,,84,Little Portugal,84,Little Portugal (84),D11,626689.9673,4833508.41
18069,81667214,2001915767,02/10/2022,2022,810,EVANS AVE,ISLINGTON AVE,,Major Arterial,Etobicoke York,43.618312,-79.511256,At Intersection,Traffic Signal,Clear,Daylight,Dry,Non-Fatal Injury,Cyclist Collisions,Driver,60 to 64,None,,West,"Automobile, Station Wagon",Turning Right,Improper Turn,Normal,,,,,,,,Yes,Yes,,,,,,,,,,,160,Mimico-Queensway,17,Mimico (includes Humber Bay Shores) (17),D22,620122.1951,4830556.771
18070,81667215,2001915767,02/10/2022,2022,810,EVANS AVE,ISLINGTON AVE,,Major Arterial,Etobicoke York,43.618312,-79.511256,At Intersection,Traffic Signal,Clear,Daylight,Dry,Non-Fatal Injury,Cyclist Collisions,Cyclist,35 to 39,Major,,South,Bicycle,Going Ahead,,,,,,Motorist turning right on red at signalized intersection strikes cyclist.,Other,Normal,,Yes,Yes,,,,,,,,,,,160,Mimico-Queensway,17,Mimico (includes Humber Bay Shores) (17),D22,620122.1951,4830556.771
18071,81702733,2001916054,02/10/2022,2022,934,DUNDAS ST W,BROCK AVE,3 m North of,Minor Arterial,Toronto and East York,43.649817,-79.435558,At Intersection,Traffic Signal,Clear,Daylight,Dry,Non-Fatal Injury,Pedestrian Collisions,Driver,55 to 59,None,,South,"Automobile, Station Wagon",Turning Left,Failed to Yield Right of Way,Inattentive,,,,,,,Yes,,Yes,,,,,,,Yes,,,,84,Little Portugal,84,Little Portugal (84),D11,626164.1498,4834168.093
18072,81702734,2001916054,02/10/2022,2022,934,DUNDAS ST W,BROCK AVE,3 m North of,Minor Arterial,Toronto and East York,43.649817,-79.435558,At Intersection,Traffic Signal,Clear,Daylight,Dry,Non-Fatal Injury,Pedestrian Collisions,Pedestrian,85 to 89,Major,,North,,,,,Vehicle turns left while ped crosses with ROW at inter.,Crossing with right of way,Normal,,,,Yes,,Yes,,,,,,,Yes,,,,84,Little Portugal,84,Little Portugal (84),D11,626164.1498,4834168.093
18073,81703208,2001921551,03/10/2022,2022,622,BLOOR ST W,BATHURST ST,,Major Arterial,Toronto and East York,43.665042,-79.411174,At Intersection,Traffic Signal,Clear,"Dark, artificial",Dry,Non-Fatal Injury,Turning Movement,Driver,30 to 34,None,,East,"Automobile, Station Wagon",Turning Left,Failed to Yield Right of Way,Inattentive,,,,,,,,,Yes,Yes,,,,,,Yes,,,,79,University,79,University (79),D14,628098.2342,4835896.39
18074,81703209,2001921551,03/10/2022,2022,622,BLOOR ST W,BATHURST ST,,Major Arterial,Toronto and East York,43.665042,-79.411174,At Intersection,Traffic Signal,Clear,"Dark, artificial",Dry,Non-Fatal Injury,Turning Movement,Motorcycle Driver,25 to 29,Major,,West,Motorcycle,Going Ahead,Driving Properly,Normal,,,,,,,,,Yes,Yes,,,,,,Yes,,,,79,University,79,University (79),D14,628098.2342,4835896.39
18075,81688574,2001933263,04/10/2022,2022,1752,FINCH AVE E,MARKHAM RD,,Major Arterial,Scarborough,43.812899,-79.243037,At Intersection,Traffic Signal,Clear,"Dark, artificial",Dry,Non-Fatal Injury,Turning Movement,Driver,20 to 24,Minor,,East,"Automobile, Station Wagon",Going Ahead,Disobeyed Traffic Control,Unknown,,,,,,,,,Yes,,,,,Yes,Yes,Yes,Yes,,,145,Malvern West,132,Malvern (132),D42,641306.0874,4852591.496
18076,81688575,2001933263,04/10/2022,2022,1752,FINCH AVE E,MARKHAM RD,,Major Arterial,Scarborough,43.812899,-79.243037,At Intersection,Traffic Signal,Clear,"Dark, artificial",Dry,Non-Fatal Injury,Turning Movement,Driver,35 to 39,Minor,,North,"Automobile, Station Wagon",Turning Left,Driving Properly,Normal,,,,,,,,,Yes,,,,,Yes,Yes,Yes,Yes,,,145,Malvern West,132,Malvern (132),D42,641306.0874,4852591.496
18077,81688576,2001933263,04/10/2022,2022,1752,FINCH AVE E,MARKHAM RD,,Major Arterial,Scarborough,43.812899,-79.243037,At Intersection,Traffic Signal,Clear,"Dark, artificial",Dry,Non-Fatal Injury,Turning Movement,Driver,30 to 34,None,,South,"Automobile, Station Wagon",Turning Left,Driving Properly,Normal,,,,,,,,,Yes,,,,,Yes,Yes,Yes,Yes,,,145,Malvern West,132,Malvern (132),D42,641306.0874,4852591.496
18078,81688577,2001933263,04/10/2022,2022,1752,FINCH AVE E,MARKHAM RD,,Major Arterial,Scarborough,43.812899,-79.243037,At Intersection,Traffic Signal,Clear,"Dark, artificial",Dry,Non-Fatal Injury,Turning Movement,Passenger,35 to 39,Major,,,,,,,,,,,,,,,Yes,,,,,Yes,Yes,Yes,Yes,,,145,Malvern West,132,Malvern (132),D42,641306.0874,4852591.496
18079,81688578,2001933263,04/10/2022,2022,1752,FINCH AVE E,MARKHAM RD,,Major Arterial,Scarborough,43.812899,-79.243037,At Intersection,Traffic Signal,Clear,"Dark, artificial",Dry,Non-Fatal Injury,Turning Movement,Passenger,0 to 4,Minor,,,,,,,,,,,,,,,Yes,,,,,Yes,Yes,Yes,Yes,,,145,Malvern West,132,Malvern (132),D42,641306.0874,4852591.496
18080,81666313,2001934242,04/10/2022,2022,2043,2868 WESTON ROAD,,60 m South o,Major Arterial,North York,43.722312,-79.537097,Non Intersection,No Control,Clear,"Dark, artificial",Dry,Non-Fatal Injury,Rear End,Truck Driver,25 to 29,None,,South,Truck - Open,Going Ahead,Following too Close,Normal,,,,,,,,,Yes,,Yes,,,,,Yes,,,,23,Pelmo Park-Humberlea,23,Pelmo Park-Humberlea (23),D31,617833.4615,4842070.274
18081,81666314,2001934242,04/10/2022,2022,2043,2868 WESTON ROAD,,60 m South o,Major Arterial,North York,43.722312,-79.537097,Non Intersection,No Control,Clear,"Dark, artificial",Dry,Non-Fatal Injury,Rear End,Driver,45 to 49,Major,,South,"Automobile, Station Wagon",Slowing or Stopping,Driving Properly,Normal,,,,,,,,,Yes,,Yes,,,,,Yes,,,,23,Pelmo Park-Humberlea,23,Pelmo Park-Humberlea (23),D31,617833.4615,4842070.274
18082,81666315,2001934242,04/10/2022,2022,2043,2868 WESTON ROAD,,60 m South o,Major Arterial,North York,43.722312,-79.537097,Non Intersection,No Control,Clear,"Dark, artificial",Dry,Non-Fatal Injury,Rear End,Driver,60 to 64,None,,South,"Automobile, Station Wagon",Slowing or Stopping,Driving Properly,Normal,,,,,,,,,Yes,,Yes,,,,,Yes,,,,23,Pelmo Park-Humberlea,23,Pelmo Park-Humberlea (23),D31,617833.4615,4842070.274
18083,81667359,2001941837,05/10/2022,2022,2112,F G GARDINER XY  W,GRAND AVE,345 m East o,Expressway,Etobicoke York,43.625659,-79.489299,Non Intersection,No Control,Clear,"Dark, artificial",Dry,Non-Fatal Injury,SMV Other,Driver,20 to 24,Major,,West,"Automobile, Station Wagon",Changing Lanes,Lost control,Unknown,,,,,,,,,Yes,,,,,Yes,Yes,Yes,,,,161,Humber Bay Shores,17,Mimico (includes Humber Bay Shores) (17),D22,621879.0078,4831404.744
18084,81667360,2001941837,05/10/2022,2022,2112,F G GARDINER XY  W,GRAND AVE,345 m East o,Expressway,Etobicoke York,43.625659,-79.489299,Non Intersection,No Control,Clear,"Dark, artificial",Dry,Non-Fatal Injury,SMV Other,Driver,65 to 69,None,,West,Pick Up Truck,Going Ahead,Driving Properly,Normal,,,,,,,,,Yes,,,,,Yes,Yes,Yes,,,,161,Humber Bay Shores,17,Mimico (includes Humber Bay Shores) (17),D22,621879.0078,4831404.744
18085,81667361,2001941837,05/10/2022,2022,2112,F G GARDINER XY  W,GRAND AVE,345 m East o,Expressway,Etobicoke York,43.625659,-79.489299,Non Intersection,No Control,Clear,"Dark, artificial",Dry,Non-Fatal Injury,SMV Other,Passenger,20 to 24,Major,,,,,,,,,,,,,,,Yes,,,,,Yes,Yes,Yes,,,,161,Humber Bay Shores,17,Mimico (includes Humber Bay Shores) (17),D22,621879.0078,4831404.744
18086,81749183,2001952231,07/10/2022,2022,1103,WINONA DR,450,1 m East of,Minor Arterial,Toronto and East York,43.689906,-79.435741,Non Intersection,No Control,Clear,Daylight,Dry,Non-Fatal Injury,Cyclist Collisions,Cyclist,25 to 29,Major,,North,Bicycle,Going Ahead,,,,,,,Lost control,Inattentive,,Yes,Yes,,,,,Yes,,Yes,,,,107,Oakwood Village,107,Oakwood Village (107),D13,626065.435,4838620.233
18087,81749184,2001952231,07/10/2022,2022,1103,WINONA DR,450,1 m East of,Minor Arterial,Toronto and East York,43.689906,-79.435741,Non Intersection,No Control,Clear,Daylight,Dry,Non-Fatal Injury,Cyclist Collisions,Driver,50 to 54,None,,South,"Automobile, Station Wagon",Going Ahead,Driving Properly,Normal,,,,,,,,Yes,Yes,,,,,Yes,,Yes,,,,107,Oakwood Village,107,Oakwood Village (107),D13,626065.435,4838620.233