OBJECTID,INDEX,ACCNUM,DATE,ACCIDENT_YEAR,TIME,STREET1,STREET2,OFFSET,ROAD_CLASS,DISTRICT,LATITUDE,LONGITUDE,ACCLOC,TRAFFCTL,VISIBILITY,LIGHT,RDSFCOND,ACCLASS,IMPACTYPE,INVTYPE,INVAGE,INJURY,FATAL_NO,INITDIR,VEHTYPE,MANOEUVER,DRIVACT,DRIVCOND,PEDTYPE,PEDACT,PEDCOND,CYCLISTYPE,CYCACT,CYCCOND,PEDESTRIAN,CYCLIST,AUTOMOBILE,MOTORCYCLE,TRUCK,TRSN_CITY_VEH,EMERG_VEH,PASSENGER,SPEEDING,AG_DRIV,REDLIGHT,ALCOHOL,DISABILITY,HOOD_158,NEIGHBOURHOOD_158,HOOD_140,NEIGHBOURHOOD_140,DIVISION,x,y
18088,81749185,2001952231,07/10/2022,2022,1103,WINONA DR,450,1 m East of,Minor Arterial,Toronto and East York,43.689906,-79.435741,Non Intersection,No Control,Clear,Daylight,Dry,Non-Fatal Injury,Cyclist Collisions,Passenger,50 to 54,None,,,,,,,,,,,,,,Yes,Yes,,,,,Yes,,Yes,,,,107,Oakwood Village,107,Oakwood Village (107),D13,626065.435,4838620.233
18089,81666602,2001965274,09/10/2022,2022,1021,BATHURST ST,DEWLANE DR,25 m North o,Major Arterial,North York,43.785918,-79.446056,Non Intersection,No Control,Clear,Daylight,Dry,Non-Fatal Injury,Pedestrian Collisions,Driver,30 to 34,None,,South,Municipal Transit Bus (TTC),Going Ahead,Driving Properly,Normal,,,,,,,Yes,,,,,Yes,,Yes,,,,,,35,Westminster-Branson,35,Westminster-Branson (35),D32,625034.132,4849268.131
18090,81666603,2001965274,09/10/2022,2022,1021,BATHURST ST,DEWLANE DR,25 m North o,Major Arterial,North York,43.785918,-79.446056,Non Intersection,No Control,Clear,Daylight,Dry,Non-Fatal Injury,Pedestrian Collisions,Passenger,70 to 74,Minimal,,,,,,,,,,,,,Yes,,,,,Yes,,Yes,,,,,,35,Westminster-Branson,35,Westminster-Branson (35),D32,625034.132,4849268.131
18091,81666604,2001965274,09/10/2022,2022,1021,BATHURST ST,DEWLANE DR,25 m North o,Major Arterial,North York,43.785918,-79.446056,Non Intersection,No Control,Clear,Daylight,Dry,Non-Fatal Injury,Pedestrian Collisions,Pedestrian,20 to 24,Major,,East,,,,,Pedestrian involved in a collision with transit vehicle anywhere along roadway,Other,Other,,,,Yes,,,,,Yes,,Yes,,,,,,35,Westminster-Branson,35,Westminster-Branson (35),D32,625034.132,4849268.131
18092,81667833,2001988783,12/10/2022,2022,1950,207 BELLAMY RD N,,74 m North o,Minor Arterial,Scarborough,43.747031,-79.231311,Non Intersection,No Control,Clear,"Dark, artificial",Dry,Non-Fatal Injury,SMV Other,Driver,45 to 49,Major,,South,"Automobile, Station Wagon",Going Ahead,Lost control,Medical or Physical Disability,,,,,,,,,Yes,,,,,,,,,,Yes,138,Eglinton East,138,Eglinton East (138),D43,642405.4776,4845295.906
18093,81667057,2001996096,13/10/2022,2022,1940,MIDDLEFIELD RD,MCCOWAN RD,16 m North o,Major Arterial,Scarborough,43.798701,-79.261974,Non Intersection,No Control,Clear,Dark,Dry,Non-Fatal Injury,Turning Movement,Passenger,10 to 14,None,,,,,,,,,,,,,,,Yes,,,,,Yes,,Yes,,,,129,Agincourt North,129,Agincourt North (129),D42,639816.1592,4850982.408
18094,81667058,2001996096,13/10/2022,2022,1940,MIDDLEFIELD RD,MCCOWAN RD,16 m North o,Major Arterial,Scarborough,43.798701,-79.261974,Non Intersection,No Control,Clear,Dark,Dry,Non-Fatal Injury,Turning Movement,Passenger,5 to 9,None,,,,,,,,,,,,,,,Yes,,,,,Yes,,Yes,,,,129,Agincourt North,129,Agincourt North (129),D42,639816.1592,4850982.408
18095,81667059,2001996096,13/10/2022,2022,1940,MIDDLEFIELD RD,MCCOWAN RD,16 m North o,Major Arterial,Scarborough,43.798701,-79.261974,Non Intersection,No Control,Clear,Dark,Dry,Non-Fatal Injury,Turning Movement,Passenger,5 to 9,None,,,,,,,,,,,,,,,Yes,,,,,Yes,,Yes,,,,129,Agincourt North,129,Agincourt North (129),D42,639816.1592,4850982.408
18096,81667060,2001996096,13/10/2022,2022,1940,MIDDLEFIELD RD,MCCOWAN RD,16 m North o,Major Arterial,Scarborough,43.798701,-79.261974,Non Intersection,No Control,Clear,Dark,Dry,Non-Fatal Injury,Turning Movement,Driver,15 to 19,None,,East,"Automobile, Station Wagon",Turning Left,Improper Turn,Normal,,,,,,,,,Yes,,,,,Yes,,Yes,,,,129,Agincourt North,129,Agincourt North (129),D42,639816.1592,4850982.408
18097,81667061,2001996096,13/10/2022,2022,1940,MIDDLEFIELD RD,MCCOWAN RD,16 m North o,Major Arterial,Scarborough,43.798701,-79.261974,Non Intersection,No Control,Clear,Dark,Dry,Non-Fatal Injury,Turning Movement,Driver,20 to 24,Major,,West,"Automobile, Station Wagon",Going Ahead,Driving Properly,Normal,,,,,,,,,Yes,,,,,Yes,,Yes,,,,129,Agincourt North,129,Agincourt North (129),D42,639816.1592,4850982.408
18098,81687857,2002003837,14/10/2022,2022,2118,REXDALE BLVD,QUEENS PLATE DR,,Major Arterial,Etobicoke York,43.716525,-79.592578,At Intersection,Traffic Signal,Clear,"Dark, artificial",Dry,Non-Fatal Injury,Pedestrian Collisions,Driver,50 to 54,None,,East,"Automobile, Station Wagon",Going Ahead,Driving Properly,Normal,,,,,,,Yes,,Yes,,,,,,,,,,,1,West Humber-Clairville,1,West Humber-Clairville (1),D23,613375.4778,4841350.164
18099,81687858,2002003837,14/10/2022,2022,2118,REXDALE BLVD,QUEENS PLATE DR,,Major Arterial,Etobicoke York,43.716525,-79.592578,At Intersection,Traffic Signal,Clear,"Dark, artificial",Dry,Non-Fatal Injury,Pedestrian Collisions,Pedestrian,55 to 59,Major,,South,,,,,Vehicle is going straight thru inter.while ped cross without ROW,Crossing without right of way,Had Been Drinking,,,,Yes,,Yes,,,,,,,,,,,1,West Humber-Clairville,1,West Humber-Clairville (1),D23,613375.4778,4841350.164
18100,81687404,2002008738,15/10/2022,2022,1649,MARTIN GROVE RD,BELFIELD RD,,Major Arterial,Etobicoke York,43.701945,-79.57561,At Intersection,Traffic Signal,Clear,Daylight,Dry,Non-Fatal Injury,Turning Movement,Driver,30 to 34,Minor,,North,"Automobile, Station Wagon",Turning Left,Improper Turn,Normal,,,,,,,,,Yes,,,,,Yes,,Yes,,,,1,West Humber-Clairville,1,West Humber-Clairville (1),D23,614770.1745,4839754.204
18101,81687405,2002008738,15/10/2022,2022,1649,MARTIN GROVE RD,BELFIELD RD,,Major Arterial,Etobicoke York,43.701945,-79.57561,At Intersection,Traffic Signal,Clear,Daylight,Dry,Non-Fatal Injury,Turning Movement,Driver,20 to 24,Major,,South,"Automobile, Station Wagon",Going Ahead,Driving Properly,Normal,,,,,,,,,Yes,,,,,Yes,,Yes,,,,1,West Humber-Clairville,1,West Humber-Clairville (1),D23,614770.1745,4839754.204
18102,81687406,2002008738,15/10/2022,2022,1649,MARTIN GROVE RD,BELFIELD RD,,Major Arterial,Etobicoke York,43.701945,-79.57561,At Intersection,Traffic Signal,Clear,Daylight,Dry,Non-Fatal Injury,Turning Movement,Passenger,30 to 34,None,,,,,,,,,,,,,,,Yes,,,,,Yes,,Yes,,,,1,West Humber-Clairville,1,West Humber-Clairville (1),D23,614770.1745,4839754.204
18103,81687632,2002015530,16/10/2022,2022,1752,EVANS AVE,DELTA ST,,Major Arterial,Etobicoke York,43.612651,-79.539836,At Intersection,Stop Sign,Clear,Daylight,Dry,Non-Fatal Injury,Turning Movement,Driver,25 to 29,None,,North,"Automobile, Station Wagon",Turning Left,Disobeyed Traffic Control,Normal,,,,,,,,,Yes,Yes,,,,Yes,,Yes,,,,20,Alderwood,20,Alderwood (20),D22,617827.1982,4829887.101
18104,81687633,2002015530,16/10/2022,2022,1752,EVANS AVE,DELTA ST,,Major Arterial,Etobicoke York,43.612651,-79.539836,At Intersection,Stop Sign,Clear,Daylight,Dry,Non-Fatal Injury,Turning Movement,Motorcycle Driver,40 to 44,Major,,East,Motorcycle,Going Ahead,Driving Properly,Normal,,,,,,,,,Yes,Yes,,,,Yes,,Yes,,,,20,Alderwood,20,Alderwood (20),D22,617827.1982,4829887.101
18105,81687634,2002015530,16/10/2022,2022,1752,EVANS AVE,DELTA ST,,Major Arterial,Etobicoke York,43.612651,-79.539836,At Intersection,Stop Sign,Clear,Daylight,Dry,Non-Fatal Injury,Turning Movement,Driver,35 to 39,None,,West,"Automobile, Station Wagon",Going Ahead,Driving Properly,Normal,,,,,,,,,Yes,Yes,,,,Yes,,Yes,,,,20,Alderwood,20,Alderwood (20),D22,617827.1982,4829887.101
18106,81687635,2002015530,16/10/2022,2022,1752,EVANS AVE,DELTA ST,,Major Arterial,Etobicoke York,43.612651,-79.539836,At Intersection,Stop Sign,Clear,Daylight,Dry,Non-Fatal Injury,Turning Movement,Passenger,30 to 34,None,,,,,,,,,,,,,,,Yes,Yes,,,,Yes,,Yes,,,,20,Alderwood,20,Alderwood (20),D22,617827.1982,4829887.101
18107,81667102,2002017234,17/10/2022,2022,12,MARLEE AVE,GLENGROVE AVE,8 m East of,Minor Arterial,North York,43.710726,-79.444484,At Intersection,Stop Sign,Clear,Dark,Dry,Non-Fatal Injury,Angle,Driver,unknown,None,,West,"Automobile, Station Wagon",Going Ahead,Lost control,Unknown,,,,,,,,,Yes,,,,,Yes,Yes,Yes,,,,31,Yorkdale-Glen Park,31,Yorkdale-Glen Park (31),D13,625317.4371,4840919.328
18108,81667103,2002017234,17/10/2022,2022,12,MARLEE AVE,GLENGROVE AVE,8 m East of,Minor Arterial,North York,43.710726,-79.444484,At Intersection,Stop Sign,Clear,Dark,Dry,Non-Fatal Injury,Angle,Driver,50 to 54,None,,North,"Automobile, Station Wagon",Going Ahead,Driving Properly,Unknown,,,,,,,,,Yes,,,,,Yes,Yes,Yes,,,,31,Yorkdale-Glen Park,31,Yorkdale-Glen Park (31),D13,625317.4371,4840919.328
18109,81667104,2002017234,17/10/2022,2022,12,MARLEE AVE,GLENGROVE AVE,8 m East of,Minor Arterial,North York,43.710726,-79.444484,At Intersection,Stop Sign,Clear,Dark,Dry,Non-Fatal Injury,Angle,Driver,unknown,None,,South,"Automobile, Station Wagon",Going Ahead,Driving Properly,Normal,,,,,,,,,Yes,,,,,Yes,Yes,Yes,,,,31,Yorkdale-Glen Park,31,Yorkdale-Glen Park (31),D13,625317.4371,4840919.328
18110,81667105,2002017234,17/10/2022,2022,12,MARLEE AVE,GLENGROVE AVE,8 m East of,Minor Arterial,North York,43.710726,-79.444484,At Intersection,Stop Sign,Clear,Dark,Dry,Non-Fatal Injury,Angle,Passenger,35 to 39,Major,,,,,,,,,,,,,,,Yes,,,,,Yes,Yes,Yes,,,,31,Yorkdale-Glen Park,31,Yorkdale-Glen Park (31),D13,625317.4371,4840919.328
18111,81667607,2002039370,20/10/2022,2022,726,DUFFERIN ST,FINCH AVE W,25 m North o,Major Arterial,North York,43.768851,-79.46693,Non Intersection,No Control,Clear,Dark,Dry,Non-Fatal Injury,Pedestrian Collisions,Driver,60 to 64,None,,South,Municipal Transit Bus (TTC),Going Ahead,Driving Properly,Normal,,,,,,,Yes,,,,,Yes,,,,,,,,27,York University Heights,27,York University Heights (27),D32,623389.6443,4847341.264
18112,81667608,2002039370,20/10/2022,2022,726,DUFFERIN ST,FINCH AVE W,25 m North o,Major Arterial,North York,43.768851,-79.46693,Non Intersection,No Control,Clear,Dark,Dry,Non-Fatal Injury,Pedestrian Collisions,Pedestrian,65 to 69,Major,,West,,,,,Pedestrian involved in a collision with transit vehicle anywhere along roadway,"Crossing, no Traffic Control",Inattentive,,,,Yes,,,,,Yes,,,,,,,,27,York University Heights,27,York University Heights (27),D32,623389.6443,4847341.264
18113,81667642,2002057432,22/10/2022,2022,1822,ROYAL YORK RD,THE QUEENSWAY,,Major Arterial,Etobicoke York,43.626265,-79.502589,At Intersection,Traffic Signal,Clear,Dusk,Dry,Non-Fatal Injury,Turning Movement,Driver,60 to 64,None,,East,"Automobile, Station Wagon",Turning Left,Improper Turn,Inattentive,,,,,,,,,Yes,Yes,,,,,,Yes,,,,16,Stonegate-Queensway,16,Stonegate-Queensway (16),D22,620805.5855,4831452.624
18114,81667643,2002057432,22/10/2022,2022,1822,ROYAL YORK RD,THE QUEENSWAY,,Major Arterial,Etobicoke York,43.626265,-79.502589,At Intersection,Traffic Signal,Clear,Dusk,Dry,Non-Fatal Injury,Turning Movement,Motorcycle Driver,30 to 34,Major,,West,Motorcycle,Going Ahead,Driving Properly,Normal,,,,,,,,,Yes,Yes,,,,,,Yes,,,,16,Stonegate-Queensway,16,Stonegate-Queensway (16),D22,620805.5855,4831452.624
18115,81667644,2002057432,22/10/2022,2022,1822,ROYAL YORK RD,THE QUEENSWAY,,Major Arterial,Etobicoke York,43.626265,-79.502589,At Intersection,Traffic Signal,Clear,Dusk,Dry,Non-Fatal Injury,Turning Movement,Motorcycle Driver,30 to 34,Minimal,,West,Motorcycle,Going Ahead,Driving Properly,Normal,,,,,,,,,Yes,Yes,,,,,,Yes,,,,16,Stonegate-Queensway,16,Stonegate-Queensway (16),D22,620805.5855,4831452.624
18116,81667645,2002057432,22/10/2022,2022,1822,ROYAL YORK RD,THE QUEENSWAY,,Major Arterial,Etobicoke York,43.626265,-79.502589,At Intersection,Traffic Signal,Clear,Dusk,Dry,Non-Fatal Injury,Turning Movement,Driver,50 to 54,None,,South,"Automobile, Station Wagon",Stopped,Driving Properly,Normal,,,,,,,,,Yes,Yes,,,,,,Yes,,,,16,Stonegate-Queensway,16,Stonegate-Queensway (16),D22,620805.5855,4831452.624
18117,81667646,2002057432,22/10/2022,2022,1822,ROYAL YORK RD,THE QUEENSWAY,,Major Arterial,Etobicoke York,43.626265,-79.502589,At Intersection,Traffic Signal,Clear,Dusk,Dry,Non-Fatal Injury,Turning Movement,Other,50 to 54,None,,,,,,,,,,,,,,,Yes,Yes,,,,,,Yes,,,,16,Stonegate-Queensway,16,Stonegate-Queensway (16),D22,620805.5855,4831452.624
18118,81667660,2002062999,23/10/2022,2022,1552,STEELES AVE W,400 S STEELES AVE W RAMP,,Major Arterial,North York,43.772029,-79.537761,At Intersection,Traffic Signal,Clear,Daylight,Dry,Non-Fatal Injury,Turning Movement,Driver,60 to 64,Minimal,,East,Pick Up Truck,Turning Left,Improper Turn,Inattentive,,,,,,,,,Yes,Yes,,,,,Yes,Yes,,,,21,Humber Summit,21,Humber Summit (21),D31,617682.5126,4847591.123
18119,81667661,2002062999,23/10/2022,2022,1552,STEELES AVE W,400 S STEELES AVE W RAMP,,Major Arterial,North York,43.772029,-79.537761,At Intersection,Traffic Signal,Clear,Daylight,Dry,Non-Fatal Injury,Turning Movement,Motorcycle Driver,35 to 39,Major,,West,Motorcycle,Going Ahead,Exceeding Speed Limit,Normal,,,,,,,,,Yes,Yes,,,,,Yes,Yes,,,,21,Humber Summit,21,Humber Summit (21),D31,617682.5126,4847591.123
18120,81706055,2002070997,24/10/2022,2022,1715,BLOOR ST W,OSSINGTON AV,2 m North of,Major Arterial,North York,43.661982,-79.425624,At Intersection,Traffic Signal,Clear,Daylight,Dry,Non-Fatal Injury,Cyclist Collisions,Driver,20 to 24,None,,West,"Automobile, Station Wagon",Turning Left,Disobeyed Traffic Control,Inattentive,,,,,,,,Yes,Yes,,,,,,,Yes,Yes,,,80,Palmerston-Little Italy,80,Palmerston-Little Italy (80),D14,626939.6484,4835534.326
18121,81706056,2002070997,24/10/2022,2022,1715,BLOOR ST W,OSSINGTON AV,2 m North of,Major Arterial,North York,43.661982,-79.425624,At Intersection,Traffic Signal,Clear,Daylight,Dry,Non-Fatal Injury,Cyclist Collisions,Cyclist,20 to 24,Major,,East,Bicycle,Going Ahead,,,,,,Motorist turned left across cyclists path.,Driving Properly,Normal,,Yes,Yes,,,,,,,Yes,Yes,,,80,Palmerston-Little Italy,80,Palmerston-Little Italy (80),D14,626939.6484,4835534.326
18122,81688757,2002076009,25/10/2022,2022,1028,BLOOR ST W,DURIE ST,3 m East of,Major Arterial,Toronto and East York,43.650427,-79.479053,At Intersection,Traffic Signal,Clear,Daylight,Dry,Non-Fatal Injury,Pedestrian Collisions,Driver,30 to 34,None,,South,Pick Up Truck,Turning Left,Failed to Yield Right of Way,Normal,,,,,,,Yes,,Yes,,,,,,,Yes,,,,87,High Park-Swansea,87,High Park-Swansea (87),D11,622655.2292,4834170.635
18123,81688758,2002076009,25/10/2022,2022,1028,BLOOR ST W,DURIE ST,3 m East of,Major Arterial,Toronto and East York,43.650427,-79.479053,At Intersection,Traffic Signal,Clear,Daylight,Dry,Non-Fatal Injury,Pedestrian Collisions,Pedestrian,90 to 94,Major,,North,,,,,Vehicle turns left while ped crosses with ROW at inter.,Crossing with right of way,Normal,,,,Yes,,Yes,,,,,,,Yes,,,,87,High Park-Swansea,87,High Park-Swansea (87),D11,622655.2292,4834170.635
18124,81688606,2002085156,26/10/2022,2022,1420,KENNEDY RD,TROJAN GT,,Major Arterial,Scarborough,43.803809,-79.298167,At Intersection,Traffic Signal,Rain,Daylight,Wet,Non-Fatal Injury,Pedestrian Collisions,Driver,55 to 59,None,,East,"Automobile, Station Wagon",Turning Left,Failed to Yield Right of Way,Inattentive,,,,,,,Yes,,Yes,,,,,,,Yes,,,,130,Milliken,130,Milliken (130),D42,636892.9013,4851489.223
18125,81688607,2002085156,26/10/2022,2022,1420,KENNEDY RD,TROJAN GT,,Major Arterial,Scarborough,43.803809,-79.298167,At Intersection,Traffic Signal,Rain,Daylight,Wet,Non-Fatal Injury,Pedestrian Collisions,Pedestrian,40 to 44,Major,,North,,,,,Vehicle turns left while ped crosses with ROW at inter.,Crossing with right of way,Normal,,,,Yes,,Yes,,,,,,,Yes,,,,130,Milliken,130,Milliken (130),D42,636892.9013,4851489.223
18126,81667848,2002100036,28/10/2022,2022,1548,BLOOR ST W,SALEM AVE,,Major Arterial,Toronto and East York,43.66059,-79.431628,At Intersection,No Control,Clear,Daylight,Dry,Non-Fatal Injury,Cyclist Collisions,Driver,55 to 59,Major,,East,"Automobile, Station Wagon",Turning Left,Failed to Yield Right of Way,Inattentive,,,,,,,,Yes,Yes,,,,,,,Yes,,,,83,Dufferin Grove,83,Dufferin Grove (83),D14,626458.4724,4835370.558
18127,81667849,2002100036,28/10/2022,2022,1548,BLOOR ST W,SALEM AVE,,Major Arterial,Toronto and East York,43.66059,-79.431628,At Intersection,No Control,Clear,Daylight,Dry,Non-Fatal Injury,Cyclist Collisions,Cyclist,40 to 44,Minor,,West,Bicycle,Going Ahead,,,,,,Motorist turned left across cyclists path.,Driving Properly,Normal,,Yes,Yes,,,,,,,Yes,,,,83,Dufferin Grove,83,Dufferin Grove (83),D14,626458.4724,4835370.558
18128,81667605,2002101830,28/10/2022,2022,1953,BATHURST ST,DUPONT ST,,Major Arterial,Toronto and East York,43.673144,-79.414356,At Intersection,Traffic Signal,Clear,"Dark, artificial",Dry,Non-Fatal Injury,Pedestrian Collisions,Truck Driver,35 to 39,None,,West,Truck - Open,Going Ahead,Exceeding Speed Limit,Inattentive,,,,,,,Yes,,,,Yes,,,,Yes,Yes,,,,95,Annex,95,Annex (95),D14,627824.4851,4836791.317
18129,81667606,2002101830,28/10/2022,2022,1953,BATHURST ST,DUPONT ST,,Major Arterial,Toronto and East York,43.673144,-79.414356,At Intersection,Traffic Signal,Clear,"Dark, artificial",Dry,Non-Fatal Injury,Pedestrian Collisions,Pedestrian,70 to 74,Major,,Unknown,,,,,Vehicle is going straight thru inter.while ped cross without ROW,Other,Normal,,,,Yes,,,,Yes,,,,Yes,Yes,,,,95,Annex,95,Annex (95),D14,627824.4851,4836791.317
18130,81679736,2002116363,31/10/2022,2022,1,KINGSTON RD,WARDEN AVE,,Major Arterial,Scarborough,43.687659,-79.270877,At Intersection,Traffic Signal,Clear,"Dark, artificial",Dry,Non-Fatal Injury,Pedestrian Collisions,Driver,25 to 29,None,,South,Intercity Bus,Turning Left,Failed to Yield Right of Way,Inattentive,,,,,,,Yes,,,,,Yes,,,,Yes,,,,122,Birchcliffe-Cliffside,122,Birchcliffe-Cliffside (122),D41,639357.3685,4838634.518
18131,81679737,2002116363,31/10/2022,2022,1,KINGSTON RD,WARDEN AVE,,Major Arterial,Scarborough,43.687659,-79.270877,At Intersection,Traffic Signal,Clear,"Dark, artificial",Dry,Non-Fatal Injury,Pedestrian Collisions,Pedestrian,50 to 54,Major,,Unknown,,,,,Vehicle turns left while ped crosses with ROW at inter.,Crossing with right of way,Had Been Drinking,,,,Yes,,,,,Yes,,,,Yes,,,,122,Birchcliffe-Cliffside,122,Birchcliffe-Cliffside (122),D41,639357.3685,4838634.518
18132,81673647,2002125571,01/11/2022,2022,930,540 Finch Ave W,,157 m West o,Major Arterial,North York,43.773532,-79.444728,Non Intersection,No Control,Rain,Daylight,Wet,Property Damage O,Pedestrian Collisions,Driver,45 to 49,None,,West,"Automobile, Station Wagon",Going Ahead,Driving Properly,Normal,,,,,,,Yes,,Yes,,,,,,,,,,,35,Westminster-Branson,35,Westminster-Branson (35),D32,625166.8296,4847894.483
18133,81673648,2002125571,01/11/2022,2022,930,540 Finch Ave W,,157 m West o,Major Arterial,North York,43.773532,-79.444728,Non Intersection,No Control,Rain,Daylight,Wet,Property Damage O,Pedestrian Collisions,Pedestrian,80 to 84,Major,,South,,,,,Pedestrian hit at mid-block,"Crossing, no Traffic Control",Unknown,,,,Yes,,Yes,,,,,,,,,,,35,Westminster-Branson,35,Westminster-Branson (35),D32,625166.8296,4847894.483
18134,81665630,2002129087,01/11/2022,2022,1729,MARKHAM RD,EASTPARK BLVD,,Major Arterial,Scarborough,43.755606,-79.224025,At Intersection,Traffic Signal,Clear,Daylight,Dry,Fatal,Turning Movement,Motorcycle Driver,15 to 19,Fatal,44,South,Motorcycle,Going Ahead,Driving Properly,Unknown,,,,,,,,,Yes,Yes,,,,,,Yes,,,,141,Golfdale-Cedarbrae-Woburn,137,Woburn (137),D43,642971.694,4846260.843
18135,81667856,2002129087,01/11/2022,2022,1729,MARKHAM RD,EASTPARK BLVD,,Major Arterial,Scarborough,43.755606,-79.224025,At Intersection,Traffic Signal,Clear,Daylight,Dry,Fatal,Turning Movement,Driver,90 to 94,None,,North,"Automobile, Station Wagon",Turning Left,Failed to Yield Right of Way,Normal,,,,,,,,,Yes,Yes,,,,,,Yes,,,,141,Golfdale-Cedarbrae-Woburn,137,Woburn (137),D43,642971.694,4846260.843
18136,81673547,2002130324,01/11/2022,2022,2035,JANE ST,SPENVALLEY DR,,Major Arterial,North York,43.741233,-79.513652,At Intersection,Traffic Signal,Clear,"Dark, artificial",Dry,Non-Fatal Injury,Turning Movement,Driver,15 to 19,None,,West,"Automobile, Station Wagon",Going Ahead,Disobeyed Traffic Control,Inattentive,,,,,,,,,Yes,,,,,Yes,,Yes,Yes,,,25,Glenfield-Jane Heights,25,Glenfield-Jane Heights (25),D31,619684.223,4844205.321
18137,81673548,2002130324,01/11/2022,2022,2035,JANE ST,SPENVALLEY DR,,Major Arterial,North York,43.741233,-79.513652,At Intersection,Traffic Signal,Clear,"Dark, artificial",Dry,Non-Fatal Injury,Turning Movement,Driver,40 to 44,Minimal,,East,"Automobile, Station Wagon",Turning Left,Driving Properly,Normal,,,,,,,,,Yes,,,,,Yes,,Yes,Yes,,,25,Glenfield-Jane Heights,25,Glenfield-Jane Heights (25),D31,619684.223,4844205.321
18138,81673549,2002130324,01/11/2022,2022,2035,JANE ST,SPENVALLEY DR,,Major Arterial,North York,43.741233,-79.513652,At Intersection,Traffic Signal,Clear,"Dark, artificial",Dry,Non-Fatal Injury,Turning Movement,Passenger,35 to 39,Major,,,,,,,,,,,,,,,Yes,,,,,Yes,,Yes,Yes,,,25,Glenfield-Jane Heights,25,Glenfield-Jane Heights (25),D31,619684.223,4844205.321
18139,81673550,2002130324,01/11/2022,2022,2035,JANE ST,SPENVALLEY DR,,Major Arterial,North York,43.741233,-79.513652,At Intersection,Traffic Signal,Clear,"Dark, artificial",Dry,Non-Fatal Injury,Turning Movement,Passenger,15 to 19,None,,,,,,,,,,,,,,,Yes,,,,,Yes,,Yes,Yes,,,25,Glenfield-Jane Heights,25,Glenfield-Jane Heights (25),D31,619684.223,4844205.321
18140,81673551,2002130324,01/11/2022,2022,2035,JANE ST,SPENVALLEY DR,,Major Arterial,North York,43.741233,-79.513652,At Intersection,Traffic Signal,Clear,"Dark, artificial",Dry,Non-Fatal Injury,Turning Movement,Passenger,20 to 24,Minimal,,,,,,,,,,,,,,,Yes,,,,,Yes,,Yes,Yes,,,25,Glenfield-Jane Heights,25,Glenfield-Jane Heights (25),D31,619684.223,4844205.321
18141,81673538,2002133919,02/11/2022,2022,1127,YORK MILLS RD,OLD YONGE ST,,Major Arterial,North York,43.744746,-79.399562,At Intersection,No Control,Clear,"Daylight, artificial",Dry,Non-Fatal Injury,Cyclist Collisions,Driver,65 to 69,None,,East,"Automobile, Station Wagon",Turning Right,Improper Turn,Inattentive,,,,,,,,Yes,Yes,,,,,,,,,,,41,Bridle Path-Sunnybrook-York Mills,41,Bridle Path-Sunnybrook-York Mills (41),D32,628863.5613,4844766.634
18142,81673539,2002133919,02/11/2022,2022,1127,YORK MILLS RD,OLD YONGE ST,,Major Arterial,North York,43.744746,-79.399562,At Intersection,No Control,Clear,"Daylight, artificial",Dry,Non-Fatal Injury,Cyclist Collisions,Cyclist,65 to 69,Major,,West,Bicycle,Going Ahead,,,,,,Motorist turned left across cyclists path.,Driving Properly,Normal,,Yes,Yes,,,,,,,,,,,41,Bridle Path-Sunnybrook-York Mills,41,Bridle Path-Sunnybrook-York Mills (41),D32,628863.5613,4844766.634
18143,81679833,2002142687,03/11/2022,2022,1500,LESLIE ST,RAVEL RD,,Major Arterial,North York,43.791484,-79.36835,At Intersection,Stop Sign,"Fog, Mist, Smoke, Dust",Daylight,Dry,Non-Fatal Injury,Pedestrian Collisions,Driver,55 to 59,None,,West,"Automobile, Station Wagon",Turning Left,Improper Turn,Inattentive,,,,,,,Yes,,Yes,,,,,,,,,,,48,Hillcrest Village,48,Hillcrest Village (48),D33,631274.4184,4850006.628
18144,81679834,2002142687,03/11/2022,2022,1500,LESLIE ST,RAVEL RD,,Major Arterial,North York,43.791484,-79.36835,At Intersection,Stop Sign,"Fog, Mist, Smoke, Dust",Daylight,Dry,Non-Fatal Injury,Pedestrian Collisions,Pedestrian,25 to 29,Major,,East,,,,,Vehicle turns left while ped crosses without ROW at inter.,Crossing without right of way,Normal,,,,Yes,,Yes,,,,,,,,,,,48,Hillcrest Village,48,Hillcrest Village (48),D33,631274.4184,4850006.628
18145,81680319,2002154142,05/11/2022,2022,210,BATHURST ST,HARBORD ST,6 m North of,Major Arterial,Toronto and East York,43.661509,-79.40974,Intersection Related,Traffic Signal,Clear,"Dark, artificial",Dry,Non-Fatal Injury,Pedestrian Collisions,Driver,unknown,None,,South,"Automobile, Station Wagon",Going Ahead,Other,Unknown,,,,,,,Yes,,Yes,,,,,,,,,,,79,University,79,University (79),D14,628221.3719,4835506.219