OBJECTID,INDEX,ACCNUM,DATE,ACCIDENT_YEAR,TIME,STREET1,STREET2,OFFSET,ROAD_CLASS,DISTRICT,LATITUDE,LONGITUDE,ACCLOC,TRAFFCTL,VISIBILITY,LIGHT,RDSFCOND,ACCLASS,IMPACTYPE,INVTYPE,INVAGE,INJURY,FATAL_NO,INITDIR,VEHTYPE,MANOEUVER,DRIVACT,DRIVCOND,PEDTYPE,PEDACT,PEDCOND,CYCLISTYPE,CYCACT,CYCCOND,PEDESTRIAN,CYCLIST,AUTOMOBILE,MOTORCYCLE,TRUCK,TRSN_CITY_VEH,EMERG_VEH,PASSENGER,SPEEDING,AG_DRIV,REDLIGHT,ALCOHOL,DISABILITY,HOOD_158,NEIGHBOURHOOD_158,HOOD_140,NEIGHBOURHOOD_140,DIVISION,x,y
18146,81680320,2002154142,05/11/2022,2022,210,BATHURST ST,HARBORD ST,6 m North of,Major Arterial,Toronto and East York,43.661509,-79.40974,Intersection Related,Traffic Signal,Clear,"Dark, artificial",Dry,Non-Fatal Injury,Pedestrian Collisions,Pedestrian,20 to 24,Major,,East,,,,,Other / Undefined,Other,Other,,,,Yes,,Yes,,,,,,,,,,,79,University,79,University (79),D14,628221.3719,4835506.219
18147,81673330,2002155585,05/11/2022,2022,935,7431 KINGSTON RD,,298 m East o,Major Arterial,Scarborough,43.800692,-79.143199,Non Intersection,No Control,Clear,Daylight,Dry,Non-Fatal Injury,Approaching,Driver,25 to 29,Major,,East,"Automobile, Station Wagon",Going Ahead,Lost control,Had Been Drinking,,,,,,,,,Yes,,,,,,,,,,,143,West Rouge,131,Rouge (131),D42,649366.2172,4851411.074
18148,81673331,2002155585,05/11/2022,2022,935,7431 KINGSTON RD,,298 m East o,Major Arterial,Scarborough,43.800692,-79.143199,Non Intersection,No Control,Clear,Daylight,Dry,Non-Fatal Injury,Approaching,Driver,55 to 59,Minor,,West,"Automobile, Station Wagon",Going Ahead,Driving Properly,Normal,,,,,,,,,Yes,,,,,,,,,,,143,West Rouge,131,Rouge (131),D42,649366.2172,4851411.074
18149,81703296,2002181067,08/11/2022,2022,1808,MILLWICK DR,ISLINGTON AVE,1 m West of,Major Arterial,Etobicoke York,43.759955,-79.571773,At Intersection,Traffic Signal,Clear,"Dark, artificial",Dry,Non-Fatal Injury,Pedestrian Collisions,Driver,65 to 69,None,,West,"Automobile, Station Wagon",Turning Left,Failed to Yield Right of Way,Inattentive,,,,,,,Yes,,Yes,,,,,,,Yes,,,,21,Humber Summit,21,Humber Summit (21),D31,614968.3,4846202.351
18150,81703297,2002181067,08/11/2022,2022,1808,MILLWICK DR,ISLINGTON AVE,1 m West of,Major Arterial,Etobicoke York,43.759955,-79.571773,At Intersection,Traffic Signal,Clear,"Dark, artificial",Dry,Non-Fatal Injury,Pedestrian Collisions,Pedestrian,45 to 49,Major,,East,,,,,Vehicle turns left while ped crosses with ROW at inter.,Crossing with right of way,Normal,,,,Yes,,Yes,,,,,,,Yes,,,,21,Humber Summit,21,Humber Summit (21),D31,614968.3,4846202.351
18151,81679838,2002186776,09/11/2022,2022,1422,BAYVIEW AVE,RUDDINGTON DR,,Major Arterial,North York,43.788016,-79.392719,At Intersection,Traffic Signal,Clear,Daylight,Dry,Non-Fatal Injury,Pedestrian Collisions,Driver,85 to 89,None,,West,"Automobile, Station Wagon",Turning Left,Failed to Yield Right of Way,Inattentive,,,,,,,Yes,,Yes,,,,,,,Yes,,,,49,Bayview Woods-Steeles,49,Bayview Woods-Steeles (49),D33,629321.2713,4849583.092
18152,81679839,2002186776,09/11/2022,2022,1422,BAYVIEW AVE,RUDDINGTON DR,,Major Arterial,North York,43.788016,-79.392719,At Intersection,Traffic Signal,Clear,Daylight,Dry,Non-Fatal Injury,Pedestrian Collisions,Pedestrian,80 to 84,Major,,East,,,,,Vehicle turns left while ped crosses with ROW at inter.,Crossing with right of way,Normal,,,,Yes,,Yes,,,,,,,Yes,,,,49,Bayview Woods-Steeles,49,Bayview Woods-Steeles (49),D33,629321.2713,4849583.092
18153,81687350,2002188340,09/11/2022,2022,1812,COLLEGE ST,ROXTON RD,1 m West of,Major Arterial,Toronto and East York,43.654647,-79.421451,At Intersection,No Control,Clear,"Dark, artificial",Dry,Non-Fatal Injury,Cyclist Collisions,Cyclist,25 to 29,Major,,West,Bicycle,Turning Left,,,,,,Cyclist turned left across motorists path.,Improper Turn,Inattentive,,Yes,Yes,,,,,,,,,,,81,Trinity-Bellwoods,81,Trinity-Bellwoods (81),D14,627291.6131,4834726.071
18154,81687351,2002188340,09/11/2022,2022,1812,COLLEGE ST,ROXTON RD,1 m West of,Major Arterial,Toronto and East York,43.654647,-79.421451,At Intersection,No Control,Clear,"Dark, artificial",Dry,Non-Fatal Injury,Cyclist Collisions,Driver,15 to 19,None,,West,"Automobile, Station Wagon",Going Ahead,Driving Properly,Normal,,,,,,,,Yes,Yes,,,,,,,,,,,81,Trinity-Bellwoods,81,Trinity-Bellwoods (81),D14,627291.6131,4834726.071
18155,81679796,2002210376,12/11/2022,2022,2030,SHOREHAM DR,IAN MACDONALD BLVD,,Minor Arterial,North York,43.772437,-79.511371,Intersection Related,Traffic Signal,Clear,"Dark, artificial",Dry,Non-Fatal Injury,Pedestrian Collisions,Driver,unknown,None,,Unknown,,Unknown,Other,Unknown,,,,,,,Yes,,,,,,,,,,,,,27,York University Heights,27,York University Heights (27),D31,619805.6081,4847674.282
18156,81679797,2002210376,12/11/2022,2022,2030,SHOREHAM DR,IAN MACDONALD BLVD,,Minor Arterial,North York,43.772437,-79.511371,Intersection Related,Traffic Signal,Clear,"Dark, artificial",Dry,Non-Fatal Injury,Pedestrian Collisions,Pedestrian,15 to 19,Major,,Unknown,,,,,Unknown,Crossing with right of way,Normal,,,,Yes,,,,,,,,,,,,,27,York University Heights,27,York University Heights (27),D31,619805.6081,4847674.282
18157,81688464,2002215490,13/11/2022,2022,1657,ROYAL YORK RD,LELAND AVE,180 m South ,Minor Arterial,Etobicoke York,43.638873,-79.508479,Non Intersection,No Control,Clear,Daylight,Dry,Non-Fatal Injury,SMV Other,Driver,65 to 69,Major,,South,Delivery Van,Going Ahead,Lost control,Unknown,,,,,,,,,Yes,,,,,,Yes,Yes,,,,16,Stonegate-Queensway,16,Stonegate-Queensway (16),D22,620305.2393,4832844.346
18158,81680183,2002216061,13/11/2022,2022,1838,PEARSON AV,SORAUREN AV,,Collector,Toronto and East York,43.642966,-79.442165,At Intersection,Stop Sign,Clear,"Dusk, artificial",Dry,Non-Fatal Injury,Cyclist Collisions,Driver,65 to 69,None,,East,"Automobile, Station Wagon",Going Ahead,Failed to Yield Right of Way,Inattentive,,,,,,,,Yes,Yes,,,,,,,Yes,,,,86,Roncesvalles,86,Roncesvalles (86),D11,625645.6069,4833397.178
18159,81680184,2002216061,13/11/2022,2022,1838,PEARSON AV,SORAUREN AV,,Collector,Toronto and East York,43.642966,-79.442165,At Intersection,Stop Sign,Clear,"Dusk, artificial",Dry,Non-Fatal Injury,Cyclist Collisions,Cyclist,25 to 29,Major,,South,Bicycle,Going Ahead,,,,,,"Motorist without ROW drives into path of cyclist at inter, lnwy, dwy-Driver not turn.",Driving Properly,Normal,,Yes,Yes,,,,,,,Yes,,,,86,Roncesvalles,86,Roncesvalles (86),D11,625645.6069,4833397.178
18160,81679947,2002229389,15/11/2022,2022,1656,MARTIN GROVE RD,ALBION RD,60 m North o,Minor Arterial,,43.7429,-79.594669,Non Intersection,No Control,Clear,"Dusk, artificial",Wet,Non-Fatal Injury,Pedestrian Collisions,Driver,80 to 84,None,,South,"Automobile, Station Wagon",Going Ahead,Driving Properly,Normal,,,,,,,Yes,,Yes,,,,,,,,,,,2,Mount Olive-Silverstone-Jamestown,2,Mount Olive-Silverstone-Jamestown (2),D23,613157.3591,4844276.62
18161,81679948,2002229389,15/11/2022,2022,1656,MARTIN GROVE RD,ALBION RD,60 m North o,Minor Arterial,,43.7429,-79.594669,Non Intersection,No Control,Clear,"Dusk, artificial",Wet,Non-Fatal Injury,Pedestrian Collisions,Pedestrian,30 to 34,Major,,West,,,,,Pedestrian hit at mid-block,"Crossing, no Traffic Control",Inattentive,,,,Yes,,Yes,,,,,,,,,,,2,Mount Olive-Silverstone-Jamestown,2,Mount Olive-Silverstone-Jamestown (2),D23,613157.3591,4844276.62
18162,81679974,2002229988,15/11/2022,2022,1825,DON MILLS RD,DVP S DON MILLS S RAMP RD,,Major Arterial,Toronto and East York,43.701083,-79.337535,Non Intersection,No Control,Rain,Dusk,Wet,Fatal,Rear End,Driver,75 to 79,Fatal,46,South,"Automobile, Station Wagon",Going Ahead,Lost control,Medical or Physical Disability,,,,,,,,,Yes,,,,,,,,,,Yes,58,Old East York,58,Old East York (58),D55,633955.1631,4840015.58
18163,81679975,2002229988,15/11/2022,2022,1825,DON MILLS RD,DVP S DON MILLS S RAMP RD,,Major Arterial,Toronto and East York,43.701083,-79.337535,Non Intersection,No Control,Rain,Dusk,Wet,Fatal,Rear End,Driver,45 to 49,None,,South,"Automobile, Station Wagon",Stopped,Driving Properly,Normal,,,,,,,,,Yes,,,,,,,,,,Yes,58,Old East York,58,Old East York (58),D55,633955.1631,4840015.58
18164,81680676,2002230917,15/11/2022,2022,2127,WILSON HEIGHTS BV,REINER RD,1 m South of,Minor Arterial,North York,43.748702,-79.454868,At Intersection,Traffic Signal,Snow,"Dark, artificial",Wet,Non-Fatal Injury,Pedestrian Collisions,Driver,50 to 54,None,,West,"Automobile, Station Wagon",Turning Left,Failed to Yield Right of Way,Inattentive,,,,,,,Yes,,Yes,,,,,,,Yes,,,,33,Clanton Park,33,Clanton Park (33),D32,624402.2157,4845121.462
18165,81680677,2002230917,15/11/2022,2022,2127,WILSON HEIGHTS BV,REINER RD,1 m South of,Minor Arterial,North York,43.748702,-79.454868,At Intersection,Traffic Signal,Snow,"Dark, artificial",Wet,Non-Fatal Injury,Pedestrian Collisions,Pedestrian,25 to 29,Major,,East,,,,,Vehicle turns left while ped crosses with ROW at inter.,Crossing with right of way,Normal,,,,Yes,,Yes,,,,,,,Yes,,,,33,Clanton Park,33,Clanton Park (33),D32,624402.2157,4845121.462
18166,81688140,2002243711,17/11/2022,2022,1640,519 OLD WESTON RD,,10 m West of,Minor Arterial,Toronto and East York,43.67723,-79.464153,Non Intersection,No Control,Clear,Daylight,Dry,Non-Fatal Injury,Approaching,Driver,40 to 44,Major,,South,Pick Up Truck,Going Ahead,Lost control,Medical or Physical Disability,,,,,,,,,Yes,,,,,Yes,,Yes,,,Yes,91,Weston-Pelham Park,91,Weston-Pellam Park (91),D12,623801.7294,4837169.591
18167,81688141,2002243711,17/11/2022,2022,1640,519 OLD WESTON RD,,10 m West of,Minor Arterial,Toronto and East York,43.67723,-79.464153,Non Intersection,No Control,Clear,Daylight,Dry,Non-Fatal Injury,Approaching,Driver,65 to 69,None,,North,"Automobile, Station Wagon",Slowing or Stopping,Driving Properly,Normal,,,,,,,,,Yes,,,,,Yes,,Yes,,,Yes,91,Weston-Pelham Park,91,Weston-Pellam Park (91),D12,623801.7294,4837169.591
18168,81688142,2002243711,17/11/2022,2022,1640,519 OLD WESTON RD,,10 m West of,Minor Arterial,Toronto and East York,43.67723,-79.464153,Non Intersection,No Control,Clear,Daylight,Dry,Non-Fatal Injury,Approaching,Driver,40 to 44,None,,North,"Automobile, Station Wagon",Slowing or Stopping,Driving Properly,Normal,,,,,,,,,Yes,,,,,Yes,,Yes,,,Yes,91,Weston-Pelham Park,91,Weston-Pellam Park (91),D12,623801.7294,4837169.591
18169,81688143,2002243711,17/11/2022,2022,1640,519 OLD WESTON RD,,10 m West of,Minor Arterial,Toronto and East York,43.67723,-79.464153,Non Intersection,No Control,Clear,Daylight,Dry,Non-Fatal Injury,Approaching,Passenger,10 to 14,None,,,,,,,,,,,,,,,Yes,,,,,Yes,,Yes,,,Yes,91,Weston-Pelham Park,91,Weston-Pellam Park (91),D12,623801.7294,4837169.591
18170,81680045,2002271059,21/11/2022,2022,1404,KIPLING AVE,REDWATER DR,,Major Arterial,Etobicoke York,43.715514,-79.568485,At Intersection,Traffic Signal,Clear,Daylight,Dry,Non-Fatal Injury,Turning Movement,Driver,30 to 34,None,,North,"Automobile, Station Wagon",Going Ahead,Lost control,Inattentive,,,,,,,,,Yes,,,,,Yes,Yes,Yes,,,,4,Rexdale-Kipling,4,Rexdale-Kipling (4),D23,615318.2523,4841271.115
18171,81680046,2002271059,21/11/2022,2022,1404,KIPLING AVE,REDWATER DR,,Major Arterial,Etobicoke York,43.715514,-79.568485,At Intersection,Traffic Signal,Clear,Daylight,Dry,Non-Fatal Injury,Turning Movement,Driver,70 to 74,Major,,West,"Automobile, Station Wagon",Turning Left,Driving Properly,Normal,,,,,,,,,Yes,,,,,Yes,Yes,Yes,,,,4,Rexdale-Kipling,4,Rexdale-Kipling (4),D23,615318.2523,4841271.115
18172,81680047,2002271059,21/11/2022,2022,1404,KIPLING AVE,REDWATER DR,,Major Arterial,Etobicoke York,43.715514,-79.568485,At Intersection,Traffic Signal,Clear,Daylight,Dry,Non-Fatal Injury,Turning Movement,Driver,35 to 39,None,,East,"Automobile, Station Wagon",Going Ahead,Driving Properly,Unknown,,,,,,,,,Yes,,,,,Yes,Yes,Yes,,,,4,Rexdale-Kipling,4,Rexdale-Kipling (4),D23,615318.2523,4841271.115
18173,81680048,2002271059,21/11/2022,2022,1404,KIPLING AVE,REDWATER DR,,Major Arterial,Etobicoke York,43.715514,-79.568485,At Intersection,Traffic Signal,Clear,Daylight,Dry,Non-Fatal Injury,Turning Movement,Passenger,60 to 64,Major,,,,,,,,,,,,,,,Yes,,,,,Yes,Yes,Yes,,,,4,Rexdale-Kipling,4,Rexdale-Kipling (4),D23,615318.2523,4841271.115
18174,81680026,2002271976,21/11/2022,2022,1609,KINGSTON RD,SHEPPARD AVE E,1 m East of,Major Arterial,Scarborough,43.803805,-79.137714,Non Intersection,No Control,Clear,Daylight,Dry,Non-Fatal Injury,Cyclist Collisions,Driver,70 to 74,None,,West,"Automobile, Station Wagon",Going Ahead,Improper Passing,Inattentive,,,,,,,,Yes,Yes,,,,,,,Yes,,,,143,West Rouge,131,Rouge (131),D42,649799.6703,4851766.739
18175,81680027,2002271976,21/11/2022,2022,1609,KINGSTON RD,SHEPPARD AVE E,1 m East of,Major Arterial,Scarborough,43.803805,-79.137714,Non Intersection,No Control,Clear,Daylight,Dry,Non-Fatal Injury,Cyclist Collisions,Cyclist,55 to 59,Major,,West,Bicycle,Going Ahead,,,,,,Cyclist and Driver travelling in same direction. One vehicle rear-ended the other.,Driving Properly,Normal,,Yes,Yes,,,,,,,Yes,,,,143,West Rouge,131,Rouge (131),D42,649799.6703,4851766.739
18176,81687672,2002272909,21/11/2022,2022,1830,JANE ST,SPENVALLEY DR,15 m North o,Major Arterial,North York,43.741168,-79.513637,Intersection Related,Traffic Signal,Clear,"Dark, artificial",Dry,Non-Fatal Injury,Rear End,Driver,55 to 59,None,,South,"Automobile, Station Wagon",Going Ahead,Other,Inattentive,,,,,,,,,Yes,,,,,Yes,,,,,,25,Glenfield-Jane Heights,25,Glenfield-Jane Heights (25),D31,619685.5603,4844198.124
18177,81687673,2002272909,21/11/2022,2022,1830,JANE ST,SPENVALLEY DR,15 m North o,Major Arterial,North York,43.741168,-79.513637,Intersection Related,Traffic Signal,Clear,"Dark, artificial",Dry,Non-Fatal Injury,Rear End,Driver,65 to 69,None,,South,"Automobile, Station Wagon",Slowing or Stopping,Driving Properly,Normal,,,,,,,,,Yes,,,,,Yes,,,,,,25,Glenfield-Jane Heights,25,Glenfield-Jane Heights (25),D31,619685.5603,4844198.124
18178,81687674,2002272909,21/11/2022,2022,1830,JANE ST,SPENVALLEY DR,15 m North o,Major Arterial,North York,43.741168,-79.513637,Intersection Related,Traffic Signal,Clear,"Dark, artificial",Dry,Non-Fatal Injury,Rear End,Driver,40 to 44,Minimal,,South,"Automobile, Station Wagon",Slowing or Stopping,Driving Properly,Normal,,,,,,,,,Yes,,,,,Yes,,,,,,25,Glenfield-Jane Heights,25,Glenfield-Jane Heights (25),D31,619685.5603,4844198.124
18179,81687675,2002272909,21/11/2022,2022,1830,JANE ST,SPENVALLEY DR,15 m North o,Major Arterial,North York,43.741168,-79.513637,Intersection Related,Traffic Signal,Clear,"Dark, artificial",Dry,Non-Fatal Injury,Rear End,Passenger,25 to 29,Major,,,,,,,,,,,,,,,Yes,,,,,Yes,,,,,,25,Glenfield-Jane Heights,25,Glenfield-Jane Heights (25),D31,619685.5603,4844198.124
18180,81679976,2002286735,23/11/2022,2022,1627,ST CLAIR AVE E,YONGE ST,,Major Arterial,Scarborough,43.68801,-79.394099,At Intersection,Traffic Signal,Clear,Daylight,Dry,Fatal,Cyclist Collisions,Cyclist,20 to 24,Fatal,48,East,Bicycle,,,,,,,Motorist turning right on green or amber at signalized intersection strikes cyclist.,Driving Properly,Normal,,Yes,Yes,,,,,,,Yes,,,,98,Rosedale-Moore Park,98,Rosedale-Moore Park (98),D53,629425.5227,4838473.804
18181,81679980,2002286735,23/11/2022,2022,1627,ST CLAIR AVE E,YONGE ST,,Major Arterial,Scarborough,43.68801,-79.394099,At Intersection,Traffic Signal,Clear,Daylight,Dry,Fatal,Cyclist Collisions,Driver,60 to 64,None,,West,Pick Up Truck,Turning Right,Failed to Yield Right of Way,Normal,,,,,,,,Yes,Yes,,,,,,,Yes,,,,98,Rosedale-Moore Park,98,Rosedale-Moore Park (98),D53,629425.5227,4838473.804
18182,81680811,2002299583,25/11/2022,2022,1251,1100 QUEEN ST W,,10 m West of,Major Arterial,Toronto and East York,43.643286,-79.422908,Non Intersection,No Control,Clear,Daylight,Dry,Non-Fatal Injury,Pedestrian Collisions,Driver,85 to 89,None,,East,"Automobile, Station Wagon",Going Ahead,Driving Properly,Normal,,,,,,,Yes,,Yes,,,,,,,,,,,84,Little Portugal,84,Little Portugal (84),D14,627198.1008,4833462.051
18183,81680812,2002299583,25/11/2022,2022,1251,1100 QUEEN ST W,,10 m West of,Major Arterial,Toronto and East York,43.643286,-79.422908,Non Intersection,No Control,Clear,Daylight,Dry,Non-Fatal Injury,Pedestrian Collisions,Pedestrian,20 to 24,Major,,North,,,,,Pedestrian hit at mid-block,"Crossing, no Traffic Control",Inattentive,,,,Yes,,Yes,,,,,,,,,,,84,Little Portugal,84,Little Portugal (84),D14,627198.1008,4833462.051
18184,81680463,2002303433,25/11/2022,2022,2245,PAPE AVE,BROWNING AVE,10 m North o,Major Arterial,Toronto and East York,43.683192,-79.346416,Intersection Related,No Control,Clear,"Dark, artificial",Dry,Non-Fatal Injury,Sideswipe,Driver,30 to 34,None,,South,"Automobile, Station Wagon",Changing Lanes,Improper Lane Change,Normal,,,,,,,,,Yes,,,,,Yes,,,,,,59,Danforth East York,59,Danforth East York (59),D55,633279.1832,4838014.224
18185,81680464,2002303433,25/11/2022,2022,2245,PAPE AVE,BROWNING AVE,10 m North o,Major Arterial,Toronto and East York,43.683192,-79.346416,Intersection Related,No Control,Clear,"Dark, artificial",Dry,Non-Fatal Injury,Sideswipe,Driver,15 to 19,Minor,,South,"Automobile, Station Wagon",Going Ahead,Driving Properly,Normal,,,,,,,,,Yes,,,,,Yes,,,,,,59,Danforth East York,59,Danforth East York (59),D55,633279.1832,4838014.224
18186,81680465,2002303433,25/11/2022,2022,2245,PAPE AVE,BROWNING AVE,10 m North o,Major Arterial,Toronto and East York,43.683192,-79.346416,Intersection Related,No Control,Clear,"Dark, artificial",Dry,Non-Fatal Injury,Sideswipe,Driver,25 to 29,Minimal,,North,"Automobile, Station Wagon",Going Ahead,Driving Properly,Normal,,,,,,,,,Yes,,,,,Yes,,,,,,59,Danforth East York,59,Danforth East York (59),D55,633279.1832,4838014.224
18187,81680466,2002303433,25/11/2022,2022,2245,PAPE AVE,BROWNING AVE,10 m North o,Major Arterial,Toronto and East York,43.683192,-79.346416,Intersection Related,No Control,Clear,"Dark, artificial",Dry,Non-Fatal Injury,Sideswipe,Passenger,25 to 29,Major,,,,,,,,,,,,,,,Yes,,,,,Yes,,,,,,59,Danforth East York,59,Danforth East York (59),D55,633279.1832,4838014.224
18188,81688944,2002306311,26/11/2022,2022,1134,KINGSTON RD,401 C E 2A W RAMP,3 m East of,Major Arterial,Scarborough,43.794814,-79.152499,At Intersection,Traffic Signal,Clear,Daylight,Dry,Non-Fatal Injury,Turning Movement,Driver,65 to 69,None,,West,"Automobile, Station Wagon",Going Ahead,Disobeyed Traffic Control,Inattentive,,,,,,,,,Yes,,,,,Yes,,Yes,Yes,,,133,Centennial Scarborough,133,Centennial Scarborough (133),D43,648632.6645,4850741.481
18189,81688945,2002306311,26/11/2022,2022,1134,KINGSTON RD,401 C E 2A W RAMP,3 m East of,Major Arterial,Scarborough,43.794814,-79.152499,At Intersection,Traffic Signal,Clear,Daylight,Dry,Non-Fatal Injury,Turning Movement,Driver,35 to 39,Minor,,South,"Automobile, Station Wagon",Turning Left,Driving Properly,Normal,,,,,,,,,Yes,,,,,Yes,,Yes,Yes,,,133,Centennial Scarborough,133,Centennial Scarborough (133),D43,648632.6645,4850741.481
18190,81688946,2002306311,26/11/2022,2022,1134,KINGSTON RD,401 C E 2A W RAMP,3 m East of,Major Arterial,Scarborough,43.794814,-79.152499,At Intersection,Traffic Signal,Clear,Daylight,Dry,Non-Fatal Injury,Turning Movement,Passenger,45 to 49,None,,,,,,,,,,,,,,,Yes,,,,,Yes,,Yes,Yes,,,133,Centennial Scarborough,133,Centennial Scarborough (133),D43,648632.6645,4850741.481
18191,81688947,2002306311,26/11/2022,2022,1134,KINGSTON RD,401 C E 2A W RAMP,3 m East of,Major Arterial,Scarborough,43.794814,-79.152499,At Intersection,Traffic Signal,Clear,Daylight,Dry,Non-Fatal Injury,Turning Movement,Passenger,20 to 24,Major,,,,,,,,,,,,,,,Yes,,,,,Yes,,Yes,Yes,,,133,Centennial Scarborough,133,Centennial Scarborough (133),D43,648632.6645,4850741.481
18192,81680770,2002306761,26/11/2022,2022,1248,LAKE SHORE BV W,LONG BRANCH AV,70 m West of,Major Arterial,Etobicoke York,43.594088,-79.534808,Non Intersection,No Control,Clear,Daylight,Dry,Non-Fatal Injury,Pedestrian Collisions,,85 to 89,None,,West,"Automobile, Station Wagon",Reversing,,,,,,,,,Yes,,Yes,,,,,,,,,,,19,Long Branch,19,Long Branch (19),D22,618269.3012,4827832.606
18193,81680771,2002306761,26/11/2022,2022,1248,LAKE SHORE BV W,LONG BRANCH AV,70 m West of,Major Arterial,Etobicoke York,43.594088,-79.534808,Non Intersection,No Control,Clear,Daylight,Dry,Non-Fatal Injury,Pedestrian Collisions,Pedestrian,75 to 79,Major,,Unknown,,,,,Vehicle is reversing and hits pedestrian,Person Getting on/off Vehicle,Unknown,,,,Yes,,Yes,,,,,,,,,,,19,Long Branch,19,Long Branch (19),D22,618269.3012,4827832.606
18194,81688668,2002308202,26/11/2022,2022,1619,MARKHAM RD,KINGSTON RD,,Major Arterial,Scarborough,43.738677,-79.216975,At Intersection,Traffic Signal,Clear,Daylight,Dry,Non-Fatal Injury,Turning Movement,Driver,55 to 59,Major,,East,"Automobile, Station Wagon",Turning Left,Failed to Yield Right of Way,Normal,,,,,,,,,Yes,,,,,,,Yes,,,,139,Scarborough Village,139,Scarborough Village (139),D43,643579.7214,4844392.814
18195,81688669,2002308202,26/11/2022,2022,1619,MARKHAM RD,KINGSTON RD,,Major Arterial,Scarborough,43.738677,-79.216975,At Intersection,Traffic Signal,Clear,Daylight,Dry,Non-Fatal Injury,Turning Movement,Driver,20 to 24,Minor,,West,"Automobile, Station Wagon",Going Ahead,Driving Properly,Normal,,,,,,,,,Yes,,,,,,,Yes,,,,139,Scarborough Village,139,Scarborough Village (139),D43,643579.7214,4844392.814
18196,81687885,2002315818,27/11/2022,2022,1810,BATHURST ST,FORT YORK BLVD,,Major Arterial,Toronto and East York,43.638747,-79.400577,At Intersection,Traffic Signal,Rain,"Dark, artificial",Wet,Non-Fatal Injury,Pedestrian Collisions,Driver,35 to 39,None,,West,"Automobile, Station Wagon",Turning Left,Failed to Yield Right of Way,Inattentive,,,,,,,Yes,,Yes,,,,,,,Yes,,,,165,Harbourfront-CityPlace,77,Waterfront Communities-The Island (77),D14,629008.9086,4832992.403
18197,81687886,2002315818,27/11/2022,2022,1810,BATHURST ST,FORT YORK BLVD,,Major Arterial,Toronto and East York,43.638747,-79.400577,At Intersection,Traffic Signal,Rain,"Dark, artificial",Wet,Non-Fatal Injury,Pedestrian Collisions,Pedestrian,20 to 24,Major,,West,,,,,Vehicle turns left while ped crosses with ROW at inter.,Crossing with right of way,Normal,,,,Yes,,Yes,,,,,,,Yes,,,,165,Harbourfront-CityPlace,77,Waterfront Communities-The Island (77),D14,629008.9086,4832992.403
18198,81680541,2002316382,27/11/2022,2022,1943,ALBION RD,TODD BROOK DR,8 m East of,Major Arterial,Etobicoke York,43.73828,-79.57162,Intersection Related,No Control,Rain,"Dark, artificial",Wet,Property Damage O,Pedestrian Collisions,Driver,40 to 44,None,,West,"Automobile, Station Wagon",Going Ahead,Driving Properly,Normal,,,,,,,Yes,,Yes,,,,,,,,,,,3,Thistletown-Beaumond Heights,3,Thistletown-Beaumond Heights (3),D23,615022.1248,4843795.242
18199,81680542,2002316382,27/11/2022,2022,1943,ALBION RD,TODD BROOK DR,8 m East of,Major Arterial,Etobicoke York,43.73828,-79.57162,Intersection Related,No Control,Rain,"Dark, artificial",Wet,Property Damage O,Pedestrian Collisions,Pedestrian,45 to 49,Major,,South,,,,,Vehicle is going straight thru inter.while ped cross without ROW,Crossing without right of way,Other,,,,Yes,,Yes,,,,,,,,,,,3,Thistletown-Beaumond Heights,3,Thistletown-Beaumond Heights (3),D23,615022.1248,4843795.242
18200,81688854,2002319142,28/11/2022,2022,840,LINDEN AVE,HARMONY AVE,1 m North of,Local,Scarborough,43.72008,-79.25677,Intersection Related,No Control,Clear,Daylight,Dry,Non-Fatal Injury,Pedestrian Collisions,Driver,35 to 39,None,,South,"Automobile, Station Wagon",Going Ahead,Driving Properly,Normal,,,,,,,Yes,,Yes,,,,,,,,,,,124,Kennedy Park,124,Kennedy Park (124),D41,640418.607,4842259.142
18201,81688855,2002319142,28/11/2022,2022,840,LINDEN AVE,HARMONY AVE,1 m North of,Local,Scarborough,43.72008,-79.25677,Intersection Related,No Control,Clear,Daylight,Dry,Non-Fatal Injury,Pedestrian Collisions,Pedestrian,10 to 14,Major,,West,,,,,Vehicle is going straight thru inter.while ped cross without ROW,Running onto Roadway,Normal,,,,Yes,,Yes,,,,,,,,,,,124,Kennedy Park,124,Kennedy Park (124),D41,640418.607,4842259.142