OBJECTID,INDEX,ACCNUM,DATE,ACCIDENT_YEAR,TIME,STREET1,STREET2,OFFSET,ROAD_CLASS,DISTRICT,LATITUDE,LONGITUDE,ACCLOC,TRAFFCTL,VISIBILITY,LIGHT,RDSFCOND,ACCLASS,IMPACTYPE,INVTYPE,INVAGE,INJURY,FATAL_NO,INITDIR,VEHTYPE,MANOEUVER,DRIVACT,DRIVCOND,PEDTYPE,PEDACT,PEDCOND,CYCLISTYPE,CYCACT,CYCCOND,PEDESTRIAN,CYCLIST,AUTOMOBILE,MOTORCYCLE,TRUCK,TRSN_CITY_VEH,EMERG_VEH,PASSENGER,SPEEDING,AG_DRIV,REDLIGHT,ALCOHOL,DISABILITY,HOOD_158,NEIGHBOURHOOD_158,HOOD_140,NEIGHBOURHOOD_140,DIVISION,x,y
18202,81705321,2002373908,01/12/2022,2022,2130,BLUE JAYS WY,FRONT ST W,,Minor Arterial,Toronto and East York,43.643412,-79.391261,At Intersection,Traffic Signal,Clear,Dark,Dry,Non-Fatal Injury,Cyclist Collisions,Driver,unknown,None,,West,"Automobile, Station Wagon",Going Ahead,Disobeyed Traffic Control,Unknown,,,,,,,,Yes,Yes,,,,,,,Yes,Yes,,,165,Harbourfront-CityPlace,77,Waterfront Communities-The Island (77),D52,629750.2995,4833525.033
18203,81705322,2002373908,01/12/2022,2022,2130,BLUE JAYS WY,FRONT ST W,,Minor Arterial,Toronto and East York,43.643412,-79.391261,At Intersection,Traffic Signal,Clear,Dark,Dry,Non-Fatal Injury,Cyclist Collisions,Cyclist,20 to 24,Major,,North,Bicycle,Going Ahead,,,,,,"Motorist without ROW drives into path of cyclist at inter, lnwy, dwy-Driver not turn.",Driving Properly,Normal,,Yes,Yes,,,,,,,Yes,Yes,,,165,Harbourfront-CityPlace,77,Waterfront Communities-The Island (77),D52,629750.2995,4833525.033
18204,81704133,2002348553,02/12/2022,2022,130,21 MILVAN DR,,167 m North ,Collector,,43.75289,-79.553554,Non Intersection,No Control,Clear,"Dark, artificial",Dry,Non-Fatal Injury,SMV Other,Driver,25 to 29,Major,,South,"Automobile, Station Wagon",Going Ahead,Speed too Fast For Condition,Had Been Drinking,,,,,,,,,Yes,,,,,,Yes,Yes,,,,21,Humber Summit,21,Humber Summit (21),D31,616448.5917,4845443.131
18205,81739307,2002351893,02/12/2022,2022,1320,ALEXMUIR BLVD,HOMEDALE DR,21 m East of,,,43.810485,-79.282162,At Intersection,Stop Sign,Clear,Daylight,Dry,Non-Fatal Injury,SMV Other,Driver,40 to 44,Major,,East,"Automobile, Station Wagon",Going Ahead,Lost control,Normal,,,,,,,,,Yes,,,,,Yes,,,,,,129,Agincourt North,129,Agincourt North (129),D42,638164.9397,4852257.302
18206,81739308,2002351893,02/12/2022,2022,1320,ALEXMUIR BLVD,HOMEDALE DR,21 m East of,,,43.810485,-79.282162,At Intersection,Stop Sign,Clear,Daylight,Dry,Non-Fatal Injury,SMV Other,Passenger,5 to 9,None,,,,,,,,,,,,,,,Yes,,,,,Yes,,,,,,129,Agincourt North,129,Agincourt North (129),D42,638164.9397,4852257.302
18207,81688896,2002358910,03/12/2022,2022,1205,EGLINTON AVE E,GILDER DR,28 m East of,Major Arterial,Scarborough,43.735591,-79.252673,Non Intersection,No Control,Clear,Daylight,Wet,Non-Fatal Injury,Rear End,Driver,35 to 39,Major,,West,Municipal Transit Bus (TTC),Slowing or Stopping,Following too Close,Inattentive,,,,,,,,,Yes,,,Yes,,Yes,,Yes,,,,124,Kennedy Park,124,Kennedy Park (124),D41,640712.3009,4843988.818
18208,81688897,2002358910,03/12/2022,2022,1205,EGLINTON AVE E,GILDER DR,28 m East of,Major Arterial,Scarborough,43.735591,-79.252673,Non Intersection,No Control,Clear,Daylight,Wet,Non-Fatal Injury,Rear End,Driver,25 to 29,Minimal,,West,"Automobile, Station Wagon",Stopped,Driving Properly,Normal,,,,,,,,,Yes,,,Yes,,Yes,,Yes,,,,124,Kennedy Park,124,Kennedy Park (124),D41,640712.3009,4843988.818
18209,81688898,2002358910,03/12/2022,2022,1205,EGLINTON AVE E,GILDER DR,28 m East of,Major Arterial,Scarborough,43.735591,-79.252673,Non Intersection,No Control,Clear,Daylight,Wet,Non-Fatal Injury,Rear End,Driver,50 to 54,None,,West,Municipal Transit Bus (TTC),Stopped,Driving Properly,Normal,,,,,,,,,Yes,,,Yes,,Yes,,Yes,,,,124,Kennedy Park,124,Kennedy Park (124),D41,640712.3009,4843988.818
18210,81688899,2002358910,03/12/2022,2022,1205,EGLINTON AVE E,GILDER DR,28 m East of,Major Arterial,Scarborough,43.735591,-79.252673,Non Intersection,No Control,Clear,Daylight,Wet,Non-Fatal Injury,Rear End,Passenger,25 to 29,Minimal,,,,,,,,,,,,,,,Yes,,,Yes,,Yes,,Yes,,,,124,Kennedy Park,124,Kennedy Park (124),D41,640712.3009,4843988.818
18211,81707830,2002366866,04/12/2022,2022,1538,YONGE ST,GLEBE RD W,10 m East of,,,43.700851,-79.397136,Intersection Related,Stop Sign,Clear,Daylight,Dry,Non-Fatal Injury,Turning Movement,Driver,35 to 39,None,,East,"Automobile, Station Wagon",Turning Left,Failed to Yield Right of Way,Inattentive,,,,,,,,,Yes,Yes,,,,Yes,,Yes,,,,174,South Eglinton-Davisville,104,Mount Pleasant West (104),D53,629153.1883,4839895.24
18212,81707831,2002366866,04/12/2022,2022,1538,YONGE ST,GLEBE RD W,10 m East of,,,43.700851,-79.397136,Intersection Related,Stop Sign,Clear,Daylight,Dry,Non-Fatal Injury,Turning Movement,Motorcycle Driver,45 to 49,Major,,South,Motorcycle,Going Ahead,Driving Properly,Normal,,,,,,,,,Yes,Yes,,,,Yes,,Yes,,,,174,South Eglinton-Davisville,104,Mount Pleasant West (104),D53,629153.1883,4839895.24
18213,81707832,2002366866,04/12/2022,2022,1538,YONGE ST,GLEBE RD W,10 m East of,,,43.700851,-79.397136,Intersection Related,Stop Sign,Clear,Daylight,Dry,Non-Fatal Injury,Turning Movement,Passenger,40 to 44,Minimal,,,,,,,,,,,,,,,Yes,Yes,,,,Yes,,Yes,,,,174,South Eglinton-Davisville,104,Mount Pleasant West (104),D53,629153.1883,4839895.24
18214,81689064,2002374058,05/12/2022,2022,1505,INNISWOOD DR,HOWARTH AVE,56 m West of,Local,Scarborough,43.73823,-79.305957,Non Intersection,No Control,Clear,Daylight,Dry,Non-Fatal Injury,Pedestrian Collisions,Driver,40 to 44,None,,West,"Automobile, Station Wagon",Going Ahead,Driving Properly,Normal,,,,,,,Yes,,Yes,,,,,Yes,,,,,,119,Wexford/Maryvale,119,Wexford/Maryvale (119),D41,636415.2969,4844192.803
18215,81689065,2002374058,05/12/2022,2022,1505,INNISWOOD DR,HOWARTH AVE,56 m West of,Local,Scarborough,43.73823,-79.305957,Non Intersection,No Control,Clear,Daylight,Dry,Non-Fatal Injury,Pedestrian Collisions,Passenger,10 to 14,None,,,,,,,,,,,,,Yes,,Yes,,,,,Yes,,,,,,119,Wexford/Maryvale,119,Wexford/Maryvale (119),D41,636415.2969,4844192.803
18216,81689066,2002374058,05/12/2022,2022,1505,INNISWOOD DR,HOWARTH AVE,56 m West of,Local,Scarborough,43.73823,-79.305957,Non Intersection,No Control,Clear,Daylight,Dry,Non-Fatal Injury,Pedestrian Collisions,Pedestrian,10 to 14,Major,,South,,,,,Pedestrian hit at mid-block,Running onto Roadway,Inattentive,,,,Yes,,Yes,,,,,Yes,,,,,,119,Wexford/Maryvale,119,Wexford/Maryvale (119),D41,636415.2969,4844192.803
18217,81688383,2002376276,05/12/2022,2022,2018,LAWRENCE AV E,CURLEW DRIVE,80 m East of,Major Arterial,North York,43.741168,-79.317989,Non Intersection,No Control,Clear,"Dark, artificial",Dry,Non-Fatal Injury,Pedestrian Collisions,Driver,55 to 59,None,,West,"Automobile, Station Wagon",Going Ahead,Driving Properly,Normal,,,,,,,Yes,,Yes,,,,,,,,,,,43,Victoria Village,43,Victoria Village (43),D33,635439.767,4844499.37
18218,81688384,2002376276,05/12/2022,2022,2018,LAWRENCE AV E,CURLEW DRIVE,80 m East of,Major Arterial,North York,43.741168,-79.317989,Non Intersection,No Control,Clear,"Dark, artificial",Dry,Non-Fatal Injury,Pedestrian Collisions,Driver,20 to 24,None,,West,"Automobile, Station Wagon",Going Ahead,Driving Properly,Normal,,,,,,,Yes,,Yes,,,,,,,,,,,43,Victoria Village,43,Victoria Village (43),D33,635439.767,4844499.37
18219,81688385,2002376276,05/12/2022,2022,2018,LAWRENCE AV E,CURLEW DRIVE,80 m East of,Major Arterial,North York,43.741168,-79.317989,Non Intersection,No Control,Clear,"Dark, artificial",Dry,Non-Fatal Injury,Pedestrian Collisions,Pedestrian,60 to 64,Major,,Unknown,,,,,Pedestrian hit at mid-block,"Crossing, no Traffic Control","Ability Impaired, Drugs",,,,Yes,,Yes,,,,,,,,,,,43,Victoria Village,43,Victoria Village (43),D33,635439.767,4844499.37
18220,81707995,2002385833,07/12/2022,2022,540,WILSON HEIGHTS BLVD,KENNARD AVE,2 m North of,,,43.760242,-79.464222,Non Intersection,Stop Sign,Clear,"Dark, artificial",Dry,Non-Fatal Injury,SMV Other,Driver,30 to 34,Major,,South,Pick Up Truck,Going Ahead,Lost control,"Ability Impaired, Alcohol Over .08",,,,,,,,,Yes,,,,,,Yes,Yes,,Yes,,34,Bathurst Manor,34,Bathurst Manor (34),D32,623625.3323,4846389.145
18221,81704603,2002405693,09/12/2022,2022,1710,JANE ST,FINCH AVE W,25 m West of,Major Arterial,,43.755824,-79.517314,Non Intersection,No Control,Clear,Daylight,Dry,Non-Fatal Injury,Pedestrian Collisions,Driver,55 to 59,None,,North,Pick Up Truck,Going Ahead,Other,Normal,,,,,,,Yes,,Yes,,,,,,,,,,,25,Glenfield-Jane Heights,25,Glenfield-Jane Heights (25),D31,619360.3429,4845820.581
18222,81704604,2002405693,09/12/2022,2022,1710,JANE ST,FINCH AVE W,25 m West of,Major Arterial,,43.755824,-79.517314,Non Intersection,No Control,Clear,Daylight,Dry,Non-Fatal Injury,Pedestrian Collisions,Pedestrian,40 to 44,Major,,West,,,,,Pedestrian hit at private driveway,"Crossing, no Traffic Control",Normal,,,,Yes,,Yes,,,,,,,,,,,25,Glenfield-Jane Heights,25,Glenfield-Jane Heights (25),D31,619360.3429,4845820.581
18223,81703254,2002407065,09/12/2022,2022,2038,MCCOWAN RD,ELLESMERE RD,40 m North o,Major Arterial,Scarborough,43.772727,-79.251537,Non Intersection,No Control,Clear,"Dark, artificial",Dry,Non-Fatal Injury,Sideswipe,Driver,75 to 79,None,,South,"Automobile, Station Wagon",Going Ahead,Improper Lane Change,Inattentive,,,,,,,,,Yes,,,,,,,,,,,142,Woburn North,137,Woburn (137),D43,640716.7127,4848115.27
18224,81703255,2002407065,09/12/2022,2022,2038,MCCOWAN RD,ELLESMERE RD,40 m North o,Major Arterial,Scarborough,43.772727,-79.251537,Non Intersection,No Control,Clear,"Dark, artificial",Dry,Non-Fatal Injury,Sideswipe,Driver,15 to 19,Major,,North,"Automobile, Station Wagon",Unknown,Driving Properly,Normal,,,,,,,,,Yes,,,,,,,,,,,142,Woburn North,137,Woburn (137),D43,640716.7127,4848115.27
18225,81687243,2002424464,12/12/2022,2022,1118,DUNDAS ST W,SPADINA AVE,,Major Arterial,Toronto and East York,43.652869,-79.398006,At Intersection,Traffic Signal,Clear,Daylight,Dry,Fatal,Pedestrian Collisions,Driver,55 to 59,None,,West,"Automobile, Station Wagon",Turning Right,Failed to Yield Right of Way,Inattentive,,,,,,,Yes,,Yes,,,,,,,Yes,,,,78,Kensington-Chinatown,78,Kensington-Chinatown (78),D52,629186.0112,4834564.834
18226,81687244,2002424464,12/12/2022,2022,1118,DUNDAS ST W,SPADINA AVE,,Major Arterial,Toronto and East York,43.652869,-79.398006,At Intersection,Traffic Signal,Clear,Daylight,Dry,Fatal,Pedestrian Collisions,Pedestrian,70 to 74,Fatal,49,West,,,,,Vehicle turns right while ped crosses with ROW at inter.,Crossing with right of way,Other,,,,Yes,,Yes,,,,,,,Yes,,,,78,Kensington-Chinatown,78,Kensington-Chinatown (78),D52,629186.0112,4834564.834
18227,81688492,2002431114,13/12/2022,2022,910,STEELES AVE W,KIPLING AVE,,Major Arterial,Etobicoke York,43.759535,-79.589862,At Intersection,Traffic Signal,Clear,Daylight,Dry,Fatal,Turning Movement,Driver,80 to 84,Fatal,50,North,"Automobile, Station Wagon",Turning Right,Improper Turn,Unknown,,,,,,,,,Yes,,Yes,,,Yes,,,,,,2,Mount Olive-Silverstone-Jamestown,2,Mount Olive-Silverstone-Jamestown (2),D23,613512.9706,4846130.754
18228,81688493,2002431114,13/12/2022,2022,910,STEELES AVE W,KIPLING AVE,,Major Arterial,Etobicoke York,43.759535,-79.589862,At Intersection,Traffic Signal,Clear,Daylight,Dry,Fatal,Turning Movement,Driver,30 to 34,Minor,,West,"Automobile, Station Wagon",Going Ahead,Driving Properly,Normal,,,,,,,,,Yes,,Yes,,,Yes,,,,,,2,Mount Olive-Silverstone-Jamestown,2,Mount Olive-Silverstone-Jamestown (2),D23,613512.9706,4846130.754
18229,81688494,2002431114,13/12/2022,2022,910,STEELES AVE W,KIPLING AVE,,Major Arterial,Etobicoke York,43.759535,-79.589862,At Intersection,Traffic Signal,Clear,Daylight,Dry,Fatal,Turning Movement,Passenger,0 to 4,Minor,,,,,,,,,,,,,,,Yes,,Yes,,,Yes,,,,,,2,Mount Olive-Silverstone-Jamestown,2,Mount Olive-Silverstone-Jamestown (2),D23,613512.9706,4846130.754
18230,81688495,2002431114,13/12/2022,2022,910,STEELES AVE W,KIPLING AVE,,Major Arterial,Etobicoke York,43.759535,-79.589862,At Intersection,Traffic Signal,Clear,Daylight,Dry,Fatal,Turning Movement,Truck Driver,60 to 64,None,,East,Truck-Tractor,Going Ahead,Driving Properly,Normal,,,,,,,,,Yes,,Yes,,,Yes,,,,,,2,Mount Olive-Silverstone-Jamestown,2,Mount Olive-Silverstone-Jamestown (2),D23,613512.9706,4846130.754
18231,81703813,2002436647,13/12/2022,2022,2301,AVENUE RD,LONSDALE RD,,Major Arterial,Toronto and East York,43.690657,-79.403026,At Intersection,Traffic Signal,Clear,"Dark, artificial",Dry,Non-Fatal Injury,Turning Movement,Driver,35 to 39,Major,,North,"Automobile, Station Wagon",Going Ahead,Lost control,Unknown,,,,,,,,,Yes,,,,,,Yes,Yes,,,,97,Yonge-St.Clair,97,Yonge-St.Clair (97),D53,628700.3939,4838753.896
18232,81703814,2002436647,13/12/2022,2022,2301,AVENUE RD,LONSDALE RD,,Major Arterial,Toronto and East York,43.690657,-79.403026,At Intersection,Traffic Signal,Clear,"Dark, artificial",Dry,Non-Fatal Injury,Turning Movement,Driver,40 to 44,Minor,,West,"Automobile, Station Wagon",Turning Left,Driving Properly,Unknown,,,,,,,,,Yes,,,,,,Yes,Yes,,,,97,Yonge-St.Clair,97,Yonge-St.Clair (97),D53,628700.3939,4838753.896
18233,81688808,2002447253,15/12/2022,2022,1134,MAITLAND PL,HOMEWOOD AVE,,Collector,Toronto and East York,43.665648,-79.375507,At Intersection,No Control,Freezing Rain,Daylight,Wet,Non-Fatal Injury,Pedestrian Collisions,Driver,60 to 64,Major,,North,"Automobile, Station Wagon",Turning Left,Improper Turn,Inattentive,,,,,,,Yes,,Yes,,,,,,Yes,Yes,,,,71,Cabbagetown-South St.James Town,71,Cabbagetown-South St.James Town (71),D51,630972.5787,4836019.385
18234,81688809,2002447253,15/12/2022,2022,1134,MAITLAND PL,HOMEWOOD AVE,,Collector,Toronto and East York,43.665648,-79.375507,At Intersection,No Control,Freezing Rain,Daylight,Wet,Non-Fatal Injury,Pedestrian Collisions,Pedestrian,unknown,Minor,,Unknown,,,,,Vehicle turns left while ped crosses with ROW at inter.,Other,Other,,,,Yes,,Yes,,,,,,Yes,Yes,,,,71,Cabbagetown-South St.James Town,71,Cabbagetown-South St.James Town (71),D51,630972.5787,4836019.385
18235,81705055,2002449618,15/12/2022,2022,1720,SHAW ST,KING ST W,,Major Arterial,Toronto and East York,43.641364,-79.414981,At Intersection,Traffic Signal,Freezing Rain,"Dark, artificial",Slush,Non-Fatal Injury,Pedestrian Collisions,Driver,25 to 29,None,,South,"Automobile, Station Wagon",Turning Right,Failed to Yield Right of Way,Inattentive,,,,,,,Yes,,Yes,,,,,,,Yes,,,,162,West Queen West,82,Niagara (82),D14,627841.5246,4833260.767
18236,81705056,2002449618,15/12/2022,2022,1720,SHAW ST,KING ST W,,Major Arterial,Toronto and East York,43.641364,-79.414981,At Intersection,Traffic Signal,Freezing Rain,"Dark, artificial",Slush,Non-Fatal Injury,Pedestrian Collisions,Pedestrian,65 to 69,Major,,Unknown,,,,,Vehicle turns right while ped crosses with ROW at inter.,Crossing with right of way,Normal,,,,Yes,,Yes,,,,,,,Yes,,,,162,West Queen West,82,Niagara (82),D14,627841.5246,4833260.767
18237,81704238,2002450489,15/12/2022,2022,1925,936 DIXON RD,,150 m West o,Major Arterial,Etobicoke York,43.686591,-79.597255,Non Intersection,No Control,Snow,Dark,Loose Snow,Non-Fatal Injury,Pedestrian Collisions,Driver,50 to 54,None,,West,"Automobile, Station Wagon",Going Ahead,Driving Properly,Normal,,,,,,,Yes,,Yes,,,,,,,,,,,1,West Humber-Clairville,1,West Humber-Clairville (1),D23,613054.9641,4838019.202
18238,81704239,2002450489,15/12/2022,2022,1925,936 DIXON RD,,150 m West o,Major Arterial,Etobicoke York,43.686591,-79.597255,Non Intersection,No Control,Snow,Dark,Loose Snow,Non-Fatal Injury,Pedestrian Collisions,Pedestrian,25 to 29,Major,,North,,,,,Pedestrian hit at mid-block,"Crossing, no Traffic Control",Inattentive,,,,Yes,,Yes,,,,,,,,,,,1,West Humber-Clairville,1,West Humber-Clairville (1),D23,613054.9641,4838019.202
18239,81704240,2002450489,15/12/2022,2022,1925,936 DIXON RD,,150 m West o,Major Arterial,Etobicoke York,43.686591,-79.597255,Non Intersection,No Control,Snow,Dark,Loose Snow,Non-Fatal Injury,Pedestrian Collisions,Pedestrian,40 to 44,Minor,,North,,,,,Pedestrian hit at mid-block,"Crossing, no Traffic Control",Inattentive,,,,Yes,,Yes,,,,,,,,,,,1,West Humber-Clairville,1,West Humber-Clairville (1),D23,613054.9641,4838019.202
18240,81703587,2002473250,18/12/2022,2022,2228,LAKE SHORE BLVD E,LOWER JARVIS ST,1 m West of,Major Arterial,Toronto and East York,43.645507,-79.369792,At Intersection,Traffic Signal,Clear,"Dark, artificial",Dry,Non-Fatal Injury,Cyclist Collisions,Cyclist,40 to 44,Major,,South,Bicycle,Going Ahead,,,,,,"Cyclist without ROW rides into path of motorist at inter, lnwy, dwy-Cyclist not turn.",Disobeyed Traffic Control,Inattentive,,Yes,Yes,,,,,Yes,,,,,,166,St Lawrence-East Bayfront-The Islands,77,Waterfront Communities-The Island (77),D51,631477.296,4833791.498
18241,81703588,2002473250,18/12/2022,2022,2228,LAKE SHORE BLVD E,LOWER JARVIS ST,1 m West of,Major Arterial,Toronto and East York,43.645507,-79.369792,At Intersection,Traffic Signal,Clear,"Dark, artificial",Dry,Non-Fatal Injury,Cyclist Collisions,Driver,25 to 29,None,,East,"Automobile, Station Wagon",Going Ahead,Driving Properly,Normal,,,,,,,,Yes,Yes,,,,,Yes,,,,,,166,St Lawrence-East Bayfront-The Islands,77,Waterfront Communities-The Island (77),D51,631477.296,4833791.498
18242,81703589,2002473250,18/12/2022,2022,2228,LAKE SHORE BLVD E,LOWER JARVIS ST,1 m West of,Major Arterial,Toronto and East York,43.645507,-79.369792,At Intersection,Traffic Signal,Clear,"Dark, artificial",Dry,Non-Fatal Injury,Cyclist Collisions,Passenger,25 to 29,None,,,,,,,,,,,,,,Yes,Yes,,,,,Yes,,,,,,166,St Lawrence-East Bayfront-The Islands,77,Waterfront Communities-The Island (77),D51,631477.296,4833791.498
18243,81703590,2002473250,18/12/2022,2022,2228,LAKE SHORE BLVD E,LOWER JARVIS ST,1 m West of,Major Arterial,Toronto and East York,43.645507,-79.369792,At Intersection,Traffic Signal,Clear,"Dark, artificial",Dry,Non-Fatal Injury,Cyclist Collisions,Passenger,20 to 24,None,,,,,,,,,,,,,,Yes,Yes,,,,,Yes,,,,,,166,St Lawrence-East Bayfront-The Islands,77,Waterfront Communities-The Island (77),D51,631477.296,4833791.498
18244,81707389,2002476311,19/12/2022,2022,1047,MORNINGSIDE AVE,PAN AM DR,,,,43.792052,-79.195514,At Intersection,Traffic Signal,Clear,Daylight,Dry,Non-Fatal Injury,Turning Movement,Driver,85 to 89,Major,,North,"Automobile, Station Wagon",Going Ahead,Disobeyed Traffic Control,Medical or Physical Disability,,,,,,,,,Yes,,,,,Yes,,Yes,Yes,,Yes,134,Highland Creek,134,Highland Creek (134),D43,645178.7246,4850358.362
18245,81707390,2002476311,19/12/2022,2022,1047,MORNINGSIDE AVE,PAN AM DR,,,,43.792052,-79.195514,At Intersection,Traffic Signal,Clear,Daylight,Dry,Non-Fatal Injury,Turning Movement,Driver,65 to 69,None,,East,"Automobile, Station Wagon",Turning Left,Driving Properly,Normal,,,,,,,,,Yes,,,,,Yes,,Yes,Yes,,Yes,134,Highland Creek,134,Highland Creek (134),D43,645178.7246,4850358.362
18246,81707391,2002476311,19/12/2022,2022,1047,MORNINGSIDE AVE,PAN AM DR,,,,43.792052,-79.195514,At Intersection,Traffic Signal,Clear,Daylight,Dry,Non-Fatal Injury,Turning Movement,Passenger,0 to 4,None,,,,,,,,,,,,,,,Yes,,,,,Yes,,Yes,Yes,,Yes,134,Highland Creek,134,Highland Creek (134),D43,645178.7246,4850358.362
18247,81703750,2002484301,20/12/2022,2022,1150,CARLINGVIEW DR,DIXON RD,45 m South o,Major Arterial,Etobicoke York,43.686248,-79.595363,Non Intersection,No Control,Clear,Daylight,Dry,Non-Fatal Injury,Sideswipe,Driver,20 to 24,Minor,,South,"Automobile, Station Wagon",Changing Lanes,Improper Passing,Inattentive,,,,,,,,,Yes,,,,,Yes,,Yes,,,,1,West Humber-Clairville,1,West Humber-Clairville (1),D23,613208.097,4837983.688
18248,81703751,2002484301,20/12/2022,2022,1150,CARLINGVIEW DR,DIXON RD,45 m South o,Major Arterial,Etobicoke York,43.686248,-79.595363,Non Intersection,No Control,Clear,Daylight,Dry,Non-Fatal Injury,Sideswipe,Driver,20 to 24,Minor,,South,"Automobile, Station Wagon",Going Ahead,Driving Properly,Normal,,,,,,,,,Yes,,,,,Yes,,Yes,,,,1,West Humber-Clairville,1,West Humber-Clairville (1),D23,613208.097,4837983.688
18249,81703752,2002484301,20/12/2022,2022,1150,CARLINGVIEW DR,DIXON RD,45 m South o,Major Arterial,Etobicoke York,43.686248,-79.595363,Non Intersection,No Control,Clear,Daylight,Dry,Non-Fatal Injury,Sideswipe,Driver,65 to 69,Minor,,South,"Automobile, Station Wagon",Going Ahead,Driving Properly,Normal,,,,,,,,,Yes,,,,,Yes,,Yes,,,,1,West Humber-Clairville,1,West Humber-Clairville (1),D23,613208.097,4837983.688
18250,81703753,2002484301,20/12/2022,2022,1150,CARLINGVIEW DR,DIXON RD,45 m South o,Major Arterial,Etobicoke York,43.686248,-79.595363,Non Intersection,No Control,Clear,Daylight,Dry,Non-Fatal Injury,Sideswipe,Passenger,20 to 24,Major,,,,,,,,,,,,,,,Yes,,,,,Yes,,Yes,,,,1,West Humber-Clairville,1,West Humber-Clairville (1),D23,613208.097,4837983.688
18251,81704144,2002494669,21/12/2022,2022,1750,GLOUCESTER GRV,WINNETT AVE,,Local,,43.696864,-79.436534,At Intersection,Stop Sign,Clear,Dark,Wet,Non-Fatal Injury,Pedestrian Collisions,Driver,35 to 39,None,,North,Pick Up Truck,Turning Left,Failed to Yield Right of Way,Normal,,,,,,,Yes,,Yes,,,,,,,Yes,,,,106,Humewood-Cedarvale,106,Humewood-Cedarvale (106),D13,625986.9549,4839391.809
18252,81704145,2002494669,21/12/2022,2022,1750,GLOUCESTER GRV,WINNETT AVE,,Local,,43.696864,-79.436534,At Intersection,Stop Sign,Clear,Dark,Wet,Non-Fatal Injury,Pedestrian Collisions,Pedestrian,30 to 34,Major,,North,,,,,Vehicle turns left while ped crosses with ROW at inter.,Crossing with right of way,Normal,,,,Yes,,Yes,,,,,,,Yes,,,,106,Humewood-Cedarvale,106,Humewood-Cedarvale (106),D13,625986.9549,4839391.809
18253,81704146,2002494669,21/12/2022,2022,1750,GLOUCESTER GRV,WINNETT AVE,,Local,,43.696864,-79.436534,At Intersection,Stop Sign,Clear,Dark,Wet,Non-Fatal Injury,Pedestrian Collisions,Pedestrian,5 to 9,Minimal,,North,,,,,Vehicle turns left while ped crosses with ROW at inter.,Crossing with right of way,Normal,,,,Yes,,Yes,,,,,,,Yes,,,,106,Humewood-Cedarvale,106,Humewood-Cedarvale (106),D13,625986.9549,4839391.809
18254,81704147,2002494669,21/12/2022,2022,1750,GLOUCESTER GRV,WINNETT AVE,,Local,,43.696864,-79.436534,At Intersection,Stop Sign,Clear,Dark,Wet,Non-Fatal Injury,Pedestrian Collisions,Pedestrian,0 to 4,Minor,,North,,,,,Vehicle turns left while ped crosses with ROW at inter.,Crossing with right of way,Normal,,,,Yes,,Yes,,,,,,,Yes,,,,106,Humewood-Cedarvale,106,Humewood-Cedarvale (106),D13,625986.9549,4839391.809
18255,81704148,2002494669,21/12/2022,2022,1750,GLOUCESTER GRV,WINNETT AVE,,Local,,43.696864,-79.436534,At Intersection,Stop Sign,Clear,Dark,Wet,Non-Fatal Injury,Pedestrian Collisions,Pedestrian,0 to 4,Minimal,,North,,,,,Vehicle turns left while ped crosses with ROW at inter.,Crossing with right of way,Normal,,,,Yes,,Yes,,,,,,,Yes,,,,106,Humewood-Cedarvale,106,Humewood-Cedarvale (106),D13,625986.9549,4839391.809
18256,81707651,2002522465,26/12/2022,2022,112,WESTON ROAD,BIRDSTONE CRESCENT,128 m South ,Major Shoreline,,43.673403,-79.468425,Non Intersection,No Control,Clear,"Dark, artificial",Wet,Non-Fatal Injury,SMV Other,Driver,15 to 19,Minor,,North,"Automobile, Station Wagon",Going Ahead,Lost control,Inattentive,,,,,,,,,Yes,,,,,Yes,,Yes,,,,90,Junction Area,90,Junction Area (90),D12,623465.2164,4836738.185
18257,81707652,2002522465,26/12/2022,2022,112,WESTON ROAD,BIRDSTONE CRESCENT,128 m South ,Major Shoreline,,43.673403,-79.468425,Non Intersection,No Control,Clear,"Dark, artificial",Wet,Non-Fatal Injury,SMV Other,Passenger,20 to 24,Minor,,,,,,,,,,,,,,,Yes,,,,,Yes,,Yes,,,,90,Junction Area,90,Junction Area (90),D12,623465.2164,4836738.185
18258,81707653,2002522465,26/12/2022,2022,112,WESTON ROAD,BIRDSTONE CRESCENT,128 m South ,Major Shoreline,,43.673403,-79.468425,Non Intersection,No Control,Clear,"Dark, artificial",Wet,Non-Fatal Injury,SMV Other,Passenger,20 to 24,Minor,,,,,,,,,,,,,,,Yes,,,,,Yes,,Yes,,,,90,Junction Area,90,Junction Area (90),D12,623465.2164,4836738.185
18259,81707654,2002522465,26/12/2022,2022,112,WESTON ROAD,BIRDSTONE CRESCENT,128 m South ,Major Shoreline,,43.673403,-79.468425,Non Intersection,No Control,Clear,"Dark, artificial",Wet,Non-Fatal Injury,SMV Other,Passenger,20 to 24,Minor,,,,,,,,,,,,,,,Yes,,,,,Yes,,Yes,,,,90,Junction Area,90,Junction Area (90),D12,623465.2164,4836738.185