OBJECTID,INDEX,ACCNUM,DATE,ACCIDENT_YEAR,TIME,STREET1,STREET2,OFFSET,ROAD_CLASS,DISTRICT,LATITUDE,LONGITUDE,ACCLOC,TRAFFCTL,VISIBILITY,LIGHT,RDSFCOND,ACCLASS,IMPACTYPE,INVTYPE,INVAGE,INJURY,FATAL_NO,INITDIR,VEHTYPE,MANOEUVER,DRIVACT,DRIVCOND,PEDTYPE,PEDACT,PEDCOND,CYCLISTYPE,CYCACT,CYCCOND,PEDESTRIAN,CYCLIST,AUTOMOBILE,MOTORCYCLE,TRUCK,TRSN_CITY_VEH,EMERG_VEH,PASSENGER,SPEEDING,AG_DRIV,REDLIGHT,ALCOHOL,DISABILITY,HOOD_158,NEIGHBOURHOOD_158,HOOD_140,NEIGHBOURHOOD_140,DIVISION,x,y
18260,81707655,2002522465,26/12/2022,2022,112,WESTON ROAD,BIRDSTONE CRESCENT,128 m South ,Major Shoreline,,43.673403,-79.468425,Non Intersection,No Control,Clear,"Dark, artificial",Wet,Non-Fatal Injury,SMV Other,Passenger,15 to 19,Major,,,,,,,,,,,,,,,Yes,,,,,Yes,,Yes,,,,90,Junction Area,90,Junction Area (90),D12,623465.2164,4836738.185
18261,81703961,2002556621,30/12/2022,2022,2234,BLOOR ST W,MONTROSE AVE,76 m West of,Major Arterial,Toronto and East York,43.662856,-79.421268,Non Intersection,No Control,Rain,"Dark, artificial",Wet,Non-Fatal Injury,Pedestrian Collisions,Driver,35 to 39,None,,East,"Automobile, Station Wagon",Going Ahead,Driving Properly,Normal,,,,,,,Yes,,Yes,,,,,,,,,,,80,Palmerston-Little Italy,80,Palmerston-Little Italy (80),D14,627289.0228,4835638.07
18262,81703962,2002556621,30/12/2022,2022,2234,BLOOR ST W,MONTROSE AVE,76 m West of,Major Arterial,Toronto and East York,43.662856,-79.421268,Non Intersection,No Control,Rain,"Dark, artificial",Wet,Non-Fatal Injury,Pedestrian Collisions,Pedestrian,40 to 44,Major,,South,,,,,Pedestrian hit at mid-block,"Crossing, no Traffic Control",Inattentive,,,,Yes,,Yes,,,,,,,,,,,80,Palmerston-Little Italy,80,Palmerston-Little Italy (80),D14,627289.0228,4835638.07
18263,81705133,3000013825,02/01/2023,2023,2334,BATHURST ST,HADDINGTON AVE,,Major Arterial,North York,43.732089,-79.432658,At Intersection,Stop Sign,Clear,"Dark, artificial",Wet,Non-Fatal Injury,Turning Movement,Driver,35 to 39,Minimal,,West,"Automobile, Station Wagon",Making U Turn,Improper Turn,Inattentive,,,,,,,,,Yes,,,Yes,,Yes,,Yes,,,,39,Bedford Park-Nortown,39,Bedford Park-Nortown (39),D32,626225.3166,4843309.94
18264,81705134,3000013825,02/01/2023,2023,2334,BATHURST ST,HADDINGTON AVE,,Major Arterial,North York,43.732089,-79.432658,At Intersection,Stop Sign,Clear,"Dark, artificial",Wet,Non-Fatal Injury,Turning Movement,Driver,25 to 29,Major,,North,Municipal Transit Bus (TTC),Going Ahead,Driving Properly,Normal,,,,,,,,,Yes,,,Yes,,Yes,,Yes,,,,39,Bedford Park-Nortown,39,Bedford Park-Nortown (39),D32,626225.3166,4843309.94
18265,81705135,3000013825,02/01/2023,2023,2334,BATHURST ST,HADDINGTON AVE,,Major Arterial,North York,43.732089,-79.432658,At Intersection,Stop Sign,Clear,"Dark, artificial",Wet,Non-Fatal Injury,Turning Movement,Passenger,10 to 14,Major,,,,,,,,,,,,,,,Yes,,,Yes,,Yes,,Yes,,,,39,Bedford Park-Nortown,39,Bedford Park-Nortown (39),D32,626225.3166,4843309.94
18266,81689752,3000027148,04/01/2023,2023,1710,LAKE SHORE BLVD W,SECOND ST,,Major Arterial,Etobicoke York,43.601916,-79.499606,At Intersection,No Control,Rain,Dark,Wet,Fatal,Pedestrian Collisions,Driver,60 to 64,None,,West,Pick Up Truck,Turning Right,Failed to Yield Right of Way,Unknown,,,,,,,Yes,,Yes,,,,,,,Yes,,,,18,New Toronto,18,New Toronto (18),D22,621095.1047,4828752.716
18267,81689753,3000027148,04/01/2023,2023,1710,LAKE SHORE BLVD W,SECOND ST,,Major Arterial,Etobicoke York,43.601916,-79.499606,At Intersection,No Control,Rain,Dark,Wet,Fatal,Pedestrian Collisions,Pedestrian,55 to 59,Fatal,1,West,,,,,Vehicle turns right while ped crosses with ROW at inter.,Crossing with right of way,Normal,,,,Yes,,Yes,,,,,,,Yes,,,,18,New Toronto,18,New Toronto (18),D22,621095.1047,4828752.716
18268,81704156,3000027334,04/01/2023,2023,1730,MARKHAM RD,FINCH AVE E,5 m North of,Major Arterial,Scarborough,43.812941,-79.242976,At Intersection,Traffic Signal,Rain,"Dark, artificial",Wet,Non-Fatal Injury,Pedestrian Collisions,Driver,75 to 79,None,,North,"Automobile, Station Wagon",Turning Left,Failed to Yield Right of Way,Inattentive,,,,,,,Yes,,Yes,,,,,,,Yes,,,,145,Malvern West,132,Malvern (132),D42,641310.8944,4852596.264
18269,81704157,3000027334,04/01/2023,2023,1730,MARKHAM RD,FINCH AVE E,5 m North of,Major Arterial,Scarborough,43.812941,-79.242976,At Intersection,Traffic Signal,Rain,"Dark, artificial",Wet,Non-Fatal Injury,Pedestrian Collisions,Pedestrian,20 to 24,Major,,East,"Automobile, Station Wagon",Unknown,,,Vehicle turns left while ped crosses with ROW at inter.,Crossing with right of way,Normal,,,,Yes,,Yes,,,,,,,Yes,,,,145,Malvern West,132,Malvern (132),D42,641310.8944,4852596.264
18270,81753316,3000027415,04/01/2023,2023,1740,DON MILLS RD,WYNFORD DR,,Major Arterial,North York,43.723014,-79.339534,Intersection Related,Traffic Signal,Rain,Dark,Wet,Non-Fatal Injury,Pedestrian Collisions,Driver,75 to 79,None,,South,"Automobile, Station Wagon",Turning Left,,Unknown,,,,,,,Yes,,Yes,,,,,,,,,,,42,Banbury-Don Mills,42,Banbury-Don Mills (42),D33,633745.2959,4842448.104
18271,81753317,3000027415,04/01/2023,2023,1740,DON MILLS RD,WYNFORD DR,,Major Arterial,North York,43.723014,-79.339534,Intersection Related,Traffic Signal,Rain,Dark,Wet,Non-Fatal Injury,Pedestrian Collisions,Pedestrian,50 to 54,Major,,,,,,,Vehicle turns left while ped crosses with ROW at inter.,Crossing with right of way,Normal,,,,Yes,,Yes,,,,,,,,,,,42,Banbury-Don Mills,42,Banbury-Don Mills (42),D33,633745.2959,4842448.104
18272,81705222,3000037155,05/01/2023,2023,2224,488 QUEEN ST W,DENISON AVE,,Major Arterial,Toronto and East York,43.64778,-79.400768,Non Intersection,No Control,Rain,"Dark, artificial",Wet,Non-Fatal Injury,Pedestrian Collisions,Driver,20 to 24,None,,East,"Automobile, Station Wagon",Going Ahead,Driving Properly,Normal,,,,,,,Yes,,Yes,,,,,,,,,,,164,Wellington Place,77,Waterfront Communities-The Island (77),D14,628974.1713,4833995.338
18273,81705223,3000037155,05/01/2023,2023,2224,488 QUEEN ST W,DENISON AVE,,Major Arterial,Toronto and East York,43.64778,-79.400768,Non Intersection,No Control,Rain,"Dark, artificial",Wet,Non-Fatal Injury,Pedestrian Collisions,Pedestrian,55 to 59,Major,,North,"Automobile, Station Wagon",Unknown,,,Pedestrian hit at mid-block,"Crossing, no Traffic Control",Inattentive,,,,Yes,,Yes,,,,,,,,,,,164,Wellington Place,77,Waterfront Communities-The Island (77),D14,628974.1713,4833995.338
18274,81702436,3000042197,06/01/2023,2023,1518,YONGE ST,HILLSDALE AVE E,,Major Arterial,North York,43.703326,-79.397647,Intersection Related,No Control,Clear,Daylight,Dry,Fatal,Pedestrian Collisions,Truck Driver,25 to 29,None,,North,Truck - Open,Pulling Away from Shoulder or Curb,Other,Inattentive,,,,,,,Yes,,,,Yes,,,,,,,,,174,South Eglinton-Davisville,104,Mount Pleasant West (104),D53,629106.7005,4840169.327
18275,81702437,3000042197,06/01/2023,2023,1518,YONGE ST,HILLSDALE AVE E,,Major Arterial,North York,43.703326,-79.397647,Intersection Related,No Control,Clear,Daylight,Dry,Fatal,Pedestrian Collisions,Pedestrian,70 to 74,Fatal,3,Unknown,,,,,Other / Undefined,On Sidewalk or Shoulder,Normal,,,,Yes,,,,Yes,,,,,,,,,174,South Eglinton-Davisville,104,Mount Pleasant West (104),D53,629106.7005,4840169.327
18276,81705032,3000059883,09/01/2023,2023,104,QUEEN ST E,BOND ST,13 M EAST OF,Major Arterial,Toronto and East York,43.652865,-79.376819,Non Intersection,No Control,Clear,"Dark, artificial",Dry,Non-Fatal Injury,Approaching,Truck Driver,35 to 39,Major,,East,"Truck - Closed (Blazer, etc)",Going Ahead,Failed to Yield Right of Way,"Ability Impaired, Alcohol",,,,,,,,,,,Yes,Yes,,Yes,,Yes,,Yes,,168,Downtown Yonge East,75,Church-Yonge Corridor (75),D51,630894.5738,4834597.592
18277,81705033,3000059883,09/01/2023,2023,104,QUEEN ST E,BOND ST,13 M EAST OF,Major Arterial,Toronto and East York,43.652865,-79.376819,Non Intersection,No Control,Clear,"Dark, artificial",Dry,Non-Fatal Injury,Approaching,Driver,45 to 49,None,,West,Street Car,Going Ahead,Driving Properly,Normal,,,,,,,,,,,Yes,Yes,,Yes,,Yes,,Yes,,168,Downtown Yonge East,75,Church-Yonge Corridor (75),D51,630894.5738,4834597.592
18278,81705034,3000059883,09/01/2023,2023,104,QUEEN ST E,BOND ST,13 M EAST OF,Major Arterial,Toronto and East York,43.652865,-79.376819,Non Intersection,No Control,Clear,"Dark, artificial",Dry,Non-Fatal Injury,Approaching,Passenger,20 to 24,Minor,,,"Truck - Closed (Blazer, etc)",,,,,,,,,,,,,,Yes,Yes,,Yes,,Yes,,Yes,,168,Downtown Yonge East,75,Church-Yonge Corridor (75),D51,630894.5738,4834597.592
18279,81705126,3000066042,09/01/2023,2023,1830,4138 LAWRENCE AVE E,,10 m West of,Major Arterial,Scarborough,43.76697,-79.192462,Non Intersection,No Control,Rain,Dark,Wet,Non-Fatal Injury,Pedestrian Collisions,Driver,65 to 69,None,,East,"Automobile, Station Wagon",Going Ahead,Driving Properly,Normal,,,,,,,Yes,,Yes,,,,,,,,,,,136,West Hill,136,West Hill (136),D43,645485.0998,4847577.965
18280,81705127,3000066042,09/01/2023,2023,1830,4138 LAWRENCE AVE E,,10 m West of,Major Arterial,Scarborough,43.76697,-79.192462,Non Intersection,No Control,Rain,Dark,Wet,Non-Fatal Injury,Pedestrian Collisions,Driver,65 to 69,None,,West,"Automobile, Station Wagon",Going Ahead,Driving Properly,Normal,,,,,,,Yes,,Yes,,,,,,,,,,,136,West Hill,136,West Hill (136),D43,645485.0998,4847577.965
18281,81705128,3000066042,09/01/2023,2023,1830,4138 LAWRENCE AVE E,,10 m West of,Major Arterial,Scarborough,43.76697,-79.192462,Non Intersection,No Control,Rain,Dark,Wet,Non-Fatal Injury,Pedestrian Collisions,Pedestrian,70 to 74,Major,,North,"Automobile, Station Wagon",Unknown,,,Pedestrian hit at mid-block,Crossing without right of way,Normal,,,,Yes,,Yes,,,,,,,,,,,136,West Hill,136,West Hill (136),D43,645485.0998,4847577.965
18282,81689754,3000066794,09/01/2023,2023,2037,JANE ST,WILSON AVE,,Major Arterial,North York,43.721511,-79.508746,Non Intersection,No Control,Rain,"Dark, artificial",Wet,Fatal,Pedestrian Collisions,Driver,55 to 59,None,2,South,Pick Up Truck,Going Ahead,Driving Properly,Normal,,,,,,,Yes,,Yes,,,,,,,,,,,154,Oakdale-Beverley Heights,26,Downsview-Roding-CFB (26),D31,620118.6876,4842022.011
18283,81689755,3000066794,09/01/2023,2023,2037,JANE ST,WILSON AVE,,Major Arterial,North York,43.721511,-79.508746,Non Intersection,No Control,Rain,"Dark, artificial",Wet,Fatal,Pedestrian Collisions,Pedestrian,60 to 64,Fatal,,West,,,,,Pedestrian hit at mid-block,"Crossing, no Traffic Control",Had Been Drinking,,,,Yes,,Yes,,,,,,,,,,,154,Oakdale-Beverley Heights,26,Downsview-Roding-CFB (26),D31,620118.6876,4842022.011
18284,81805242,3000103787,14/01/2023,2023,1250,CELESTINE DR,51,5 m North of,,,43.689574,-79.560512,Non Intersection,No Control,Clear,Daylight,Dry,Non-Fatal Injury,SMV Other,Driver,75 to 79,Major,,North,"Automobile, Station Wagon",Going Ahead,Other,Medical or Physical Disability,,,,,,,,,Yes,,,,,Yes,,,,,Yes,7,Willowridge-Martingrove-Richview,7,Willowridge-Martingrove-Richview (7),D23,616010.556,4838401.247
18285,81805243,3000103787,14/01/2023,2023,1250,CELESTINE DR,51,5 m North of,,,43.689574,-79.560512,Non Intersection,No Control,Clear,Daylight,Dry,Non-Fatal Injury,SMV Other,Passenger,75 to 79,Minimal,,,,,,,,,,,,,,,Yes,,,,,Yes,,,,,Yes,7,Willowridge-Martingrove-Richview,7,Willowridge-Martingrove-Richview (7),D23,616010.556,4838401.247
18286,81704448,3000104809,14/01/2023,2023,1518,MCCOWAN RD,BELLECHASSE ST,26 m North o,Major Arterial,Scarborough,43.761367,-79.247363,Non Intersection,No Control,Clear,Daylight,Dry,Non-Fatal Injury,Pedestrian Collisions,Driver,35 to 39,None,,North,"Automobile, Station Wagon",Going Ahead,Lost control,Inattentive,,,,,,,Yes,,Yes,,,,,,,,,,,142,Woburn North,137,Woburn (137),D43,641079.3465,4846860.668
18287,81704449,3000104809,14/01/2023,2023,1518,MCCOWAN RD,BELLECHASSE ST,26 m North o,Major Arterial,Scarborough,43.761367,-79.247363,Non Intersection,No Control,Clear,Daylight,Dry,Non-Fatal Injury,Pedestrian Collisions,Pedestrian,25 to 29,Major,,Unknown,"Automobile, Station Wagon",Unknown,,,Pedestrian hit on sidewalk or shoulder,On Sidewalk or Shoulder,Normal,,,,Yes,,Yes,,,,,,,,,,,142,Woburn North,137,Woburn (137),D43,641079.3465,4846860.668
18288,81704450,3000104809,14/01/2023,2023,1518,MCCOWAN RD,BELLECHASSE ST,26 m North o,Major Arterial,Scarborough,43.761367,-79.247363,Non Intersection,No Control,Clear,Daylight,Dry,Non-Fatal Injury,Pedestrian Collisions,Pedestrian,25 to 29,Minimal,,Unknown,"Automobile, Station Wagon",Unknown,,,Pedestrian hit on sidewalk or shoulder,On Sidewalk or Shoulder,Normal,,,,Yes,,Yes,,,,,,,,,,,142,Woburn North,137,Woburn (137),D43,641079.3465,4846860.668
18289,81704790,3000112044,15/01/2023,2023,1455,PHARMACY AV,KNIGHTSBRIDGE RD,,Minor Arterial,Scarborough,43.716071,-79.293628,At Intersection,Traffic Signal,Clear,Daylight,Dry,Non-Fatal Injury,Pedestrian Collisions,Driver,65 to 69,None,,West,"Automobile, Station Wagon",Turning Left,Failed to Yield Right of Way,Normal,,,,,,,Yes,,Yes,,,,,Yes,,Yes,,,,120,Clairlea-Birchmount,120,Clairlea-Birchmount (120),D41,637458.7975,4841752.094
18290,81704791,3000112044,15/01/2023,2023,1455,PHARMACY AV,KNIGHTSBRIDGE RD,,Minor Arterial,Scarborough,43.716071,-79.293628,At Intersection,Traffic Signal,Clear,Daylight,Dry,Non-Fatal Injury,Pedestrian Collisions,Passenger,65 to 69,None,,,,,,,,,,,,,Yes,,Yes,,,,,Yes,,Yes,,,,120,Clairlea-Birchmount,120,Clairlea-Birchmount (120),D41,637458.7975,4841752.094
18291,81704792,3000112044,15/01/2023,2023,1455,PHARMACY AV,KNIGHTSBRIDGE RD,,Minor Arterial,Scarborough,43.716071,-79.293628,At Intersection,Traffic Signal,Clear,Daylight,Dry,Non-Fatal Injury,Pedestrian Collisions,Pedestrian,65 to 69,Major,,South,"Automobile, Station Wagon",Unknown,,,Vehicle turns left while ped crosses with ROW at inter.,Crossing with right of way,Normal,,,,Yes,,Yes,,,,,Yes,,Yes,,,,120,Clairlea-Birchmount,120,Clairlea-Birchmount (120),D41,637458.7975,4841752.094
18292,81804683,3000138276,18/01/2023,2023,1741,RENFORTH DR,EGLINTON AVE W,,,,43.666106,-79.587642,Intersection Related,Traffic Signal,Clear,"Dark, artificial",Dry,Non-Fatal Injury,Pedestrian Collisions,Driver,85 to 89,None,,South,"Automobile, Station Wagon",Going Ahead,Failed to Yield Right of Way,Normal,,,,,,,Yes,,Yes,,,,,,,Yes,,,,11,Eringate-Centennial-West Deane,11,Eringate-Centennial-West Deane (11),D22,613868.4717,4835757.224
18293,81804684,3000138276,18/01/2023,2023,1741,RENFORTH DR,EGLINTON AVE W,,,,43.666106,-79.587642,Intersection Related,Traffic Signal,Clear,"Dark, artificial",Dry,Non-Fatal Injury,Pedestrian Collisions,Pedestrian,25 to 29,Major,,,,,,,,,Normal,,,,Yes,,Yes,,,,,,,Yes,,,,11,Eringate-Centennial-West Deane,11,Eringate-Centennial-West Deane (11),D22,613868.4717,4835757.224
18294,81705263,3000165513,22/01/2023,2023,108,DUFFERIN ST,AUBURN AV,100 m South ,Major Arterial,Scarborough,43.67504,-79.441814,Non Intersection,No Control,Clear,"Dark, artificial",Dry,Non-Fatal Injury,Rear End,Driver,25 to 29,Major,,North,"Automobile, Station Wagon",Overtaking,Improper Passing,Other,,,,,,,,,Yes,,,,,Yes,,Yes,,,,92,Corso Italia-Davenport,92,Corso Italia-Davenport (92),D13,625607.0199,4836959.948
18295,81705264,3000165513,22/01/2023,2023,108,DUFFERIN ST,AUBURN AV,100 m South ,Major Arterial,Scarborough,43.67504,-79.441814,Non Intersection,No Control,Clear,"Dark, artificial",Dry,Non-Fatal Injury,Rear End,Passenger,35 to 39,Major,,,,,,,,,,,,,,,Yes,,,,,Yes,,Yes,,,,92,Corso Italia-Davenport,92,Corso Italia-Davenport (92),D13,625607.0199,4836959.948
18296,81702435,3000188867,24/01/2023,2023,2359,THE WESTWAY,WINCOTT DR,,Minor Arterial,Etobicoke York,43.687297,-79.549693,Non Intersection,No Control,Clear,"Dark, artificial",Dry,Fatal,Pedestrian Collisions,Driver,85 to 89,None,,East,"Automobile, Station Wagon",Going Ahead,Driving Properly,Normal,,,,,,,Yes,,Yes,,,,,Yes,,,,,,7,Willowridge-Martingrove-Richview,7,Willowridge-Martingrove-Richview (7),D23,616886.905,4838163.548
18297,81702438,3000188867,24/01/2023,2023,2359,THE WESTWAY,WINCOTT DR,,Minor Arterial,Etobicoke York,43.687297,-79.549693,Non Intersection,No Control,Clear,"Dark, artificial",Dry,Fatal,Pedestrian Collisions,Pedestrian,55 to 59,Fatal,4,South,,,,,Pedestrian hit at mid-block,"Crossing, no Traffic Control",Inattentive,,,,Yes,,Yes,,,,,Yes,,,,,,7,Willowridge-Martingrove-Richview,7,Willowridge-Martingrove-Richview (7),D23,616886.905,4838163.548
18298,81705552,3000188867,24/01/2023,2023,2359,THE WESTWAY,WINCOTT DR,,Minor Arterial,Etobicoke York,43.687297,-79.549693,Non Intersection,No Control,Clear,"Dark, artificial",Dry,Fatal,Pedestrian Collisions,Passenger,80 to 84,None,,,,,,,,,,,,,Yes,,Yes,,,,,Yes,,,,,,7,Willowridge-Martingrove-Richview,7,Willowridge-Martingrove-Richview (7),D23,616886.905,4838163.548
18299,81705435,3000237551,31/01/2023,2023,810,RENFORTH DR,SILVER DART DR,,Major Arterial,Etobicoke York,43.676428,-79.593204,Intersection Related,Traffic Signal,Clear,Daylight,Dry,Non-Fatal Injury,Angle,Driver,25 to 29,Minimal,,West,"Automobile, Station Wagon",Going Ahead,Disobeyed Traffic Control,Normal,,,,,,,,,Yes,,,,,,,Yes,Yes,,,1,West Humber-Clairville,1,West Humber-Clairville (1),D23,613400.6033,4836895.997
18300,81705436,3000237551,31/01/2023,2023,810,RENFORTH DR,SILVER DART DR,,Major Arterial,Etobicoke York,43.676428,-79.593204,Intersection Related,Traffic Signal,Clear,Daylight,Dry,Non-Fatal Injury,Angle,Driver,70 to 74,Major,,North,Passenger Van,Going Ahead,Driving Properly,Normal,,,,,,,,,Yes,,,,,,,Yes,Yes,,,1,West Humber-Clairville,1,West Humber-Clairville (1),D23,613400.6033,4836895.997
18301,81705826,3000237620,31/01/2023,2023,821,BLOOR ST E,Sherbourne St N,100 m West o,Major Arterial,Toronto and East York,43.672064,-79.377925,Non Intersection,No Control,Clear,Daylight,Dry,Non-Fatal Injury,Cyclist Collisions,Cyclist,40 to 44,Major,,West,Bicycle,Changing Lanes,,,,,,,Speed too Fast For Condition,,,Yes,Yes,,Yes,,,,,Yes,,,,74,North St.James Town,74,North St.James Town (74),D51,630763.6953,4836728.153
18302,81705827,3000237620,31/01/2023,2023,821,BLOOR ST E,Sherbourne St N,100 m West o,Major Arterial,Toronto and East York,43.672064,-79.377925,Non Intersection,No Control,Clear,Daylight,Dry,Non-Fatal Injury,Cyclist Collisions,Driver,55 to 59,None,,West,"Automobile, Station Wagon",Going Ahead,Driving Properly,Normal,,,,,,,,Yes,Yes,,Yes,,,,,Yes,,,,74,North St.James Town,74,North St.James Town (74),D51,630763.6953,4836728.153
18303,81705828,3000237620,31/01/2023,2023,821,BLOOR ST E,Sherbourne St N,100 m West o,Major Arterial,Toronto and East York,43.672064,-79.377925,Non Intersection,No Control,Clear,Daylight,Dry,Non-Fatal Injury,Cyclist Collisions,Truck Driver,unknown,None,,West,Truck - Dump,Stopped,Disobeyed Traffic Control,Unknown,,,,,,,,Yes,Yes,,Yes,,,,,Yes,,,,74,North St.James Town,74,North St.James Town (74),D51,630763.6953,4836728.153
18304,81706142,3000250618,01/02/2023,2023,1736,QUEENS QUAY E,RICHARDSON ST,98 m East of,Minor Arterial,Toronto and East York,43.644271,-79.367778,Intersection Related,No Control,Clear,"Dusk, artificial",Dry,Non-Fatal Injury,Pedestrian Collisions,Driver,unknown,None,,West,"Automobile, Station Wagon",Going Ahead,Speed too Fast For Condition,Unknown,,,,,,,Yes,,Yes,,,,,,Yes,Yes,,,,166,St Lawrence-East Bayfront-The Islands,77,Waterfront Communities-The Island (77),D51,631642.428,4833657.417
18305,81706143,3000250618,01/02/2023,2023,1736,QUEENS QUAY E,RICHARDSON ST,98 m East of,Minor Arterial,Toronto and East York,43.644271,-79.367778,Intersection Related,No Control,Clear,"Dusk, artificial",Dry,Non-Fatal Injury,Pedestrian Collisions,Pedestrian,55 to 59,Major,,North,"Automobile, Station Wagon",,,,Vehicle is going straight thru inter.while ped cross without ROW,Crossing without right of way,Normal,,,,Yes,,Yes,,,,,,Yes,Yes,,,,166,St Lawrence-East Bayfront-The Islands,77,Waterfront Communities-The Island (77),D51,631642.428,4833657.417
18306,81705809,3000268080,03/02/2023,2023,1835,DUBRAY AV,WILSON AV,,Major Arterial,North York,43.728076,-79.47771,Intersection Related,Traffic Signal,Clear,"Dark, artificial",Dry,Non-Fatal Injury,Pedestrian Collisions,Driver,30 to 34,None,,West,"Automobile, Station Wagon",Going Ahead,Driving Properly,Normal,,,,,,,Yes,,Yes,,,,,,,,,,,155,Downsview,26,Downsview-Roding-CFB (26),D31,622605.2269,4842796.597
18307,81705810,3000268080,03/02/2023,2023,1835,DUBRAY AV,WILSON AV,,Major Arterial,North York,43.728076,-79.47771,Intersection Related,Traffic Signal,Clear,"Dark, artificial",Dry,Non-Fatal Injury,Pedestrian Collisions,Pedestrian,70 to 74,Major,,Unknown,"Automobile, Station Wagon",Unknown,,,Vehicle is going straight thru inter.while ped cross without ROW,Crossing without right of way,Normal,,,,Yes,,Yes,,,,,,,,,,,155,Downsview,26,Downsview-Roding-CFB (26),D31,622605.2269,4842796.597
18308,81705989,3000276853,04/02/2023,2023,2117,YONGE ST,MERTON ST,,Major Arterial,Etobicoke York,43.695079,-79.395961,Non Intersection,No Control,Clear,Dark,Loose Snow,Fatal,Approaching,Driver,45 to 49,Fatal,5,South,"Automobile, Station Wagon",Going Ahead,Driving Properly,Unknown,,,,,,,,,Yes,,,,,,,,,,,99,Mount Pleasant East,99,Mount Pleasant East (99),D53,629260.2686,4839256.01
18309,81705990,3000276853,04/02/2023,2023,2117,YONGE ST,MERTON ST,,Major Arterial,Etobicoke York,43.695079,-79.395961,Non Intersection,No Control,Clear,Dark,Loose Snow,Fatal,Approaching,Driver,55 to 59,Minimal,,North,"Automobile, Station Wagon",Going Ahead,Lost control,Other,,,,,,,,,Yes,,,,,,,,,,,99,Mount Pleasant East,99,Mount Pleasant East (99),D53,629260.2686,4839256.01
18310,81705739,3000289640,06/02/2023,2023,1415,JANE ST,ARDAGH ST,,Major Arterial,Toronto and East York,43.65557,-79.487056,Intersection Related,Traffic Signal,Clear,Daylight,Dry,Non-Fatal Injury,Pedestrian Collisions,Driver,75 to 79,None,,South,"Automobile, Station Wagon",Turning Left,Failed to Yield Right of Way,Unknown,,,,,,,Yes,,Yes,,,,,,,Yes,,,,114,Lambton Baby Point,114,Lambton Baby Point (114),D11,621999.4156,4834730.034
18311,81705740,3000289640,06/02/2023,2023,1415,JANE ST,ARDAGH ST,,Major Arterial,Toronto and East York,43.65557,-79.487056,Intersection Related,Traffic Signal,Clear,Daylight,Dry,Non-Fatal Injury,Pedestrian Collisions,Pedestrian,75 to 79,Major,,Unknown,"Automobile, Station Wagon",Unknown,,,Vehicle turns left while ped crosses with ROW at inter.,Crossing with right of way,Unknown,,,,Yes,,Yes,,,,,,,Yes,,,,114,Lambton Baby Point,114,Lambton Baby Point (114),D11,621999.4156,4834730.034
18312,81705916,3000293296,06/02/2023,2023,2230,YONGE ST,AVONDALE AVE,FLORENCE AVE,Major Arterial,North York,43.758174,-79.410106,Intersection Related,Traffic Signal,Clear,"Dark, artificial",Dry,Non-Fatal Injury,Pedestrian Collisions,Driver,35 to 39,None,,South,"Automobile, Station Wagon",Going Ahead,Other,Normal,,,,,,,Yes,,Yes,,,,,,,,,,,153,Avondale,51,Willowdale East (51),D32,627985.9491,4846241.665
18313,81705917,3000293296,06/02/2023,2023,2230,YONGE ST,AVONDALE AVE,FLORENCE AVE,Major Arterial,North York,43.758174,-79.410106,Intersection Related,Traffic Signal,Clear,"Dark, artificial",Dry,Non-Fatal Injury,Pedestrian Collisions,Pedestrian,70 to 74,Major,,East,"Automobile, Station Wagon",Unknown,,,Vehicle is going straight thru inter.while ped cross with ROW,Crossing with right of way,Normal,,,,Yes,,Yes,,,,,,,,,,,153,Avondale,51,Willowdale East (51),D32,627985.9491,4846241.665
18314,81806573,3000302593,08/02/2023,2023,204,BURNHAMTHORPE RD,MILL ST,150 m West o,,,43.638129,-79.58546,Non Intersection,No Control,Clear,"Dark, artificial",Wet,Non-Fatal Injury,Pedestrian Collisions,Driver,30 to 34,None,,East,"Automobile, Station Wagon",Going Ahead,Other,Normal,,,,,,,Yes,,Yes,,,,,,,,,,,11,Eringate-Centennial-West Deane,11,Eringate-Centennial-West Deane (11),D22,614097.3554,4832653.021
18315,81806574,3000302593,08/02/2023,2023,204,BURNHAMTHORPE RD,MILL ST,150 m West o,,,43.638129,-79.58546,Non Intersection,No Control,Clear,"Dark, artificial",Wet,Non-Fatal Injury,Pedestrian Collisions,Pedestrian,25 to 29,Major,,,,,,,,,Other,,,,Yes,,Yes,,,,,,,,,,,11,Eringate-Centennial-West Deane,11,Eringate-Centennial-West Deane (11),D22,614097.3554,4832653.021