OBJECTID,INDEX,ACCNUM,DATE,ACCIDENT_YEAR,TIME,STREET1,STREET2,OFFSET,ROAD_CLASS,DISTRICT,LATITUDE,LONGITUDE,ACCLOC,TRAFFCTL,VISIBILITY,LIGHT,RDSFCOND,ACCLASS,IMPACTYPE,INVTYPE,INVAGE,INJURY,FATAL_NO,INITDIR,VEHTYPE,MANOEUVER,DRIVACT,DRIVCOND,PEDTYPE,PEDACT,PEDCOND,CYCLISTYPE,CYCACT,CYCCOND,PEDESTRIAN,CYCLIST,AUTOMOBILE,MOTORCYCLE,TRUCK,TRSN_CITY_VEH,EMERG_VEH,PASSENGER,SPEEDING,AG_DRIV,REDLIGHT,ALCOHOL,DISABILITY,HOOD_158,NEIGHBOURHOOD_158,HOOD_140,NEIGHBOURHOOD_140,DIVISION,x,y
18316,81706194,3000318941,10/02/2023,2023,34,VIEWMOUNT AVE,WILLIAM R ALLEN RD S,60 m North o,Expressway,North York,43.708083,-79.440563,Non Intersection,No Control,Clear,"Dark, artificial",Wet,Non-Fatal Injury,Pedestrian Collisions,Driver,30 to 34,None,,South,"Automobile, Station Wagon",Going Ahead,Driving Properly,Normal,,,,,,,Yes,,Yes,,,,,,,,,,,31,Yorkdale-Glen Park,31,Yorkdale-Glen Park (31),D13,625638.8506,4840631.721
18317,81706195,3000318941,10/02/2023,2023,34,VIEWMOUNT AVE,WILLIAM R ALLEN RD S,60 m North o,Expressway,North York,43.708083,-79.440563,Non Intersection,No Control,Clear,"Dark, artificial",Wet,Non-Fatal Injury,Pedestrian Collisions,Pedestrian,35 to 39,Major,,Unknown,"Automobile, Station Wagon",Unknown,,,Other / Undefined,Crossing without right of way,Unknown,,,,Yes,,Yes,,,,,,,,,,,31,Yorkdale-Glen Park,31,Yorkdale-Glen Park (31),D13,625638.8506,4840631.721
18318,81708244,3000348503,13/02/2023,2023,1633,RECTORY RD,WESTON RD,2 m East of,Minor Arterial,Toronto and East York,43.705966,-79.531192,Intersection Related,No Control,Clear,Daylight,Dry,Non-Fatal Injury,Pedestrian Collisions,Driver,25 to 29,None,,West,Pick Up Truck,Turning Right,Failed to Yield Right of Way,Other,,,,,,,Yes,,Yes,,,,,,,Yes,,,,113,Weston,113,Weston (113),D12,618341.2683,4840263.236
18319,81708245,3000348503,13/02/2023,2023,1633,RECTORY RD,WESTON RD,2 m East of,Minor Arterial,Toronto and East York,43.705966,-79.531192,Intersection Related,No Control,Clear,Daylight,Dry,Non-Fatal Injury,Pedestrian Collisions,Pedestrian,25 to 29,Major,,,,,,,,Crossing with right of way,Normal,,,,Yes,,Yes,,,,,,,Yes,,,,113,Weston,113,Weston (113),D12,618341.2683,4840263.236
18320,81708246,3000348503,13/02/2023,2023,1633,RECTORY RD,WESTON RD,2 m East of,Minor Arterial,Toronto and East York,43.705966,-79.531192,Intersection Related,No Control,Clear,Daylight,Dry,Non-Fatal Injury,Pedestrian Collisions,Pedestrian,0 to 4,Minor,,,,,,,,Crossing with right of way,Normal,,,,Yes,,Yes,,,,,,,Yes,,,,113,Weston,113,Weston (113),D12,618341.2683,4840263.236
18321,81706248,3000375558,17/02/2023,2023,30,SPADINA AV,DUNDAS ST W,,Major Arterial,Toronto and East York,43.652953,-79.398021,Intersection Related,Traffic Signal,Rain,"Dusk, artificial",Wet,Non-Fatal Injury,Pedestrian Collisions,Driver,20 to 24,None,,West,"Automobile, Station Wagon",Turning Left,Failed to Yield Right of Way,Normal,,,,,,,Yes,,Yes,,,,,Yes,,Yes,,,,78,Kensington-Chinatown,78,Kensington-Chinatown (78),D52,629184.6215,4834574.14
18322,81706249,3000375558,17/02/2023,2023,30,SPADINA AV,DUNDAS ST W,,Major Arterial,Toronto and East York,43.652953,-79.398021,Intersection Related,Traffic Signal,Rain,"Dusk, artificial",Wet,Non-Fatal Injury,Pedestrian Collisions,Passenger,20 to 24,None,,,,,,,,,,,,,Yes,,Yes,,,,,Yes,,Yes,,,,78,Kensington-Chinatown,78,Kensington-Chinatown (78),D52,629184.6215,4834574.14
18323,81706250,3000375558,17/02/2023,2023,30,SPADINA AV,DUNDAS ST W,,Major Arterial,Toronto and East York,43.652953,-79.398021,Intersection Related,Traffic Signal,Rain,"Dusk, artificial",Wet,Non-Fatal Injury,Pedestrian Collisions,Pedestrian,20 to 24,Minor,,North,"Automobile, Station Wagon",Unknown,,,Vehicle turns left while ped crosses with ROW at inter.,Crossing with right of way,Unknown,,,,Yes,,Yes,,,,,Yes,,Yes,,,,78,Kensington-Chinatown,78,Kensington-Chinatown (78),D52,629184.6215,4834574.14
18324,81706251,3000375558,17/02/2023,2023,30,SPADINA AV,DUNDAS ST W,,Major Arterial,Toronto and East York,43.652953,-79.398021,Intersection Related,Traffic Signal,Rain,"Dusk, artificial",Wet,Non-Fatal Injury,Pedestrian Collisions,Pedestrian,20 to 24,Major,,North,"Automobile, Station Wagon",Unknown,,,Vehicle turns left while ped crosses with ROW at inter.,Crossing with right of way,Unknown,,,,Yes,,Yes,,,,,Yes,,Yes,,,,78,Kensington-Chinatown,78,Kensington-Chinatown (78),D52,629184.6215,4834574.14
18325,81738437,3000375758,17/02/2023,2023,136,WILSON AVE,DUFFERIN ST,,Major Arterial,North York,43.732096,-79.458881,Intersection Related,Traffic Signal,Rain,"Dark, artificial",Wet,Non-Fatal Injury,Pedestrian Collisions,Pedestrian,15 to 19,Major,,,,,,,Vehicle turns left while ped crosses with ROW at inter.,Crossing with right of way,Normal,,,,Yes,,,,,,,,,,,,,33,Clanton Park,26,Downsview-Roding-CFB (26),D32,624113.4239,4843271.106
18326,81707186,3000457330,27/02/2023,2023,1723,RICHMOND ST W,PORTLAND ST,2 m West of,Major Arterial,Toronto and East York,43.646899,-79.401134,Intersection Related,Traffic Signal,Snow,"Dusk, artificial",Loose Snow,Non-Fatal Injury,Pedestrian Collisions,Driver,20 to 24,None,,West,"Automobile, Station Wagon",Turning Left,Improper Turn,,,,,,,,Yes,,Yes,,,,,,,,,,,164,Wellington Place,77,Waterfront Communities-The Island (77),D14,628946.5391,4833896.922
18327,81707187,3000457330,27/02/2023,2023,1723,RICHMOND ST W,PORTLAND ST,2 m West of,Major Arterial,Toronto and East York,43.646899,-79.401134,Intersection Related,Traffic Signal,Snow,"Dusk, artificial",Loose Snow,Non-Fatal Injury,Pedestrian Collisions,Driver,35 to 39,None,,West,"Automobile, Station Wagon",Going Ahead,Driving Properly,Normal,,,,,,,Yes,,Yes,,,,,,,,,,,164,Wellington Place,77,Waterfront Communities-The Island (77),D14,628946.5391,4833896.922
18328,81707188,3000457330,27/02/2023,2023,1723,RICHMOND ST W,PORTLAND ST,2 m West of,Major Arterial,Toronto and East York,43.646899,-79.401134,Intersection Related,Traffic Signal,Snow,"Dusk, artificial",Loose Snow,Non-Fatal Injury,Pedestrian Collisions,Pedestrian,45 to 49,Major,,Unknown,"Automobile, Station Wagon",Unknown,,,Pedestrian hit on sidewalk or shoulder,On Sidewalk or Shoulder,Unknown,,,,Yes,,Yes,,,,,,,,,,,164,Wellington Place,77,Waterfront Communities-The Island (77),D14,628946.5391,4833896.922
18329,81707510,3000472403,01/03/2023,2023,1515,TOWER DR,WARDEN AVE,,Major Arterial,Scarborough,43.75434,-79.298351,Intersection Related,Traffic Signal,Clear,Daylight,Dry,Non-Fatal Injury,Pedestrian Collisions,Driver,65 to 69,None,,West,"Automobile, Station Wagon",Turning Left,Failed to Yield Right of Way,Normal,,,,,,,Yes,,Yes,,,,,,,Yes,,,,119,Wexford/Maryvale,119,Wexford/Maryvale (119),D41,636991.0328,4845994.612
18330,81707511,3000472403,01/03/2023,2023,1515,TOWER DR,WARDEN AVE,,Major Arterial,Scarborough,43.75434,-79.298351,Intersection Related,Traffic Signal,Clear,Daylight,Dry,Non-Fatal Injury,Pedestrian Collisions,Pedestrian,45 to 49,Major,,West,"Automobile, Station Wagon",Other,,,Vehicle turns left while ped crosses with ROW at inter.,Crossing with right of way,Normal,,,,Yes,,Yes,,,,,,,Yes,,,,119,Wexford/Maryvale,119,Wexford/Maryvale (119),D41,636991.0328,4845994.612
18331,81707170,3000481546,02/03/2023,2023,1731,QUEEN'S PLATE DR,REXDALE BV,,Major Arterial,Etobicoke York,43.716517,-79.592654,Intersection Related,Traffic Signal,Clear,Dusk,Other,Non-Fatal Injury,Pedestrian Collisions,Driver,25 to 29,None,,South,"Automobile, Station Wagon",Turning Right,Failed to Yield Right of Way,Normal,,,,,,,Yes,,Yes,,,,,,,Yes,,,,1,West Humber-Clairville,1,West Humber-Clairville (1),D23,613369.3706,4841349.171
18332,81707171,3000481546,02/03/2023,2023,1731,QUEEN'S PLATE DR,REXDALE BV,,Major Arterial,Etobicoke York,43.716517,-79.592654,Intersection Related,Traffic Signal,Clear,Dusk,Other,Non-Fatal Injury,Pedestrian Collisions,Pedestrian,55 to 59,Major,,North,"Automobile, Station Wagon",Unknown,,,Vehicle turns right while ped crosses with ROW at inter.,Crossing with right of way,Unknown,,,,Yes,,Yes,,,,,,,Yes,,,,1,West Humber-Clairville,1,West Humber-Clairville (1),D23,613369.3706,4841349.171
18333,81755137,3000499467,04/03/2023,2023,2230,JANE ST,WESTON RD,,Major Arterial ,Toronto and East York,43.69131,-79.500865,Intersection Related,Traffic Signal,Clear,"Dark, artificial",Wet,Non-Fatal Injury,Pedestrian Collisions,Pedestrian,45 to 49,Major,,,,,,,Vehicle is going straight thru inter.while ped cross without ROW,Crossing without right of way,Had Been Drinking,,,,Yes,,,,,,,,,,,,,115,Mount Dennis,115,Mount Dennis (115),D12,620814.1525,4838679.224
18334,81707349,3000539041,09/03/2023,2023,2115,RUNNYMEDE RD,DUNDAS ST W,2 m East of,Major Arterial,Toronto and East York,43.665591,-79.482082,Intersection Related,Traffic Signal,Clear,"Dark, artificial",Dry,Non-Fatal Injury,Pedestrian Collisions,Driver,unknown,None,,East,"Automobile, Station Wagon",Turning Left,,Unknown,,,,,,,Yes,,Yes,,,,,,,,,,,90,Junction Area,90,Junction Area (90),D11,622380.1471,4835850.322
18335,81707350,3000539041,09/03/2023,2023,2115,RUNNYMEDE RD,DUNDAS ST W,2 m East of,Major Arterial,Toronto and East York,43.665591,-79.482082,Intersection Related,Traffic Signal,Clear,"Dark, artificial",Dry,Non-Fatal Injury,Pedestrian Collisions,Pedestrian,30 to 34,Major,,Unknown,"Automobile, Station Wagon",Unknown,,,Vehicle turns left while ped crosses with ROW at inter.,Crossing with right of way,Unknown,,,,Yes,,Yes,,,,,,,,,,,90,Junction Area,90,Junction Area (90),D11,622380.1471,4835850.322
18336,81708285,3000572571,14/03/2023,2023,1234,BATHURST ST,NASSAU ST,5 m North of,Major Arterial,Toronto and East York,43.654292,-79.406802,Intersection Related,Traffic Signal,Clear,Daylight,Dry,Non-Fatal Injury,SMV Other,Driver,50 to 54,None,,North,Street Car,Slowing or Stopping,Driving Properly,Normal,,,,,,,,,,,,Yes,,Yes,,,,,,78,Kensington-Chinatown,78,Kensington-Chinatown (78),D14,628473.6535,4834709.22
18337,81708286,3000572571,14/03/2023,2023,1234,BATHURST ST,NASSAU ST,5 m North of,Major Arterial,Toronto and East York,43.654292,-79.406802,Intersection Related,Traffic Signal,Clear,Daylight,Dry,Non-Fatal Injury,SMV Other,Passenger,40 to 44,Major,,,,,,,,,,,,,,,,,,Yes,,Yes,,,,,,78,Kensington-Chinatown,78,Kensington-Chinatown (78),D14,628473.6535,4834709.22
18338,81738618,3000606776,18/03/2023,2023,1830,BATHURST ST,DREWRY AVE,41 m East of,Major Arterial,North York,43.781161,-79.444316,Intersection Related,Traffic Signal,Clear,Daylight,Dry,Non-Fatal Injury,Pedestrian Collisions,Driver,25 to 29,None,,West,"Automobile, Station Wagon",Going Ahead,Driving Properly,Unknown,,,,,,,Yes,,Yes,,,,,,,,,,,36,Newtonbrook West,36,Newtonbrook West (36),D32,625184.0663,4848742.423
18339,81738619,3000606776,18/03/2023,2023,1830,BATHURST ST,DREWRY AVE,41 m East of,Major Arterial,North York,43.781161,-79.444316,Intersection Related,Traffic Signal,Clear,Daylight,Dry,Non-Fatal Injury,Pedestrian Collisions,Pedestrian,85 to 89,Major,,,,,,,,Crossing with right of way,Normal,,,,Yes,,Yes,,,,,,,,,,,36,Newtonbrook West,36,Newtonbrook West (36),D32,625184.0663,4848742.423
18340,81707426,3000609959,19/03/2023,2023,435,DUNDAS ST W,NOTTINGHAM DR,,Major Arterial,Etobicoke York,43.655738,-79.522342,Non Intersection,No Control,Clear,"Dark, artificial",Ice,Fatal,SMV Other,Driver,35 to 39,Fatal,6,West,"Automobile, Station Wagon",Going Ahead,Lost control,,,,,,,,,,Yes,,,,,,,,,,,15,Kingsway South,15,Kingsway South (15),D22,619153.6987,4834697.419
18341,81708980,3000655372,24/03/2023,2023,2005,DUFFERIN ST,NORTON AVE,,Major Arterial,Toronto and East York,43.678755,-79.443347,Intersection Related,No Control,Clear,"Dark, artificial",Dry,Non-Fatal Injury,Turning Movement,Driver,20 to 24,Major,,South,Rickshaw,Going Ahead,Speed too Fast For Condition,Other,,,,,,,,,Yes,,,,,Yes,Yes,Yes,,,,92,Corso Italia-Davenport,92,Corso Italia-Davenport (92),D13,625475.6987,4837370.228
18342,81708981,3000655372,24/03/2023,2023,2005,DUFFERIN ST,NORTON AVE,,Major Arterial,Toronto and East York,43.678755,-79.443347,Intersection Related,No Control,Clear,"Dark, artificial",Dry,Non-Fatal Injury,Turning Movement,Driver,50 to 54,None,,South,"Automobile, Station Wagon",Turning Right,Driving Properly,Normal,,,,,,,,,Yes,,,,,Yes,Yes,Yes,,,,92,Corso Italia-Davenport,92,Corso Italia-Davenport (92),D13,625475.6987,4837370.228
18343,81708982,3000655372,24/03/2023,2023,2005,DUFFERIN ST,NORTON AVE,,Major Arterial,Toronto and East York,43.678755,-79.443347,Intersection Related,No Control,Clear,"Dark, artificial",Dry,Non-Fatal Injury,Turning Movement,Passenger,20 to 24,None,,,,,,,,,,,,,,,Yes,,,,,Yes,Yes,Yes,,,,92,Corso Italia-Davenport,92,Corso Italia-Davenport (92),D13,625475.6987,4837370.228
18344,81708983,3000655372,24/03/2023,2023,2005,DUFFERIN ST,NORTON AVE,,Major Arterial,Toronto and East York,43.678755,-79.443347,Intersection Related,No Control,Clear,"Dark, artificial",Dry,Non-Fatal Injury,Turning Movement,Passenger,20 to 24,None,,,,,,,,,,,,,,,Yes,,,,,Yes,Yes,Yes,,,,92,Corso Italia-Davenport,92,Corso Italia-Davenport (92),D13,625475.6987,4837370.228
18345,81709978,3000686439,28/03/2023,2023,2050,YONGE ST,BOWOOD AV,9 m North of,Major Arterial,Toronto and East York,43.728587,-79.403117,Non Intersection,No Control,Clear,"Dark, artificial",Dry,Non-Fatal Injury,Pedestrian Collisions,Driver,60 to 64,None,,North,"Automobile, Station Wagon",Going Ahead,Driving Properly,Normal,,,,,,,Yes,,Yes,,,,,,,,,,,105,Lawrence Park North,105,Lawrence Park North (105),D32,628611.908,4842966.417
18346,81709979,3000686439,28/03/2023,2023,2050,YONGE ST,BOWOOD AV,9 m North of,Major Arterial,Toronto and East York,43.728587,-79.403117,Non Intersection,No Control,Clear,"Dark, artificial",Dry,Non-Fatal Injury,Pedestrian Collisions,Pedestrian,60 to 64,Major,,,,,,,Vehicle hits the pedestrian walking or running out from between parked vehicles at mid-block,,Unknown,,,,Yes,,Yes,,,,,,,,,,,105,Lawrence Park North,105,Lawrence Park North (105),D32,628611.908,4842966.417
18347,81708808,3000693299,29/03/2023,2023,1715,DON MILLS RD,OVERLEA BV,,Minor Arterial,Toronto and East York,43.710002,-79.334369,Intersection Related,Traffic Signal,Clear,Daylight,Dry,Non-Fatal Injury,Pedestrian Collisions,Driver,30 to 34,None,,South,"Automobile, Station Wagon",Turning Left,,Unknown,,,,,,,Yes,,Yes,,,,,Yes,,,,,,44,Flemingdon Park,44,Flemingdon Park (44),D55,634190.3673,4841011.283
18348,81708809,3000693299,29/03/2023,2023,1715,DON MILLS RD,OVERLEA BV,,Minor Arterial,Toronto and East York,43.710002,-79.334369,Intersection Related,Traffic Signal,Clear,Daylight,Dry,Non-Fatal Injury,Pedestrian Collisions,Pedestrian,40 to 44,Major,,,,,,,Vehicle turns left while ped crosses with ROW at inter.,Crossing with right of way,Normal,,,,Yes,,Yes,,,,,Yes,,,,,,44,Flemingdon Park,44,Flemingdon Park (44),D55,634190.3673,4841011.283
18349,81708810,3000693299,29/03/2023,2023,1715,DON MILLS RD,OVERLEA BV,,Minor Arterial,Toronto and East York,43.710002,-79.334369,Intersection Related,Traffic Signal,Clear,Daylight,Dry,Non-Fatal Injury,Pedestrian Collisions,Passenger,0 to 4,None,,,,,,,,,,,,,Yes,,Yes,,,,,Yes,,,,,,44,Flemingdon Park,44,Flemingdon Park (44),D55,634190.3673,4841011.283
18350,81708942,3000694442,29/03/2023,2023,1945,WARDEN AVE,BELL ESTATE RD,,Minor Arterial,Scarborough,43.704997,-79.278034,Intersection Related,Stop Sign,Clear,"Dusk, artificial",Dry,Non-Fatal Injury,Turning Movement,Driver,20 to 24,Minimal,,West,"Automobile, Station Wagon",Turning Left,Failed to Yield Right of Way,Other,,,,,,,,,Yes,,,,,,,Yes,,,,120,Clairlea-Birchmount,120,Clairlea-Birchmount (120),D41,638740.5557,4840548.147
18351,81708943,3000694442,29/03/2023,2023,1945,WARDEN AVE,BELL ESTATE RD,,Minor Arterial,Scarborough,43.704997,-79.278034,Intersection Related,Stop Sign,Clear,"Dusk, artificial",Dry,Non-Fatal Injury,Turning Movement,Driver,60 to 64,Major,,North,"Automobile, Station Wagon",Going Ahead,Driving Properly,Normal,,,,,,,,,Yes,,,,,,,Yes,,,,120,Clairlea-Birchmount,120,Clairlea-Birchmount (120),D41,638740.5557,4840548.147
18352,81708288,3000700132,30/03/2023,2023,1400,LAWRENCE AV E,BELLAMY RD N,,Major Arterial,Scarborough,43.757727,-79.235233,Intersection Related,Traffic Signal,Clear,Daylight,Dry,Non-Fatal Injury,Turning Movement,Passenger,75 to 79,None,,,,,,,,,,,,,,,Yes,,,,,Yes,,Yes,Yes,,,141,Golfdale-Cedarbrae-Woburn,137,Woburn (137),D43,642064.3833,4846477.126
18353,81708289,3000700132,30/03/2023,2023,1400,LAWRENCE AV E,BELLAMY RD N,,Major Arterial,Scarborough,43.757727,-79.235233,Intersection Related,Traffic Signal,Clear,Daylight,Dry,Non-Fatal Injury,Turning Movement,Driver,65 to 69,None,,North,"Automobile, Station Wagon",Turning Right,Driving Properly,Normal,,,,,,,,,Yes,,,,,Yes,,Yes,Yes,,,141,Golfdale-Cedarbrae-Woburn,137,Woburn (137),D43,642064.3833,4846477.126
18354,81708290,3000700132,30/03/2023,2023,1400,LAWRENCE AV E,BELLAMY RD N,,Major Arterial,Scarborough,43.757727,-79.235233,Intersection Related,Traffic Signal,Clear,Daylight,Dry,Non-Fatal Injury,Turning Movement,Driver,15 to 19,Major,,East,Rickshaw,Going Ahead,Disobeyed Traffic Control,Normal,,,,,,,,,Yes,,,,,Yes,,Yes,Yes,,,141,Golfdale-Cedarbrae-Woburn,137,Woburn (137),D43,642064.3833,4846477.126
18355,81708526,3000702981,30/03/2023,2023,1949,LAKE SHORE BLVD W,SUPERIOR AVE,,Major Arterial,Etobicoke York,43.614958,-79.488635,At Intersection,Traffic Signal,Clear,Dusk,Dry,Non-Fatal Injury,Cyclist Collisions,Driver,50 to 54,None,,West,Pick Up Truck,Turning Left,Failed to Yield Right of Way,Other,,,,,,,,Yes,Yes,,,,,,,Yes,,,,161,Humber Bay Shores,17,Mimico (includes Humber Bay Shores) (17),D22,621954.2105,4830217.241
18356,81708527,3000702981,30/03/2023,2023,1949,LAKE SHORE BLVD W,SUPERIOR AVE,,Major Arterial,Etobicoke York,43.614958,-79.488635,At Intersection,Traffic Signal,Clear,Dusk,Dry,Non-Fatal Injury,Cyclist Collisions,Cyclist,35 to 39,Major,,East,Bicycle,Going Ahead,,,,,,Motorist turned left across cyclists path.,Driving Properly,Normal,,Yes,Yes,,,,,,,Yes,,,,161,Humber Bay Shores,17,Mimico (includes Humber Bay Shores) (17),D22,621954.2105,4830217.241
18357,81708581,3000715851,01/04/2023,2023,1105,LAWRENCE AV E,MOSSBANK DR,2 m North of,Major Arterial,Scarborough,43.76287,-79.211017,Intersection Related,Traffic Signal,Clear,Daylight,Dry,Non-Fatal Injury,Pedestrian Collisions,Driver,65 to 69,None,,South,"Automobile, Station Wagon",Turning Left,Failed to Yield Right of Way,Other,,,,,,,Yes,,Yes,,,,,Yes,,Yes,,,,141,Golfdale-Cedarbrae-Woburn,137,Woburn (137),D43,644001.4646,4847090.161
18358,81708582,3000715851,01/04/2023,2023,1105,LAWRENCE AV E,MOSSBANK DR,2 m North of,Major Arterial,Scarborough,43.76287,-79.211017,Intersection Related,Traffic Signal,Clear,Daylight,Dry,Non-Fatal Injury,Pedestrian Collisions,Passenger,0 to 4,None,,,,,,,,,,,,,Yes,,Yes,,,,,Yes,,Yes,,,,141,Golfdale-Cedarbrae-Woburn,137,Woburn (137),D43,644001.4646,4847090.161
18359,81708583,3000715851,01/04/2023,2023,1105,LAWRENCE AV E,MOSSBANK DR,2 m North of,Major Arterial,Scarborough,43.76287,-79.211017,Intersection Related,Traffic Signal,Clear,Daylight,Dry,Non-Fatal Injury,Pedestrian Collisions,Pedestrian,60 to 64,Major,,,,,,,Vehicle turns left while ped crosses with ROW at inter.,Crossing with right of way,Normal,,,,Yes,,Yes,,,,,Yes,,Yes,,,,141,Golfdale-Cedarbrae-Woburn,137,Woburn (137),D43,644001.4646,4847090.161
18360,81709127,3000743879,04/04/2023,2023,2010,YONGE ST,GLEBE RD W,5 m North of,Major Arterial ,Toronto and East York,43.700858,-79.397121,Intersection Related,Stop Sign,Clear,"Dark, artificial",Dry,Non-Fatal Injury,Turning Movement,Driver,15 to 19,None,,East,"Automobile, Station Wagon",Turning Left,Failed to Yield Right of Way,Normal,,,,,,,,,Yes,Yes,,,,,Yes,Yes,,,,174,South Eglinton-Davisville,104,Mount Pleasant West (104),D53,629154.3819,4839896.041
18361,81709128,3000743879,04/04/2023,2023,2010,YONGE ST,GLEBE RD W,5 m North of,Major Arterial ,Toronto and East York,43.700858,-79.397121,Intersection Related,Stop Sign,Clear,"Dark, artificial",Dry,Non-Fatal Injury,Turning Movement,Motorcycle Driver,20 to 24,Major,,South,Motorcycle,Going Ahead,Exceeding Speed Limit,Normal,,,,,,,,,Yes,Yes,,,,,Yes,Yes,,,,174,South Eglinton-Davisville,104,Mount Pleasant West (104),D53,629154.3819,4839896.041
18362,81708854,3000772392,08/04/2023,2023,1319,DUNDAS ST W,DUFFERIN ST,70 m West of,Major Arterial,Toronto and East York,43.649623,-79.432254,Non Intersection,No Control,Clear,Daylight,Dry,Non-Fatal Injury,Other,Driver,30 to 34,None,,East,"Automobile, Station Wagon",Stopped,Failed to Yield Right of Way,Other,,,,,,,,Yes,Yes,,,Yes,,,,Yes,,,,84,Little Portugal,84,Little Portugal (84),D11,626431.0099,4834151.575
18363,81708855,3000772392,08/04/2023,2023,1319,DUNDAS ST W,DUFFERIN ST,70 m West of,Major Arterial,Toronto and East York,43.649623,-79.432254,Non Intersection,No Control,Clear,Daylight,Dry,Non-Fatal Injury,Other,Driver,60 to 64,None,,East,Street Car,Going Ahead,Driving Properly,Normal,,,,,,,,Yes,Yes,,,Yes,,,,Yes,,,,84,Little Portugal,84,Little Portugal (84),D11,626431.0099,4834151.575
18364,81708856,3000772392,08/04/2023,2023,1319,DUNDAS ST W,DUFFERIN ST,70 m West of,Major Arterial,Toronto and East York,43.649623,-79.432254,Non Intersection,No Control,Clear,Daylight,Dry,Non-Fatal Injury,Other,Cyclist,35 to 39,Major,,East,Bicycle,Going Ahead,,,,,,Cyclist struck opened vehicle door,Driving Properly,Normal,,Yes,Yes,,,Yes,,,,Yes,,,,84,Little Portugal,84,Little Portugal (84),D11,626431.0099,4834151.575
18365,81708782,3000790865,10/04/2023,2023,2120,VICTORIA PARK AV,VAN HORNE AV,36 m North o,Major Arterial,North York,43.789252,-79.329593,Intersection Related,Traffic Signal,Clear,Daylight,Dry,Non-Fatal Injury,SMV Other,Motorcycle Driver,20 to 24,Major,,South,Motorcycle,Pulling Onto Shoulder or towardCurb,Lost control,Normal,,,,,,,,,,Yes,,,,,,Yes,,,,46,Pleasant View,46,Pleasant View (46),D33,634397.6471,4849820.929
18366,81709384,3000810912,13/04/2023,2023,600,84 BARRINGTON AVE,,,Local,Toronto and East York,43.691287,-79.301807,Non Intersection,No Control,Clear,Daylight,Dry,Fatal,Pedestrian Collisions,Driver,70 to 74,None,,East,"Automobile, Station Wagon",Going Ahead,Lost control,Fatigue,,,,,,,Yes,,Yes,,,,,,,,,,,61,Taylor-Massey,61,Taylor-Massey (61),D55,636856.307,4838985.944
18367,81709386,3000810912,13/04/2023,2023,600,84 BARRINGTON AVE,,,Local,Toronto and East York,43.691287,-79.301807,Non Intersection,No Control,Clear,Daylight,Dry,Fatal,Pedestrian Collisions,Pedestrian,60 to 64,Fatal,7,West,,,,,Other / Undefined,Coming From Behind Parked Vehicle,Normal,,,,Yes,,Yes,,,,,,,,,,,61,Taylor-Massey,61,Taylor-Massey (61),D55,636856.307,4838985.944
18368,81708932,3000818825,13/04/2023,2023,2206,569 BROADVIEW AVE,MILLBROOK CR,10 m South o,Minor Arterial,Toronto and East York,43.672015,-79.354892,Intersection Related,Traffic Signal,Clear,"Dark, artificial",Dry,Non-Fatal Injury,Approaching,Driver,35 to 39,Major,,North,"Automobile, Station Wagon",Going Ahead,Improper Passing,Other,,,,,,,,,Yes,,,,,,Yes,Yes,,,,68,North Riverdale,68,North Riverdale (68),D55,632620.6302,4836759.279
18369,81708933,3000818825,13/04/2023,2023,2206,569 BROADVIEW AVE,MILLBROOK CR,10 m South o,Minor Arterial,Toronto and East York,43.672015,-79.354892,Intersection Related,Traffic Signal,Clear,"Dark, artificial",Dry,Non-Fatal Injury,Approaching,Driver,60 to 64,Minimal,,South,"Automobile, Station Wagon",Going Ahead,Driving Properly,Normal,,,,,,,,,Yes,,,,,,Yes,Yes,,,,68,North Riverdale,68,North Riverdale (68),D55,632620.6302,4836759.279
18370,81709180,3000823067,14/04/2023,2023,1205,YONGE ST,DUNDAS SQ,,Major Arterial,Etobicoke York,43.655715,-79.380611,Intersection Related,Traffic Signal,Clear,Daylight,Dry,Non-Fatal Injury,Pedestrian Collisions,Pedestrian,30 to 34,Major,,,,,,,Other / Undefined,Running onto Roadway,Other,,,,Yes,,,,,,,,,,,,,168,Downtown Yonge East,75,Church-Yonge Corridor (75),D51,630582.6034,4834908.148
18371,81709382,3000839391,16/04/2023,2023,824,BLOOR ST W,ABERFOYLE CRES,,Major Arterial,Etobicoke York,43.645594,-79.518939,At Intersection,Traffic Signal,Clear,Daylight,Dry,Fatal,Pedestrian Collisions,Pedestrian,65 to 69,Fatal,8,,,,,,Unknown,Other,Normal,,,,Yes,,Yes,,,,,,,,,,,16,Stonegate-Queensway,16,Stonegate-Queensway (16),D22,619448.2147,4833575.69