OBJECTID,INDEX,ACCNUM,DATE,ACCIDENT_YEAR,TIME,STREET1,STREET2,OFFSET,ROAD_CLASS,DISTRICT,LATITUDE,LONGITUDE,ACCLOC,TRAFFCTL,VISIBILITY,LIGHT,RDSFCOND,ACCLASS,IMPACTYPE,INVTYPE,INVAGE,INJURY,FATAL_NO,INITDIR,VEHTYPE,MANOEUVER,DRIVACT,DRIVCOND,PEDTYPE,PEDACT,PEDCOND,CYCLISTYPE,CYCACT,CYCCOND,PEDESTRIAN,CYCLIST,AUTOMOBILE,MOTORCYCLE,TRUCK,TRSN_CITY_VEH,EMERG_VEH,PASSENGER,SPEEDING,AG_DRIV,REDLIGHT,ALCOHOL,DISABILITY,HOOD_158,NEIGHBOURHOOD_158,HOOD_140,NEIGHBOURHOOD_140,DIVISION,x,y
18372,81709383,3000839391,16/04/2023,2023,824,BLOOR ST W,ABERFOYLE CRES,,Major Arterial,Etobicoke York,43.645594,-79.518939,At Intersection,Traffic Signal,Clear,Daylight,Dry,Fatal,Pedestrian Collisions,Driver,70 to 74,,,East,"Automobile, Station Wagon",Going Ahead,Other,Other,,,,,,,Yes,,Yes,,,,,,,,,,,16,Stonegate-Queensway,16,Stonegate-Queensway (16),D22,619448.2147,4833575.69
18373,81709959,3000851315,17/04/2023,2023,1650,JONES AV,GERRARD ST E,,Minor Arterial,Etobicoke York,43.669257,-79.335567,Other,Traffic Signal,Rain,Daylight,Wet,Non-Fatal Injury,Pedestrian Collisions,Driver,20 to 24,None,,East,"Automobile, Station Wagon",Going Ahead,Driving Properly,Normal,,,,,,,Yes,,Yes,,,,,,,,,,,70,South Riverdale,70,South Riverdale (70),D55,634184.6814,4836484.044
18374,81709960,3000851315,17/04/2023,2023,1650,JONES AV,GERRARD ST E,,Minor Arterial,Etobicoke York,43.669257,-79.335567,Other,Traffic Signal,Rain,Daylight,Wet,Non-Fatal Injury,Pedestrian Collisions,Pedestrian,20 to 24,Major,,,,,,,Pedestrian hit a PXO/ped. Mid-block signal,Crossing marked crosswalk without ROW,Normal,,,,Yes,,Yes,,,,,,,,,,,70,South Riverdale,70,South Riverdale (70),D55,634184.6814,4836484.044
18375,81709086,3000861369,18/04/2023,2023,2013,JARVIS ST,SHUTER ST,,Major Arterial,Toronto and East York,43.655368,-79.373889,Intersection Related,Traffic Signal,Clear,"Dark, artificial",Dry,Non-Fatal Injury,Pedestrian Collisions,Truck Driver,45 to 49,None,,East,Truck - Open,Turning Right,Improper Turn,Normal,,,,,,,Yes,,,,Yes,,,,,,,,,73,Moss Park,73,Moss Park (73),D51,631125.406,4834880.21
18376,81709087,3000861369,18/04/2023,2023,2013,JARVIS ST,SHUTER ST,,Major Arterial,Toronto and East York,43.655368,-79.373889,Intersection Related,Traffic Signal,Clear,"Dark, artificial",Dry,Non-Fatal Injury,Pedestrian Collisions,Pedestrian,80 to 84,Major,,,,,,,Vehicle turns right while ped crosses with ROW at inter.,Crossing with right of way,Normal,,,,Yes,,,,Yes,,,,,,,,,73,Moss Park,73,Moss Park (73),D51,631125.406,4834880.21
18377,81709385,3000862268,18/04/2023,2023,2305,ALBION RD,FINCH AVE W,,Major Arterial,Etobicoke York,43.741023,-79.589183,At Intersection,Traffic Signal,Clear,"Dark, artificial",Dry,Fatal,Rear End,Driver,60 to 64,Fatal,9,East,Passenger Van,Going Ahead,Driving Properly,Normal,,,,,,,,,Yes,,,,,Yes,Yes,Yes,,,,2,Mount Olive-Silverstone-Jamestown,2,Mount Olive-Silverstone-Jamestown (2),D23,613602.6449,4844075.66
18378,81709387,3000862268,18/04/2023,2023,2305,ALBION RD,FINCH AVE W,,Major Arterial,Etobicoke York,43.741023,-79.589183,At Intersection,Traffic Signal,Clear,"Dark, artificial",Dry,Fatal,Rear End,Driver,35 to 39,Minor,,East,"Automobile, Station Wagon",Going Ahead,Exceeding Speed Limit,Other,,,,,,,,,Yes,,,,,Yes,Yes,Yes,,,,2,Mount Olive-Silverstone-Jamestown,2,Mount Olive-Silverstone-Jamestown (2),D23,613602.6449,4844075.66
18379,81709388,3000862268,18/04/2023,2023,2305,ALBION RD,FINCH AVE W,,Major Arterial,Etobicoke York,43.741023,-79.589183,At Intersection,Traffic Signal,Clear,"Dark, artificial",Dry,Fatal,Rear End,Passenger,35 to 39,Minor,,East,"Automobile, Station Wagon",Going Ahead,,,,,,,,,,,Yes,,,,,Yes,Yes,Yes,,,,2,Mount Olive-Silverstone-Jamestown,2,Mount Olive-Silverstone-Jamestown (2),D23,613602.6449,4844075.66
18380,81709389,3000862268,18/04/2023,2023,2305,ALBION RD,FINCH AVE W,,Major Arterial,Etobicoke York,43.741023,-79.589183,At Intersection,Traffic Signal,Clear,"Dark, artificial",Dry,Fatal,Rear End,Driver,50 to 54,Minor,,East,"Automobile, Station Wagon",Going Ahead,Driving Properly,Normal,,,,,,,,,Yes,,,,,Yes,Yes,Yes,,,,2,Mount Olive-Silverstone-Jamestown,2,Mount Olive-Silverstone-Jamestown (2),D23,613602.6449,4844075.66
18381,81709390,3000862268,18/04/2023,2023,2305,ALBION RD,FINCH AVE W,,Major Arterial,Etobicoke York,43.741023,-79.589183,At Intersection,Traffic Signal,Clear,"Dark, artificial",Dry,Fatal,Rear End,Driver,65 to 69,Minimal,,East,Passenger Van,Slowing or Stopping,Driving Properly,Normal,,,,,,,,,Yes,,,,,Yes,Yes,Yes,,,,2,Mount Olive-Silverstone-Jamestown,2,Mount Olive-Silverstone-Jamestown (2),D23,613602.6449,4844075.66
18382,81709646,3000889124,22/04/2023,2023,227,MIDLAND AV,GOODLAND GT,,Major Arterial,Scarborough,43.779215,-79.275546,Intersection Related,Stop Sign,Rain,"Dark, artificial",Wet,Non-Fatal Injury,Turning Movement,Driver,55 to 59,None,,South,Pick Up Truck,Turning Left,Improper Turn,Normal,,,,,,,,,Yes,,,,,,Yes,Yes,,,,128,Agincourt South-Malvern West,128,Agincourt South-Malvern West (128),D42,638769.4317,4848795.339
18383,81709647,3000889124,22/04/2023,2023,227,MIDLAND AV,GOODLAND GT,,Major Arterial,Scarborough,43.779215,-79.275546,Intersection Related,Stop Sign,Rain,"Dark, artificial",Wet,Non-Fatal Injury,Turning Movement,Driver,15 to 19,Major,,North,"Automobile, Station Wagon",Going Ahead,Driving Properly,Unknown,,,,,,,,,Yes,,,,,,Yes,Yes,,,,128,Agincourt South-Malvern West,128,Agincourt South-Malvern West (128),D42,638769.4317,4848795.339
18384,81709391,3000965934,01/05/2023,2023,1055,BRIMLEY RD,LAWRENCE AVE E,,Major Arterial,Scarborough,43.753455,-79.255328,At Intersection,Traffic Signal,Clear,Daylight,Dry,Fatal,Turning Movement,Driver,60 to 64,Fatal,10,East,Passenger Van,Turning Left,Improper Turn,Normal,,,,,,,,,Yes,,,,,Yes,Yes,Yes,,,,157,Bendale South,127,Bendale (127),D43,640456.7043,4845968.38
18385,81709392,3000965934,01/05/2023,2023,1055,BRIMLEY RD,LAWRENCE AVE E,,Major Arterial,Scarborough,43.753455,-79.255328,At Intersection,Traffic Signal,Clear,Daylight,Dry,Fatal,Turning Movement,Driver,15 to 19,Major,,West,"Automobile, Station Wagon",Going Ahead,Exceeding Speed Limit,Normal,,,,,,,,,Yes,,,,,Yes,Yes,Yes,,,,157,Bendale South,127,Bendale (127),D43,640456.7043,4845968.38
18386,81709393,3000965934,01/05/2023,2023,1055,BRIMLEY RD,LAWRENCE AVE E,,Major Arterial,Scarborough,43.753455,-79.255328,At Intersection,Traffic Signal,Clear,Daylight,Dry,Fatal,Turning Movement,Passenger,15 to 19,Minor,,West,,,,,,,,,,,,,Yes,,,,,Yes,Yes,Yes,,,,157,Bendale South,127,Bendale (127),D43,640456.7043,4845968.38
18387,81709394,3000965934,01/05/2023,2023,1055,BRIMLEY RD,LAWRENCE AVE E,,Major Arterial,Scarborough,43.753455,-79.255328,At Intersection,Traffic Signal,Clear,Daylight,Dry,Fatal,Turning Movement,Passenger,15 to 19,Minor,,West,,,,,,,,,,,,,Yes,,,,,Yes,Yes,Yes,,,,157,Bendale South,127,Bendale (127),D43,640456.7043,4845968.38
18388,81731841,3001015199,07/05/2023,2023,35,MARKHAM RD,SHEPPARD AVE E,100 metres W,Major Arterial,Scarborough,43.793566,-79.239902,Non Intersection,No Control,Clear,Dark,Dry,Fatal,Pedestrian Collisions,Pedestrian,55 to 59,Fatal,11,South,,,,,Pedestrian hit at mid-block,Crossing without right of way,Other,,,,Yes,,Yes,,,,,,,Yes,,,,128,Agincourt South-Malvern West,128,Agincourt South-Malvern West (128),D42,641603.8992,4850449.612
18389,81731842,3001015199,07/05/2023,2023,35,MARKHAM RD,SHEPPARD AVE E,100 metres W,Major Arterial,Scarborough,43.793566,-79.239902,Non Intersection,No Control,Clear,Dark,Dry,Fatal,Pedestrian Collisions,Driver,20 to 24,None,,West,"Automobile, Station Wagon",Going Ahead,Failed to Yield Right of Way,Other,,,,,,,Yes,,Yes,,,,,,,Yes,,,,128,Agincourt South-Malvern West,128,Agincourt South-Malvern West (128),D42,641603.8992,4850449.612
18390,81805406,3001015348,07/05/2023,2023,100,STEELES AV W,KEELE ST,70 m East of,,,43.781745,-79.493648,Non Intersection,No Control,Clear,"Dark, artificial",Dry,Non-Fatal Injury,Rear End,Motorcycle Driver,25 to 29,Major,,East,Motorcycle,Going Ahead,Exceeding Speed Limit,Other,,,,,,,,,Yes,Yes,,,,,Yes,Yes,,,,27,York University Heights,27,York University Heights (27),NSA,621213.1666,4848733.872
18391,81805407,3001015348,07/05/2023,2023,100,STEELES AV W,KEELE ST,70 m East of,,,43.781745,-79.493648,Non Intersection,No Control,Clear,"Dark, artificial",Dry,Non-Fatal Injury,Rear End,Driver,35 to 39,None,,East,"Automobile, Station Wagon",Going Ahead,Driving Properly,Normal,,,,,,,,,Yes,Yes,,,,,Yes,Yes,,,,27,York University Heights,27,York University Heights (27),NSA,621213.1666,4848733.872
18392,81738444,3001037077,09/05/2023,2023,1531,BANBURY RD,YORK MILLS RD,,Collector,North York,43.752497,-79.365459,Intersection Related,Traffic Signal,Clear,Daylight,Dry,Non-Fatal Injury,Pedestrian Collisions,Driver,90 to 94,None,,East,"Automobile, Station Wagon",Going Ahead,Driving Properly,Normal,,,,,,,Yes,,Yes,,,,,,,,,,,42,Banbury-Don Mills,40,St.Andrew-Windfields (40),D33,631592.4959,4845681.113
18393,81738445,3001037077,09/05/2023,2023,1531,BANBURY RD,YORK MILLS RD,,Collector,North York,43.752497,-79.365459,Intersection Related,Traffic Signal,Clear,Daylight,Dry,Non-Fatal Injury,Pedestrian Collisions,Pedestrian,10 to 14,Major,,,,,,,Vehicle is going straight thru inter.while ped cross without ROW,Crossing without right of way,Normal,,,,Yes,,Yes,,,,,,,,,,,42,Banbury-Don Mills,40,St.Andrew-Windfields (40),D33,631592.4959,4845681.113
18394,81709664,3001076357,13/05/2023,2023,2212,FINCH AVE W,CHAMPAGNE DR,,Major Arterial,North York,43.767756,-79.471439,Intersection Related,Traffic Signal,Clear,"Dark, artificial",Dry,Fatal,Turning Movement,Driver,40 to 44,Minor,,West,"Automobile, Station Wagon",Turning Left,Failed to Yield Right of Way,Normal,,,,,,,,,Yes,Yes,,,,,,Yes,,,,27,York University Heights,27,York University Heights (27),D32,623028.9779,4847212.939
18395,81731843,3001076357,13/05/2023,2023,2212,FINCH AVE W,CHAMPAGNE DR,,Major Arterial,North York,43.767756,-79.471439,Intersection Related,Traffic Signal,Clear,"Dark, artificial",Dry,Fatal,Turning Movement,Motorcycle Driver,55 to 59,Fatal,12,East,Motorcycle,Going Ahead,,,,,,,,,,,Yes,Yes,,,,,,Yes,,,,27,York University Heights,27,York University Heights (27),D32,623028.9779,4847212.939
18396,81738504,3001160562,23/05/2023,2023,1733,YORKWOODS GT,JANE ST,7 m West of,Collector,North York,43.750727,-79.51601,Intersection Related,Traffic Signal,Clear,Daylight,Dry,Non-Fatal Injury,Turning Movement,Driver,65 to 69,Minor,,East,"Automobile, Station Wagon",Turning Left,Failed to Yield Right of Way,Other,,,,,,,,,Yes,Yes,,,,,,Yes,,,,25,Glenfield-Jane Heights,25,Glenfield-Jane Heights (25),D31,619475.4613,4845256.364
18397,81738505,3001160562,23/05/2023,2023,1733,YORKWOODS GT,JANE ST,7 m West of,Collector,North York,43.750727,-79.51601,Intersection Related,Traffic Signal,Clear,Daylight,Dry,Non-Fatal Injury,Turning Movement,Motorcycle Driver,25 to 29,Major,,North,Motorcycle,Going Ahead,Driving Properly,Normal,,,,,,,,,Yes,Yes,,,,,,Yes,,,,25,Glenfield-Jane Heights,25,Glenfield-Jane Heights (25),D31,619475.4613,4845256.364
18398,81805889,3001165167,24/05/2023,2023,830,AVENUE RD,BERNARD AVE,20 m East of,,,43.674007,-79.396274,Intersection Related,Stop Sign,Clear,"Daylight, artificial",Dry,Non-Fatal Injury,Pedestrian Collisions,Driver,35 to 39,None,,East,"Automobile, Station Wagon",Turning Left,,Unknown,,,,,,,Yes,,Yes,,,,,,,,,,,95,Annex,95,Annex (95),D53,629280.302,4836915.188
18399,81805890,3001165167,24/05/2023,2023,830,AVENUE RD,BERNARD AVE,20 m East of,,,43.674007,-79.396274,Intersection Related,Stop Sign,Clear,"Daylight, artificial",Dry,Non-Fatal Injury,Pedestrian Collisions,Pedestrian,70 to 74,Major,,,,,,,,,Unknown,,,,Yes,,Yes,,,,,,,,,,,95,Annex,95,Annex (95),D53,629280.302,4836915.188
18400,81747790,3001181189,26/05/2023,2023,50,STEELES AV WEST,JANE ST,,Major Shoreline,North York,43.775332,-79.521732,Intersection Related,Traffic Signal,Clear,"Dark, artificial",Dry,Non-Fatal Injury,Cyclist Collisions,Cyclist,55 to 59,Major,,East,Bicycle,Going Ahead,,,,,,Motorist turned left across cyclists path.,,Unknown,,Yes,,,,,,,,,,,,24,Black Creek,24,Black Creek (24),D31,618966.0031,4847980.877
18401,81739171,3001193849,27/05/2023,2023,1237,FORT YORK BV,LAKE SHORE BV W,,Collector,Toronto and East York,43.635489,-79.40668,Intersection Related,Traffic Signal,Clear,Daylight,Dry,Non-Fatal Injury,Pedestrian Collisions,Motorcycle Driver,25 to 29,None,,East,Motorcycle,Going Ahead,Improper Passing,Normal,,,,,,,Yes,,Yes,Yes,,,,,,Yes,,,,163,Fort York-Liberty Village,82,Niagara (82),D14,628523.5833,4832621.093
18402,81739172,3001193849,27/05/2023,2023,1237,FORT YORK BV,LAKE SHORE BV W,,Collector,Toronto and East York,43.635489,-79.40668,Intersection Related,Traffic Signal,Clear,Daylight,Dry,Non-Fatal Injury,Pedestrian Collisions,Driver,50 to 54,None,,East,"Automobile, Station Wagon",Slowing or Stopping,Driving Properly,Normal,,,,,,,Yes,,Yes,Yes,,,,,,Yes,,,,163,Fort York-Liberty Village,82,Niagara (82),D14,628523.5833,4832621.093
18403,81739173,3001193849,27/05/2023,2023,1237,FORT YORK BV,LAKE SHORE BV W,,Collector,Toronto and East York,43.635489,-79.40668,Intersection Related,Traffic Signal,Clear,Daylight,Dry,Non-Fatal Injury,Pedestrian Collisions,Pedestrian,35 to 39,Major,,,,,,,Vehicle is going straight thru inter.while ped cross without ROW,"Crossing, Pedestrian Crossover",Normal,,,,Yes,,Yes,Yes,,,,,,Yes,,,,163,Fort York-Liberty Village,82,Niagara (82),D14,628523.5833,4832621.093
18404,81731844,3001202915,28/05/2023,2023,1330,GREENHOLM CRCT,LAWRENCE AVE E,GREENCREST C,Major Arterial,Scarborough,43.760241,-79.222949,At Intersection,Traffic Signal,Clear,Daylight,Dry,Fatal,Turning Movement,Motorcycle Driver,20 to 24,Fatal,13,East,Motorcycle,Going Ahead,Speed too Fast For Condition,Other,,,,,,,,,Yes,Yes,,,,,Yes,Yes,,,,141,Golfdale-Cedarbrae-Woburn,137,Woburn (137),D43,643047.2704,4846777.49
18405,81731845,3001202915,28/05/2023,2023,1330,GREENHOLM CRCT,LAWRENCE AVE E,GREENCREST C,Major Arterial,Scarborough,43.760241,-79.222949,At Intersection,Traffic Signal,Clear,Daylight,Dry,Fatal,Turning Movement,Driver,50 to 54,None,,West,"Automobile, Station Wagon",Turning Left,Failed to Yield Right of Way,Normal,,,,,,,,,Yes,Yes,,,,,Yes,Yes,,,,141,Golfdale-Cedarbrae-Woburn,137,Woburn (137),D43,643047.2704,4846777.49
18406,81746226,3001204708,28/05/2023,2023,1706,KEELE ST,SHEPPARD AV W,24 m West of,Major Arterial,North York,43.744734,-79.486705,Non Intersection,Traffic Signal,Clear,Daylight,Dry,Non-Fatal Injury,Pedestrian Collisions,Driver,35 to 39,None,,East,"Automobile, Station Wagon",Going Ahead,Driving Properly,Normal,,,,,,,Yes,,Yes,,,,,Yes,,,,,,155,Downsview,27,York University Heights (27),D31,621846.9733,4844633.439
18407,81746227,3001204708,28/05/2023,2023,1706,KEELE ST,SHEPPARD AV W,24 m West of,Major Arterial,North York,43.744734,-79.486705,Non Intersection,Traffic Signal,Clear,Daylight,Dry,Non-Fatal Injury,Pedestrian Collisions,Pedestrian,45 to 49,Major,,North,,,,,Vehicle is going straight thru inter.while ped cross without ROW,Crossing without right of way,Normal,,,,Yes,,Yes,,,,,Yes,,,,,,155,Downsview,27,York University Heights (27),D31,621846.9733,4844633.439
18408,81746228,3001204708,28/05/2023,2023,1706,KEELE ST,SHEPPARD AV W,24 m West of,Major Arterial,North York,43.744734,-79.486705,Non Intersection,Traffic Signal,Clear,Daylight,Dry,Non-Fatal Injury,Pedestrian Collisions,Passenger,35 to 39,None,,,"Automobile, Station Wagon",,,,,,,,,,Yes,,Yes,,,,,Yes,,,,,,155,Downsview,27,York University Heights (27),D31,621846.9733,4844633.439
18409,81731846,3001205970,28/05/2023,2023,1927,SCARLETT RD,LOCKHEED BLVD,,Major Arterial,Etobicoke York,43.699637,-79.525035,At Intersection,No Control,Clear,Daylight,Dry,Fatal,Cyclist Collisions,Driver,20 to 24,None,,North,"Automobile, Station Wagon",Changing Lanes,Other,Normal,,,,,,,,Yes,Yes,,,,,Yes,,,,,,8,Humber Heights-Westmount,8,Humber Heights-Westmount (8),D23,618849.8443,4839569.121
18410,81731847,3001205970,28/05/2023,2023,1927,SCARLETT RD,LOCKHEED BLVD,,Major Arterial,Etobicoke York,43.699637,-79.525035,At Intersection,No Control,Clear,Daylight,Dry,Fatal,Cyclist Collisions,Passenger,20 to 24,None,,North,"Automobile, Station Wagon",,,,,,,,,,,Yes,Yes,,,,,Yes,,,,,,8,Humber Heights-Westmount,8,Humber Heights-Westmount (8),D23,618849.8443,4839569.121
18411,81738097,3001205970,28/05/2023,2023,1927,SCARLETT RD,LOCKHEED BLVD,,Major Arterial,Etobicoke York,43.699637,-79.525035,At Intersection,No Control,Clear,Daylight,Dry,Fatal,Cyclist Collisions,Cyclist,30 to 34,Fatal,14,North,Bicycle,Turning Left,,,,,,Cyclist and Driver travelling in same direction. One vehicle sideswipes the other.,Other,Normal,,Yes,Yes,,,,,Yes,,,,,,8,Humber Heights-Westmount,8,Humber Heights-Westmount (8),D23,618849.8443,4839569.121
18412,81738952,3001211034,29/05/2023,2023,1126,BLOOR ST E,SHERBOURNE ST,25 m West of,Major Arterial,Toronto and East York,43.672305,-79.377116,Intersection Related,Traffic Signal,Clear,Daylight,Dry,Non-Fatal Injury,Other,Driver,75 to 79,None,,East,"Automobile, Station Wagon",Changing Lanes,Improper Lane Change,Other,,,,,,,,Yes,Yes,,,,,,,,,,,74,North St.James Town,98,Rosedale-Moore Park (98),D51,630828.3899,4836756.195
18413,81738953,3001211034,29/05/2023,2023,1126,BLOOR ST E,SHERBOURNE ST,25 m West of,Major Arterial,Toronto and East York,43.672305,-79.377116,Intersection Related,Traffic Signal,Clear,Daylight,Dry,Non-Fatal Injury,Other,Cyclist,45 to 49,Major,,East,Bicycle,Going Ahead,,,,,,Cyclist and Driver travelling in same direction. One vehicle sideswipes the other.,Driving Properly,Normal,,Yes,Yes,,,,,,,,,,,74,North St.James Town,98,Rosedale-Moore Park (98),D51,630828.3899,4836756.195
18414,81738208,3001211390,29/05/2023,2023,1211,ORIOLE PKWY,GORMLEY AVE,10 m South o,Major Arterial,North York,43.692103,-79.401248,Non Intersection,No Control,Clear,Daylight,Dry,Non-Fatal Injury,Other,Driver,75 to 79,Major,,North,"Automobile, Station Wagon",Changing Lanes,Lost control,Fatigue,,,,,,,,,Yes,,,,,,,Yes,,,,97,Yonge-St.Clair,97,Yonge-St.Clair (97),D53,628840.5883,4838917.256
18415,81738209,3001211390,29/05/2023,2023,1211,ORIOLE PKWY,GORMLEY AVE,10 m South o,Major Arterial,North York,43.692103,-79.401248,Non Intersection,No Control,Clear,Daylight,Dry,Non-Fatal Injury,Other,Driver,65 to 69,None,,North,"Automobile, Station Wagon",Going Ahead,Driving Properly,Normal,,,,,,,,,Yes,,,,,,,Yes,,,,97,Yonge-St.Clair,97,Yonge-St.Clair (97),D53,628840.5883,4838917.256
18416,81739094,3001223136,30/05/2023,2023,1512,HOLLAND PARK AV,OAKWOOD AV,,Local,Toronto and East York,43.686377,-79.438388,Intersection Related,Stop Sign,Clear,Daylight,Dry,Non-Fatal Injury,Pedestrian Collisions,Driver,55 to 59,None,,East,Pick Up Truck,Turning Left,Failed to Yield Right of Way,Normal,,,,,,,Yes,,Yes,,,,,,,Yes,,,,107,Oakwood Village,107,Oakwood Village (107),D13,625859.4889,4838224.268
18417,81739095,3001223136,30/05/2023,2023,1512,HOLLAND PARK AV,OAKWOOD AV,,Local,Toronto and East York,43.686377,-79.438388,Intersection Related,Stop Sign,Clear,Daylight,Dry,Non-Fatal Injury,Pedestrian Collisions,Pedestrian,55 to 59,Major,,,,,,,Vehicle turns left while ped crosses with ROW at inter.,"Crossing, Pedestrian Crossover",Normal,,,,Yes,,Yes,,,,,,,Yes,,,,107,Oakwood Village,107,Oakwood Village (107),D13,625859.4889,4838224.268
18418,81739124,3001224496,30/05/2023,2023,1723,DANFORTH AV,VICTORIA PARK AV,22 m North o,Major Arterial,Toronto and East York,43.691229,-79.288364,Intersection Related,Traffic Signal,Clear,Daylight,Dry,Non-Fatal Injury,,Driver,30 to 34,None,,North,Municipal Transit Bus (TTC),Going Ahead,Other,Normal,,,,,,,,Yes,,,,Yes,,,,,,,,61,Taylor-Massey,61,Taylor-Massey (61),D55,637939.8157,4839001.778
18419,81739125,3001224496,30/05/2023,2023,1723,DANFORTH AV,VICTORIA PARK AV,22 m North o,Major Arterial,Toronto and East York,43.691229,-79.288364,Intersection Related,Traffic Signal,Clear,Daylight,Dry,Non-Fatal Injury,,Cyclist,60 to 64,Major,,North,Bicycle,Going Ahead,,,,,,Cyclist and Driver travelling in same direction. One vehicle sideswipes the other.,Other,Unknown,,Yes,,,,Yes,,,,,,,,61,Taylor-Massey,61,Taylor-Massey (61),D55,637939.8157,4839001.778
18420,81806878,3001239733,01/06/2023,2023,744,REXDALE BV,QUEEN'S PLATE DR,,,,43.716537,-79.592579,Intersection Related,Traffic Signal,Clear,Daylight,Dry,Non-Fatal Injury,Pedestrian Collisions,Truck Driver,50 to 54,None,,East,Truck-Tractor,Going Ahead,Driving Properly,Normal,,,,,,,Yes,,,,Yes,,,Yes,,,,,,1,West Humber-Clairville,1,West Humber-Clairville (1),D23,613375.3746,4841351.495
18421,81806879,3001239733,01/06/2023,2023,744,REXDALE BV,QUEEN'S PLATE DR,,,,43.716537,-79.592579,Intersection Related,Traffic Signal,Clear,Daylight,Dry,Non-Fatal Injury,Pedestrian Collisions,Passenger,35 to 39,None,,,,,,,,,,,,,Yes,,,,Yes,,,Yes,,,,,,1,West Humber-Clairville,1,West Humber-Clairville (1),D23,613375.3746,4841351.495
18422,81806880,3001239733,01/06/2023,2023,744,REXDALE BV,QUEEN'S PLATE DR,,,,43.716537,-79.592579,Intersection Related,Traffic Signal,Clear,Daylight,Dry,Non-Fatal Injury,Pedestrian Collisions,Pedestrian,10 to 14,Major,,,,,,,,,Unknown,,,,Yes,,,,Yes,,,Yes,,,,,,1,West Humber-Clairville,1,West Humber-Clairville (1),D23,613375.3746,4841351.495
18423,81754819,3001254670,02/06/2023,2023,1448,MARLEE AVE,GLENCAIRN AVE,70 m North o,Major Arterial,North York,43.708998,-79.443813,Non Intersection,No Control,Clear,Daylight,Dry,Non-Fatal Injury,Pedestrian Collisions,Driver,30 to 34,None,,North,"Automobile, Station Wagon",Going Ahead,Driving Properly,Normal,,,,,,,Yes,,Yes,,,,,,,,,,,31,Yorkdale-Glen Park,31,Yorkdale-Glen Park (31),D13,625375.0984,4840728.424
18424,81754820,3001254670,02/06/2023,2023,1448,MARLEE AVE,GLENCAIRN AVE,70 m North o,Major Arterial,North York,43.708998,-79.443813,Non Intersection,No Control,Clear,Daylight,Dry,Non-Fatal Injury,Pedestrian Collisions,Pedestrian,45 to 49,Major,,,,,,,Pedestrian hit at mid-block,"Crossing, no Traffic Control",Normal,,,,Yes,,Yes,,,,,,,,,,,31,Yorkdale-Glen Park,31,Yorkdale-Glen Park (31),D13,625375.0984,4840728.424
18425,81806466,3001255637,02/06/2023,2023,1615,CHUDLEIGH AV,DUPLEX AV,2 m East of,,,43.723582,-79.405277,Intersection Related,Stop Sign,Clear,Daylight,Dry,Non-Fatal Injury,Cyclist Collisions,Driver,65 to 69,None,,South,"Automobile, Station Wagon",Going Ahead,Driving Properly,Normal,,,,,,,,Yes,Yes,,,,,,,,,,,103,Lawrence Park South,103,Lawrence Park South (103),D53,628448.6384,4842407.19
18426,81806467,3001255637,02/06/2023,2023,1615,CHUDLEIGH AV,DUPLEX AV,2 m East of,,,43.723582,-79.405277,Intersection Related,Stop Sign,Clear,Daylight,Dry,Non-Fatal Injury,Cyclist Collisions,Cyclist,45 to 49,Major,,West,Bicycle,Going Ahead,,,,,,,Failed to Yield Right of Way,,,Yes,Yes,,,,,,,,,,,103,Lawrence Park South,103,Lawrence Park South (103),D53,628448.6384,4842407.19
18427,81805871,3001255752,02/06/2023,2023,1625,BLEECKER ST,WELLESLEY ST E,,,,43.667304,-79.373737,Intersection Related,Pedestrian Crossover,Clear,Daylight,Dry,Non-Fatal Injury,SMV Other,Driver,30 to 34,None,,West,"Automobile, Station Wagon",Turning Right,Driving Properly,Normal,,,,,,,,,Yes,,,,,,,,,,,71,Cabbagetown-South St.James Town,74,North St.James Town (74),D51,631111.6787,4836206.102
18428,81805872,3001255752,02/06/2023,2023,1625,BLEECKER ST,WELLESLEY ST E,,,,43.667304,-79.373737,Intersection Related,Pedestrian Crossover,Clear,Daylight,Dry,Non-Fatal Injury,SMV Other,Driver,30 to 34,Major,,West,Rickshaw,Going Ahead,Driving Properly,Normal,,,,,,,,,Yes,,,,,,,,,,,71,Cabbagetown-South St.James Town,74,North St.James Town (74),D51,631111.6787,4836206.102
18429,81806159,3001259368,02/06/2023,2023,2200,STEELES AVE E,Bluffwood Dr,61 m East of,,,43.80788,-79.375339,Non Intersection,,Clear,Dark,Dry,Non-Fatal Injury,Pedestrian Collisions,Driver,55 to 59,None,,West,"Automobile, Station Wagon",Going Ahead,Driving Properly,Normal,,,,,,,Yes,,Yes,,,,,,,,,,,49,Bayview Woods-Steeles,NSA,NSA,D33,630676.3636,4851816.602