OBJECTID,INDEX,ACCNUM,DATE,ACCIDENT_YEAR,TIME,STREET1,STREET2,OFFSET,ROAD_CLASS,DISTRICT,LATITUDE,LONGITUDE,ACCLOC,TRAFFCTL,VISIBILITY,LIGHT,RDSFCOND,ACCLASS,IMPACTYPE,INVTYPE,INVAGE,INJURY,FATAL_NO,INITDIR,VEHTYPE,MANOEUVER,DRIVACT,DRIVCOND,PEDTYPE,PEDACT,PEDCOND,CYCLISTYPE,CYCACT,CYCCOND,PEDESTRIAN,CYCLIST,AUTOMOBILE,MOTORCYCLE,TRUCK,TRSN_CITY_VEH,EMERG_VEH,PASSENGER,SPEEDING,AG_DRIV,REDLIGHT,ALCOHOL,DISABILITY,HOOD_158,NEIGHBOURHOOD_158,HOOD_140,NEIGHBOURHOOD_140,DIVISION,x,y
18430,81806160,3001259368,02/06/2023,2023,2200,STEELES AVE E,Bluffwood Dr,61 m East of,,,43.80788,-79.375339,Non Intersection,,Clear,Dark,Dry,Non-Fatal Injury,Pedestrian Collisions,Pedestrian,60 to 64,Major,,,,,,,,,Unknown,,,,Yes,,Yes,,,,,,,,,,,49,Bayview Woods-Steeles,NSA,NSA,D33,630676.3636,4851816.602
18431,81806606,3001266373,03/06/2023,2023,1750,Dufferin St,OVERBROOK PL,,,,43.76105,-79.465183,Intersection Related,Traffic Signal,Clear,Daylight,Dry,Non-Fatal Injury,Pedestrian Collisions,Motorcycle Driver,50 to 54,Major,,North,Motorcycle,Going Ahead,,Unknown,,,,,,,Yes,,,Yes,,,,,,,,,,34,Bathurst Manor,34,Bathurst Manor (34),D32,623546.3111,4846477.451
18432,81806607,3001266373,03/06/2023,2023,1750,Dufferin St,OVERBROOK PL,,,,43.76105,-79.465183,Intersection Related,Traffic Signal,Clear,Daylight,Dry,Non-Fatal Injury,Pedestrian Collisions,Pedestrian,10 to 14,Minor,,,,,,,,,Unknown,,,,Yes,,,Yes,,,,,,,,,,34,Bathurst Manor,34,Bathurst Manor (34),D32,623546.3111,4846477.451
18433,81806201,3001266525,03/06/2023,2023,1809,DUNDAS ST E,LOGAN AV,2 m East of,,,43.663932,-79.34383,Intersection Related,Traffic Signal,Clear,Daylight,Dry,Non-Fatal Injury,Cyclist Collisions,Driver,60 to 64,None,,East,"Automobile, Station Wagon",Turning Left,Improper Turn,,,,,,,,,Yes,Yes,,,,,,,,,,,70,South Riverdale,70,South Riverdale (70),D55,633530.3273,4835879.297
18434,81806202,3001266525,03/06/2023,2023,1809,DUNDAS ST E,LOGAN AV,2 m East of,,,43.663932,-79.34383,Intersection Related,Traffic Signal,Clear,Daylight,Dry,Non-Fatal Injury,Cyclist Collisions,Cyclist,25 to 29,Major,,West,Bicycle,Going Ahead,,,,,,,Driving Properly,Normal,,Yes,Yes,,,,,,,,,,,70,South Riverdale,70,South Riverdale (70),D55,633530.3273,4835879.297
18435,81738985,3001278941,05/06/2023,2023,745,WESTON RD,OAK ST,,Major Arterial,North York,43.707789,-79.533588,Intersection Related,Traffic Signal,Clear,Daylight,Dry,Non-Fatal Injury,Approaching,Driver,25 to 29,Major,,South,"Automobile, Station Wagon",Going Ahead,Improper Passing,Unknown,,,,,,,,,Yes,,Yes,,,,,Yes,,,,113,Weston,113,Weston (113),D12,618144.6407,4840462.288
18436,81738986,3001278941,05/06/2023,2023,745,WESTON RD,OAK ST,,Major Arterial,North York,43.707789,-79.533588,Intersection Related,Traffic Signal,Clear,Daylight,Dry,Non-Fatal Injury,Approaching,Truck Driver,55 to 59,Minor,,North,Truck - Open,Going Ahead,Driving Properly,Normal,,,,,,,,,Yes,,Yes,,,,,Yes,,,,113,Weston,113,Weston (113),D12,618144.6407,4840462.288
18437,81738987,3001278941,05/06/2023,2023,745,WESTON RD,OAK ST,,Major Arterial,North York,43.707789,-79.533588,Intersection Related,Traffic Signal,Clear,Daylight,Dry,Non-Fatal Injury,Approaching,Driver,25 to 29,None,,South,"Automobile, Station Wagon",Stopped,Driving Properly,Normal,,,,,,,,,Yes,,Yes,,,,,Yes,,,,113,Weston,113,Weston (113),D12,618144.6407,4840462.288
18438,81748554,3001286165,05/06/2023,2023,2155,SHERBOURNE ST,EARL ST,,Minor Arterial,Toronto and East York,43.668715,-79.375324,Other,Pedestrian Crossover,Clear,"Dark, artificial",Dry,Non-Fatal Injury,Pedestrian Collisions,Driver,60 to 64,None,,North,"Automobile, Station Wagon",Going Ahead,Driving Properly,Normal,,,,,,,Yes,,Yes,,,,,Yes,,,,,,74,North St.James Town,74,North St.James Town (74),D51,630980.662,4836360.305
18439,81748555,3001286165,05/06/2023,2023,2155,SHERBOURNE ST,EARL ST,,Minor Arterial,Toronto and East York,43.668715,-79.375324,Other,Pedestrian Crossover,Clear,"Dark, artificial",Dry,Non-Fatal Injury,Pedestrian Collisions,Passenger,70 to 74,None,,,,,,,,,,,,,Yes,,Yes,,,,,Yes,,,,,,74,North St.James Town,74,North St.James Town (74),D51,630980.662,4836360.305
18440,81748556,3001286165,05/06/2023,2023,2155,SHERBOURNE ST,EARL ST,,Minor Arterial,Toronto and East York,43.668715,-79.375324,Other,Pedestrian Crossover,Clear,"Dark, artificial",Dry,Non-Fatal Injury,Pedestrian Collisions,Passenger,70 to 74,None,,,,,,,,,,,,,Yes,,Yes,,,,,Yes,,,,,,74,North St.James Town,74,North St.James Town (74),D51,630980.662,4836360.305
18441,81748557,3001286165,05/06/2023,2023,2155,SHERBOURNE ST,EARL ST,,Minor Arterial,Toronto and East York,43.668715,-79.375324,Other,Pedestrian Crossover,Clear,"Dark, artificial",Dry,Non-Fatal Injury,Pedestrian Collisions,Pedestrian,65 to 69,Major,,,,,,,Pedestrian hit a PXO/ped. Mid-block signal,"Crossing, Pedestrian Crossover",Normal,,,,Yes,,Yes,,,,,Yes,,,,,,74,North St.James Town,74,North St.James Town (74),D51,630980.662,4836360.305
18442,81731848,3001288337,06/06/2023,2023,731,MOUNT PLEASANT BLOOR RAMP,MOUNT PLEASANT RD,,Major Arterial ,Toronto and East York,43.672358,-79.379527,Other,Stop Sign,Clear,Daylight,Dry,Fatal,Pedestrian Collisions,Pedestrian,25 to 29,Fatal,15,North,,,,,Vehicle turns right while ped crosses with ROW at inter.,Crossing with right of way,Normal,,,,Yes,,Yes,,,,,,,Yes,,,,98,Rosedale-Moore Park,98,Rosedale-Moore Park (98),D53,630633.9107,4836758.282
18443,81731849,3001288337,06/06/2023,2023,731,MOUNT PLEASANT BLOOR RAMP,MOUNT PLEASANT RD,,Major Arterial ,Toronto and East York,43.672358,-79.379527,Other,Stop Sign,Clear,Daylight,Dry,Fatal,Pedestrian Collisions,Driver,25 to 29,None,,West,Tow Truck,Merging,Failed to Yield Right of Way,Other,,,,,,,Yes,,Yes,,,,,,,Yes,,,,98,Rosedale-Moore Park,98,Rosedale-Moore Park (98),D53,630633.9107,4836758.282
18444,81787723,3001292986,06/06/2023,2023,1637,ISLINGTON AV,TITAN RD,,Major Arterial,Etobicoke York,43.630881,-79.517734,Intersection Related,Traffic Signal,Clear,Daylight,Dry,Non-Fatal Injury,Pedestrian Collisions,Driver,65 to 69,None,,North,"Automobile, Station Wagon",Going Ahead,Driving Properly,Normal,,,,,,,Yes,,Yes,,,,,,,,,,,16,Stonegate-Queensway,16,Stonegate-Queensway (16),D22,619574.5792,4831943.362
18445,81787724,3001292986,06/06/2023,2023,1637,ISLINGTON AV,TITAN RD,,Major Arterial,Etobicoke York,43.630881,-79.517734,Intersection Related,Traffic Signal,Clear,Daylight,Dry,Non-Fatal Injury,Pedestrian Collisions,Pedestrian,0 to 4,Major,,,,,,,Vehicle is going straight thru inter.while ped cross with ROW,Crossing with right of way,Normal,,,,Yes,,Yes,,,,,,,,,,,16,Stonegate-Queensway,16,Stonegate-Queensway (16),D22,619574.5792,4831943.362
18446,81748629,3001301183,07/06/2023,2023,1411,SAWMILL RD,DOLORES RD,150 m South ,Local,North York,43.74713,-79.508724,Non Intersection,No Control,Clear,Daylight,Dry,Non-Fatal Injury,SMV Other,Truck Driver,60 to 64,Minor,,North,"Truck - Closed (Blazer, etc)",Turning Right,Speed too Fast For Condition,Normal,,,,,,,,,,,Yes,,,Yes,Yes,Yes,,,,25,Glenfield-Jane Heights,25,Glenfield-Jane Heights (25),D31,620069.2507,4844867.399
18447,81748630,3001301183,07/06/2023,2023,1411,SAWMILL RD,DOLORES RD,150 m South ,Local,North York,43.74713,-79.508724,Non Intersection,No Control,Clear,Daylight,Dry,Non-Fatal Injury,SMV Other,Passenger,35 to 39,Major,,,,,,,,,,,,,,,,,Yes,,,Yes,Yes,Yes,,,,25,Glenfield-Jane Heights,25,Glenfield-Jane Heights (25),D31,620069.2507,4844867.399
18448,81806559,3001303438,07/06/2023,2023,1810,FOREST HILL RD,HEATH ST W,,,,43.688377,-79.404026,Intersection Related,Stop Sign,Clear,Daylight,Dry,Non-Fatal Injury,Cyclist Collisions,Cyclist,20 to 24,Major,,East,Bicycle,Going Ahead,,,,,,,Disobeyed Traffic Control,Normal,,Yes,Yes,,,,,,,,,,,96,Casa Loma,96,Casa Loma (96),D53,628624.6765,4838499.119
18449,81806560,3001303438,07/06/2023,2023,1810,FOREST HILL RD,HEATH ST W,,,,43.688377,-79.404026,Intersection Related,Stop Sign,Clear,Daylight,Dry,Non-Fatal Injury,Cyclist Collisions,Driver,45 to 49,None,,North,"Automobile, Station Wagon",Going Ahead,Driving Properly,Normal,,,,,,,,Yes,Yes,,,,,,,,,,,96,Casa Loma,96,Casa Loma (96),D53,628624.6765,4838499.119
18450,81748652,3001305596,08/06/2023,2023,18,BATHURST ST,STADACONA DR,47 m North o,Major Arterial,North York,43.734919,-79.433406,Non Intersection,No Control,Clear,"Dark, artificial",Dry,Non-Fatal Injury,Turning Movement,Driver,35 to 39,Major,,South,"Automobile, Station Wagon",Making U Turn,Improper Turn,Normal,,,,,,,,,Yes,,,,,,,,,,,32,Englemount-Lawrence,32,Englemount-Lawrence (32),D32,626159.1336,4843623.113
18451,81746890,3001307011,08/06/2023,2023,742,WOODBINE AV,GERRARD ST E,,Major Arterial,Toronto and East York,43.680796,-79.310725,Intersection Related,Traffic Signal,Clear,Daylight,Dry,Non-Fatal Injury,Pedestrian Collisions,Truck Driver,40 to 44,None,,North,Truck - Dump,Turning Right,Improper Turn,,,,,,,,Yes,,,,Yes,,,,,,,,,62,East End-Danforth,62,East End-Danforth (62),D55,636161.3376,4837806.092
18452,81746891,3001307011,08/06/2023,2023,742,WOODBINE AV,GERRARD ST E,,Major Arterial,Toronto and East York,43.680796,-79.310725,Intersection Related,Traffic Signal,Clear,Daylight,Dry,Non-Fatal Injury,Pedestrian Collisions,Pedestrian,50 to 54,Major,,,,,,,Pedestrian involved in a collision with transit vehicle anywhere along roadway,On Sidewalk or Shoulder,Normal,,,,Yes,,,,Yes,,,,,,,,,62,East End-Danforth,62,East End-Danforth (62),D55,636161.3376,4837806.092
18453,81746506,3001320528,09/06/2023,2023,1736,YONGE ST,GOULD ST,15 m North o,Major Arterial,Toronto and East York,43.657401,-79.381328,Intersection Related,Traffic Signal,Clear,Daylight,Dry,Non-Fatal Injury,Cyclist Collisions,Driver,45 to 49,None,,North,"Bus (Other) (Go Bus, Gray Coa",Overtaking,Improper Passing,Normal,,,,,,,,Yes,,,,Yes,,,,Yes,,,,168,Downtown Yonge East,75,Church-Yonge Corridor (75),D51,630521.1331,4835094.272
18454,81746507,3001320528,09/06/2023,2023,1736,YONGE ST,GOULD ST,15 m North o,Major Arterial,Toronto and East York,43.657401,-79.381328,Intersection Related,Traffic Signal,Clear,Daylight,Dry,Non-Fatal Injury,Cyclist Collisions,Cyclist,35 to 39,Major,,North,Bicycle,Going Ahead,,,,,,"Motorist without ROW drives into path of cyclist at inter, lnwy, dwy-Driver not turn.",Driving Properly,Normal,,Yes,,,,Yes,,,,Yes,,,,168,Downtown Yonge East,75,Church-Yonge Corridor (75),D51,630521.1331,4835094.272
18455,81746288,3001327997,10/06/2023,2023,1453,205 CHURCH ST,Uphill Ave,2 m South of,Collector,Toronto and East York,43.708586,-79.50854,Non Intersection,No Control,Clear,Daylight,Dry,Non-Fatal Injury,Pedestrian Collisions,Driver,80 to 84,None,,North,Pick Up Truck,Reversing,Other,Normal,,,,,,,Yes,,Yes,,,,,,,,,,,113,Weston,113,Weston (113),D12,620161.1102,4840586.807
18456,81746289,3001327997,10/06/2023,2023,1453,205 CHURCH ST,Uphill Ave,2 m South of,Collector,Toronto and East York,43.708586,-79.50854,Non Intersection,No Control,Clear,Daylight,Dry,Non-Fatal Injury,Pedestrian Collisions,Pedestrian,70 to 74,Major,,,,,,,Vehicle is reversing and hits pedestrian,On Sidewalk or Shoulder,Other,,,,Yes,,Yes,,,,,,,,,,,113,Weston,113,Weston (113),D12,620161.1102,4840586.807
18457,81746549,3001328893,10/06/2023,2023,1630,DUPONT ST,HURON ST,,Minor Arterial,Toronto and East York,43.675376,-79.404712,Intersection Related,Traffic Signal,Clear,Daylight,Dry,Non-Fatal Injury,Turning Movement,Driver,45 to 49,None,,North,"Automobile, Station Wagon",Turning Left,Improper Turn,Normal,,,,,,,,,Yes,,,,,,,,,,,95,Annex,95,Annex (95),D53,628597.163,4837054.117
18458,81746550,3001328893,10/06/2023,2023,1630,DUPONT ST,HURON ST,,Minor Arterial,Toronto and East York,43.675376,-79.404712,Intersection Related,Traffic Signal,Clear,Daylight,Dry,Non-Fatal Injury,Turning Movement,Driver,60 to 64,Major,,South,"Automobile, Station Wagon",Going Ahead,Driving Properly,Normal,,,,,,,,,Yes,,,,,,,,,,,95,Annex,95,Annex (95),D53,628597.163,4837054.117
18459,81746098,3001330203,10/06/2023,2023,1859,LAWRENCE AVE E,THE DON WAY E,,Major Arterial,North York,43.737704,-79.340938,Intersection Related,Traffic Signal,Clear,"Dusk, artificial",Dry,Non-Fatal Injury,Turning Movement,Driver,60 to 64,None,,West,"Automobile, Station Wagon",Turning Left,Failed to Yield Right of Way,Normal,,,,,,,,,Yes,Yes,,,,,,Yes,,,,42,Banbury-Don Mills,42,Banbury-Don Mills (42),D33,633599.5404,4844077.379
18460,81746099,3001330203,10/06/2023,2023,1859,LAWRENCE AVE E,THE DON WAY E,,Major Arterial,North York,43.737704,-79.340938,Intersection Related,Traffic Signal,Clear,"Dusk, artificial",Dry,Non-Fatal Injury,Turning Movement,Motorcycle Driver,25 to 29,Major,,East,Motorcycle,Going Ahead,Driving Properly,Normal,,,,,,,,,Yes,Yes,,,,,,Yes,,,,42,Banbury-Don Mills,42,Banbury-Don Mills (42),D33,633599.5404,4844077.379
18461,81745862,3001334130,11/06/2023,2023,727,1738 ISLINGTON AV,EGLINTON AVENUE,140 m South ,Major Arterial,Etobicoke York,43.677676,-79.538043,Non Intersection,No Control,Clear,Daylight,Dry,Non-Fatal Injury,Approaching,Driver,30 to 34,Minor,,South,"Automobile, Station Wagon",Going Ahead,Lost control,Unknown,,,,,,,,,Yes,,,,,,,,,,,10,Princess-Rosethorn,10,Princess-Rosethorn (10),D22,617844.6741,4837111.494
18462,81745863,3001334130,11/06/2023,2023,727,1738 ISLINGTON AV,EGLINTON AVENUE,140 m South ,Major Arterial,Etobicoke York,43.677676,-79.538043,Non Intersection,No Control,Clear,Daylight,Dry,Non-Fatal Injury,Approaching,Driver,20 to 24,Major,,North,"Automobile, Station Wagon",Going Ahead,Driving Properly,Normal,,,,,,,,,Yes,,,,,,,,,,,10,Princess-Rosethorn,10,Princess-Rosethorn (10),D22,617844.6741,4837111.494
18463,81739120,3001338095,11/06/2023,2023,1735,KEELE ST,ROGERS RD,2 m South of,Major Arterial,Toronto and East York,43.682143,-79.471561,Intersection Related,Traffic Signal,Clear,Daylight,Dry,Non-Fatal Injury,Turning Movement,Driver,20 to 24,None,,North,"Automobile, Station Wagon",Turning Left,Improper Turn,Normal,,,,,,,,,Yes,Yes,,,,,,,,,,110,Keelesdale-Eglinton West,110,Keelesdale-Eglinton West (110),D12,623194.524,4837704.216
18464,81739121,3001338095,11/06/2023,2023,1735,KEELE ST,ROGERS RD,2 m South of,Major Arterial,Toronto and East York,43.682143,-79.471561,Intersection Related,Traffic Signal,Clear,Daylight,Dry,Non-Fatal Injury,Turning Movement,Motorcycle Driver,30 to 34,Major,,South,Motorcycle,Going Ahead,Other,Normal,,,,,,,,,Yes,Yes,,,,,,,,,,110,Keelesdale-Eglinton West,110,Keelesdale-Eglinton West (110),D12,623194.524,4837704.216
18465,81739176,3001338848,11/06/2023,2023,1912,SHAW ST,QUEEN ST W,30 m South o,Collector,Toronto and East York,43.644469,-79.416209,Non Intersection,,Rain,Daylight,Wet,Non-Fatal Injury,SMV Other,Motorcycle Driver,40 to 44,Major,,North,Motorcycle,Going Ahead,Driving Properly,Normal,,,,,,,,,,Yes,,,,,,,,,,162,West Queen West,82,Niagara (82),D14,627735.8972,4833603.727
18466,81746691,3001342046,12/06/2023,2023,805,KIPLING AV,BURNHAMTHORPE RD,8 m South of,Major Arterial,Etobicoke York,43.650984,-79.539363,Intersection Related,Traffic Signal,Rain,Daylight,Wet,Non-Fatal Injury,Pedestrian Collisions,Driver,50 to 54,None,,South,"Automobile, Station Wagon",Going Ahead,Driving Properly,Normal,,,,,,,Yes,,Yes,,,,,Yes,,Yes,,,,158,Islington,14,Islington-City Centre West (14),D22,617790.4611,4834145.126
18467,81746692,3001342046,12/06/2023,2023,805,KIPLING AV,BURNHAMTHORPE RD,8 m South of,Major Arterial,Etobicoke York,43.650984,-79.539363,Intersection Related,Traffic Signal,Rain,Daylight,Wet,Non-Fatal Injury,Pedestrian Collisions,Pedestrian,10 to 14,Major,,,,,,,Vehicle is going straight thru inter.while ped cross with ROW,Crossing without right of way,Normal,,,,Yes,,Yes,,,,,Yes,,Yes,,,,158,Islington,14,Islington-City Centre West (14),D22,617790.4611,4834145.126
18468,81746693,3001342046,12/06/2023,2023,805,KIPLING AV,BURNHAMTHORPE RD,8 m South of,Major Arterial,Etobicoke York,43.650984,-79.539363,Intersection Related,Traffic Signal,Rain,Daylight,Wet,Non-Fatal Injury,Pedestrian Collisions,Passenger,15 to 19,None,,,,,,,,,,,,,Yes,,Yes,,,,,Yes,,Yes,,,,158,Islington,14,Islington-City Centre West (14),D22,617790.4611,4834145.126
18469,81739179,3001346279,12/06/2023,2023,1625,MOUNT PLEASANT RD,EGLINTON AV E,20 m West of,Major Arterial,Toronto and East York,43.708415,-79.39017,Intersection Related,Traffic Signal,Rain,Daylight,Wet,Non-Fatal Injury,Pedestrian Collisions,Driver,45 to 49,None,,South,"Automobile, Station Wagon",Going Ahead,Driving Properly,Normal,,,,,,,Yes,,Yes,,,,,,,,,,,99,Mount Pleasant East,99,Mount Pleasant East (99),D53,629698.1767,4840746.204
18470,81739180,3001346279,12/06/2023,2023,1625,MOUNT PLEASANT RD,EGLINTON AV E,20 m West of,Major Arterial,Toronto and East York,43.708415,-79.39017,Intersection Related,Traffic Signal,Rain,Daylight,Wet,Non-Fatal Injury,Pedestrian Collisions,Pedestrian,30 to 34,Major,,,,,,,Vehicle is going straight thru inter.while ped cross without ROW,Crossing without right of way,Other,,,,Yes,,Yes,,,,,,,,,,,99,Mount Pleasant East,99,Mount Pleasant East (99),D53,629698.1767,4840746.204
18471,81746241,3001349626,13/06/2023,2023,210,FINCH AV W,TORRESDALE AV,60 m West of,Collector,North York,43.77283,-79.451167,Non Intersection,Traffic Signal,Clear,"Dusk, artificial",Dry,Non-Fatal Injury,Turning Movement,Driver,25 to 29,Minor,,West,"Automobile, Station Wagon",Turning Left,Other,Normal,,,,,,,,,Yes,Yes,,,,,Yes,Yes,,,,35,Westminster-Branson,35,Westminster-Branson (35),D32,624650.079,4847806.802
18472,81746242,3001349626,13/06/2023,2023,210,FINCH AV W,TORRESDALE AV,60 m West of,Collector,North York,43.77283,-79.451167,Non Intersection,Traffic Signal,Clear,"Dusk, artificial",Dry,Non-Fatal Injury,Turning Movement,Motorcycle Driver,55 to 59,Major,,East,Motorcycle,Going Ahead,Exceeding Speed Limit,Normal,,,,,,,,,Yes,Yes,,,,,Yes,Yes,,,,35,Westminster-Branson,35,Westminster-Branson (35),D32,624650.079,4847806.802
18473,81738098,3001362364,14/06/2023,2023,1235,EGLINTON AVE E,MASON RD,,Major Arterial,Scarborough,43.741721,-79.225124,Intersection Related,Traffic Signal,Clear,Daylight,Dry,Fatal,Pedestrian Collisions,Pedestrian,65 to 69,Fatal,16,North,,,,,Vehicle turns right while ped crosses with ROW at inter.,Crossing with right of way,Normal,,,,Yes,,Yes,,,,,,,Yes,,,,139,Scarborough Village,139,Scarborough Village (139),D43,642916.2643,4844716.805
18474,81738099,3001362364,14/06/2023,2023,1235,EGLINTON AVE E,MASON RD,,Major Arterial,Scarborough,43.741721,-79.225124,Intersection Related,Traffic Signal,Clear,Daylight,Dry,Fatal,Pedestrian Collisions,Driver,65 to 69,None,,East,"Automobile, Station Wagon",Turning Right,Failed to Yield Right of Way,Normal,,,,,,,Yes,,Yes,,,,,,,Yes,,,,139,Scarborough Village,139,Scarborough Village (139),D43,642916.2643,4844716.805
18475,81805733,3001387773,17/06/2023,2023,539,KEELE ST,ROGERS RD,64 m North o,Major Arterial,Etobicoke York,43.682136,-79.471599,Non Intersection,Traffic Signal,Clear,Daylight,Dry,Non-Fatal Injury,Pedestrian Collisions,Driver,70 to 74,None,,North,"Automobile, Station Wagon",Pulling Away from Shoulder or Curb,Driving Properly,Normal,,,,,,,Yes,,Yes,,,,,,,,,,,110,Keelesdale-Eglinton West,110,Keelesdale-Eglinton West (110),D12,623191.4755,4837703.382
18476,81805734,3001387773,17/06/2023,2023,539,KEELE ST,ROGERS RD,64 m North o,Major Arterial,Etobicoke York,43.682136,-79.471599,Non Intersection,Traffic Signal,Clear,Daylight,Dry,Non-Fatal Injury,Pedestrian Collisions,Pedestrian,0 to 4,Major,,,,,,,,,Unknown,,,,Yes,,Yes,,,,,,,,,,,110,Keelesdale-Eglinton West,110,Keelesdale-Eglinton West (110),D12,623191.4755,4837703.382
18477,81806037,3001396865,18/06/2023,2023,705,LAWRENCE AV E,PHARMACY AV,,,,43.743247,-79.304607,Intersection Related,Traffic Signal,Clear,Daylight,Dry,Non-Fatal Injury,Angle,Driver,65 to 69,Minimal,,South,"Automobile, Station Wagon",Going Ahead,Disobeyed Traffic Control,Normal,,,,,,,,,Yes,,,,,Yes,,Yes,Yes,,,119,Wexford/Maryvale,119,Wexford/Maryvale (119),D41,636512.6057,4844752.239
18478,81806038,3001396865,18/06/2023,2023,705,LAWRENCE AV E,PHARMACY AV,,,,43.743247,-79.304607,Intersection Related,Traffic Signal,Clear,Daylight,Dry,Non-Fatal Injury,Angle,Driver,50 to 54,Minimal,,West,"Automobile, Station Wagon",Going Ahead,Driving Properly,Normal,,,,,,,,,Yes,,,,,Yes,,Yes,Yes,,,119,Wexford/Maryvale,119,Wexford/Maryvale (119),D41,636512.6057,4844752.239
18479,81806039,3001396865,18/06/2023,2023,705,LAWRENCE AV E,PHARMACY AV,,,,43.743247,-79.304607,Intersection Related,Traffic Signal,Clear,Daylight,Dry,Non-Fatal Injury,Angle,Passenger,60 to 64,Major,,,,,,,,,,,,,,,Yes,,,,,Yes,,Yes,Yes,,,119,Wexford/Maryvale,119,Wexford/Maryvale (119),D41,636512.6057,4844752.239
18480,81806040,3001396865,18/06/2023,2023,705,LAWRENCE AV E,PHARMACY AV,,,,43.743247,-79.304607,Intersection Related,Traffic Signal,Clear,Daylight,Dry,Non-Fatal Injury,Angle,Passenger,20 to 24,Minimal,,,,,,,,,,,,,,,Yes,,,,,Yes,,Yes,Yes,,,119,Wexford/Maryvale,119,Wexford/Maryvale (119),D41,636512.6057,4844752.239
18481,81739336,3001418143,20/06/2023,2023,1306,MILNER AVE,MORNINGSIDE AV,200 m West o,Minor Arterial,Scarborough,43.79959,-79.201328,Non Intersection,No Control,Clear,Daylight,Dry,Non-Fatal Injury,Pedestrian Collisions,Driver,15 to 19,None,,West,"Automobile, Station Wagon",Going Ahead,Driving Properly,Unknown,,,,,,,Yes,,Yes,,,,,,,,,,,146,Malvern East,132,Malvern (132),D42,644692.7615,4851185.397
18482,81739337,3001418143,20/06/2023,2023,1306,MILNER AVE,MORNINGSIDE AV,200 m West o,Minor Arterial,Scarborough,43.79959,-79.201328,Non Intersection,No Control,Clear,Daylight,Dry,Non-Fatal Injury,Pedestrian Collisions,Pedestrian,10 to 14,Major,,,,,,,Pedestrian hit at mid-block,Running onto Roadway,Normal,,,,Yes,,Yes,,,,,,,,,,,146,Malvern East,132,Malvern (132),D42,644692.7615,4851185.397
18483,81745858,3001421711,20/06/2023,2023,1922,DANFORTH AV,WOODBINE AV,,Major Arterial,Toronto and East York,43.685595,-79.31274,Intersection Related,Traffic Signal,Clear,"Dark, artificial",Dry,Non-Fatal Injury,Cyclist Collisions,Cyclist,30 to 34,Major,,East,Bicycle,Going Ahead,,,,,,,Driving Properly,Normal,,Yes,Yes,,,,,,,,,,,62,East End-Danforth,62,East End-Danforth (62),D55,635988.0761,4838335.782
18484,81745859,3001421711,20/06/2023,2023,1922,DANFORTH AV,WOODBINE AV,,Major Arterial,Toronto and East York,43.685595,-79.31274,Intersection Related,Traffic Signal,Clear,"Dark, artificial",Dry,Non-Fatal Injury,Cyclist Collisions,Driver,30 to 34,None,,South,Pick Up Truck,Going Ahead,Driving Properly,Normal,,,,,,,,Yes,Yes,,,,,,,,,,,62,East End-Danforth,62,East End-Danforth (62),D55,635988.0761,4838335.782
18485,81739298,3001492927,21/06/2023,2023,2000,QUEEN ST E,BEECH AV,9 m West of,Minor Arterial,Toronto and East York,43.672633,-79.287204,Non Intersection,No Control,Clear,Daylight,Dry,Non-Fatal Injury,Cyclist Collisions,Driver,65 to 69,None,,West,"Automobile, Station Wagon",Parked,Other,Normal,,,,,,,,Yes,Yes,,,,,,,,,,,63,The Beaches,63,The Beaches (63),D55,638075.9552,4836938.363
18486,81739299,3001492927,21/06/2023,2023,2000,QUEEN ST E,BEECH AV,9 m West of,Minor Arterial,Toronto and East York,43.672633,-79.287204,Non Intersection,No Control,Clear,Daylight,Dry,Non-Fatal Injury,Cyclist Collisions,Cyclist,65 to 69,Major,,West,Bicycle,Going Ahead,,,,,,Cyclist struck opened vehicle door,Driving Properly,Normal,,Yes,Yes,,,,,,,,,,,63,The Beaches,63,The Beaches (63),D55,638075.9552,4836938.363
18487,81746095,3001436521,22/06/2023,2023,1100,PARLIAMENT ST,FRONT ST E,3 m South of,Major Arterial,Toronto and East York,43.651572,-79.362705,Intersection Related,Traffic Signal,Clear,Daylight,Dry,Non-Fatal Injury,Angle,Driver,50 to 54,Minimal,,East,"Bus (Other) (Go Bus, Gray Coa",Going Ahead,Disobeyed Traffic Control,Normal,,,,,,,,,Yes,,,Yes,,,,Yes,Yes,,,166,St Lawrence-East Bayfront-The Islands,73,Moss Park (73),D51,632035.5835,4834476.348
18488,81746096,3001436521,22/06/2023,2023,1100,PARLIAMENT ST,FRONT ST E,3 m South of,Major Arterial,Toronto and East York,43.651572,-79.362705,Intersection Related,Traffic Signal,Clear,Daylight,Dry,Non-Fatal Injury,Angle,Driver,45 to 49,Major,,South,"Automobile, Station Wagon",Going Ahead,Driving Properly,Normal,,,,,,,,,Yes,,,Yes,,,,Yes,Yes,,,166,St Lawrence-East Bayfront-The Islands,73,Moss Park (73),D51,632035.5835,4834476.348