OBJECTID,INDEX,ACCNUM,DATE,ACCIDENT_YEAR,TIME,STREET1,STREET2,OFFSET,ROAD_CLASS,DISTRICT,LATITUDE,LONGITUDE,ACCLOC,TRAFFCTL,VISIBILITY,LIGHT,RDSFCOND,ACCLASS,IMPACTYPE,INVTYPE,INVAGE,INJURY,FATAL_NO,INITDIR,VEHTYPE,MANOEUVER,DRIVACT,DRIVCOND,PEDTYPE,PEDACT,PEDCOND,CYCLISTYPE,CYCACT,CYCCOND,PEDESTRIAN,CYCLIST,AUTOMOBILE,MOTORCYCLE,TRUCK,TRSN_CITY_VEH,EMERG_VEH,PASSENGER,SPEEDING,AG_DRIV,REDLIGHT,ALCOHOL,DISABILITY,HOOD_158,NEIGHBOURHOOD_158,HOOD_140,NEIGHBOURHOOD_140,DIVISION,x,y
18489,81746813,3001446604,23/06/2023,2023,1138,DUFFERIN ST,SYLVAN AV,65 m North o,Major Arterial,Toronto and East York,43.654734,-79.433391,Intersection Related,Traffic Signal,Clear,Daylight,Dry,Non-Fatal Injury,Pedestrian Collisions,Truck Driver,25 to 29,None,,South,Truck - Dump,Going Ahead,Failed to Yield Right of Way,Normal,,,,,,,Yes,,,,Yes,,,,,Yes,,,,83,Dufferin Grove,83,Dufferin Grove (83),D11,626328.5992,4834717.487
18490,81746814,3001446604,23/06/2023,2023,1138,DUFFERIN ST,SYLVAN AV,65 m North o,Major Arterial,Toronto and East York,43.654734,-79.433391,Intersection Related,Traffic Signal,Clear,Daylight,Dry,Non-Fatal Injury,Pedestrian Collisions,Pedestrian,80 to 84,Major,,,,,,,Vehicle is going straight thru inter.while ped cross with ROW,Crossing with right of way,Normal,,,,Yes,,,,Yes,,,,,Yes,,,,83,Dufferin Grove,83,Dufferin Grove (83),D11,626328.5992,4834717.487
18491,81745855,3001448363,23/06/2023,2023,1451,SHEPPARD AVE W,BEECROFT RD,,Major Arterial,North York,43.760932,-79.413089,At Intersection,Traffic Signal,Rain,Daylight,Wet,Non-Fatal Injury,Angle,Driver,40 to 44,None,,South,"Automobile, Station Wagon",Going Ahead,Disobeyed Traffic Control,Normal,,,,,,,,,Yes,,,,,,,Yes,Yes,,,38,Lansing-Westgate,38,Lansing-Westgate (38),D32,627739.9471,4846543.377
18492,81745856,3001448363,23/06/2023,2023,1451,SHEPPARD AVE W,BEECROFT RD,,Major Arterial,North York,43.760932,-79.413089,At Intersection,Traffic Signal,Rain,Daylight,Wet,Non-Fatal Injury,Angle,Driver,35 to 39,Major,,East,"Automobile, Station Wagon",Going Ahead,Driving Properly,Normal,,,,,,,,,Yes,,,,,,,Yes,Yes,,,38,Lansing-Westgate,38,Lansing-Westgate (38),D32,627739.9471,4846543.377
18493,81739384,3001452923,24/06/2023,2023,31,GARDINER E LOWER JARVIS RAMP,LOWER JARVIS ST,,Expressway Ramp,Toronto and East York,43.645449,-79.369914,Non Intersection,No Control,Clear,"Dark, artificial",Dry,Fatal,Pedestrian Collisions,Pedestrian,20 to 24,Fatal,17,North,,,,,Pedestrian hit at mid-block,Running onto Roadway,Normal,,,,Yes,,,,,,,,,,,,,166,St Lawrence-East Bayfront-The Islands,77,Waterfront Communities-The Island (77),D51,631467.5831,4833784.864
18494,81739385,3001452923,24/06/2023,2023,31,GARDINER E LOWER JARVIS RAMP,LOWER JARVIS ST,,Expressway Ramp,Toronto and East York,43.645449,-79.369914,Non Intersection,No Control,Clear,"Dark, artificial",Dry,Fatal,Pedestrian Collisions,Driver,65 to 69,None,,East,,Going Ahead,Driving Properly,Normal,,,,,,,Yes,,,,,,,,,,,,,166,St Lawrence-East Bayfront-The Islands,77,Waterfront Communities-The Island (77),D51,631467.5831,4833784.864
18495,81747580,3001483428,27/06/2023,2023,932,JANE ST,YEWTREE BLVD,,Major Arterial,North York,43.754862,-79.51704,Intersection Related,Traffic Signal,Clear,Daylight,Dry,Non-Fatal Injury,Pedestrian Collisions,Driver,50 to 54,None,,West,"Automobile, Station Wagon",Turning Left,Improper Turn,Normal,,,,,,,Yes,,Yes,,,,,,,,,,,25,Glenfield-Jane Heights,25,Glenfield-Jane Heights (25),D31,619384.3138,4845714.131
18496,81747581,3001483428,27/06/2023,2023,932,JANE ST,YEWTREE BLVD,,Major Arterial,North York,43.754862,-79.51704,Intersection Related,Traffic Signal,Clear,Daylight,Dry,Non-Fatal Injury,Pedestrian Collisions,Pedestrian,45 to 49,Major,,,,,,,Vehicle turns left while ped crosses with ROW at inter.,Crossing with right of way,Normal,,,,Yes,,Yes,,,,,,,,,,,25,Glenfield-Jane Heights,25,Glenfield-Jane Heights (25),D31,619384.3138,4845714.131
18497,81747479,3001489552,27/06/2023,2023,2122,EGLINTON AV W,WILLOWRIDGE RD,20 m West of,Major Arterial,Etobicoke York,43.674327,-79.565357,Intersection Related,Traffic Signal,Clear,"Dark, artificial",Dry,Non-Fatal Injury,SMV Other,Motorcycle Driver,20 to 24,Major,,West,Motorcycle,Turning Left,Lost control,Other,,,,,,,,,,Yes,,,,,,,,,,7,Willowridge-Martingrove-Richview,7,Willowridge-Martingrove-Richview (7),D23,615649.3777,4836701.1
18498,81746381,3001490275,27/06/2023,2023,2317,LOWER SIMCOE ST,GRAND TRUNK CRES,22 m South o,Collector,Toronto and East York,43.640998,-79.383472,Non Intersection,No Control,Clear,"Dark, artificial",Dry,Non-Fatal Injury,Pedestrian Collisions,Pedestrian,30 to 34,Major,,,,,,,Pedestrian hit on sidewalk or shoulder,On Sidewalk or Shoulder,Normal,,,,Yes,,,,,,,,,,,,,165,Harbourfront-CityPlace,77,Waterfront Communities-The Island (77),D52,630383.7376,4833269.134
18499,81739296,3001492664,28/06/2023,2023,914,WESTON RD,CORONADO CT,95 m North o,Major Arterial,North York,43.740245,-79.53976,Intersection Related,Traffic Signal,Clear,Daylight,Dry,Non-Fatal Injury,SMV Other,Driver,25 to 29,None,,North,Intercity Bus,Slowing or Stopping,Driving Properly,Normal,,,,,,,,,,,,Yes,,Yes,,,,,,22,Humbermede,22,Humbermede (22),D31,617583.864,4844058.206
18500,81739297,3001492664,28/06/2023,2023,914,WESTON RD,CORONADO CT,95 m North o,Major Arterial,North York,43.740245,-79.53976,Intersection Related,Traffic Signal,Clear,Daylight,Dry,Non-Fatal Injury,SMV Other,Passenger,70 to 74,Major,,,,,,,,,,,,,,,,,,Yes,,Yes,,,,,,22,Humbermede,22,Humbermede (22),D31,617583.864,4844058.206
18501,81746180,3001494486,28/06/2023,2023,1230,LAKE SHORE BV E,LOWER JARVIS ST,4 m North of,Major Arterial,Toronto and East York,43.645548,-79.369792,Intersection Related,Traffic Signal,Clear,Daylight,Dry,Non-Fatal Injury,Turning Movement,Driver,80 to 84,None,,East,"Automobile, Station Wagon",Turning Right,Disobeyed Traffic Control,Other,,,,,,,,,Yes,,,,,Yes,,Yes,Yes,,,166,St Lawrence-East Bayfront-The Islands,77,Waterfront Communities-The Island (77),D51,631477.2066,4833796.052
18502,81746181,3001494486,28/06/2023,2023,1230,LAKE SHORE BV E,LOWER JARVIS ST,4 m North of,Major Arterial,Toronto and East York,43.645548,-79.369792,Intersection Related,Traffic Signal,Clear,Daylight,Dry,Non-Fatal Injury,Turning Movement,Driver,25 to 29,Major,,East,Passenger Van,Turning Right,Driving Properly,Normal,,,,,,,,,Yes,,,,,Yes,,Yes,Yes,,,166,St Lawrence-East Bayfront-The Islands,77,Waterfront Communities-The Island (77),D51,631477.2066,4833796.052
18503,81746182,3001494486,28/06/2023,2023,1230,LAKE SHORE BV E,LOWER JARVIS ST,4 m North of,Major Arterial,Toronto and East York,43.645548,-79.369792,Intersection Related,Traffic Signal,Clear,Daylight,Dry,Non-Fatal Injury,Turning Movement,Passenger,50 to 54,None,,,,,,,,,,,,,,,Yes,,,,,Yes,,Yes,Yes,,,166,St Lawrence-East Bayfront-The Islands,77,Waterfront Communities-The Island (77),D51,631477.2066,4833796.052
18504,81746183,3001494486,28/06/2023,2023,1230,LAKE SHORE BV E,LOWER JARVIS ST,4 m North of,Major Arterial,Toronto and East York,43.645548,-79.369792,Intersection Related,Traffic Signal,Clear,Daylight,Dry,Non-Fatal Injury,Turning Movement,Passenger,15 to 19,None,,,,,,,,,,,,,,,Yes,,,,,Yes,,Yes,Yes,,,166,St Lawrence-East Bayfront-The Islands,77,Waterfront Communities-The Island (77),D51,631477.2066,4833796.052
18505,81746184,3001494486,28/06/2023,2023,1230,LAKE SHORE BV E,LOWER JARVIS ST,4 m North of,Major Arterial,Toronto and East York,43.645548,-79.369792,Intersection Related,Traffic Signal,Clear,Daylight,Dry,Non-Fatal Injury,Turning Movement,Passenger,80 to 84,None,,,,,,,,,,,,,,,Yes,,,,,Yes,,Yes,Yes,,,166,St Lawrence-East Bayfront-The Islands,77,Waterfront Communities-The Island (77),D51,631477.2066,4833796.052
18506,81747578,3001497037,28/06/2023,2023,1705,26 GERRARD ST E,YONGE ST,50 m West of,Minor Arterial,Toronto and East York,43.659205,-79.381557,Non Intersection,No Control,Clear,Daylight,Dry,Non-Fatal Injury,Cyclist Collisions,Cyclist,35 to 39,Major,,East,Bicycle,Going Ahead,,,,,,Cyclist and Driver travelling in same direction. One vehicle sideswipes the other.,Lost control,Normal,,Yes,Yes,,,,,,,,,,,168,Downtown Yonge East,75,Church-Yonge Corridor (75),D51,630498.7595,4835294.27
18507,81747579,3001497037,28/06/2023,2023,1705,26 GERRARD ST E,YONGE ST,50 m West of,Minor Arterial,Toronto and East York,43.659205,-79.381557,Non Intersection,No Control,Clear,Daylight,Dry,Non-Fatal Injury,Cyclist Collisions,Driver,55 to 59,None,,East,Pick Up Truck,Stopped,Driving Properly,Normal,,,,,,,,Yes,Yes,,,,,,,,,,,168,Downtown Yonge East,75,Church-Yonge Corridor (75),D51,630498.7595,4835294.27
18508,81786758,4000062087,28/06/2023,2023,2315,WOLFE AV,COMMONWEALTH AV,5 m West of,,,43.727428,-79.25365,Intersection Related,Traffic Signal,Clear,"Dark, artificial",Dry,Non-Fatal Injury,,Driver,unknown,None,,East,"Automobile, Station Wagon",Overtaking,Improper Passing,,,,,,,,,,Yes,Yes,,,,,,Yes,,,,124,Kennedy Park,124,Kennedy Park (124),D41,640652.7305,4843080.537
18509,81786759,4000062087,28/06/2023,2023,2315,WOLFE AV,COMMONWEALTH AV,5 m West of,,,43.727428,-79.25365,Intersection Related,Traffic Signal,Clear,"Dark, artificial",Dry,Non-Fatal Injury,,Motorcycle Driver,60 to 64,Major,,East,Motorcycle,Slowing or Stopping,Driving Properly,Normal,,,,,,,,,Yes,Yes,,,,,,Yes,,,,124,Kennedy Park,124,Kennedy Park (124),D41,640652.7305,4843080.537
18510,81746345,3001500863,29/06/2023,2023,630,DON VALLEY PKWY N,LAWRENCE W DVP N RAMP,49 m East of,Expressway Ramp,North York,43.742407,-79.33208,Non Intersection,No Control,Clear,Daylight,Dry,Non-Fatal Injury,SMV Other,Driver,40 to 44,Major,,North,"Automobile, Station Wagon",Turning Right,Lost control,Normal,,,,,,,,,Yes,,,,,,,,,,,149,Parkwoods-O'Connor Hills,45,Parkwoods-Donalda (45),D33,634302.3415,4844614.039
18511,81746696,3001506035,29/06/2023,2023,1650,SPADINA AV,BALDWIN ST,100 m North ,Major Arterial,Toronto and East York,43.655223,-79.398967,Non Intersection,No Control,Clear,Daylight,Dry,Non-Fatal Injury,Pedestrian Collisions,Motorcycle Driver,25 to 29,None,,North,Motorcycle,Going Ahead,Driving Properly,Normal,,,,,,,Yes,,,Yes,,,,,,,,,,78,Kensington-Chinatown,78,Kensington-Chinatown (78),D14,629103.4703,4834824.781
18512,81746697,3001506035,29/06/2023,2023,1650,SPADINA AV,BALDWIN ST,100 m North ,Major Arterial,Toronto and East York,43.655223,-79.398967,Non Intersection,No Control,Clear,Daylight,Dry,Non-Fatal Injury,Pedestrian Collisions,Pedestrian,70 to 74,Major,,,,,,,Pedestrian hit at mid-block,"Crossing, no Traffic Control",Normal,,,,Yes,,,Yes,,,,,,,,,,78,Kensington-Chinatown,78,Kensington-Chinatown (78),D14,629103.4703,4834824.781
18513,81806073,3001508922,29/06/2023,2023,2310,KENNEDY RD,FINCH AV,5 m North of,,,43.801391,-79.296474,Intersection Related,Traffic Signal,Clear,"Dark, artificial",Dry,Non-Fatal Injury,Pedestrian Collisions,Driver,45 to 49,None,,North,"Automobile, Station Wagon",Going Ahead,Driving Properly,Normal,,,,,,,Yes,,Yes,,,,,,,,,,,130,Milliken,130,Milliken (130),D42,637034.6136,4851223.467
18514,81806074,3001508922,29/06/2023,2023,2310,KENNEDY RD,FINCH AV,5 m North of,,,43.801391,-79.296474,Intersection Related,Traffic Signal,Clear,"Dark, artificial",Dry,Non-Fatal Injury,Pedestrian Collisions,Pedestrian,45 to 49,Major,,,,,,,,,Unknown,,,,Yes,,Yes,,,,,,,,,,,130,Milliken,130,Milliken (130),D42,637034.6136,4851223.467
18515,81745678,3001514208,30/06/2023,2023,1444,MCCOWAN RD,ELLESMERE RD,50 m East of,Major Arterial,Scarborough,43.772193,-79.250842,Non Intersection,No Control,Clear,Daylight,Dry,Non-Fatal Injury,Rear End,Driver,40 to 44,Major,,West,"Automobile, Station Wagon",Going Ahead,Other,Other,,,,,,,,,Yes,,,,,,,,,,,142,Woburn North,137,Woburn (137),D43,640773.9001,4848057.142
18516,81745679,3001514208,30/06/2023,2023,1444,MCCOWAN RD,ELLESMERE RD,50 m East of,Major Arterial,Scarborough,43.772193,-79.250842,Non Intersection,No Control,Clear,Daylight,Dry,Non-Fatal Injury,Rear End,Driver,70 to 74,None,,West,"Automobile, Station Wagon",Slowing or Stopping,Driving Properly,Normal,,,,,,,,,Yes,,,,,,,,,,,142,Woburn North,137,Woburn (137),D43,640773.9001,4848057.142
18517,81805774,3001514707,30/06/2023,2023,1537,KENNEDY RD,WICKWARE GT,,,,43.75323,-79.276256,Intersection Related,Traffic Signal,Clear,Daylight,Dry,Non-Fatal Injury,Pedestrian Collisions,Driver,30 to 34,None,,North,"Automobile, Station Wagon",Going Ahead,Driving Properly,Normal,,,,,,,Yes,,Yes,,,,,,,,,,,126,Dorset Park,126,Dorset Park (126),D41,638772.3737,4845908.113
18518,81805775,3001514707,30/06/2023,2023,1537,KENNEDY RD,WICKWARE GT,,,,43.75323,-79.276256,Intersection Related,Traffic Signal,Clear,Daylight,Dry,Non-Fatal Injury,Pedestrian Collisions,Pedestrian,15 to 19,Major,,,,,,,,,Unknown,,,,Yes,,Yes,,,,,,,,,,,126,Dorset Park,126,Dorset Park (126),D41,638772.3737,4845908.113
18519,81805789,3001524851,01/07/2023,2023,1840,BROCK AV,CROATIA ST,,,,43.657577,-79.438526,Intersection Related,Stop Sign,Clear,Daylight,Dry,Non-Fatal Injury,Pedestrian Collisions,Driver,50 to 54,None,,North,"Automobile, Station Wagon",Going Ahead,Failed to Yield Right of Way,Normal,,,,,,,Yes,,Yes,,,,,,,Yes,,,,83,Dufferin Grove,83,Dufferin Grove (83),D11,625908.576,4835025.434
18520,81805790,3001524851,01/07/2023,2023,1840,BROCK AV,CROATIA ST,,,,43.657577,-79.438526,Intersection Related,Stop Sign,Clear,Daylight,Dry,Non-Fatal Injury,Pedestrian Collisions,Pedestrian,70 to 74,Major,,,,,,,,,Unknown,,,,Yes,,Yes,,,,,,,Yes,,,,83,Dufferin Grove,83,Dufferin Grove (83),D11,625908.576,4835025.434
18521,81739382,3001535064,03/07/2023,2023,26,MORNINGSIDE AVE,MORNINGVIEW TRL,,Minor Arterial,Scarborough,43.812186,-79.204555,Non Intersection,No Control,Clear,"Dark, artificial",Dry,Fatal,Pedestrian Collisions,Pedestrian,35 to 39,Fatal,18,West,,,,,Pedestrian hit at mid-block,Crossing without right of way,Other,,,,Yes,,,,,,,,,,,Yes,,146,Malvern East,132,Malvern (132),D42,644402.8085,4852578.751
18522,81739383,3001535064,03/07/2023,2023,26,MORNINGSIDE AVE,MORNINGVIEW TRL,,Minor Arterial,Scarborough,43.812186,-79.204555,Non Intersection,No Control,Clear,"Dark, artificial",Dry,Fatal,Pedestrian Collisions,Driver,25 to 29,None,,North,,Going Ahead,Driving Properly,"Ability Impaired, Alcohol Over .08",,,,,,,Yes,,,,,,,,,,,Yes,,146,Malvern East,132,Malvern (132),D42,644402.8085,4852578.751
18523,81745811,3001543521,04/07/2023,2023,21,ADELAIDE ST W,SPADINA AV,,Major Arterial,North York,43.646742,-79.395534,Intersection Related,Traffic Signal,Clear,"Dark, artificial",Dry,Non-Fatal Injury,Cyclist Collisions,Driver,25 to 29,None,,East,"Automobile, Station Wagon",Going Ahead,Exceeding Speed Limit,Normal,,,,,,,,Yes,Yes,,,,,,Yes,Yes,,,,164,Wellington Place,77,Waterfront Communities-The Island (77),D52,629398.5139,4833888.202
18524,81745812,3001543521,04/07/2023,2023,21,ADELAIDE ST W,SPADINA AV,,Major Arterial,North York,43.646742,-79.395534,Intersection Related,Traffic Signal,Clear,"Dark, artificial",Dry,Non-Fatal Injury,Cyclist Collisions,Cyclist,35 to 39,Major,,South,Bicycle,Going Ahead,,,,,,"Motorist without ROW drives into path of cyclist at inter, lnwy, dwy-Driver not turn.",,Unknown,,Yes,Yes,,,,,,Yes,Yes,,,,164,Wellington Place,77,Waterfront Communities-The Island (77),D52,629398.5139,4833888.202
18525,81806972,3001553842,05/07/2023,2023,235,EGLINTON AV W,OAKWOOD AV,83 m West of,,,43.697086,-79.443744,Non Intersection,Traffic Signal,Clear,"Dark, artificial",Dry,Non-Fatal Injury,Turning Movement,Driver,35 to 39,None,,West,"Automobile, Station Wagon",Turning Left,Driving Properly,Normal,,,,,,,,,Yes,Yes,,,,Yes,,,,,,107,Oakwood Village,107,Oakwood Village (107),D13,625405.4917,4839405.535
18526,81806973,3001553842,05/07/2023,2023,235,EGLINTON AV W,OAKWOOD AV,83 m West of,,,43.697086,-79.443744,Non Intersection,Traffic Signal,Clear,"Dark, artificial",Dry,Non-Fatal Injury,Turning Movement,Motorcycle Driver,35 to 39,None,,West,Motorcycle,Going Ahead,,Unknown,,,,,,,,,Yes,Yes,,,,Yes,,,,,,107,Oakwood Village,107,Oakwood Village (107),D13,625405.4917,4839405.535
18527,81806974,3001553842,05/07/2023,2023,235,EGLINTON AV W,OAKWOOD AV,83 m West of,,,43.697086,-79.443744,Non Intersection,Traffic Signal,Clear,"Dark, artificial",Dry,Non-Fatal Injury,Turning Movement,Motorcycle Passenger,20 to 24,Major,,,,,,,,,,,,,,,Yes,Yes,,,,Yes,,,,,,107,Oakwood Village,107,Oakwood Village (107),D13,625405.4917,4839405.535
18528,81747494,3001556354,05/07/2023,2023,1028,WESTON RD,HIGHWAY 401 X W,,Major Arterial ,North York,43.713393,-79.536151,Intersection Related,Traffic Signal,Clear,Daylight,Dry,Non-Fatal Injury,Cyclist Collisions,Driver,50 to 54,None,,West,"Automobile, Station Wagon",Turning Right,Improper Turn,Other,,,,,,,,Yes,Yes,,,,,Yes,,,,,,23,Pelmo Park-Humberlea,23,Pelmo Park-Humberlea (23),D31,617927.1548,4841081.04
18529,81747495,3001556354,05/07/2023,2023,1028,WESTON RD,HIGHWAY 401 X W,,Major Arterial ,North York,43.713393,-79.536151,Intersection Related,Traffic Signal,Clear,Daylight,Dry,Non-Fatal Injury,Cyclist Collisions,Cyclist,20 to 24,Major,,South,Bicycle,Going Ahead,,,,,,Motorist turning right on green or amber at signalized intersection strikes cyclist.,Driving Properly,Normal,,Yes,Yes,,,,,Yes,,,,,,23,Pelmo Park-Humberlea,23,Pelmo Park-Humberlea (23),D31,617927.1548,4841081.04
18530,81747496,3001556354,05/07/2023,2023,1028,WESTON RD,HIGHWAY 401 X W,,Major Arterial ,North York,43.713393,-79.536151,Intersection Related,Traffic Signal,Clear,Daylight,Dry,Non-Fatal Injury,Cyclist Collisions,Passenger,80 to 84,None,,,,,,,,,,,,,,Yes,Yes,,,,,Yes,,,,,,23,Pelmo Park-Humberlea,23,Pelmo Park-Humberlea (23),D31,617927.1548,4841081.04
18531,81749324,3001558655,05/07/2023,2023,1420,THE EAST ML,THE QUEENSWAY,,Minor Arterial,Etobicoke York,43.616427,-79.54626,Intersection Related,Traffic Signal,Clear,Daylight,Dry,Non-Fatal Injury,Turning Movement,Driver,55 to 59,None,,North,"Automobile, Station Wagon",Turning Left,Improper Turn,Normal,,,,,,,,,Yes,,,,,,,,,,,159,Etobicoke City Centre,14,Islington-City Centre West (14),D22,617301.4711,4830297.377
18532,81749325,3001558655,05/07/2023,2023,1420,THE EAST ML,THE QUEENSWAY,,Minor Arterial,Etobicoke York,43.616427,-79.54626,Intersection Related,Traffic Signal,Clear,Daylight,Dry,Non-Fatal Injury,Turning Movement,Driver,60 to 64,Major,,South,"Automobile, Station Wagon",Going Ahead,Driving Properly,Normal,,,,,,,,,Yes,,,,,,,,,,,159,Etobicoke City Centre,14,Islington-City Centre West (14),D22,617301.4711,4830297.377
18533,81745926,3001559884,05/07/2023,2023,1625,DUNDAS ST W,HIGH PARK AVE,,Major Arterial,Toronto and East York,43.665408,-79.470348,Intersection Related,Traffic Signal,Clear,Daylight,Dry,Fatal,Pedestrian Collisions,Pedestrian,5 to 9,Fatal,19,South,,,,,Vehicle is going straight thru inter.while ped cross without ROW,Running onto Roadway,Normal,,,,Yes,,Yes,,,,,,,,,,,90,Junction Area,90,Junction Area (90),D11,623326.5686,4835847.374
18534,81745929,3001559884,05/07/2023,2023,1625,DUNDAS ST W,HIGH PARK AVE,,Major Arterial,Toronto and East York,43.665408,-79.470348,Intersection Related,Traffic Signal,Clear,Daylight,Dry,Fatal,Pedestrian Collisions,Driver,40 to 44,None,,West,"Automobile, Station Wagon",Going Ahead,Driving Properly,Normal,,,,,,,Yes,,Yes,,,,,,,,,,,90,Junction Area,90,Junction Area (90),D11,623326.5686,4835847.374
18535,81807341,3001561550,05/07/2023,2023,1916,DON VALLEY PY N,DON MILLS RD,5 m South of,,,43.700118,-79.337681,Non Intersection,No Control,Clear,Daylight,Dry,Non-Fatal Injury,SMV Other,Motorcycle Driver,25 to 29,Major,,North,Motorcycle,Slowing or Stopping,Driving Properly,Normal,,,,,,,,,,Yes,,,,,,,,,,58,Old East York,58,Old East York (58),D55,633945.5477,4839908.168
18536,81807339,3001562840,05/07/2023,2023,2207,WOBURN AV,YONGE ST,,,,43.728324,-79.403034,Intersection Related,Stop Sign,Clear,"Dark, artificial",Dry,Non-Fatal Injury,Turning Movement,Driver,90 to 94,None,,East,"Automobile, Station Wagon",Turning Left,Improper Turn,Normal,,,,,,,,,Yes,Yes,,,,,,Yes,,,,105,Lawrence Park North,105,Lawrence Park North (105),D32,628619.1557,4842937.336
18537,81807340,3001562840,05/07/2023,2023,2207,WOBURN AV,YONGE ST,,,,43.728324,-79.403034,Intersection Related,Stop Sign,Clear,"Dark, artificial",Dry,Non-Fatal Injury,Turning Movement,Motorcycle Driver,30 to 34,Major,,South,Motorcycle,Going Ahead,Driving Properly,Normal,,,,,,,,,Yes,Yes,,,,,,Yes,,,,105,Lawrence Park North,105,Lawrence Park North (105),D32,628619.1557,4842937.336
18538,81746422,3001598176,09/07/2023,2023,2318,WILLIAM R ALLEN RD,SHEPPARD AVE W,36 m South o,Major Arterial,North York,43.750254,-79.463359,Intersection Related,Traffic Signal,Clear,"Dark, artificial",Dry,Non-Fatal Injury,Turning Movement,Driver,30 to 34,None,,North,Municipal Transit Bus (TTC),Turning Left,Driving Properly,Normal,,,,,,,,,Yes,,,Yes,,Yes,,Yes,Yes,,,155,Downsview,27,York University Heights (27),D32,623715.3819,4845281.118
18539,81746423,3001598176,09/07/2023,2023,2318,WILLIAM R ALLEN RD,SHEPPARD AVE W,36 m South o,Major Arterial,North York,43.750254,-79.463359,Intersection Related,Traffic Signal,Clear,"Dark, artificial",Dry,Non-Fatal Injury,Turning Movement,Passenger,20 to 24,None,,,,,,,,,,,,,,,Yes,,,Yes,,Yes,,Yes,Yes,,,155,Downsview,27,York University Heights (27),D32,623715.3819,4845281.118
18540,81746424,3001598176,09/07/2023,2023,2318,WILLIAM R ALLEN RD,SHEPPARD AVE W,36 m South o,Major Arterial,North York,43.750254,-79.463359,Intersection Related,Traffic Signal,Clear,"Dark, artificial",Dry,Non-Fatal Injury,Turning Movement,Driver,20 to 24,Major,,South,"Automobile, Station Wagon",Going Ahead,Disobeyed Traffic Control,Other,,,,,,,,,Yes,,,Yes,,Yes,,Yes,Yes,,,155,Downsview,27,York University Heights (27),D32,623715.3819,4845281.118
18541,81746145,3001604371,10/07/2023,2023,1700,SHEPPARD AVE W,RIVALDA RD,40 m East of,Major Arterial,North York,43.734786,-79.533443,Non Intersection,Traffic Signal,Clear,Daylight,Dry,Non-Fatal Injury,Cyclist Collisions,Cyclist,65 to 69,Major,,East,Bicycle,Going Ahead,,,,,,Cyclist strikes a parked vehicle.,Lost control,Normal,,Yes,,,,Yes,,,,,,,,23,Pelmo Park-Humberlea,22,Humbermede (22),D31,618103.2672,4843460.89
18542,81746146,3001604371,10/07/2023,2023,1700,SHEPPARD AVE W,RIVALDA RD,40 m East of,Major Arterial,North York,43.734786,-79.533443,Non Intersection,Traffic Signal,Clear,Daylight,Dry,Non-Fatal Injury,Cyclist Collisions,Driver,35 to 39,None,,East,Municipal Transit Bus (TTC),Stopped,Driving Properly,Normal,,,,,,,,Yes,,,,Yes,,,,,,,,23,Pelmo Park-Humberlea,22,Humbermede (22),D31,618103.2672,4843460.89
18543,81745930,3001611724,11/07/2023,2023,1353,HORNER AVE,THIRTIETH ST,,Minor Arterial,Etobicoke York,43.604193,-79.533695,Intersection Related,Traffic Signal,Clear,Daylight,Dry,Fatal,Pedestrian Collisions,Pedestrian,65 to 69,Fatal,20,South,,,,,Vehicle turns left while ped crosses with ROW at inter.,Crossing with right of way,Normal,,,,Yes,,Yes,,,,,,,,,,,20,Alderwood,20,Alderwood (20),D22,618339.3319,4828956.47
18544,81745931,3001611724,11/07/2023,2023,1353,HORNER AVE,THIRTIETH ST,,Minor Arterial,Etobicoke York,43.604193,-79.533695,Intersection Related,Traffic Signal,Clear,Daylight,Dry,Fatal,Pedestrian Collisions,Driver,45 to 49,None,,North,Pick Up Truck,Turning Left,Improper Turn,Normal,,,,,,,Yes,,Yes,,,,,,,,,,,20,Alderwood,20,Alderwood (20),D22,618339.3319,4828956.47
18545,81746666,3001614743,11/07/2023,2023,2029,EGLINTON AVE W,KANE AVE,29 m East of,Major Arterial,Toronto and East York,43.691306,-79.47002,Non Intersection,No Control,Clear,Daylight,Dry,Non-Fatal Injury,Pedestrian Collisions,Driver,50 to 54,None,,West,"Automobile, Station Wagon",Going Ahead,Other,Other,,,,,,,Yes,,Yes,,,,,,,,,,,112,Beechborough-Greenbrook,112,Beechborough-Greenbrook (112),D12,623299.9573,4838724.181
18546,81746667,3001614743,11/07/2023,2023,2029,EGLINTON AVE W,KANE AVE,29 m East of,Major Arterial,Toronto and East York,43.691306,-79.47002,Non Intersection,No Control,Clear,Daylight,Dry,Non-Fatal Injury,Pedestrian Collisions,Driver,30 to 34,None,,West,"Automobile, Station Wagon",Changing Lanes,Driving Properly,Normal,,,,,,,Yes,,Yes,,,,,,,,,,,112,Beechborough-Greenbrook,112,Beechborough-Greenbrook (112),D12,623299.9573,4838724.181