OBJECTID,INDEX,ACCNUM,DATE,ACCIDENT_YEAR,TIME,STREET1,STREET2,OFFSET,ROAD_CLASS,DISTRICT,LATITUDE,LONGITUDE,ACCLOC,TRAFFCTL,VISIBILITY,LIGHT,RDSFCOND,ACCLASS,IMPACTYPE,INVTYPE,INVAGE,INJURY,FATAL_NO,INITDIR,VEHTYPE,MANOEUVER,DRIVACT,DRIVCOND,PEDTYPE,PEDACT,PEDCOND,CYCLISTYPE,CYCACT,CYCCOND,PEDESTRIAN,CYCLIST,AUTOMOBILE,MOTORCYCLE,TRUCK,TRSN_CITY_VEH,EMERG_VEH,PASSENGER,SPEEDING,AG_DRIV,REDLIGHT,ALCOHOL,DISABILITY,HOOD_158,NEIGHBOURHOOD_158,HOOD_140,NEIGHBOURHOOD_140,DIVISION,x,y
18547,81746668,3001614743,11/07/2023,2023,2029,EGLINTON AVE W,KANE AVE,29 m East of,Major Arterial,Toronto and East York,43.691306,-79.47002,Non Intersection,No Control,Clear,Daylight,Dry,Non-Fatal Injury,Pedestrian Collisions,Pedestrian,25 to 29,Major,,,,,,,Pedestrian hit at mid-block,Other,Normal,,,,Yes,,Yes,,,,,,,,,,,112,Beechborough-Greenbrook,112,Beechborough-Greenbrook (112),D12,623299.9573,4838724.181
18548,81746669,3001614743,11/07/2023,2023,2029,EGLINTON AVE W,KANE AVE,29 m East of,Major Arterial,Toronto and East York,43.691306,-79.47002,Non Intersection,No Control,Clear,Daylight,Dry,Non-Fatal Injury,Pedestrian Collisions,Pedestrian,55 to 59,Minimal,,,,,,,Pedestrian hit at mid-block,Other,Normal,,,,Yes,,Yes,,,,,,,,,,,112,Beechborough-Greenbrook,112,Beechborough-Greenbrook (112),D12,623299.9573,4838724.181
18549,81747723,3001620861,12/07/2023,2023,1507,LAKE SHORE BLVD W,ISLINGTON AVE,100 m North ,Major Arterial,Etobicoke York,43.600844,-79.505313,Non Intersection,Traffic Signal,Clear,Daylight,Dry,Non-Fatal Injury,Turning Movement,Driver,60 to 64,None,,West,"Automobile, Station Wagon",Making U Turn,Improper Turn,Normal,,,,,,,,,Yes,Yes,,,,,,,,,,18,New Toronto,18,New Toronto (18),D22,620636.6375,4828625.353
18550,81747724,3001620861,12/07/2023,2023,1507,LAKE SHORE BLVD W,ISLINGTON AVE,100 m North ,Major Arterial,Etobicoke York,43.600844,-79.505313,Non Intersection,Traffic Signal,Clear,Daylight,Dry,Non-Fatal Injury,Turning Movement,Motorcycle Driver,55 to 59,Major,,South,Motorcycle,Going Ahead,Driving Properly,Normal,,,,,,,,,Yes,Yes,,,,,,,,,,18,New Toronto,18,New Toronto (18),D22,620636.6375,4828625.353
18551,81747367,3001621816,12/07/2023,2023,1700,QUEEN ST W,DOVERCOURT RD,10 m East of,Major Arterial,Toronto and East York,43.643496,-79.422374,Intersection Related,Traffic Signal,Clear,Daylight,Dry,Non-Fatal Injury,Cyclist Collisions,Driver,50 to 54,Major,,West,"Automobile, Station Wagon",Going Ahead,Exceeding Speed Limit,Normal,,,,,,,,,Yes,,,,,,Yes,Yes,,,,162,West Queen West,81,Trinity-Bellwoods (81),D14,627240.7269,4833486.193
18552,81747038,3001622602,12/07/2023,2023,1840,1176 YONGE ST,SCRIVENER SQ,,Major Arterial,Toronto and East York,43.680724,-79.391055,Non Intersection,,Clear,Daylight,Dry,Non-Fatal Injury,Other,Cyclist,30 to 34,Major,,South,Bicycle,Going Ahead,,,,,,Insufficient information (to determine cyclist crash type).,Driving Properly,Normal,,Yes,Yes,,,,,,,Yes,,,,95,Annex,95,Annex (95),D53,629686.5515,4837669.349
18553,81747039,3001622602,12/07/2023,2023,1840,1176 YONGE ST,SCRIVENER SQ,,Major Arterial,Toronto and East York,43.680724,-79.391055,Non Intersection,,Clear,Daylight,Dry,Non-Fatal Injury,Other,Driver,30 to 34,None,,South,"Automobile, Station Wagon",Going Ahead,Following too Close,Normal,,,,,,,,Yes,Yes,,,,,,,Yes,,,,95,Annex,95,Annex (95),D53,629686.5515,4837669.349
18554,81745927,3001623085,12/07/2023,2023,1957,SPADINA RD,SILVERWOOD AVE,,Minor Arterial,Toronto and East York,43.695891,-79.415691,At Intersection,No Control,Clear,"Daylight, artificial",Dry,,SMV Other,Driver,70 to 74,Fatal,21,South,"Automobile, Station Wagon",Going Ahead,Exceeding Speed Limit,Medical or Physical Disability,,,,,,,,,Yes,,,,,,Yes,Yes,,,Yes,101,Forest Hill South,101,Forest Hill South (101),D53,627668.6029,4839315.625
18555,81807186,3001627049,13/07/2023,2023,1020,1085 ROYAL YORK RD,THE KINGSWAY,200 m South ,,,43.654132,-79.514278,Non Intersection,Stop Sign,Clear,Daylight,Dry,Non-Fatal Injury,SMV Other,Driver,50 to 54,None,,North,Municipal Transit Bus (TTC),Slowing or Stopping,Driving Properly,Normal,,,,,,,,,,,,Yes,,Yes,,,,,,15,Kingsway South,15,Kingsway South (15),D22,619807.1533,4834530.663
18556,81807187,3001627049,13/07/2023,2023,1020,1085 ROYAL YORK RD,THE KINGSWAY,200 m South ,,,43.654132,-79.514278,Non Intersection,Stop Sign,Clear,Daylight,Dry,Non-Fatal Injury,SMV Other,Passenger,75 to 79,Major,,,,,,,,,,,,,,,,,,Yes,,Yes,,,,,,15,Kingsway South,15,Kingsway South (15),D22,619807.1533,4834530.663
18557,81754638,3001644736,15/07/2023,2023,1135,DANFORTH RD,TRUDELLE ST,,Major Arterial,Scarborough,43.739924,-79.245502,Intersection Related,Traffic Signal,Clear,Daylight,Wet,Non-Fatal Injury,Turning Movement,Driver,60 to 64,None,,South,Pick Up Truck,Turning Left,Improper Turn,Normal,,,,,,,,,Yes,Yes,,,,Yes,,Yes,,,,138,Eglinton East,138,Eglinton East (138),D43,641279.5973,4844482.267
18558,81754639,3001644736,15/07/2023,2023,1135,DANFORTH RD,TRUDELLE ST,,Major Arterial,Scarborough,43.739924,-79.245502,Intersection Related,Traffic Signal,Clear,Daylight,Wet,Non-Fatal Injury,Turning Movement,Motorcycle Driver,20 to 24,Minor,,North,Motorcycle,Going Ahead,Driving Properly,Normal,,,,,,,,,Yes,Yes,,,,Yes,,Yes,,,,138,Eglinton East,138,Eglinton East (138),D43,641279.5973,4844482.267
18559,81754640,3001644736,15/07/2023,2023,1135,DANFORTH RD,TRUDELLE ST,,Major Arterial,Scarborough,43.739924,-79.245502,Intersection Related,Traffic Signal,Clear,Daylight,Wet,Non-Fatal Injury,Turning Movement,Motorcycle Passenger,20 to 24,Major,,,,,,,,,,,,,,,Yes,Yes,,,,Yes,,Yes,,,,138,Eglinton East,138,Eglinton East (138),D43,641279.5973,4844482.267
18560,81747090,3001648805,15/07/2023,2023,2129,CALEDONIA RD,LOTHERTON PTWY,5 m East of,Minor Arterial,North York,43.707427,-79.465572,At/Near Private Drive,No Control,Rain,Dark,Wet,Non-Fatal Injury,Turning Movement,Driver,30 to 34,Minimal,,East,"Automobile, Station Wagon",Turning Left,Failed to Yield Right of Way,Normal,,,,,,,,,Yes,Yes,,,,,,Yes,,,,31,Yorkdale-Glen Park,31,Yorkdale-Glen Park (31),D13,623625.2862,4840521.264
18561,81747091,3001648805,15/07/2023,2023,2129,CALEDONIA RD,LOTHERTON PTWY,5 m East of,Minor Arterial,North York,43.707427,-79.465572,At/Near Private Drive,No Control,Rain,Dark,Wet,Non-Fatal Injury,Turning Movement,Motorcycle Driver,15 to 19,Major,,South,Motorcycle,Going Ahead,Driving Properly,Normal,,,,,,,,,Yes,Yes,,,,,,Yes,,,,31,Yorkdale-Glen Park,31,Yorkdale-Glen Park (31),D13,623625.2862,4840521.264
18562,81747142,3001649078,15/07/2023,2023,2200,JANE ST,STEELES AV W,5 m South of,Major Arterial,North York,43.775313,-79.521693,Intersection Related,Traffic Signal,Rain,"Dark, artificial",Wet,Non-Fatal Injury,Pedestrian Collisions,Driver,35 to 39,None,,North,"Automobile, Station Wagon",Turning Left,Improper Turn,Normal,,,,,,,Yes,,Yes,,,,,,,,,,,24,Black Creek,24,Black Creek (24),D31,618969.1794,4847978.822
18563,81747143,3001649078,15/07/2023,2023,2200,JANE ST,STEELES AV W,5 m South of,Major Arterial,North York,43.775313,-79.521693,Intersection Related,Traffic Signal,Rain,"Dark, artificial",Wet,Non-Fatal Injury,Pedestrian Collisions,Pedestrian,20 to 24,Major,,,,,,,Vehicle turns left while ped crosses with ROW at inter.,Crossing with right of way,Normal,,,,Yes,,Yes,,,,,,,,,,,24,Black Creek,24,Black Creek (24),D31,618969.1794,4847978.822
18564,81747754,3001681349,19/07/2023,2023,1758,CALEDONIA RD,KEITH AV,2 m North of,Minor Arterial,Toronto and East York,43.690676,-79.461223,Intersection Related,Stop Sign,Clear,Daylight,Dry,Non-Fatal Injury,Cyclist Collisions,Driver,35 to 39,None,,West,"Automobile, Station Wagon",Going Ahead,Failed to Yield Right of Way,Other,,,,,,,,Yes,Yes,,,,,,,Yes,,,,109,Caledonia-Fairbank,109,Caledonia-Fairbank (109),D13,624010.2058,4838667.329
18565,81747755,3001681349,19/07/2023,2023,1758,CALEDONIA RD,KEITH AV,2 m North of,Minor Arterial,Toronto and East York,43.690676,-79.461223,Intersection Related,Stop Sign,Clear,Daylight,Dry,Non-Fatal Injury,Cyclist Collisions,Cyclist,60 to 64,Major,,South,Bicycle,Going Ahead,,,,,,"Motorist without ROW drives into path of cyclist at inter, lnwy, dwy-Driver not turn.",Driving Properly,Normal,,Yes,Yes,,,,,,,Yes,,,,109,Caledonia-Fairbank,109,Caledonia-Fairbank (109),D13,624010.2058,4838667.329
18566,81747193,3001682522,19/07/2023,2023,2037,VICTORIA PARK AVE,CLINTWOOD GT,,Major Arterial,North York,43.748763,-79.312076,Intersection Related,Stop Sign,Clear,Daylight,Dry,Fatal,SMV Other,Motorcycle Driver,35 to 39,Fatal,22,South,Motorcycle,Going Ahead,Exceeding Speed Limit,,,,,,,,,,,Yes,,,,,Yes,Yes,,,,119,Wexford/Maryvale,119,Wexford/Maryvale (119),D41,635898.714,4845352.593
18567,81747265,3001688296,20/07/2023,2023,1427,YONGE ST,CHAPLIN CR,8 m North of,Major Arterial,Toronto and East York,43.698306,-79.396602,Intersection Related,Traffic Signal,Clear,Daylight,Dry,Non-Fatal Injury,Pedestrian Collisions,Driver,35 to 39,None,,South,Passenger Van,Going Ahead,Lost control,Normal,,,,,,,Yes,,Yes,,,,,Yes,Yes,Yes,,,,174,South Eglinton-Davisville,104,Mount Pleasant West (104),D53,629201.6828,4839613.414
18568,81747266,3001688296,20/07/2023,2023,1427,YONGE ST,CHAPLIN CR,8 m North of,Major Arterial,Toronto and East York,43.698306,-79.396602,Intersection Related,Traffic Signal,Clear,Daylight,Dry,Non-Fatal Injury,Pedestrian Collisions,Passenger,30 to 34,None,,,,,,,,,,,,,Yes,,Yes,,,,,Yes,Yes,Yes,,,,174,South Eglinton-Davisville,104,Mount Pleasant West (104),D53,629201.6828,4839613.414
18569,81747267,3001688296,20/07/2023,2023,1427,YONGE ST,CHAPLIN CR,8 m North of,Major Arterial,Toronto and East York,43.698306,-79.396602,Intersection Related,Traffic Signal,Clear,Daylight,Dry,Non-Fatal Injury,Pedestrian Collisions,Pedestrian,45 to 49,Major,,,,,,,Vehicle is going straight thru inter.while ped cross with ROW,On Sidewalk or Shoulder,Normal,,,,Yes,,Yes,,,,,Yes,Yes,Yes,,,,174,South Eglinton-Davisville,104,Mount Pleasant West (104),D53,629201.6828,4839613.414
18570,81749074,3001739879,22/07/2023,2023,1830,95 QUEENS QUAY E,COOPER ST,10 m East of,Minor Arterial,,43.643103,-79.371051,Non Intersection,,Clear,Daylight,Dry,Non-Fatal Injury,Pedestrian Collisions,Driver,60 to 64,None,,East,Unknown,Going Ahead,,Unknown,,,,,,,Yes,,,,,,,,,,,,,166,St Lawrence-East Bayfront-The Islands,77,Waterfront Communities-The Island (77),D51,631380.9962,4833522.509
18571,81749075,3001739879,22/07/2023,2023,1830,95 QUEENS QUAY E,COOPER ST,10 m East of,Minor Arterial,,43.643103,-79.371051,Non Intersection,,Clear,Daylight,Dry,Non-Fatal Injury,Pedestrian Collisions,Pedestrian,55 to 59,Major,,,,,,,Pedestrian hit a PXO/ped. Mid-block signal,Crossing with right of way,Normal,,,,Yes,,,,,,,,,,,,,166,St Lawrence-East Bayfront-The Islands,77,Waterfront Communities-The Island (77),D51,631380.9962,4833522.509
18572,81747872,3001713995,23/07/2023,2023,1400,SIMCOE ST,NELSON ST,10 m West of,Collector,Toronto and East York,43.649031,-79.386791,At/Near Private Drive,,Clear,Daylight,Dry,Non-Fatal Injury,Pedestrian Collisions,Driver,25 to 29,None,,West,Delivery Van,Going Ahead,Driving Properly,Normal,,,,,,,Yes,,Yes,,,,,Yes,,,,,,164,Wellington Place,77,Waterfront Communities-The Island (77),D52,630098.6933,4834156.095
18573,81747873,3001713995,23/07/2023,2023,1400,SIMCOE ST,NELSON ST,10 m West of,Collector,Toronto and East York,43.649031,-79.386791,At/Near Private Drive,,Clear,Daylight,Dry,Non-Fatal Injury,Pedestrian Collisions,Pedestrian,35 to 39,Major,,West,,Going Ahead,,,Pedestrian hit at private driveway,Other,Other,,,,Yes,,Yes,,,,,Yes,,,,,,164,Wellington Place,77,Waterfront Communities-The Island (77),D52,630098.6933,4834156.095
18574,81747874,3001713995,23/07/2023,2023,1400,SIMCOE ST,NELSON ST,10 m West of,Collector,Toronto and East York,43.649031,-79.386791,At/Near Private Drive,,Clear,Daylight,Dry,Non-Fatal Injury,Pedestrian Collisions,Passenger,20 to 24,None,,,,,,,,,,,,,Yes,,Yes,,,,,Yes,,,,,,164,Wellington Place,77,Waterfront Communities-The Island (77),D52,630098.6933,4834156.095
18575,81748383,3001717343,23/07/2023,2023,2331,KEELE ST,TORO RD,,Major Arterial,North York,43.759829,-79.490047,Intersection Related,Traffic Signal,Clear,"Dark, artificial",Dry,Non-Fatal Injury,Rear End,Driver,20 to 24,Minor,,South,"Automobile, Station Wagon",Stopped,Driving Properly,Normal,,,,,,,,,Yes,,,,,Yes,,,,,,27,York University Heights,27,York University Heights (27),D31,621547.32,4846305.05
18576,81748384,3001717343,23/07/2023,2023,2331,KEELE ST,TORO RD,,Major Arterial,North York,43.759829,-79.490047,Intersection Related,Traffic Signal,Clear,"Dark, artificial",Dry,Non-Fatal Injury,Rear End,Passenger,10 to 14,Minor,,,,,,,,,,,,,,,Yes,,,,,Yes,,,,,,27,York University Heights,27,York University Heights (27),D31,621547.32,4846305.05
18577,81748385,3001717343,23/07/2023,2023,2331,KEELE ST,TORO RD,,Major Arterial,North York,43.759829,-79.490047,Intersection Related,Traffic Signal,Clear,"Dark, artificial",Dry,Non-Fatal Injury,Rear End,Passenger,5 to 9,Major,,,,,,,,,,,,,,,Yes,,,,,Yes,,,,,,27,York University Heights,27,York University Heights (27),D31,621547.32,4846305.05
18578,81748386,3001717343,23/07/2023,2023,2331,KEELE ST,TORO RD,,Major Arterial,North York,43.759829,-79.490047,Intersection Related,Traffic Signal,Clear,"Dark, artificial",Dry,Non-Fatal Injury,Rear End,Passenger,35 to 39,None,,,,,,,,,,,,,,,Yes,,,,,Yes,,,,,,27,York University Heights,27,York University Heights (27),D31,621547.32,4846305.05
18579,81748597,3001723451,24/07/2023,2023,1730,MORNINGSIDE AV,ELLESMERE RD,475 m South ,Major Arterial,Scarborough,43.781237,-79.191631,Non Intersection,No Control,Rain,Daylight,Wet,Non-Fatal Injury,SMV Other,Driver,20 to 24,Major,,South,"Automobile, Station Wagon",Going Ahead,Speed too Fast For Condition,Normal,,,,,,,,,Yes,,,,,,Yes,Yes,,,,135,Morningside,135,Morningside (135),D43,645517.3753,4849164.001
18580,81747331,3001727076,25/07/2023,2023,633,KIPLING AV,KINGSVIEW BV,33 m South o,Major Arterial,Etobicoke York,43.696643,-79.559734,Intersection Related,Traffic Signal,Clear,Daylight,Dry,Non-Fatal Injury,Approaching,Driver,20 to 24,Minor,,North,"Automobile, Station Wagon",Going Ahead,Lost control,Other,,,,,,,,,Yes,,,,,,Yes,Yes,,,,6,Kingsview Village-The Westway,6,Kingsview Village-The Westway (6),D23,616059.6206,4839187.444
18581,81747332,3001727076,25/07/2023,2023,633,KIPLING AV,KINGSVIEW BV,33 m South o,Major Arterial,Etobicoke York,43.696643,-79.559734,Intersection Related,Traffic Signal,Clear,Daylight,Dry,Non-Fatal Injury,Approaching,Driver,50 to 54,Major,,South,Passenger Van,Going Ahead,Driving Properly,Normal,,,,,,,,,Yes,,,,,,Yes,Yes,,,,6,Kingsview Village-The Westway,6,Kingsview Village-The Westway (6),D23,616059.6206,4839187.444
18582,81747334,3001736827,26/07/2023,2023,957,QUEEN'S DR,ARKWRIGHT ST,,Local,North York,43.709563,-79.496211,Intersection Related,Stop Sign,Clear,Daylight,Dry,Non-Fatal Injury,Cyclist Collisions,Cyclist,50 to 54,Major,,North,Bicycle,Turning Left,,,,,,Cyclist turned left across motorists path.,Disobeyed Traffic Control,Normal,,Yes,,,,,,,,Yes,,,,28,Rustic,28,Rustic (28),D12,621152.4493,4840713.262
18583,81747335,3001736827,26/07/2023,2023,957,QUEEN'S DR,ARKWRIGHT ST,,Local,North York,43.709563,-79.496211,Intersection Related,Stop Sign,Clear,Daylight,Dry,Non-Fatal Injury,Cyclist Collisions,Cyclist,30 to 34,None,,East,Bicycle,Going Ahead,,,,,,,Driving Properly,Normal,,Yes,,,,,,,,Yes,,,,28,Rustic,28,Rustic (28),D12,621152.4493,4840713.262
18584,81806756,3001751416,27/07/2023,2023,2322,MARKHAM RD,BLAKEMANOR BV,66 m North o,Major Arterial,Scarborough,43.751025,-79.222263,Non Intersection,,Clear,"Dark, artificial",Dry,Non-Fatal Injury,Rear End,Driver,20 to 24,Major,,North,"Automobile, Station Wagon",Changing Lanes,Exceeding Speed Limit,Had Been Drinking,,,,,,,,,Yes,,,,,Yes,Yes,Yes,,,,141,Golfdale-Cedarbrae-Woburn,137,Woburn (137),D43,643124.4631,4845755.096
18585,81806757,3001751416,27/07/2023,2023,2322,MARKHAM RD,BLAKEMANOR BV,66 m North o,Major Arterial,Scarborough,43.751025,-79.222263,Non Intersection,,Clear,"Dark, artificial",Dry,Non-Fatal Injury,Rear End,Driver,25 to 29,Minimal,,North,"Automobile, Station Wagon",Going Ahead,Driving Properly,Unknown,,,,,,,,,Yes,,,,,Yes,Yes,Yes,,,,141,Golfdale-Cedarbrae-Woburn,137,Woburn (137),D43,643124.4631,4845755.096
18586,81806758,3001751416,27/07/2023,2023,2322,MARKHAM RD,BLAKEMANOR BV,66 m North o,Major Arterial,Scarborough,43.751025,-79.222263,Non Intersection,,Clear,"Dark, artificial",Dry,Non-Fatal Injury,Rear End,Driver,30 to 34,Minimal,,South,"Automobile, Station Wagon",Going Ahead,Driving Properly,Normal,,,,,,,,,Yes,,,,,Yes,Yes,Yes,,,,141,Golfdale-Cedarbrae-Woburn,137,Woburn (137),D43,643124.4631,4845755.096
18587,81806759,3001751416,27/07/2023,2023,2322,MARKHAM RD,BLAKEMANOR BV,66 m North o,Major Arterial,Scarborough,43.751025,-79.222263,Non Intersection,,Clear,"Dark, artificial",Dry,Non-Fatal Injury,Rear End,Driver,45 to 49,None,,South,"Automobile, Station Wagon",Going Ahead,Driving Properly,Normal,,,,,,,,,Yes,,,,,Yes,Yes,Yes,,,,141,Golfdale-Cedarbrae-Woburn,137,Woburn (137),D43,643124.4631,4845755.096
18588,81806760,3001751416,27/07/2023,2023,2322,MARKHAM RD,BLAKEMANOR BV,66 m North o,Major Arterial,Scarborough,43.751025,-79.222263,Non Intersection,,Clear,"Dark, artificial",Dry,Non-Fatal Injury,Rear End,Passenger,55 to 59,Major,,,,,,,,,,,,,,,Yes,,,,,Yes,Yes,Yes,,,,141,Golfdale-Cedarbrae-Woburn,137,Woburn (137),D43,643124.4631,4845755.096
18589,81747194,3001759851,28/07/2023,2023,2218,WARDEN AVE,ELLESMERE RD,,Major Arterial,Scarborough,43.761122,-79.300716,Non Intersection,No Control,Clear,Dark,Dry,Fatal,Pedestrian Collisions,Pedestrian,50 to 54,Fatal,23,West,,,,,Pedestrian hit at mid-block,"Crossing, no Traffic Control",Normal,,,,Yes,,Yes,,,,,,,,,,,119,Wexford/Maryvale,119,Wexford/Maryvale (119),D41,636785.1817,4846743.948
18590,81747195,3001759851,28/07/2023,2023,2218,WARDEN AVE,ELLESMERE RD,,Major Arterial,Scarborough,43.761122,-79.300716,Non Intersection,No Control,Clear,Dark,Dry,Fatal,Pedestrian Collisions,Driver,30 to 34,,,South,"Automobile, Station Wagon",Going Ahead,Driving Properly,Normal,,,,,,,Yes,,Yes,,,,,,,,,,,119,Wexford/Maryvale,119,Wexford/Maryvale (119),D41,636785.1817,4846743.948
18591,81750145,3001762588,29/07/2023,2023,954,LESLIE ST,LAKE SHORE BLVD E,,Minor Arterial,Toronto and East York,43.658988,-79.328265,Non Intersection,,Rain,Daylight,Wet,Non-Fatal Injury,Rear End,Cyclist,15 to 19,Major,,South,Bicycle,Going Ahead,,,,,,Cyclist and Driver travelling in same direction. One vehicle rear-ended the other.,Lost control,Normal,,Yes,,,Yes,,,,,,,,,70,South Riverdale,70,South Riverdale (70),D55,634796.349,4835355.37
18592,81750146,3001762588,29/07/2023,2023,954,LESLIE ST,LAKE SHORE BLVD E,,Minor Arterial,Toronto and East York,43.658988,-79.328265,Non Intersection,,Rain,Daylight,Wet,Non-Fatal Injury,Rear End,Truck Driver,unknown,None,,South,Truck - Dump,Going Ahead,Driving Properly,Normal,,,,,,,,Yes,,,Yes,,,,,,,,,70,South Riverdale,70,South Riverdale (70),D55,634796.349,4835355.37
18593,81747852,3001764047,29/07/2023,2023,1407,DIXON RD,MARTIN GROVE RD,,Major Arterial,Etobicoke York,43.691519,-79.570796,Non Intersection,Traffic Signal,Rain,Daylight,Wet,Fatal,SMV Other,Driver,30 to 34,Fatal,24,North,Pick Up Truck,Going Ahead,Other,Other,,,,,,,,,Yes,,,,,,,,,,,1,West Humber-Clairville,1,West Humber-Clairville (1),D23,615178.0237,4838602.931
18594,81807236,3001772212,29/07/2023,2023,2210,COLLEGE ST,HURON ST,,,,43.658267,-79.398166,Intersection Related,Traffic Signal,Clear,Daylight,Dry,Non-Fatal Injury,Turning Movement,Driver,60 to 64,None,,West,"Automobile, Station Wagon",Turning Right,Improper Turn,Normal,,,,,,,,,Yes,,,,,,,,,,,78,Kensington-Chinatown,79,University (79),D52,629161.5351,4835164.104
18595,81807237,3001772212,29/07/2023,2023,2210,COLLEGE ST,HURON ST,,,,43.658267,-79.398166,Intersection Related,Traffic Signal,Clear,Daylight,Dry,Non-Fatal Injury,Turning Movement,Driver,15 to 19,Major,,West,Unknown,Going Ahead,Driving Properly,Normal,,,,,,,,,Yes,,,,,,,,,,,78,Kensington-Chinatown,79,University (79),D52,629161.5351,4835164.104
18596,81748723,3001801230,03/08/2023,2023,1,WESTON RD,BLACK CREEK DR,3 m West of,Major Arterial,Etobicoke York,43.683367,-79.480281,Intersection Related,Traffic Signal,Clear,"Dark, artificial",Dry,Non-Fatal Injury,Turning Movement,Driver,30 to 34,Major,,South,"Automobile, Station Wagon",Turning Left,Disobeyed Traffic Control,Other,,,,,,,,,Yes,,,,,,,Yes,Yes,,,111,Rockcliffe-Smythe,111,Rockcliffe-Smythe (111),D12,622489.1816,4837827.242
18597,81748724,3001801230,03/08/2023,2023,1,WESTON RD,BLACK CREEK DR,3 m West of,Major Arterial,Etobicoke York,43.683367,-79.480281,Intersection Related,Traffic Signal,Clear,"Dark, artificial",Dry,Non-Fatal Injury,Turning Movement,Driver,30 to 34,Major,,South,"Automobile, Station Wagon",Turning Left,,,,,,,,,,,Yes,,,,,,,Yes,Yes,,,111,Rockcliffe-Smythe,111,Rockcliffe-Smythe (111),D12,622489.1816,4837827.242
18598,81747636,3001810408,04/08/2023,2023,110,LAWRENCE AVE E,BIRCHMOUNT RD,181 m East o,Major Arterial,Scarborough,43.748374,-79.280528,At/Near Private Drive,,Rain,"Dark, artificial",Wet,Non-Fatal Injury,Pedestrian Collisions,Driver,20 to 24,None,,East,"Automobile, Station Wagon",Going Ahead,Failed to Yield Right of Way,Normal,,,,,,,Yes,,Yes,,,,,,,Yes,,,,126,Dorset Park,126,Dorset Park (126),D41,638439.6427,4845361.631
18599,81747637,3001810408,04/08/2023,2023,110,LAWRENCE AVE E,BIRCHMOUNT RD,181 m East o,Major Arterial,Scarborough,43.748374,-79.280528,At/Near Private Drive,,Rain,"Dark, artificial",Wet,Non-Fatal Injury,Pedestrian Collisions,Pedestrian,0 to 4,Major,,,,,,,Pedestrian hit at private driveway,Other,Other,,,,Yes,,Yes,,,,,,,Yes,,,,126,Dorset Park,126,Dorset Park (126),D41,638439.6427,4845361.631
18600,81746917,3001816584,04/08/2023,2023,1848,VAUGHAN RD,ATLAS AVE,east of,Minor Arterial,Toronto and East York,43.689055,-79.433704,Non Intersection,No Control,Clear,Daylight,Dry,Fatal,Pedestrian Collisions,Pedestrian,80 to 84,Fatal,25,,Pick Up Truck,,,,Pedestrian hit at mid-block,"Crossing, no Traffic Control",Other,,,,Yes,,Yes,,,,,,,,,,,107,Oakwood Village,107,Oakwood Village (107),D13,626231.3859,4838528.816
18601,81747853,3001816584,04/08/2023,2023,1848,VAUGHAN RD,ATLAS AVE,east of,Minor Arterial,Toronto and East York,43.689055,-79.433704,Non Intersection,No Control,Clear,Daylight,Dry,Fatal,Pedestrian Collisions,Driver,65 to 69,,,West,Pick Up Truck,Going Ahead,Driving Properly,Normal,,,,,,,Yes,,Yes,,,,,,,,,,,107,Oakwood Village,107,Oakwood Village (107),D13,626231.3859,4838528.816
18602,81749334,3001817720,04/08/2023,2023,2141,KINGSTON RD,KALMAR AVE,,Major Arterial,Scarborough,43.689719,-79.267925,Intersection Related,No Control,Clear,"Daylight, artificial",Dry,Non-Fatal Injury,Pedestrian Collisions,Pedestrian,65 to 69,Major,,West,,Going Ahead,,,Vehicle is going straight thru inter.while ped cross with ROW,"Crossing, no Traffic Control",Normal,,,,Yes,,,,,,,,,,,,,122,Birchcliffe-Cliffside,122,Birchcliffe-Cliffside (122),D41,639590.5067,4838868.276
18603,81747883,3001826353,05/08/2023,2023,2200,LESLIE ST,SHEPPARD AV E,,Major Arterial,North York,43.771666,-79.364131,Intersection Related,Traffic Signal,Clear,"Dusk, artificial",Dry,Non-Fatal Injury,Pedestrian Collisions,Driver,25 to 29,None,,North,"Automobile, Station Wagon",Turning Right,Other,Normal,,,,,,,Yes,,Yes,,,,,,,,,,,47,Don Valley Village,52,Bayview Village (52),D33,631657.3557,4847812.232
18604,81747884,3001826353,05/08/2023,2023,2200,LESLIE ST,SHEPPARD AV E,,Major Arterial,North York,43.771666,-79.364131,Intersection Related,Traffic Signal,Clear,"Dusk, artificial",Dry,Non-Fatal Injury,Pedestrian Collisions,Pedestrian,25 to 29,Major,,,,,,,Vehicle turns right while ped crosses with ROW at inter.,Other,Normal,,,,Yes,,Yes,,,,,,,,,,,47,Don Valley Village,52,Bayview Village (52),D33,631657.3557,4847812.232