OBJECTID,INDEX,ACCNUM,DATE,ACCIDENT_YEAR,TIME,STREET1,STREET2,OFFSET,ROAD_CLASS,DISTRICT,LATITUDE,LONGITUDE,ACCLOC,TRAFFCTL,VISIBILITY,LIGHT,RDSFCOND,ACCLASS,IMPACTYPE,INVTYPE,INVAGE,INJURY,FATAL_NO,INITDIR,VEHTYPE,MANOEUVER,DRIVACT,DRIVCOND,PEDTYPE,PEDACT,PEDCOND,CYCLISTYPE,CYCACT,CYCCOND,PEDESTRIAN,CYCLIST,AUTOMOBILE,MOTORCYCLE,TRUCK,TRSN_CITY_VEH,EMERG_VEH,PASSENGER,SPEEDING,AG_DRIV,REDLIGHT,ALCOHOL,DISABILITY,HOOD_158,NEIGHBOURHOOD_158,HOOD_140,NEIGHBOURHOOD_140,DIVISION,x,y
18605,81748198,3001831500,06/08/2023,2023,1534,STEELES AVE W,EMERALD LANE,,Major Arterial,North York,43.793448,-79.440997,Intersection Related,Traffic Signal,Clear,Daylight,Dry,Non-Fatal Injury,Turning Movement,Driver,45 to 49,None,,West,"Automobile, Station Wagon",Turning Left,Improper Turn,Normal,,,,,,,,,Yes,Yes,,,,Yes,,,,,,36,Newtonbrook West,36,Newtonbrook West (36),D32,625425.4435,4850112.108
18606,81748199,3001831500,06/08/2023,2023,1534,STEELES AVE W,EMERALD LANE,,Major Arterial,North York,43.793448,-79.440997,Intersection Related,Traffic Signal,Clear,Daylight,Dry,Non-Fatal Injury,Turning Movement,Motorcycle Driver,25 to 29,Major,,East,Motorcycle,Going Ahead,,Unknown,,,,,,,,,Yes,Yes,,,,Yes,,,,,,36,Newtonbrook West,36,Newtonbrook West (36),D32,625425.4435,4850112.108
18607,81748200,3001831500,06/08/2023,2023,1534,STEELES AVE W,EMERALD LANE,,Major Arterial,North York,43.793448,-79.440997,Intersection Related,Traffic Signal,Clear,Daylight,Dry,Non-Fatal Injury,Turning Movement,Passenger,50 to 54,None,,,,,,,,,,,,,,,Yes,Yes,,,,Yes,,,,,,36,Newtonbrook West,36,Newtonbrook West (36),D32,625425.4435,4850112.108
18608,81748201,3001831500,06/08/2023,2023,1534,STEELES AVE W,EMERALD LANE,,Major Arterial,North York,43.793448,-79.440997,Intersection Related,Traffic Signal,Clear,Daylight,Dry,Non-Fatal Injury,Turning Movement,Passenger,5 to 9,None,,,,,,,,,,,,,,,Yes,Yes,,,,Yes,,,,,,36,Newtonbrook West,36,Newtonbrook West (36),D32,625425.4435,4850112.108
18609,81748202,3001831500,06/08/2023,2023,1534,STEELES AVE W,EMERALD LANE,,Major Arterial,North York,43.793448,-79.440997,Intersection Related,Traffic Signal,Clear,Daylight,Dry,Non-Fatal Injury,Turning Movement,Passenger,15 to 19,None,,,,,,,,,,,,,,,Yes,Yes,,,,Yes,,,,,,36,Newtonbrook West,36,Newtonbrook West (36),D32,625425.4435,4850112.108
18610,81747950,3001847275,08/08/2023,2023,1643,QUEEN ST E,SAULTER ST,5 m West of,Major Arterial,Toronto and East York,43.659426,-79.347415,Non Intersection,,Clear,Daylight,Dry,Non-Fatal Injury,Pedestrian Collisions,Driver,45 to 49,None,,West,"Automobile, Station Wagon",Going Ahead,Driving Properly,Normal,,,,,,,Yes,,Yes,,,,,,,,,,,70,South Riverdale,70,South Riverdale (70),D55,633251.2483,4835373.082
18611,81747951,3001847275,08/08/2023,2023,1643,QUEEN ST E,SAULTER ST,5 m West of,Major Arterial,Toronto and East York,43.659426,-79.347415,Non Intersection,,Clear,Daylight,Dry,Non-Fatal Injury,Pedestrian Collisions,Pedestrian,25 to 29,Major,,,,,,,Vehicle is going straight thru inter.while ped cross without ROW,Crossing without right of way,Normal,,,,Yes,,Yes,,,,,,,,,,,70,South Riverdale,70,South Riverdale (70),D55,633251.2483,4835373.082
18612,81748340,3001857283,09/08/2023,2023,1958,QUEEN ST E,LEWIS ST,4 m West of,Minor Arterial,Toronto and East York,43.659156,-79.348621,Non Intersection,Stop Sign,Clear,"Dark, artificial",Dry,Non-Fatal Injury,Pedestrian Collisions,Driver,30 to 34,None,,West,Street Car,Going Ahead,Driving Properly,Normal,,,,,,,Yes,,,,,Yes,,,,,,,,70,South Riverdale,70,South Riverdale (70),D55,633154.6018,4835341.159
18613,81748341,3001857283,09/08/2023,2023,1958,QUEEN ST E,LEWIS ST,4 m West of,Minor Arterial,Toronto and East York,43.659156,-79.348621,Non Intersection,Stop Sign,Clear,"Dark, artificial",Dry,Non-Fatal Injury,Pedestrian Collisions,Pedestrian,45 to 49,Major,,,,,,,Pedestrian hit at mid-block,Running onto Roadway,Other,,,,Yes,,,,,Yes,,,,,,,,70,South Riverdale,70,South Riverdale (70),D55,633154.6018,4835341.159
18614,81748687,3001857549,09/08/2023,2023,2039,BLOOR ST W,ST GEORGE ST,55 m South o,Minor Arterial,,43.667041,-79.399646,Non Intersection,Traffic Signal,Clear,Dark,Dry,Non-Fatal Injury,Cyclist Collisions,Driver,40 to 44,None,,North,"Automobile, Station Wagon",Stopped,Driving Properly,Normal,,,,,,,,Yes,Yes,,,,,Yes,,,,,,79,University,79,University (79),D52,629023.3996,4836136.27
18615,81748688,3001857549,09/08/2023,2023,2039,BLOOR ST W,ST GEORGE ST,55 m South o,Minor Arterial,,43.667041,-79.399646,Non Intersection,Traffic Signal,Clear,Dark,Dry,Non-Fatal Injury,Cyclist Collisions,Cyclist,20 to 24,Major,,North,Bicycle,Going Ahead,,,,,,Insufficient information (to determine cyclist crash type).,Driving Properly,Normal,,Yes,Yes,,,,,Yes,,,,,,79,University,79,University (79),D52,629023.3996,4836136.27
18616,81748689,3001857549,09/08/2023,2023,2039,BLOOR ST W,ST GEORGE ST,55 m South o,Minor Arterial,,43.667041,-79.399646,Non Intersection,Traffic Signal,Clear,Dark,Dry,Non-Fatal Injury,Cyclist Collisions,Passenger,20 to 24,None,,,,,,,,,,,,,,Yes,Yes,,,,,Yes,,,,,,79,University,79,University (79),D52,629023.3996,4836136.27
18617,81807319,3001860153,10/08/2023,2023,750,STEELES AV E,MCCOWAN RD,100 m West o,,,43.830779,-79.27634,Non Intersection,No Control,Clear,Daylight,Dry,Non-Fatal Injury,Rear End,Driver,35 to 39,Major,,West,"Automobile, Station Wagon",Going Ahead,Lost control,Other,,,,,,,,,Yes,,,,,Yes,,,,,,NSA,NSA,NSA,NSA,D42,638586.2411,4854521.023
18618,81807320,3001860153,10/08/2023,2023,750,STEELES AV E,MCCOWAN RD,100 m West o,,,43.830779,-79.27634,Non Intersection,No Control,Clear,Daylight,Dry,Non-Fatal Injury,Rear End,Driver,55 to 59,None,,West,"Automobile, Station Wagon",Going Ahead,Driving Properly,Normal,,,,,,,,,Yes,,,,,Yes,,,,,,NSA,NSA,NSA,NSA,D42,638586.2411,4854521.023
18619,81807321,3001860153,10/08/2023,2023,750,STEELES AV E,MCCOWAN RD,100 m West o,,,43.830779,-79.27634,Non Intersection,No Control,Clear,Daylight,Dry,Non-Fatal Injury,Rear End,Driver,25 to 29,Major,,East,"Automobile, Station Wagon",Going Ahead,Driving Properly,Normal,,,,,,,,,Yes,,,,,Yes,,,,,,NSA,NSA,NSA,NSA,D42,638586.2411,4854521.023
18620,81807322,3001860153,10/08/2023,2023,750,STEELES AV E,MCCOWAN RD,100 m West o,,,43.830779,-79.27634,Non Intersection,No Control,Clear,Daylight,Dry,Non-Fatal Injury,Rear End,Passenger,50 to 54,Major,,,,,,,,,,,,,,,Yes,,,,,Yes,,,,,,NSA,NSA,NSA,NSA,D42,638586.2411,4854521.023
18621,81807192,3001869877,11/08/2023,2023,1128,THE POND RD,IAN MACDONALD BV,,,,43.772445,-79.511364,,Traffic Signal,Clear,Daylight,Dry,Non-Fatal Injury,Pedestrian Collisions,Driver,30 to 34,None,,East,"Automobile, Station Wagon",Going Ahead,Driving Properly,Normal,,,,,,,Yes,,Yes,,,,,,,,,,,27,York University Heights,27,York University Heights (27),D31,619806.1555,4847675.181
18622,81807193,3001869877,11/08/2023,2023,1128,THE POND RD,IAN MACDONALD BV,,,,43.772445,-79.511364,,Traffic Signal,Clear,Daylight,Dry,Non-Fatal Injury,Pedestrian Collisions,Pedestrian,35 to 39,Major,,,,,,,,,Unknown,,,,Yes,,Yes,,,,,,,,,,,27,York University Heights,27,York University Heights (27),D31,619806.1555,4847675.181
18623,81748720,3001871981,11/08/2023,2023,1555,DUNDAS ST W,LANSDOWNE AV,,Minor Arterial,North York,43.650172,-79.4397,Intersection Related,Traffic Signal,Clear,Daylight,Dry,Non-Fatal Injury,Cyclist Collisions,Cyclist,15 to 19,Major,,South,Bicycle,Going Ahead,,,,,,Cyclist turned left across motorists path.,Improper Turn,Other,,Yes,Yes,,,,,,,Yes,Yes,,,83,Dufferin Grove,83,Dufferin Grove (83),D11,625829.3744,4834201.232
18624,81748721,3001871981,11/08/2023,2023,1555,DUNDAS ST W,LANSDOWNE AV,,Minor Arterial,North York,43.650172,-79.4397,Intersection Related,Traffic Signal,Clear,Daylight,Dry,Non-Fatal Injury,Cyclist Collisions,Driver,35 to 39,None,,West,"Automobile, Station Wagon",Going Ahead,Disobeyed Traffic Control,Other,,,,,,,,Yes,Yes,,,,,,,Yes,Yes,,,83,Dufferin Grove,83,Dufferin Grove (83),D11,625829.3744,4834201.232
18625,81749402,3001880373,12/08/2023,2023,1740,SHEPPARD AV W,BATHURST ST,3 m West of,Major Arterial,North York,43.755465,-79.438442,At Intersection,Traffic Signal,Clear,Daylight,Dry,Non-Fatal Injury,Pedestrian Collisions,Driver,20 to 24,Minor,,West,"Automobile, Station Wagon",Turning Left,Failed to Yield Right of Way,Normal,,,,,,,Yes,,Yes,,,,,,,Yes,,,,34,Bathurst Manor,34,Bathurst Manor (34),D32,625710.5627,4845897.393
18626,81749403,3001880373,12/08/2023,2023,1740,SHEPPARD AV W,BATHURST ST,3 m West of,Major Arterial,North York,43.755465,-79.438442,At Intersection,Traffic Signal,Clear,Daylight,Dry,Non-Fatal Injury,Pedestrian Collisions,Driver,25 to 29,Minor,,East,"Automobile, Station Wagon",Going Ahead,Driving Properly,Normal,,,,,,,Yes,,Yes,,,,,,,Yes,,,,34,Bathurst Manor,34,Bathurst Manor (34),D32,625710.5627,4845897.393
18627,81749404,3001880373,12/08/2023,2023,1740,SHEPPARD AV W,BATHURST ST,3 m West of,Major Arterial,North York,43.755465,-79.438442,At Intersection,Traffic Signal,Clear,Daylight,Dry,Non-Fatal Injury,Pedestrian Collisions,Pedestrian,45 to 49,Minor,,,,,,,Pedestrian hit on sidewalk or shoulder,On Sidewalk or Shoulder,Normal,,,,Yes,,Yes,,,,,,,Yes,,,,34,Bathurst Manor,34,Bathurst Manor (34),D32,625710.5627,4845897.393
18628,81749405,3001880373,12/08/2023,2023,1740,SHEPPARD AV W,BATHURST ST,3 m West of,Major Arterial,North York,43.755465,-79.438442,At Intersection,Traffic Signal,Clear,Daylight,Dry,Non-Fatal Injury,Pedestrian Collisions,Pedestrian,45 to 49,Minor,,,,,,,Pedestrian hit on sidewalk or shoulder,On Sidewalk or Shoulder,Normal,,,,Yes,,Yes,,,,,,,Yes,,,,34,Bathurst Manor,34,Bathurst Manor (34),D32,625710.5627,4845897.393
18629,81749406,3001880373,12/08/2023,2023,1740,SHEPPARD AV W,BATHURST ST,3 m West of,Major Arterial,North York,43.755465,-79.438442,At Intersection,Traffic Signal,Clear,Daylight,Dry,Non-Fatal Injury,Pedestrian Collisions,Pedestrian,20 to 24,Major,,,,,,,Pedestrian hit on sidewalk or shoulder,,Unknown,,,,Yes,,Yes,,,,,,,Yes,,,,34,Bathurst Manor,34,Bathurst Manor (34),D32,625710.5627,4845897.393
18630,81748670,3001889840,13/08/2023,2023,2256,BEECHBOROUGH AV,KEELE ST,,Collector,Toronto and East York,43.694358,-79.474788,Intersection Related,Traffic Signal,Clear,Dark,Dry,Non-Fatal Injury,Turning Movement,Driver,55 to 59,None,,South,"Automobile, Station Wagon",Turning Left,Improper Turn,Normal,,,,,,,,,Yes,Yes,,,,,,,,,,112,Beechborough-Greenbrook,112,Beechborough-Greenbrook (112),D12,622909.4697,4839056.069
18631,81748671,3001889840,13/08/2023,2023,2256,BEECHBOROUGH AV,KEELE ST,,Collector,Toronto and East York,43.694358,-79.474788,Intersection Related,Traffic Signal,Clear,Dark,Dry,Non-Fatal Injury,Turning Movement,Motorcycle Driver,30 to 34,Major,,North,Motorcycle,Going Ahead,Driving Properly,Normal,,,,,,,,,Yes,Yes,,,,,,,,,,112,Beechborough-Greenbrook,112,Beechborough-Greenbrook (112),D12,622909.4697,4839056.069
18632,81749851,3001897484,14/08/2023,2023,2047,YONGE ST,ROXBOROUGH ST E,,Collector,Toronto and East York,43.678099,-79.388713,Intersection Related,Stop Sign,Clear,"Dark, artificial",Dry,Non-Fatal Injury,SMV Other,Driver,55 to 59,None,,South,"Automobile, Station Wagon",Turning Left,Improper Turn,Normal,,,,,,,,,Yes,,,,,,,,,,,98,Rosedale-Moore Park,98,Rosedale-Moore Park (98),D53,629880.9906,4837381.472
18633,81749852,3001897484,14/08/2023,2023,2047,YONGE ST,ROXBOROUGH ST E,,Collector,Toronto and East York,43.678099,-79.388713,Intersection Related,Stop Sign,Clear,"Dark, artificial",Dry,Non-Fatal Injury,SMV Other,Driver,35 to 39,Major,,North,Unknown,Going Ahead,Driving Properly,Normal,,,,,,,,,Yes,,,,,,,,,,,98,Rosedale-Moore Park,98,Rosedale-Moore Park (98),D53,629880.9906,4837381.472
18634,81748226,3001904810,15/08/2023,2023,1817,500 THE EAST ML,FOUR SEASONS PL,189 m North ,Minor Arterial,Etobicoke York,43.651225,-79.562495,At/Near Private Drive,No Control,Clear,Daylight,Dry,Non-Fatal Injury,SMV Other,Driver,15 to 19,Major,,South,"Automobile, Station Wagon",Going Ahead,Exceeding Speed Limit,Other,,,,,,,,,Yes,,,,,,Yes,Yes,,,,158,Islington,14,Islington-City Centre West (14),D22,615924.5442,4834139.319
18635,81749565,3001922494,17/08/2023,2023,2036,EGLINTON AV E,MARKHAM RD,6 m East of,Major Arterial,Scarborough,43.743186,-79.218883,Intersection Related,Traffic Signal,Clear,"Dusk, artificial",Dry,Non-Fatal Injury,Pedestrian Collisions,Driver,45 to 49,None,,East,"Automobile, Station Wagon",Going Ahead,Driving Properly,Normal,,,,,,,Yes,,Yes,,,,,Yes,,,,,,139,Scarborough Village,139,Scarborough Village (139),D43,643415.309,4844890.302
18636,81749566,3001922494,17/08/2023,2023,2036,EGLINTON AV E,MARKHAM RD,6 m East of,Major Arterial,Scarborough,43.743186,-79.218883,Intersection Related,Traffic Signal,Clear,"Dusk, artificial",Dry,Non-Fatal Injury,Pedestrian Collisions,Passenger,10 to 14,None,,,,,,,,,,,,,Yes,,Yes,,,,,Yes,,,,,,139,Scarborough Village,139,Scarborough Village (139),D43,643415.309,4844890.302
18637,81749567,3001922494,17/08/2023,2023,2036,EGLINTON AV E,MARKHAM RD,6 m East of,Major Arterial,Scarborough,43.743186,-79.218883,Intersection Related,Traffic Signal,Clear,"Dusk, artificial",Dry,Non-Fatal Injury,Pedestrian Collisions,Pedestrian,45 to 49,Major,,,,,,,Vehicle is going straight thru inter.while ped cross without ROW,Crossing marked crosswalk without ROW,Had Been Drinking,,,,Yes,,Yes,,,,,Yes,,,,,,139,Scarborough Village,139,Scarborough Village (139),D43,643415.309,4844890.302
18638,81750823,3001923294,17/08/2023,2023,2246,F G GARDINER XY E,ISLINGTON AV,275 m West o,Expressway,Etobicoke York,43.619677,-79.5163,Non Intersection,No Control,Rain,"Dark, artificial",Wet,Non-Fatal Injury,Rear End,Driver,20 to 24,None,,East,"Automobile, Station Wagon",Going Ahead,Speed too Fast For Condition,"Ability Impaired, Alcohol Over .08",,,,,,,,,Yes,,,,,Yes,Yes,Yes,,Yes,,160,Mimico-Queensway,17,Mimico (includes Humber Bay Shores) (17),D22,619712.4978,4830701.086
18639,81750824,3001923294,17/08/2023,2023,2246,F G GARDINER XY E,ISLINGTON AV,275 m West o,Expressway,Etobicoke York,43.619677,-79.5163,Non Intersection,No Control,Rain,"Dark, artificial",Wet,Non-Fatal Injury,Rear End,Driver,25 to 29,Major,,East,Passenger Van,Going Ahead,Driving Properly,Normal,,,,,,,,,Yes,,,,,Yes,Yes,Yes,,Yes,,160,Mimico-Queensway,17,Mimico (includes Humber Bay Shores) (17),D22,619712.4978,4830701.086
18640,81750825,3001923294,17/08/2023,2023,2246,F G GARDINER XY E,ISLINGTON AV,275 m West o,Expressway,Etobicoke York,43.619677,-79.5163,Non Intersection,No Control,Rain,"Dark, artificial",Wet,Non-Fatal Injury,Rear End,Driver,30 to 34,Minimal,,East,Passenger Van,Going Ahead,Driving Properly,Normal,,,,,,,,,Yes,,,,,Yes,Yes,Yes,,Yes,,160,Mimico-Queensway,17,Mimico (includes Humber Bay Shores) (17),D22,619712.4978,4830701.086
18641,81750826,3001923294,17/08/2023,2023,2246,F G GARDINER XY E,ISLINGTON AV,275 m West o,Expressway,Etobicoke York,43.619677,-79.5163,Non Intersection,No Control,Rain,"Dark, artificial",Wet,Non-Fatal Injury,Rear End,Passenger,20 to 24,Minimal,,,,,,,,,,,,,,,Yes,,,,,Yes,Yes,Yes,,Yes,,160,Mimico-Queensway,17,Mimico (includes Humber Bay Shores) (17),D22,619712.4978,4830701.086
18642,81750827,3001923294,17/08/2023,2023,2246,F G GARDINER XY E,ISLINGTON AV,275 m West o,Expressway,Etobicoke York,43.619677,-79.5163,Non Intersection,No Control,Rain,"Dark, artificial",Wet,Non-Fatal Injury,Rear End,Passenger,25 to 29,Minimal,,,,,,,,,,,,,,,Yes,,,,,Yes,Yes,Yes,,Yes,,160,Mimico-Queensway,17,Mimico (includes Humber Bay Shores) (17),D22,619712.4978,4830701.086
18643,81749374,3001923363,17/08/2023,2023,2255,JANE ST,EXBURY RD,100 m South ,Major Arterial,North York,43.728415,-79.510494,Non Intersection,Traffic Signal,Rain,"Dark, artificial",Wet,Non-Fatal Injury,Approaching,Driver,25 to 29,Major,,North,"Automobile, Station Wagon",Other,Speed too Fast For Condition,Normal,,,,,,,,,Yes,,,,,,Yes,Yes,,,,154,Oakdale-Beverley Heights,26,Downsview-Roding-CFB (26),D31,619964.1058,4842786.266
18644,81749375,3001923363,17/08/2023,2023,2255,JANE ST,EXBURY RD,100 m South ,Major Arterial,North York,43.728415,-79.510494,Non Intersection,Traffic Signal,Rain,"Dark, artificial",Wet,Non-Fatal Injury,Approaching,Driver,30 to 34,Major,,South,"Automobile, Station Wagon",Going Ahead,Driving Properly,Normal,,,,,,,,,Yes,,,,,,Yes,Yes,,,,154,Oakdale-Beverley Heights,26,Downsview-Roding-CFB (26),D31,619964.1058,4842786.266
18645,81748674,3001924743,18/08/2023,2023,630,EGLINTON AVE E,BRIMLEY RD,20 m West of,Major Arterial,Scarborough,43.736705,-79.248058,Non Intersection,,Clear,Dawn,Dry,Non-Fatal Injury,Pedestrian Collisions,Driver,25 to 29,None,,West,Pick Up Truck,Going Ahead,Driving Properly,Normal,,,,,,,Yes,,Yes,,,,,,,,,,,138,Eglinton East,138,Eglinton East (138),D43,641081.3352,4844120.393
18646,81748675,3001924743,18/08/2023,2023,630,EGLINTON AVE E,BRIMLEY RD,20 m West of,Major Arterial,Scarborough,43.736705,-79.248058,Non Intersection,,Clear,Dawn,Dry,Non-Fatal Injury,Pedestrian Collisions,Pedestrian,25 to 29,Major,,,,,,,Pedestrian hit at mid-block,Crossing without right of way,Other,,,,Yes,,Yes,,,,,,,,,,,138,Eglinton East,138,Eglinton East (138),D43,641081.3352,4844120.393
18647,81749490,3001930218,18/08/2023,2023,1943,MERTON ST,MOUNT PLEASANT RD,,Major Arterial,Toronto and East York,43.69818,-79.386447,Intersection Related,Traffic Signal,Clear,"Dark, artificial",Dry,Non-Fatal Injury,Turning Movement,Driver,25 to 29,None,,North,"Automobile, Station Wagon",Turning Left,Improper Turn,Normal,,,,,,,,,Yes,Yes,,,,,,,,,,99,Mount Pleasant East,99,Mount Pleasant East (99),D53,630020.2525,4839615.295
18648,81749491,3001930218,18/08/2023,2023,1943,MERTON ST,MOUNT PLEASANT RD,,Major Arterial,Toronto and East York,43.69818,-79.386447,Intersection Related,Traffic Signal,Clear,"Dark, artificial",Dry,Non-Fatal Injury,Turning Movement,Motorcycle Driver,25 to 29,Major,,South,Motorcycle,Going Ahead,Driving Properly,Unknown,,,,,,,,,Yes,Yes,,,,,,,,,,99,Mount Pleasant East,99,Mount Pleasant East (99),D53,630020.2525,4839615.295
18649,81748916,3001940328,20/08/2023,2023,305,BAY ST,BLOOR ST,9 m South of,Major Arterial,Toronto and East York,43.669673,-79.389476,Intersection Related,Traffic Signal,Clear,Dark,Dry,Non-Fatal Injury,Pedestrian Collisions,Driver,25 to 29,None,,South,"Automobile, Station Wagon",Going Ahead,Driving Properly,Normal,,,,,,,Yes,,Yes,,,,,Yes,Yes,Yes,,,,169,Bay-Cloverhill,95,Annex (95),D52,629837.6565,4836444.456
18650,81748917,3001940328,20/08/2023,2023,305,BAY ST,BLOOR ST,9 m South of,Major Arterial,Toronto and East York,43.669673,-79.389476,Intersection Related,Traffic Signal,Clear,Dark,Dry,Non-Fatal Injury,Pedestrian Collisions,Passenger,20 to 24,None,,,,,,,,,,,,,Yes,,Yes,,,,,Yes,Yes,Yes,,,,169,Bay-Cloverhill,95,Annex (95),D52,629837.6565,4836444.456
18651,81748918,3001940328,20/08/2023,2023,305,BAY ST,BLOOR ST,9 m South of,Major Arterial,Toronto and East York,43.669673,-79.389476,Intersection Related,Traffic Signal,Clear,Dark,Dry,Non-Fatal Injury,Pedestrian Collisions,Pedestrian,50 to 54,Major,,,,,,,Vehicle is going straight thru inter.while ped cross without ROW,Crossing without right of way,Normal,,,,Yes,,Yes,,,,,Yes,Yes,Yes,,,,169,Bay-Cloverhill,95,Annex (95),D52,629837.6565,4836444.456
18652,81748884,3001959767,22/08/2023,2023,1451,KING ST W,JAMESON AVE,10 m West of,Major Arterial,,43.637026,-79.436343,Non Intersection,Traffic Signal,Clear,Daylight,Dry,Non-Fatal Injury,Pedestrian Collisions,Driver,25 to 29,None,,East,"Automobile, Station Wagon",Going Ahead,Failed to Yield Right of Way,Other,,,,,,,Yes,,Yes,,,,,,,Yes,,,,85,South Parkdale,85,South Parkdale (85),D14,626127.6072,4832746.295
18653,81748885,3001959767,22/08/2023,2023,1451,KING ST W,JAMESON AVE,10 m West of,Major Arterial,,43.637026,-79.436343,Non Intersection,Traffic Signal,Clear,Daylight,Dry,Non-Fatal Injury,Pedestrian Collisions,Pedestrian,50 to 54,Major,,,,,,,Other / Undefined,Crossing with right of way,Normal,,,,Yes,,Yes,,,,,,,Yes,,,,85,South Parkdale,85,South Parkdale (85),D14,626127.6072,4832746.295
18654,81749114,3001964542,23/08/2023,2023,545,WESTON RD,SHEPPARD AVE W,,Major Arterial,North York,43.733752,-79.538196,Intersection Related,Traffic Signal,Clear,Daylight,Dry,Non-Fatal Injury,Pedestrian Collisions,Driver,55 to 59,None,,North,"Automobile, Station Wagon",Turning Right,Failed to Yield Right of Way,Normal,,,,,,,Yes,,Yes,,,,,,,Yes,,,,23,Pelmo Park-Humberlea,22,Humbermede (22),D31,617722.5266,4843339.286
18655,81749115,3001964542,23/08/2023,2023,545,WESTON RD,SHEPPARD AVE W,,Major Arterial,North York,43.733752,-79.538196,Intersection Related,Traffic Signal,Clear,Daylight,Dry,Non-Fatal Injury,Pedestrian Collisions,Pedestrian,60 to 64,Major,,,,,,,Vehicle turns right while ped crosses with ROW at inter.,Crossing with right of way,Normal,,,,Yes,,Yes,,,,,,,Yes,,,,23,Pelmo Park-Humberlea,22,Humbermede (22),D31,617722.5266,4843339.286
18656,81750171,3001969077,23/08/2023,2023,1733,DIXON RD,CITY VIEW DR,60 m East of,Major Arterial,Etobicoke York,43.690383,-79.57632,At/Near Private Drive,Traffic Signal,Clear,Daylight,Dry,Non-Fatal Injury,Pedestrian Collisions,Driver,50 to 54,None,,North,Pick Up Truck,Turning Left,Improper Turn,Normal,,,,,,,Yes,,Yes,,,,,Yes,,,,,,1,West Humber-Clairville,1,West Humber-Clairville (1),D23,614735.0133,4838469.105
18657,81750172,3001969077,23/08/2023,2023,1733,DIXON RD,CITY VIEW DR,60 m East of,Major Arterial,Etobicoke York,43.690383,-79.57632,At/Near Private Drive,Traffic Signal,Clear,Daylight,Dry,Non-Fatal Injury,Pedestrian Collisions,Passenger,40 to 44,None,,,,,,,,,,,,,Yes,,Yes,,,,,Yes,,,,,,1,West Humber-Clairville,1,West Humber-Clairville (1),D23,614735.0133,4838469.105
18658,81750173,3001969077,23/08/2023,2023,1733,DIXON RD,CITY VIEW DR,60 m East of,Major Arterial,Etobicoke York,43.690383,-79.57632,At/Near Private Drive,Traffic Signal,Clear,Daylight,Dry,Non-Fatal Injury,Pedestrian Collisions,Pedestrian,60 to 64,Major,,,,,,,Pedestrian hit at mid-block,Crossing without right of way,Normal,,,,Yes,,Yes,,,,,Yes,,,,,,1,West Humber-Clairville,1,West Humber-Clairville (1),D23,614735.0133,4838469.105
18659,81750000,3001971666,24/08/2023,2023,9,QUEEN ST W,DUFFERIN ST,67 m East of,Major Arterial,Toronto and East York,43.642405,-79.427814,Non Intersection,No Control,Clear,"Dark, artificial",Dry,Non-Fatal Injury,Cyclist Collisions,Driver,20 to 24,None,,West,"Automobile, Station Wagon",Stopped,Other,Normal,,,,,,,,Yes,Yes,,,,,,,,,,,84,Little Portugal,84,Little Portugal (84),D14,626804.2639,4833356.697
18660,81750001,3001971666,24/08/2023,2023,9,QUEEN ST W,DUFFERIN ST,67 m East of,Major Arterial,Toronto and East York,43.642405,-79.427814,Non Intersection,No Control,Clear,"Dark, artificial",Dry,Non-Fatal Injury,Cyclist Collisions,Cyclist,30 to 34,Major,,West,Bicycle,Going Ahead,,,,,,Cyclist struck opened vehicle door,Driving Properly,Normal,,Yes,Yes,,,,,,,,,,,84,Little Portugal,84,Little Portugal (84),D14,626804.2639,4833356.697
18661,81749829,3001982879,25/08/2023,2023,1144,ROYAL YORK RD,CAVELL AVE,45 m North o,Minor Arterial,Etobicoke York,43.615023,-79.497913,Non Intersection,No Control,Clear,Daylight,Dry,Non-Fatal Injury,Cyclist Collisions,Driver,55 to 59,None,,North,"Automobile, Station Wagon",Stopped,Driving Properly,Normal,,,,,,,,Yes,Yes,,,,,Yes,,,,,,160,Mimico-Queensway,17,Mimico (includes Humber Bay Shores) (17),D22,621205.4181,4830210.876
18662,81749830,3001982879,25/08/2023,2023,1144,ROYAL YORK RD,CAVELL AVE,45 m North o,Minor Arterial,Etobicoke York,43.615023,-79.497913,Non Intersection,No Control,Clear,Daylight,Dry,Non-Fatal Injury,Cyclist Collisions,Cyclist,55 to 59,Major,,North,Bicycle,Going Ahead,,,,,,Cyclist struck opened vehicle door,Driving Properly,Normal,,Yes,Yes,,,,,Yes,,,,,,160,Mimico-Queensway,17,Mimico (includes Humber Bay Shores) (17),D22,621205.4181,4830210.876
18663,81749831,3001982879,25/08/2023,2023,1144,ROYAL YORK RD,CAVELL AVE,45 m North o,Minor Arterial,Etobicoke York,43.615023,-79.497913,Non Intersection,No Control,Clear,Daylight,Dry,Non-Fatal Injury,Cyclist Collisions,Passenger,50 to 54,None,,,,,,,,,,,,,,Yes,Yes,,,,,Yes,,,,,,160,Mimico-Queensway,17,Mimico (includes Humber Bay Shores) (17),D22,621205.4181,4830210.876