OBJECTID,INDEX,ACCNUM,DATE,ACCIDENT_YEAR,TIME,STREET1,STREET2,OFFSET,ROAD_CLASS,DISTRICT,LATITUDE,LONGITUDE,ACCLOC,TRAFFCTL,VISIBILITY,LIGHT,RDSFCOND,ACCLASS,IMPACTYPE,INVTYPE,INVAGE,INJURY,FATAL_NO,INITDIR,VEHTYPE,MANOEUVER,DRIVACT,DRIVCOND,PEDTYPE,PEDACT,PEDCOND,CYCLISTYPE,CYCACT,CYCCOND,PEDESTRIAN,CYCLIST,AUTOMOBILE,MOTORCYCLE,TRUCK,TRSN_CITY_VEH,EMERG_VEH,PASSENGER,SPEEDING,AG_DRIV,REDLIGHT,ALCOHOL,DISABILITY,HOOD_158,NEIGHBOURHOOD_158,HOOD_140,NEIGHBOURHOOD_140,DIVISION,x,y
18664,81748944,3001984053,25/08/2023,2023,1416,HENLEY CRES,ELMHURST DRIVE,10 m North o,Local,Etobicoke York,43.728583,-79.571559,Non Intersection,Stop Sign,Clear,Daylight,Dry,Non-Fatal Injury,Pedestrian Collisions,Driver,unknown,None,,North,"Automobile, Station Wagon",Going Ahead,Other,Unknown,,,,,,,Yes,,Yes,,,,,,,Yes,,,,4,Rexdale-Kipling,4,Rexdale-Kipling (4),D23,615045.6026,4842718.337
18665,81748945,3001984053,25/08/2023,2023,1416,HENLEY CRES,ELMHURST DRIVE,10 m North o,Local,Etobicoke York,43.728583,-79.571559,Non Intersection,Stop Sign,Clear,Daylight,Dry,Non-Fatal Injury,Pedestrian Collisions,Pedestrian,30 to 34,Major,,,,,,,Pedestrian hit at mid-block,Other,Normal,,,,Yes,,Yes,,,,,,,Yes,,,,4,Rexdale-Kipling,4,Rexdale-Kipling (4),D23,615045.6026,4842718.337
18666,81754815,3001985783,25/08/2023,2023,1757,KINGSTON RD,MANSE RD,,Major Arterial,Scarborough,43.774863,-79.177943,Intersection Related,Traffic Signal,Clear,Daylight,Dry,Non-Fatal Injury,Turning Movement,Driver,65 to 69,None,,East,"Automobile, Station Wagon",Turning Left,Improper Turn,Normal,,,,,,,,,Yes,,,,,Yes,,,,,,136,West Hill,136,West Hill (136),D43,646634.4281,4848480.22
18667,81754816,3001985783,25/08/2023,2023,1757,KINGSTON RD,MANSE RD,,Major Arterial,Scarborough,43.774863,-79.177943,Intersection Related,Traffic Signal,Clear,Daylight,Dry,Non-Fatal Injury,Turning Movement,Driver,20 to 24,Major,,West,"Automobile, Station Wagon",Going Ahead,Driving Properly,Normal,,,,,,,,,Yes,,,,,Yes,,,,,,136,West Hill,136,West Hill (136),D43,646634.4281,4848480.22
18668,81754817,3001985783,25/08/2023,2023,1757,KINGSTON RD,MANSE RD,,Major Arterial,Scarborough,43.774863,-79.177943,Intersection Related,Traffic Signal,Clear,Daylight,Dry,Non-Fatal Injury,Turning Movement,Passenger,15 to 19,None,,,,,,,,,,,,,,,Yes,,,,,Yes,,,,,,136,West Hill,136,West Hill (136),D43,646634.4281,4848480.22
18669,81754818,3001985783,25/08/2023,2023,1757,KINGSTON RD,MANSE RD,,Major Arterial,Scarborough,43.774863,-79.177943,Intersection Related,Traffic Signal,Clear,Daylight,Dry,Non-Fatal Injury,Turning Movement,Passenger,0 to 4,Minimal,,,,,,,,,,,,,,,Yes,,,,,Yes,,,,,,136,West Hill,136,West Hill (136),D43,646634.4281,4848480.22
18670,81753491,3001986496,25/08/2023,2023,1920,LOWER SIMCOE ST,STATION ST,10 m South o,Collector,Toronto and East York,43.644286,-79.384776,Non Intersection,Stop Sign,Clear,Daylight,Dry,Non-Fatal Injury,Sideswipe,Driver,20 to 24,None,,South,"Automobile, Station Wagon",Changing Lanes,Improper Lane Change,Normal,,,,,,,,Yes,Yes,,,,,,,,,,,165,Harbourfront-CityPlace,77,Waterfront Communities-The Island (77),D52,630271.4533,4833632.261
18671,81753492,3001986496,25/08/2023,2023,1920,LOWER SIMCOE ST,STATION ST,10 m South o,Collector,Toronto and East York,43.644286,-79.384776,Non Intersection,Stop Sign,Clear,Daylight,Dry,Non-Fatal Injury,Sideswipe,Cyclist,40 to 44,Major,,South,Bicycle,Going Ahead,,,,,,Cyclist and Driver travelling in same direction. One vehicle sideswipes the other.,Driving Properly,Normal,,Yes,Yes,,,,,,,,,,,165,Harbourfront-CityPlace,77,Waterfront Communities-The Island (77),D52,630271.4533,4833632.261
18672,81749458,3001989785,25/08/2023,2023,1947,DUNDAS ST E,RIVER ST,34 m East of,Major Arterial,Toronto and East York,43.661303,-79.357723,Non Intersection,No Control,Clear,Daylight,Dry,Non-Fatal Injury,Cyclist Collisions,Motorcycle Driver,unknown,None,,East,Motorcycle,Overtaking,Improper Passing,Unknown,,,,,,,,Yes,,Yes,,,,,,Yes,,,,72,Regent Park,72,Regent Park (72),D51,632415.958,4835565.044
18673,81749459,3001989785,25/08/2023,2023,1947,DUNDAS ST E,RIVER ST,34 m East of,Major Arterial,Toronto and East York,43.661303,-79.357723,Non Intersection,No Control,Clear,Daylight,Dry,Non-Fatal Injury,Cyclist Collisions,Cyclist,50 to 54,Major,,East,Bicycle,Going Ahead,,,,,,"Motorist without ROW drives into path of cyclist at inter, lnwy, dwy-Driver not turn.",Driving Properly,Normal,,Yes,,Yes,,,,,,Yes,,,,72,Regent Park,72,Regent Park (72),D51,632415.958,4835565.044
18674,81807477,3001995620,26/08/2023,2023,2325,HILDA AVE,STEELES AVE W,,,,43.796043,-79.429233,,Traffic Signal,Clear,"Dark, artificial",Dry,Non-Fatal Injury,Pedestrian Collisions,Driver,40 to 44,None,,North,"Automobile, Station Wagon",Turning Left,Improper Turn,Normal,,,,,,,Yes,,Yes,,,,,,,,,,,NSA,NSA,NSA,NSA,D32,626366.4232,4850418.217
18675,81807478,3001995620,26/08/2023,2023,2325,HILDA AVE,STEELES AVE W,,,,43.796043,-79.429233,,Traffic Signal,Clear,"Dark, artificial",Dry,Non-Fatal Injury,Pedestrian Collisions,Pedestrian,45 to 49,Major,,,,,,,,,Unknown,,,,Yes,,Yes,,,,,,,,,,,NSA,NSA,NSA,NSA,D32,626366.4232,4850418.217
18676,81749807,3001998353,27/08/2023,2023,1055,KEELE ST,INGRAM DR,,Major Arterial,North York,43.699435,-79.47594,Intersection Related,Traffic Signal,Clear,Daylight,Dry,Non-Fatal Injury,Turning Movement,Driver,90 to 94,None,,South,"Automobile, Station Wagon",Turning Left,Driving Properly,Normal,,,,,,,,,Yes,Yes,,,,,,,,,,30,Brookhaven-Amesbury,30,Brookhaven-Amesbury (30),D12,622806.2705,4839618.232
18677,81749808,3001998353,27/08/2023,2023,1055,KEELE ST,INGRAM DR,,Major Arterial,North York,43.699435,-79.47594,Intersection Related,Traffic Signal,Clear,Daylight,Dry,Non-Fatal Injury,Turning Movement,Motorcycle Driver,20 to 24,Major,,North,Motorcycle,Going Ahead,Driving Properly,Normal,,,,,,,,,Yes,Yes,,,,,,,,,,30,Brookhaven-Amesbury,30,Brookhaven-Amesbury (30),D12,622806.2705,4839618.232
18678,81749790,3002003989,28/08/2023,2023,524,VICTORIA PARK AV,LAWRENCE AV E,16 m North o,Major Arterial,North York,43.742152,-79.309757,Intersection Related,Traffic Signal,Clear,"Dusk, artificial",Dry,Non-Fatal Injury,Turning Movement,Driver,60 to 64,Minor,,North,"Automobile, Station Wagon",Turning Left,Failed to Yield Right of Way,Other,,,,,,,,,Yes,Yes,,,,,,Yes,,,,119,Wexford/Maryvale,119,Wexford/Maryvale (119),D41,636100.4058,4844622.149
18679,81749791,3002003989,28/08/2023,2023,524,VICTORIA PARK AV,LAWRENCE AV E,16 m North o,Major Arterial,North York,43.742152,-79.309757,Intersection Related,Traffic Signal,Clear,"Dusk, artificial",Dry,Non-Fatal Injury,Turning Movement,Motorcycle Driver,55 to 59,Major,,South,Motorcycle,Going Ahead,Driving Properly,Normal,,,,,,,,,Yes,Yes,,,,,,Yes,,,,119,Wexford/Maryvale,119,Wexford/Maryvale (119),D41,636100.4058,4844622.149
18680,81749561,3002037938,01/09/2023,2023,256,BATHURST ST,STEWART ST,20 m North o,Major Arterial,Toronto and East York,43.643199,-79.402362,Non Intersection,No Control,Clear,"Dark, artificial",Dry,Non-Fatal Injury,Pedestrian Collisions,Driver,25 to 29,None,,South,Pick Up Truck,Going Ahead,Lost control,Other,,,,,,,Yes,,Yes,,,,,,,,,,,164,Wellington Place,77,Waterfront Communities-The Island (77),D14,628855.412,4833484.082
18681,81749562,3002037938,01/09/2023,2023,256,BATHURST ST,STEWART ST,20 m North o,Major Arterial,Toronto and East York,43.643199,-79.402362,Non Intersection,No Control,Clear,"Dark, artificial",Dry,Non-Fatal Injury,Pedestrian Collisions,Pedestrian,25 to 29,Major,,,,,,,Other / Undefined,Playing or Working on Highway,Had Been Drinking,,,,Yes,,Yes,,,,,,,,,,,164,Wellington Place,77,Waterfront Communities-The Island (77),D14,628855.412,4833484.082
18682,81749563,3002037938,01/09/2023,2023,256,BATHURST ST,STEWART ST,20 m North o,Major Arterial,Toronto and East York,43.643199,-79.402362,Non Intersection,No Control,Clear,"Dark, artificial",Dry,Non-Fatal Injury,Pedestrian Collisions,Pedestrian,20 to 24,None,,,,,,,Other / Undefined,Playing or Working on Highway,Had Been Drinking,,,,Yes,,Yes,,,,,,,,,,,164,Wellington Place,77,Waterfront Communities-The Island (77),D14,628855.412,4833484.082
18683,81749564,3002037938,01/09/2023,2023,256,BATHURST ST,STEWART ST,20 m North o,Major Arterial,Toronto and East York,43.643199,-79.402362,Non Intersection,No Control,Clear,"Dark, artificial",Dry,Non-Fatal Injury,Pedestrian Collisions,Pedestrian,30 to 34,None,,,,,,,Other / Undefined,,Unknown,,,,Yes,,Yes,,,,,,,,,,,164,Wellington Place,77,Waterfront Communities-The Island (77),D14,628855.412,4833484.082
18684,81749941,3002047596,02/09/2023,2023,455,DANFORTH AV,WESTLAKE AV,57 m East of,Major Arterial,Toronto and East York,43.687632,-79.304286,Non Intersection,No Control,Clear,"Dusk, artificial",Dry,Non-Fatal Injury,Approaching,Driver,35 to 39,Major,,East,Pick Up Truck,Going Ahead,Lost control,Unknown,,,,,,,,,Yes,,,Yes,,,,,,,,62,East End-Danforth,62,East End-Danforth (62),D55,636664.8248,4838575.917
18685,81749942,3002047596,02/09/2023,2023,455,DANFORTH AV,WESTLAKE AV,57 m East of,Major Arterial,Toronto and East York,43.687632,-79.304286,Non Intersection,No Control,Clear,"Dusk, artificial",Dry,Non-Fatal Injury,Approaching,Driver,35 to 39,None,,West,Municipal Transit Bus (TTC),Going Ahead,Driving Properly,Normal,,,,,,,,,Yes,,,Yes,,,,,,,,62,East End-Danforth,62,East End-Danforth (62),D55,636664.8248,4838575.917
18686,81749943,3002047596,02/09/2023,2023,455,DANFORTH AV,WESTLAKE AV,57 m East of,Major Arterial,Toronto and East York,43.687632,-79.304286,Non Intersection,No Control,Clear,"Dusk, artificial",Dry,Non-Fatal Injury,Approaching,Driver,45 to 49,None,,West,Municipal Transit Bus (TTC),Going Ahead,Driving Properly,Normal,,,,,,,,,Yes,,,Yes,,,,,,,,62,East End-Danforth,62,East End-Danforth (62),D55,636664.8248,4838575.917
18687,81749929,3002050673,02/09/2023,2023,1515,ISLINGTON AV,THE WESTWAY,,Local,Etobicoke York,43.652407,-79.52972,Intersection Related,Traffic Signal,Clear,Daylight,Dry,Non-Fatal Injury,Turning Movement,Driver,45 to 49,None,,South,"Automobile, Station Wagon",Turning Left,Improper Turn,Normal,,,,,,,,,Yes,Yes,,,,,Yes,Yes,,,,10,Princess-Rosethorn,10,Princess-Rosethorn (10),D22,618565.3099,4834316.901
18688,81749930,3002050673,02/09/2023,2023,1515,ISLINGTON AV,THE WESTWAY,,Local,Etobicoke York,43.652407,-79.52972,Intersection Related,Traffic Signal,Clear,Daylight,Dry,Non-Fatal Injury,Turning Movement,Motorcycle Driver,45 to 49,Major,,North,Motorcycle,Going Ahead,Driving Properly,Normal,,,,,,,,,Yes,Yes,,,,,Yes,Yes,,,,10,Princess-Rosethorn,10,Princess-Rosethorn (10),D22,618565.3099,4834316.901
18689,81749278,3002052041,02/09/2023,2023,1839,LAKE SHORE BLVD,LONG BRANCH AV,,Major Arterial,Etobicoke York,43.594496,-79.533916,Intersection Related,Traffic Signal,Clear,Daylight,Dry,Non-Fatal Injury,Pedestrian Collisions,Driver,85 to 89,None,,West,"Automobile, Station Wagon",Going Ahead,Driving Properly,Normal,,,,,,,Yes,,Yes,,,,,,,,,,,19,Long Branch,19,Long Branch (19),D22,618340.5038,4827879.189
18690,81749279,3002052041,02/09/2023,2023,1839,LAKE SHORE BLVD,LONG BRANCH AV,,Major Arterial,Etobicoke York,43.594496,-79.533916,Intersection Related,Traffic Signal,Clear,Daylight,Dry,Non-Fatal Injury,Pedestrian Collisions,Pedestrian,35 to 39,Major,,,,,,,Vehicle is going straight thru inter.while ped cross without ROW,Crossing without right of way,Had Been Drinking,,,,Yes,,Yes,,,,,,,,,,,19,Long Branch,19,Long Branch (19),D22,618340.5038,4827879.189
18691,81749219,3002054123,03/09/2023,2023,19,RICHMOND ST W,BAY ST,40 m East of,Major Arterial,Toronto and East York,43.651282,-79.380824,Intersection Related,Traffic Signal,Clear,"Dark, artificial",Dry,Non-Fatal Injury,SMV Other,Driver,35 to 39,Major,,West,"Automobile, Station Wagon",Pulling Onto Shoulder or towardCurb,Driving Properly,Other,,,,,,,,,Yes,,,,,,,,,,,170,Yonge-Bay Corridor,76,Bay Street Corridor (76),D52,630575.0346,4834415.47
18692,81749526,3002054780,03/09/2023,2023,255,343 KIPLING AV,BIRMINGHAM ST,46 m South o,Major Arterial,Etobicoke York,43.600291,-79.517856,Non Intersection,Traffic Signal,Clear,"Dark, artificial",Dry,Non-Fatal Injury,SMV Other,Driver,40 to 44,Major,,North,"Automobile, Station Wagon",Going Ahead,Lost control,Fatigue,,,,,,,,,Yes,,,,,,,Yes,,,,18,New Toronto,18,New Toronto (18),D22,619625.3752,4828545.796
18693,81750625,3002057635,03/09/2023,2023,1400,DUFFERIN ST,DUFFERIN PARK AV,,Major Arterial,Toronto and East York,43.65713,-79.434284,Intersection Related,Traffic Signal,Clear,Daylight,Dry,Non-Fatal Injury,Pedestrian Collisions,Driver,85 to 89,None,,East,"Automobile, Station Wagon",Turning Right,Improper Turn,Normal,,,,,,,Yes,,Yes,,,,,Yes,,,,,,83,Dufferin Grove,83,Dufferin Grove (83),D14,626251.5673,4834982.235
18694,81750626,3002057635,03/09/2023,2023,1400,DUFFERIN ST,DUFFERIN PARK AV,,Major Arterial,Toronto and East York,43.65713,-79.434284,Intersection Related,Traffic Signal,Clear,Daylight,Dry,Non-Fatal Injury,Pedestrian Collisions,Passenger,80 to 84,None,,,,,,,,,,,,,Yes,,Yes,,,,,Yes,,,,,,83,Dufferin Grove,83,Dufferin Grove (83),D14,626251.5673,4834982.235
18695,81750627,3002057635,03/09/2023,2023,1400,DUFFERIN ST,DUFFERIN PARK AV,,Major Arterial,Toronto and East York,43.65713,-79.434284,Intersection Related,Traffic Signal,Clear,Daylight,Dry,Non-Fatal Injury,Pedestrian Collisions,Pedestrian,20 to 24,Major,,,,,,,Vehicle turns right while ped crosses with ROW at inter.,Crossing with right of way,Normal,,,,Yes,,Yes,,,,,Yes,,,,,,83,Dufferin Grove,83,Dufferin Grove (83),D14,626251.5673,4834982.235
18696,81749415,3002069138,04/09/2023,2023,2311,EGLINTON AV W,ISLINGTON AV,5 m South of,Major Arterial,Etobicoke York,43.679846,-79.538989,Intersection Related,Traffic Signal,Clear,"Dark, artificial",Dry,Non-Fatal Injury,Angle,Driver,35 to 39,Major,,North,"Automobile, Station Wagon",Going Ahead,Driving Properly,Normal,,,,,,,,,Yes,,,,,,,,,,,7,Willowridge-Martingrove-Richview,7,Willowridge-Martingrove-Richview (7),D23,617764.1737,4837351.157
18697,81749416,3002069138,04/09/2023,2023,2311,EGLINTON AV W,ISLINGTON AV,5 m South of,Major Arterial,Etobicoke York,43.679846,-79.538989,Intersection Related,Traffic Signal,Clear,"Dark, artificial",Dry,Non-Fatal Injury,Angle,Driver,60 to 64,Minimal,,West,"Automobile, Station Wagon",Going Ahead,Driving Properly,Normal,,,,,,,,,Yes,,,,,,,,,,,7,Willowridge-Martingrove-Richview,7,Willowridge-Martingrove-Richview (7),D23,617764.1737,4837351.157
18698,81750482,3002072686,05/09/2023,2023,1124,LESLIE ST,PEACH WILLOWAY,7 m North of,Major Arterial,North York,43.779277,-79.365497,At/Near Private Drive,No Control,Clear,Daylight,Dry,Non-Fatal Injury,Cyclist Collisions,Cyclist,60 to 64,Major,,South,Bicycle,Going Ahead,,,,,,"Motorist without ROW drives into path of cyclist at inter, lnwy, dwy-Driver not turn.",Other,Normal,,Yes,Yes,,,,,,,Yes,,,,47,Don Valley Village,47,Don Valley Village (47),D33,631530.7288,4848655.379
18699,81750483,3002072686,05/09/2023,2023,1124,LESLIE ST,PEACH WILLOWAY,7 m North of,Major Arterial,North York,43.779277,-79.365497,At/Near Private Drive,No Control,Clear,Daylight,Dry,Non-Fatal Injury,Cyclist Collisions,Driver,60 to 64,None,,West,Delivery Van,Going Ahead,Failed to Yield Right of Way,Normal,,,,,,,,Yes,Yes,,,,,,,Yes,,,,47,Don Valley Village,47,Don Valley Village (47),D33,631530.7288,4848655.379
18700,81749486,3002077507,05/09/2023,2023,1648,DOLLEY VARDEN BLVD,ELLESMERE RD,100 m South ,Collector,Scarborough,43.774878,-79.234638,Non Intersection,No Control,Clear,Daylight,Dry,Non-Fatal Injury,SMV Other,Driver,20 to 24,Major,,North,"Automobile, Station Wagon",Going Ahead,Driving Properly,Normal,,,,,,,,,Yes,,,,,Yes,,,,,,142,Woburn North,137,Woburn (137),D43,642071.6703,4848383.032
18701,81749487,3002077507,05/09/2023,2023,1648,DOLLEY VARDEN BLVD,ELLESMERE RD,100 m South ,Collector,Scarborough,43.774878,-79.234638,Non Intersection,No Control,Clear,Daylight,Dry,Non-Fatal Injury,SMV Other,Passenger,20 to 24,None,,,,,,,,,,,,,,,Yes,,,,,Yes,,,,,,142,Woburn North,137,Woburn (137),D43,642071.6703,4848383.032
18702,81750395,3002081171,06/09/2023,2023,1026,CHURCH ST,HAYDEN ST,5 m East of,Minor Arterial,Toronto and East York,43.670161,-79.382777,Non Intersection,Stop Sign,Clear,Daylight,Dry,Non-Fatal Injury,Pedestrian Collisions,Driver,45 to 49,None,,South,Pick Up Truck,Turning Left,Improper Turn,Normal,,,,,,,Yes,,Yes,,,,,,,,,,,167,Church-Wellesley,75,Church-Yonge Corridor (75),D51,630376.6673,4836509.162
18703,81750396,3002081171,06/09/2023,2023,1026,CHURCH ST,HAYDEN ST,5 m East of,Minor Arterial,Toronto and East York,43.670161,-79.382777,Non Intersection,Stop Sign,Clear,Daylight,Dry,Non-Fatal Injury,Pedestrian Collisions,Pedestrian,60 to 64,Major,,,,,,,,Crossing without right of way,Normal,,,,Yes,,Yes,,,,,,,,,,,167,Church-Wellesley,75,Church-Yonge Corridor (75),D51,630376.6673,4836509.162
18704,81750389,3002082759,06/09/2023,2023,1328,BRIMLEY RD,SHADDOCK CRES,35 m North o,Major Arterial,Scarborough,43.738547,-79.249133,Non Intersection,Stop Sign,Clear,Daylight,Dry,Non-Fatal Injury,Turning Movement,Driver,65 to 69,None,,East,"Automobile, Station Wagon",Turning Left,Failed to Yield Right of Way,Normal,,,,,,,,,Yes,Yes,,,,,,Yes,,,,138,Eglinton East,138,Eglinton East (138),D41,640990.4425,4844323.145
18705,81750390,3002082759,06/09/2023,2023,1328,BRIMLEY RD,SHADDOCK CRES,35 m North o,Major Arterial,Scarborough,43.738547,-79.249133,Non Intersection,Stop Sign,Clear,Daylight,Dry,Non-Fatal Injury,Turning Movement,Motorcycle Driver,15 to 19,Major,,North,Motorcycle,Going Ahead,Driving Properly,Normal,,,,,,,,,Yes,Yes,,,,,,Yes,,,,138,Eglinton East,138,Eglinton East (138),D41,640990.4425,4844323.145
18706,81749864,3002086345,06/09/2023,2023,2030,BRIMLEY RD,STEELES AV E,16 m East of,Major Arterial,Scarborough,43.82828,-79.287181,Intersection Related,Traffic Signal,Clear,Dusk,Dry,Non-Fatal Injury,,Driver,25 to 29,Minor,,West,"Automobile, Station Wagon",Changing Lanes,Driving Properly,Normal,,,,,,,,,Yes,,,,,Yes,Yes,Yes,,,,130,Milliken,130,Milliken (130),D42,637720.3383,4854225.359
18707,81749865,3002086345,06/09/2023,2023,2030,BRIMLEY RD,STEELES AV E,16 m East of,Major Arterial,Scarborough,43.82828,-79.287181,Intersection Related,Traffic Signal,Clear,Dusk,Dry,Non-Fatal Injury,,Driver,20 to 24,Major,,West,"Automobile, Station Wagon",Going Ahead,Exceeding Speed Limit,Normal,,,,,,,,,Yes,,,,,Yes,Yes,Yes,,,,130,Milliken,130,Milliken (130),D42,637720.3383,4854225.359
18708,81749866,3002086345,06/09/2023,2023,2030,BRIMLEY RD,STEELES AV E,16 m East of,Major Arterial,Scarborough,43.82828,-79.287181,Intersection Related,Traffic Signal,Clear,Dusk,Dry,Non-Fatal Injury,,Driver,70 to 74,None,,West,"Automobile, Station Wagon",Turning Left,Driving Properly,Normal,,,,,,,,,Yes,,,,,Yes,Yes,Yes,,,,130,Milliken,130,Milliken (130),D42,637720.3383,4854225.359
18709,81749867,3002086345,06/09/2023,2023,2030,BRIMLEY RD,STEELES AV E,16 m East of,Major Arterial,Scarborough,43.82828,-79.287181,Intersection Related,Traffic Signal,Clear,Dusk,Dry,Non-Fatal Injury,,Driver,25 to 29,None,,West,"Automobile, Station Wagon",Turning Left,Driving Properly,Normal,,,,,,,,,Yes,,,,,Yes,Yes,Yes,,,,130,Milliken,130,Milliken (130),D42,637720.3383,4854225.359
18710,81749868,3002086345,06/09/2023,2023,2030,BRIMLEY RD,STEELES AV E,16 m East of,Major Arterial,Scarborough,43.82828,-79.287181,Intersection Related,Traffic Signal,Clear,Dusk,Dry,Non-Fatal Injury,,Driver,25 to 29,Minimal,,West,"Automobile, Station Wagon",Going Ahead,Driving Properly,Normal,,,,,,,,,Yes,,,,,Yes,Yes,Yes,,,,130,Milliken,130,Milliken (130),D42,637720.3383,4854225.359
18711,81749869,3002086345,06/09/2023,2023,2030,BRIMLEY RD,STEELES AV E,16 m East of,Major Arterial,Scarborough,43.82828,-79.287181,Intersection Related,Traffic Signal,Clear,Dusk,Dry,Non-Fatal Injury,,Driver,60 to 64,Minor,,West,Pick Up Truck,Going Ahead,Driving Properly,Normal,,,,,,,,,Yes,,,,,Yes,Yes,Yes,,,,130,Milliken,130,Milliken (130),D42,637720.3383,4854225.359
18712,81749870,3002086345,06/09/2023,2023,2030,BRIMLEY RD,STEELES AV E,16 m East of,Major Arterial,Scarborough,43.82828,-79.287181,Intersection Related,Traffic Signal,Clear,Dusk,Dry,Non-Fatal Injury,,Passenger,70 to 74,Minor,,,,,,,,,,,,,,,Yes,,,,,Yes,Yes,Yes,,,,130,Milliken,130,Milliken (130),D42,637720.3383,4854225.359
18713,81749871,3002086345,06/09/2023,2023,2030,BRIMLEY RD,STEELES AV E,16 m East of,Major Arterial,Scarborough,43.82828,-79.287181,Intersection Related,Traffic Signal,Clear,Dusk,Dry,Non-Fatal Injury,,Passenger,25 to 29,None,,,,,,,,,,,,,,,Yes,,,,,Yes,Yes,Yes,,,,130,Milliken,130,Milliken (130),D42,637720.3383,4854225.359
18714,81749872,3002086345,06/09/2023,2023,2030,BRIMLEY RD,STEELES AV E,16 m East of,Major Arterial,Scarborough,43.82828,-79.287181,Intersection Related,Traffic Signal,Clear,Dusk,Dry,Non-Fatal Injury,,Passenger,20 to 24,Minor,,,,,,,,,,,,,,,Yes,,,,,Yes,Yes,Yes,,,,130,Milliken,130,Milliken (130),D42,637720.3383,4854225.359
18715,81750274,3002103400,08/09/2023,2023,1853,STEELES AV W,KIPLING AV,200 m East o,Major Arterial,Etobicoke York,43.760035,-79.587451,Non Intersection,No Control,Clear,Dark,Dry,Non-Fatal Injury,Approaching,Driver,50 to 54,Major,,West,"Automobile, Station Wagon",Going Ahead,Lost control,Normal,,,,,,,,,Yes,,,,,Yes,,Yes,,,,2,Mount Olive-Silverstone-Jamestown,2,Mount Olive-Silverstone-Jamestown (2),D23,613706.1049,4846189.593
18716,81750275,3002103400,08/09/2023,2023,1853,STEELES AV W,KIPLING AV,200 m East o,Major Arterial,Etobicoke York,43.760035,-79.587451,Non Intersection,No Control,Clear,Dark,Dry,Non-Fatal Injury,Approaching,Driver,50 to 54,Minor,,East,"Automobile, Station Wagon",Going Ahead,Driving Properly,Normal,,,,,,,,,Yes,,,,,Yes,,Yes,,,,2,Mount Olive-Silverstone-Jamestown,2,Mount Olive-Silverstone-Jamestown (2),D23,613706.1049,4846189.593
18717,81750276,3002103400,08/09/2023,2023,1853,STEELES AV W,KIPLING AV,200 m East o,Major Arterial,Etobicoke York,43.760035,-79.587451,Non Intersection,No Control,Clear,Dark,Dry,Non-Fatal Injury,Approaching,Driver,60 to 64,None,,East,"Automobile, Station Wagon",Going Ahead,Driving Properly,Normal,,,,,,,,,Yes,,,,,Yes,,Yes,,,,2,Mount Olive-Silverstone-Jamestown,2,Mount Olive-Silverstone-Jamestown (2),D23,613706.1049,4846189.593
18718,81750277,3002103400,08/09/2023,2023,1853,STEELES AV W,KIPLING AV,200 m East o,Major Arterial,Etobicoke York,43.760035,-79.587451,Non Intersection,No Control,Clear,Dark,Dry,Non-Fatal Injury,Approaching,Passenger,50 to 54,Minor,,,,,,,,,,,,,,,Yes,,,,,Yes,,Yes,,,,2,Mount Olive-Silverstone-Jamestown,2,Mount Olive-Silverstone-Jamestown (2),D23,613706.1049,4846189.593
18719,81749342,3002104181,08/09/2023,2023,2039,VICTORIA PARK AVE,BISCAYNE BLVD,5 m North of,Major Arterial,Scarborough,43.729117,-79.304469,Non Intersection,No Control,Clear,"Dark, artificial",Dry,Non-Fatal Injury,Pedestrian Collisions,Driver,20 to 24,None,,South,"Automobile, Station Wagon",Going Ahead,Driving Properly,Normal,,,,,,,Yes,,Yes,,,,,,,,,,,119,Wexford/Maryvale,119,Wexford/Maryvale (119),D41,636555.8335,4843183.12
18720,81749343,3002104181,08/09/2023,2023,2039,VICTORIA PARK AVE,BISCAYNE BLVD,5 m North of,Major Arterial,Scarborough,43.729117,-79.304469,Non Intersection,No Control,Clear,"Dark, artificial",Dry,Non-Fatal Injury,Pedestrian Collisions,Pedestrian,55 to 59,Fatal,,,,,,,Pedestrian hit at mid-block,Crossing without right of way,Normal,,,,Yes,,Yes,,,,,,,,,,,119,Wexford/Maryvale,119,Wexford/Maryvale (119),D41,636555.8335,4843183.12
18721,81771903,3002109887,09/09/2023,2023,1525,ELLESMERE RD,DALECLIFF CRES,,Major Arterial,Scarborough,43.760798,-79.302425,Intersection Related,Stop Sign,Clear,Daylight,Dry,Non-Fatal Injury,Cyclist Collisions,Cyclist,75 to 79,Major,,West,Bicycle,Going Ahead,,,,,,"Cyclist without ROW rides into path of motorist at inter, lnwy, dwy-Cyclist not turn.",Failed to Yield Right of Way,Normal,,Yes,Yes,,,,,,,,,,,119,Wexford/Maryvale,119,Wexford/Maryvale (119),D41,636648.3506,4846705.141