OBJECTID,INDEX,ACCNUM,DATE,ACCIDENT_YEAR,TIME,STREET1,STREET2,OFFSET,ROAD_CLASS,DISTRICT,LATITUDE,LONGITUDE,ACCLOC,TRAFFCTL,VISIBILITY,LIGHT,RDSFCOND,ACCLASS,IMPACTYPE,INVTYPE,INVAGE,INJURY,FATAL_NO,INITDIR,VEHTYPE,MANOEUVER,DRIVACT,DRIVCOND,PEDTYPE,PEDACT,PEDCOND,CYCLISTYPE,CYCACT,CYCCOND,PEDESTRIAN,CYCLIST,AUTOMOBILE,MOTORCYCLE,TRUCK,TRSN_CITY_VEH,EMERG_VEH,PASSENGER,SPEEDING,AG_DRIV,REDLIGHT,ALCOHOL,DISABILITY,HOOD_158,NEIGHBOURHOOD_158,HOOD_140,NEIGHBOURHOOD_140,DIVISION,x,y
18722,81771904,3002109887,09/09/2023,2023,1525,ELLESMERE RD,DALECLIFF CRES,,Major Arterial,Scarborough,43.760798,-79.302425,Intersection Related,Stop Sign,Clear,Daylight,Dry,Non-Fatal Injury,Cyclist Collisions,Driver,60 to 64,None,,North,"Automobile, Station Wagon",Turning Right,Driving Properly,Normal,,,,,,,,Yes,Yes,,,,,,,,,,,119,Wexford/Maryvale,119,Wexford/Maryvale (119),D41,636648.3506,4846705.141
18723,81749662,3002113122,09/09/2023,2023,2326,BLOOR ST W,KIPLING AV,100 m East o,Major Arterial,Etobicoke York,43.642092,-79.534152,Intersection Related,,Clear,Dark,Dry,Non-Fatal Injury,,Motorcycle Driver,25 to 29,Major,,West,Motorcycle,Going Ahead,Exceeding Speed Limit,Normal,,,,,,,,,Yes,Yes,,,,,Yes,Yes,,,,159,Etobicoke City Centre,14,Islington-City Centre West (14),D22,618228.1388,4833164.967
18724,81749663,3002113122,09/09/2023,2023,2326,BLOOR ST W,KIPLING AV,100 m East o,Major Arterial,Etobicoke York,43.642092,-79.534152,Intersection Related,,Clear,Dark,Dry,Non-Fatal Injury,,Driver,45 to 49,None,,West,"Automobile, Station Wagon",Stopped,Driving Properly,Normal,,,,,,,,,Yes,Yes,,,,,Yes,Yes,,,,159,Etobicoke City Centre,14,Islington-City Centre West (14),D22,618228.1388,4833164.967
18725,81806888,3002116014,10/09/2023,2023,1105,SKYWAY AV,161 SKYWAY AV,4 m West of,,,43.681258,-79.581295,At/Near Private Drive,,Clear,Daylight,Dry,Non-Fatal Injury,Turning Movement,Driver,55 to 59,Major,,South,"Automobile, Station Wagon",Turning Left,Failed to Yield Right of Way,Normal,,,,,,,,,Yes,,,,,,,Yes,,,,1,West Humber-Clairville,1,West Humber-Clairville (1),D23,614351.4091,4837448.782
18726,81806889,3002116014,10/09/2023,2023,1105,SKYWAY AV,161 SKYWAY AV,4 m West of,,,43.681258,-79.581295,At/Near Private Drive,,Clear,Daylight,Dry,Non-Fatal Injury,Turning Movement,Driver,35 to 39,None,,North,"Automobile, Station Wagon",Going Ahead,Driving Properly,Normal,,,,,,,,,Yes,,,,,,,Yes,,,,1,West Humber-Clairville,1,West Humber-Clairville (1),D23,614351.4091,4837448.782
18727,81772157,3002123068,11/09/2023,2023,915,ANSFORD AVE,WILSON HEIGHTS BLVD,5 m South of,Minor Arterial,North York,43.735594,-79.447727,Intersection Related,Stop Sign,Clear,Daylight,Dry,Non-Fatal Injury,Pedestrian Collisions,Driver,40 to 44,None,,West,Pick Up Truck,Turning Left,Failed to Yield Right of Way,Inattentive,,,,,,,Yes,,Yes,,,,,,,Yes,,,,33,Clanton Park,33,Clanton Park (33),D32,625004.4367,4843676.376
18728,81772158,3002123068,11/09/2023,2023,915,ANSFORD AVE,WILSON HEIGHTS BLVD,5 m South of,Minor Arterial,North York,43.735594,-79.447727,Intersection Related,Stop Sign,Clear,Daylight,Dry,Non-Fatal Injury,Pedestrian Collisions,Pedestrian,65 to 69,Major,,,,,,,Vehicle turns left while ped crosses without ROW at inter.,Crossing without right of way,Normal,,,,Yes,,Yes,,,,,,,Yes,,,,33,Clanton Park,33,Clanton Park (33),D32,625004.4367,4843676.376
18729,81771890,3002139943,13/09/2023,2023,858,KEELE ST,WILSON AVE,,Major Arterial,North York,43.726645,-79.482044,Intersection Related,Traffic Signal,Clear,Daylight,Dry,Non-Fatal Injury,,Driver,35 to 39,None,,North,"Bus (Other) (Go Bus, Gray Coa",Going Ahead,Following too Close,Normal,,,,,,,,,Yes,,,Yes,,Yes,,Yes,,,,155,Downsview,26,Downsview-Roding-CFB (26),D31,622259.0748,4842631.261
18730,81771891,3002139943,13/09/2023,2023,858,KEELE ST,WILSON AVE,,Major Arterial,North York,43.726645,-79.482044,Intersection Related,Traffic Signal,Clear,Daylight,Dry,Non-Fatal Injury,,Driver,35 to 39,None,,North,"Automobile, Station Wagon",Slowing or Stopping,Driving Properly,Normal,,,,,,,,,Yes,,,Yes,,Yes,,Yes,,,,155,Downsview,26,Downsview-Roding-CFB (26),D31,622259.0748,4842631.261
18731,81771892,3002139943,13/09/2023,2023,858,KEELE ST,WILSON AVE,,Major Arterial,North York,43.726645,-79.482044,Intersection Related,Traffic Signal,Clear,Daylight,Dry,Non-Fatal Injury,,Passenger,60 to 64,Major,,,,,,,,,,,,,,,Yes,,,Yes,,Yes,,Yes,,,,155,Downsview,26,Downsview-Roding-CFB (26),D31,622259.0748,4842631.261
18732,81807148,3002144420,13/09/2023,2023,1838,ISLINGTON AV,SPRINGBROOK GS,9 m West of,,,43.640681,-79.521702,Intersection Related,Stop Sign,Clear,"Dark, artificial",Dry,Non-Fatal Injury,Turning Movement,Driver,30 to 34,Minor,,North,"Automobile, Station Wagon",Going Ahead,Exceeding Speed Limit,Normal,,,,,,,,,Yes,,,,,Yes,Yes,Yes,,,,16,Stonegate-Queensway,16,Stonegate-Queensway (16),D22,619235.0943,4833026.067
18733,81807149,3002144420,13/09/2023,2023,1838,ISLINGTON AV,SPRINGBROOK GS,9 m West of,,,43.640681,-79.521702,Intersection Related,Stop Sign,Clear,"Dark, artificial",Dry,Non-Fatal Injury,Turning Movement,Driver,40 to 44,None,,West,"Automobile, Station Wagon",Turning Left,Driving Properly,Normal,,,,,,,,,Yes,,,,,Yes,Yes,Yes,,,,16,Stonegate-Queensway,16,Stonegate-Queensway (16),D22,619235.0943,4833026.067
18734,81807150,3002144420,13/09/2023,2023,1838,ISLINGTON AV,SPRINGBROOK GS,9 m West of,,,43.640681,-79.521702,Intersection Related,Stop Sign,Clear,"Dark, artificial",Dry,Non-Fatal Injury,Turning Movement,Driver,40 to 44,Major,,South,"Automobile, Station Wagon",Going Ahead,Driving Properly,Normal,,,,,,,,,Yes,,,,,Yes,Yes,Yes,,,,16,Stonegate-Queensway,16,Stonegate-Queensway (16),D22,619235.0943,4833026.067
18735,81807151,3002144420,13/09/2023,2023,1838,ISLINGTON AV,SPRINGBROOK GS,9 m West of,,,43.640681,-79.521702,Intersection Related,Stop Sign,Clear,"Dark, artificial",Dry,Non-Fatal Injury,Turning Movement,Driver,40 to 44,None,,South,"Automobile, Station Wagon",Going Ahead,Driving Properly,Normal,,,,,,,,,Yes,,,,,Yes,Yes,Yes,,,,16,Stonegate-Queensway,16,Stonegate-Queensway (16),D22,619235.0943,4833026.067
18736,81807152,3002144420,13/09/2023,2023,1838,ISLINGTON AV,SPRINGBROOK GS,9 m West of,,,43.640681,-79.521702,Intersection Related,Stop Sign,Clear,"Dark, artificial",Dry,Non-Fatal Injury,Turning Movement,Passenger,45 to 49,Minor,,,,,,,,,,,,,,,Yes,,,,,Yes,Yes,Yes,,,,16,Stonegate-Queensway,16,Stonegate-Queensway (16),D22,619235.0943,4833026.067
18737,81807153,3002144420,13/09/2023,2023,1838,ISLINGTON AV,SPRINGBROOK GS,9 m West of,,,43.640681,-79.521702,Intersection Related,Stop Sign,Clear,"Dark, artificial",Dry,Non-Fatal Injury,Turning Movement,Passenger,15 to 19,Minor,,,,,,,,,,,,,,,Yes,,,,,Yes,Yes,Yes,,,,16,Stonegate-Queensway,16,Stonegate-Queensway (16),D22,619235.0943,4833026.067
18738,81807154,3002144420,13/09/2023,2023,1838,ISLINGTON AV,SPRINGBROOK GS,9 m West of,,,43.640681,-79.521702,Intersection Related,Stop Sign,Clear,"Dark, artificial",Dry,Non-Fatal Injury,Turning Movement,Passenger,45 to 49,Minor,,,,,,,,,,,,,,,Yes,,,,,Yes,Yes,Yes,,,,16,Stonegate-Queensway,16,Stonegate-Queensway (16),D22,619235.0943,4833026.067
18739,81807155,3002144420,13/09/2023,2023,1838,ISLINGTON AV,SPRINGBROOK GS,9 m West of,,,43.640681,-79.521702,Intersection Related,Stop Sign,Clear,"Dark, artificial",Dry,Non-Fatal Injury,Turning Movement,Passenger,40 to 44,None,,,,,,,,,,,,,,,Yes,,,,,Yes,Yes,Yes,,,,16,Stonegate-Queensway,16,Stonegate-Queensway (16),D22,619235.0943,4833026.067
18740,81807156,3002144420,13/09/2023,2023,1838,ISLINGTON AV,SPRINGBROOK GS,9 m West of,,,43.640681,-79.521702,Intersection Related,Stop Sign,Clear,"Dark, artificial",Dry,Non-Fatal Injury,Turning Movement,Passenger,0 to 4,None,,,,,,,,,,,,,,,Yes,,,,,Yes,Yes,Yes,,,,16,Stonegate-Queensway,16,Stonegate-Queensway (16),D22,619235.0943,4833026.067
18741,81807157,3002144420,13/09/2023,2023,1838,ISLINGTON AV,SPRINGBROOK GS,9 m West of,,,43.640681,-79.521702,Intersection Related,Stop Sign,Clear,"Dark, artificial",Dry,Non-Fatal Injury,Turning Movement,Passenger,40 to 44,Major,,,,,,,,,,,,,,,Yes,,,,,Yes,Yes,Yes,,,,16,Stonegate-Queensway,16,Stonegate-Queensway (16),D22,619235.0943,4833026.067
18742,81749875,3002151449,14/09/2023,2023,1612,FAIRGLEN AV,HUNTINGWOOD DR,5 m West of,Local,Scarborough,43.780997,-79.322795,Intersection Related,Stop Sign,Clear,Daylight,Dry,Non-Fatal Injury,Pedestrian Collisions,Driver,20 to 24,Minimal,,South,"Automobile, Station Wagon",Going Ahead,Disobeyed Traffic Control,Fatigue,,,,,,,Yes,,Yes,,,,,,,Yes,,,,147,L'Amoreaux West,117,L'Amoreaux (117),D42,634963.1828,4848915.142
18743,81749876,3002151449,14/09/2023,2023,1612,FAIRGLEN AV,HUNTINGWOOD DR,5 m West of,Local,Scarborough,43.780997,-79.322795,Intersection Related,Stop Sign,Clear,Daylight,Dry,Non-Fatal Injury,Pedestrian Collisions,Pedestrian,15 to 19,Major,,,,,,,Vehicle is going straight thru inter.while ped cross with ROW,On Sidewalk or Shoulder,Normal,,,,Yes,,Yes,,,,,,,Yes,,,,147,L'Amoreaux West,117,L'Amoreaux (117),D42,634963.1828,4848915.142
18744,81749877,3002151449,14/09/2023,2023,1612,FAIRGLEN AV,HUNTINGWOOD DR,5 m West of,Local,Scarborough,43.780997,-79.322795,Intersection Related,Stop Sign,Clear,Daylight,Dry,Non-Fatal Injury,Pedestrian Collisions,Pedestrian,15 to 19,Major,,,,,,,Vehicle is going straight thru inter.while ped cross with ROW,On Sidewalk or Shoulder,Normal,,,,Yes,,Yes,,,,,,,Yes,,,,147,L'Amoreaux West,117,L'Amoreaux (117),D42,634963.1828,4848915.142
18745,81750065,3002174448,17/09/2023,2023,1250,BREMNER BV,VAN DE WATER CR,,Minor Arterial,Toronto and East York,43.640418,-79.388896,Intersection Related,Traffic Signal,Clear,Daylight,Dry,Non-Fatal Injury,Pedestrian Collisions,Cyclist,25 to 29,None,,West,Bicycle,Going Ahead,,,,,,Cyclist strikes pedestrian.,Disobeyed Traffic Control,,Yes,Yes,,,,,,,,,,,,165,Harbourfront-CityPlace,77,Waterfront Communities-The Island (77),D52,629947.5016,4833196.211
18746,81750066,3002174448,17/09/2023,2023,1250,BREMNER BV,VAN DE WATER CR,,Minor Arterial,Toronto and East York,43.640418,-79.388896,Intersection Related,Traffic Signal,Clear,Daylight,Dry,Non-Fatal Injury,Pedestrian Collisions,Pedestrian,25 to 29,Major,,,,,,,Other / Undefined,Other,Normal,,,,Yes,Yes,,,,,,,,,,,,165,Harbourfront-CityPlace,77,Waterfront Communities-The Island (77),D52,629947.5016,4833196.211
18747,81749126,3002177373,17/09/2023,2023,1938,690 GLENCAIRN AVE,,,Minor Arterial,North York,43.710311,-79.437297,Non Intersection,No Control,Clear,Dark,Dry,Fatal,Rear End,Driver,unknown,None,,West,,Going Ahead,,Unknown,,,,,,,,,Yes,,,,,,,,,,,32,Englemount-Lawrence,32,Englemount-Lawrence (32),D13,625897.3195,4840884.127
18748,81750670,3002177373,17/09/2023,2023,1938,690 GLENCAIRN AVE,,,Minor Arterial,North York,43.710311,-79.437297,Non Intersection,No Control,Clear,Dark,Dry,Fatal,Rear End,Vehicle Owner,unknown,None,,West,Tow Truck,Going Ahead,,,,,,,,,,,Yes,,,,,,,,,,,32,Englemount-Lawrence,32,Englemount-Lawrence (32),D13,625897.3195,4840884.127
18749,81750671,3002177373,17/09/2023,2023,1938,690 GLENCAIRN AVE,,,Minor Arterial,North York,43.710311,-79.437297,Non Intersection,No Control,Clear,Dark,Dry,Fatal,Rear End,Driver,90 to 94,Fatal,27,West,"Automobile, Station Wagon",Going Ahead,Driving Properly,Normal,,,,,,,,,Yes,,,,,,,,,,,32,Englemount-Lawrence,32,Englemount-Lawrence (32),D13,625897.3195,4840884.127
18750,81752577,3002185414,18/09/2023,2023,1907,CARLAW AVE,DUNDAS ST E,,Minor Arterial,Toronto and East York,43.664855,-79.341571,Intersection Related,Traffic Signal,Clear,"Daylight, artificial",Dry,Non-Fatal Injury,Cyclist Collisions,Driver,55 to 59,None,,West,"Automobile, Station Wagon",Turning Right,Improper Turn,Normal,,,,,,,,Yes,Yes,,,,,,,,,,,70,South Riverdale,70,South Riverdale (70),D55,633710.4142,4835985.447
18751,81752578,3002185414,18/09/2023,2023,1907,CARLAW AVE,DUNDAS ST E,,Minor Arterial,Toronto and East York,43.664855,-79.341571,Intersection Related,Traffic Signal,Clear,"Daylight, artificial",Dry,Non-Fatal Injury,Cyclist Collisions,Cyclist,55 to 59,Major,,South,Bicycle,Going Ahead,,,,,,Motorist turning right on green or amber at signalized intersection strikes cyclist.,Driving Properly,Normal,,Yes,Yes,,,,,,,,,,,70,South Riverdale,70,South Riverdale (70),D55,633710.4142,4835985.447
18752,81751686,3002195066,19/09/2023,2023,2215,MORTIMER AV,BROADVIEW AV,13 m East of,Minor Arterial,Toronto and East York,43.683936,-79.356914,Non Intersection,Traffic Signal,Clear,"Dark, artificial",Dry,Non-Fatal Injury,Pedestrian Collisions,Pedestrian,85 to 89,Major,,,,,,,Unknown,On Sidewalk or Shoulder,Other,,,,Yes,,,,,,,,,,,,,57,Broadview North,57,Broadview North (57),D55,632431.3962,4838080.038
18753,81750318,3002195156,19/09/2023,2023,2302,KINGSTON RD,BRIMLEY RD S,,Major Arterial,Scarborough,43.718154,-79.240329,At Intersection,Traffic Signal,Clear,"Dark, artificial",Dry,Fatal,Turning Movement,Driver,40 to 44,,,West,"Automobile, Station Wagon",Going Ahead,Improper Turn,Other,,,,,,,,,Yes,Yes,,,,,,,,,,123,Cliffcrest,123,Cliffcrest (123),D43,641747.5013,4842073.219
18754,81750319,3002195156,19/09/2023,2023,2302,KINGSTON RD,BRIMLEY RD S,,Major Arterial,Scarborough,43.718154,-79.240329,At Intersection,Traffic Signal,Clear,"Dark, artificial",Dry,Fatal,Turning Movement,Motorcycle Driver,30 to 34,Fatal,26,East,Motorcycle,Turning Left,Driving Properly,Normal,,,,,,,,,Yes,Yes,,,,,,,,,,123,Cliffcrest,123,Cliffcrest (123),D43,641747.5013,4842073.219
18755,81751881,3002203614,21/09/2023,2023,15,WARDEN AV,FINCH AV E,,Major Arterial,Scarborough,43.796778,-79.315723,Intersection Related,Traffic Signal,Clear,"Dark, artificial",Dry,Non-Fatal Injury,Pedestrian Collisions,Driver,55 to 59,None,,South,"Automobile, Station Wagon",Turning Left,Failed to Yield Right of Way,Normal,,,,,,,Yes,,Yes,,,,,,,Yes,,,,148,East L'Amoreaux,117,L'Amoreaux (117),D42,635496.6015,4850679.425
18756,81751882,3002203614,21/09/2023,2023,15,WARDEN AV,FINCH AV E,,Major Arterial,Scarborough,43.796778,-79.315723,Intersection Related,Traffic Signal,Clear,"Dark, artificial",Dry,Non-Fatal Injury,Pedestrian Collisions,Pedestrian,55 to 59,Major,,,,,,,Vehicle turns left while ped crosses with ROW at inter.,Crossing with right of way,Normal,,,,Yes,,Yes,,,,,,,Yes,,,,148,East L'Amoreaux,117,L'Amoreaux (117),D42,635496.6015,4850679.425
18757,81751173,3002204131,21/09/2023,2023,346,ALBION RD,WESTMORE DR,65 m East of,Major Arterial,Etobicoke York,43.743483,-79.603107,Intersection Related,,Clear,"Dark, artificial",Dry,Non-Fatal Injury,Pedestrian Collisions,Driver,55 to 59,None,,East,"Automobile, Station Wagon",Going Ahead,Driving Properly,Normal,,,,,,,Yes,,Yes,,,,,,Yes,Yes,,,,1,West Humber-Clairville,1,West Humber-Clairville (1),D23,612476.8346,4844329.88
18758,81751174,3002204131,21/09/2023,2023,346,ALBION RD,WESTMORE DR,65 m East of,Major Arterial,Etobicoke York,43.743483,-79.603107,Intersection Related,,Clear,"Dark, artificial",Dry,Non-Fatal Injury,Pedestrian Collisions,Pedestrian,40 to 44,Major,,,,,,,Pedestrian hit at mid-block,Crossing without right of way,Normal,,,,Yes,,Yes,,,,,,Yes,Yes,,,,1,West Humber-Clairville,1,West Humber-Clairville (1),D23,612476.8346,4844329.88
18759,81807516,3002207754,21/09/2023,2023,1410,HANNA RD,GLENVALE BV,,,,43.716937,-79.373989,Intersection Related,Stop Sign,Clear,Daylight,Dry,Non-Fatal Injury,Pedestrian Collisions,Driver,60 to 64,None,,North,"Automobile, Station Wagon",Turning Left,Failed to Yield Right of Way,Normal,,,,,,,Yes,,Yes,,,,,,,Yes,,,,56,Leaside-Bennington,56,Leaside-Bennington (56),D53,630983.2677,4841718.137
18760,81807517,3002207754,21/09/2023,2023,1410,HANNA RD,GLENVALE BV,,,,43.716937,-79.373989,Intersection Related,Stop Sign,Clear,Daylight,Dry,Non-Fatal Injury,Pedestrian Collisions,Pedestrian,45 to 49,Major,,,,,,,,,Unknown,,,,Yes,,Yes,,,,,,,Yes,,,,56,Leaside-Bennington,56,Leaside-Bennington (56),D53,630983.2677,4841718.137
18761,81807179,3002219111,22/09/2023,2023,2155,QUEEN'S PARK CR E,QUEENS PARK,4 m North of,,,43.666045,-79.392307,Non Intersection,Traffic Signal,Clear,"Dark, artificial",Dry,Non-Fatal Injury,,Motorcycle Driver,45 to 49,Major,,North,Motorcycle,Going Ahead,Driving Properly,Normal,,,,,,,,,,Yes,,,,,,,,,,169,Bay-Cloverhill,76,Bay Street Corridor (76),D52,629617.2326,4836037.091
18762,81751784,3002251378,27/09/2023,2023,45,EGLINTON AV E,KINGSTON RD,,Major Arterial,Scarborough,43.743731,-79.211627,Intersection Related,Traffic Signal,Clear,"Dark, artificial",Dry,Non-Fatal Injury,Turning Movement,Driver,55 to 59,Major,,West,Pick Up Truck,Going Ahead,Disobeyed Traffic Control,Normal,,,,,,,,,Yes,,,Yes,,,,Yes,Yes,,,139,Scarborough Village,139,Scarborough Village (139),D43,643998.2617,4844963.42
18763,81751785,3002251378,27/09/2023,2023,45,EGLINTON AV E,KINGSTON RD,,Major Arterial,Scarborough,43.743731,-79.211627,Intersection Related,Traffic Signal,Clear,"Dark, artificial",Dry,Non-Fatal Injury,Turning Movement,Driver,55 to 59,None,,South,Municipal Transit Bus (TTC),Turning Left,Driving Properly,Normal,,,,,,,,,Yes,,,Yes,,,,Yes,Yes,,,139,Scarborough Village,139,Scarborough Village (139),D43,643998.2617,4844963.42
18764,81751026,3002265429,28/09/2023,2023,1823,GERRARD ST E,COXWELL AVE,,Minor Arterial,Toronto and East York,43.672911,-79.319278,Intersection Related,Traffic Signal,Clear,"Dusk, artificial",Dry,Non-Fatal Injury,Pedestrian Collisions,Driver,50 to 54,None,,East,"Automobile, Station Wagon",Turning Left,Failed to Yield Right of Way,Normal,,,,,,,Yes,,Yes,,,,,,,Yes,,,,64,Woodbine Corridor,64,Woodbine Corridor (64),D55,635489.6743,4836916.348
18765,81751027,3002265429,28/09/2023,2023,1823,GERRARD ST E,COXWELL AVE,,Minor Arterial,Toronto and East York,43.672911,-79.319278,Intersection Related,Traffic Signal,Clear,"Dusk, artificial",Dry,Non-Fatal Injury,Pedestrian Collisions,Pedestrian,10 to 14,Major,,,,,,,Vehicle turns left while ped crosses with ROW at inter.,Crossing with right of way,Unknown,,,,Yes,,Yes,,,,,,,Yes,,,,64,Woodbine Corridor,64,Woodbine Corridor (64),D55,635489.6743,4836916.348
18766,81751083,3002268726,29/09/2023,2023,643,KINGSTON RD,CLAREMORE AV,,Major Arterial,Scarborough,43.703955,-79.25275,Intersection Related,Traffic Signal,Clear,Daylight,Dry,Non-Fatal Injury,Pedestrian Collisions,Driver,25 to 29,None,,West,"Automobile, Station Wagon",Going Ahead,Driving Properly,Normal,,,,,,,Yes,,Yes,,,,,,,,,,,122,Birchcliffe-Cliffside,122,Birchcliffe-Cliffside (122),D41,640780.1775,4840475.045
18767,81751084,3002268726,29/09/2023,2023,643,KINGSTON RD,CLAREMORE AV,,Major Arterial,Scarborough,43.703955,-79.25275,Intersection Related,Traffic Signal,Clear,Daylight,Dry,Non-Fatal Injury,Pedestrian Collisions,Pedestrian,0 to 4,Major,,,,,,,Pedestrian hit a PXO/ped. Mid-block signal,Crossing marked crosswalk without ROW,Normal,,,,Yes,,Yes,,,,,,,,,,,122,Birchcliffe-Cliffside,122,Birchcliffe-Cliffside (122),D41,640780.1775,4840475.045
18768,81751275,3002269929,29/09/2023,2023,1000,PORT UNION RD,BLUE ANCHOR TL,2 m North of,Minor Arterial,Scarborough,43.794993,-79.14307,Non Intersection,No Control,Clear,Daylight,Dry,Non-Fatal Injury,Rear End,Driver,25 to 29,Major,,North,"Automobile, Station Wagon",Going Ahead,Lost control,Other,,,,,,,,,Yes,,,,,,,,,,,143,West Rouge,131,Rouge (131),D43,649390.7976,4850778.339
18769,81751276,3002269929,29/09/2023,2023,1000,PORT UNION RD,BLUE ANCHOR TL,2 m North of,Minor Arterial,Scarborough,43.794993,-79.14307,Non Intersection,No Control,Clear,Daylight,Dry,Non-Fatal Injury,Rear End,Driver,50 to 54,None,,North,"Automobile, Station Wagon",Slowing or Stopping,Driving Properly,Normal,,,,,,,,,Yes,,,,,,,,,,,143,West Rouge,131,Rouge (131),D43,649390.7976,4850778.339
18770,81751277,3002269929,29/09/2023,2023,1000,PORT UNION RD,BLUE ANCHOR TL,2 m North of,Minor Arterial,Scarborough,43.794993,-79.14307,Non Intersection,No Control,Clear,Daylight,Dry,Non-Fatal Injury,Rear End,Driver,45 to 49,None,,North,Pick Up Truck,Stopped,,Unknown,,,,,,,,,Yes,,,,,,,,,,,143,West Rouge,131,Rouge (131),D43,649390.7976,4850778.339
18771,81750534,3002275859,29/09/2023,2023,2305,ISLINGTON AVE,FINCH AVE W,97 m North o,Major Arterial,Etobicoke York,43.746333,-79.568607,Non Intersection,,Clear,"Dark, artificial",Dry,Non-Fatal Injury,Approaching,Driver,45 to 49,None,,North,Pick Up Truck,Going Ahead,Other,Other,,,,,,,,,Yes,Yes,,,,,,Yes,,,,21,Humber Summit,21,Humber Summit (21),D31,615249.2997,4844693.83
18772,81750535,3002275859,29/09/2023,2023,2305,ISLINGTON AVE,FINCH AVE W,97 m North o,Major Arterial,Etobicoke York,43.746333,-79.568607,Non Intersection,,Clear,"Dark, artificial",Dry,Non-Fatal Injury,Approaching,Motorcycle Driver,25 to 29,Major,,South,Motorcycle,Going Ahead,Driving Properly,Normal,,,,,,,,,Yes,Yes,,,,,,Yes,,,,21,Humber Summit,21,Humber Summit (21),D31,615249.2997,4844693.83
18773,81751034,3002278272,30/09/2023,2023,935,LAWRENCE AVE W,CULFORD RD,,Major Arterial,North York,43.706378,-79.487644,Intersection Related,Traffic Signal,Clear,Daylight,Dry,Non-Fatal Injury,Pedestrian Collisions,Driver,55 to 59,None,,East,"Automobile, Station Wagon",Turning Left,Failed to Yield Right of Way,Normal,,,,,,,Yes,,Yes,,,,,,,Yes,,,,30,Brookhaven-Amesbury,29,Maple Leaf (29),D12,621849.1069,4840372.079
18774,81751035,3002278272,30/09/2023,2023,935,LAWRENCE AVE W,CULFORD RD,,Major Arterial,North York,43.706378,-79.487644,Intersection Related,Traffic Signal,Clear,Daylight,Dry,Non-Fatal Injury,Pedestrian Collisions,Pedestrian,70 to 74,Major,,,,,,,Vehicle turns left while ped crosses with ROW at inter.,Crossing with right of way,Normal,,,,Yes,,Yes,,,,,,,Yes,,,,30,Brookhaven-Amesbury,29,Maple Leaf (29),D12,621849.1069,4840372.079
18775,81751023,3002279550,30/09/2023,2023,1305,EVANS AVE,NORTH CARSON ST,,Major Arterial,Etobicoke York,43.61299,-79.53876,Intersection Related,Stop Sign,Clear,Daylight,Dry,Non-Fatal Injury,Turning Movement,Motorcycle Driver,30 to 34,Major,,East,Motorcycle,Going Ahead,Exceeding Speed Limit,Normal,,,,,,,,,Yes,Yes,,,,Yes,Yes,Yes,,,,20,Alderwood,20,Alderwood (20),D22,617913.3637,4829926.278
18776,81751024,3002279550,30/09/2023,2023,1305,EVANS AVE,NORTH CARSON ST,,Major Arterial,Etobicoke York,43.61299,-79.53876,Intersection Related,Stop Sign,Clear,Daylight,Dry,Non-Fatal Injury,Turning Movement,Driver,55 to 59,None,,North,"Automobile, Station Wagon",Turning Left,Driving Properly,Normal,,,,,,,,,Yes,Yes,,,,Yes,Yes,Yes,,,,20,Alderwood,20,Alderwood (20),D22,617913.3637,4829926.278
18777,81751025,3002279550,30/09/2023,2023,1305,EVANS AVE,NORTH CARSON ST,,Major Arterial,Etobicoke York,43.61299,-79.53876,Intersection Related,Stop Sign,Clear,Daylight,Dry,Non-Fatal Injury,Turning Movement,Passenger,55 to 59,None,,,,,,,,,,,,,,,Yes,Yes,,,,Yes,Yes,Yes,,,,20,Alderwood,20,Alderwood (20),D22,617913.3637,4829926.278
18778,81750878,3002288728,01/10/2023,2023,1642,YONGE ST,BISHOP AV,115 m North ,Major Arterial,North York,43.783969,-79.416599,Non Intersection,No Control,Clear,Daylight,Dry,Non-Fatal Injury,Rear End,Motorcycle Driver,35 to 39,Major,,North,Motorcycle,Going Ahead,Following too Close,Normal,,,,,,,,,Yes,Yes,,,,,,Yes,,,,36,Newtonbrook West,36,Newtonbrook West (36),D32,627408.4752,4849096.579
18779,81750879,3002288728,01/10/2023,2023,1642,YONGE ST,BISHOP AV,115 m North ,Major Arterial,North York,43.783969,-79.416599,Non Intersection,No Control,Clear,Daylight,Dry,Non-Fatal Injury,Rear End,Driver,50 to 54,None,,North,"Automobile, Station Wagon",Going Ahead,Driving Properly,Normal,,,,,,,,,Yes,Yes,,,,,,Yes,,,,36,Newtonbrook West,36,Newtonbrook West (36),D32,627408.4752,4849096.579
18780,81752132,3002302313,03/10/2023,2023,1007,PARK RD,CHURCH ST,5 m West of,Major Arterial,Toronto and East York,43.671698,-79.385188,Intersection Related,Traffic Signal,Clear,Daylight,Dry,Non-Fatal Injury,Cyclist Collisions,Truck Driver,40 to 44,None,,South,Truck - Dump,Turning Right,Improper Turn,Normal,,,,,,,,Yes,,,Yes,,,,,,,,,98,Rosedale-Moore Park,98,Rosedale-Moore Park (98),D53,630178.9732,4836676.08