OBJECTID,INDEX,ACCNUM,DATE,ACCIDENT_YEAR,TIME,STREET1,STREET2,OFFSET,ROAD_CLASS,DISTRICT,LATITUDE,LONGITUDE,ACCLOC,TRAFFCTL,VISIBILITY,LIGHT,RDSFCOND,ACCLASS,IMPACTYPE,INVTYPE,INVAGE,INJURY,FATAL_NO,INITDIR,VEHTYPE,MANOEUVER,DRIVACT,DRIVCOND,PEDTYPE,PEDACT,PEDCOND,CYCLISTYPE,CYCACT,CYCCOND,PEDESTRIAN,CYCLIST,AUTOMOBILE,MOTORCYCLE,TRUCK,TRSN_CITY_VEH,EMERG_VEH,PASSENGER,SPEEDING,AG_DRIV,REDLIGHT,ALCOHOL,DISABILITY,HOOD_158,NEIGHBOURHOOD_158,HOOD_140,NEIGHBOURHOOD_140,DIVISION,x,y
18898,81753083,3002743496,28/11/2023,2023,1025,YONGE ST,HILLSDALE AVE E,1 m north,Major Arterial,Etobicoke York,43.703326,-79.397647,Intersection Related,Stop Sign,Clear,Daylight,Dry,Fatal,Pedestrian Collisions,Truck Driver,40 to 44,None,,South,"Truck - Closed (Blazer, etc)",Turning Left,Improper Turn,Normal,,,,,,,Yes,,,,Yes,,,,,,,,,174,South Eglinton-Davisville,104,Mount Pleasant West (104),D53,629106.7005,4840169.327
18899,81753125,3002755183,29/11/2023,2023,1924,113 TORYORK DR,ORMONT DRIVE,,Collector,North York,43.756602,-79.551448,Non Intersection,,Clear,"Dark, artificial",Dry,Non-Fatal Injury,Pedestrian Collisions,Driver,60 to 64,None,,East,"Automobile, Station Wagon",Going Ahead,Driving Properly,Normal,,,,,,,Yes,,Yes,,,,,,,,,,,21,Humber Summit,21,Humber Summit (21),D31,616610.9302,4845858.366
18900,81753126,3002755183,29/11/2023,2023,1924,113 TORYORK DR,ORMONT DRIVE,,Collector,North York,43.756602,-79.551448,Non Intersection,,Clear,"Dark, artificial",Dry,Non-Fatal Injury,Pedestrian Collisions,Pedestrian,40 to 44,Major,,,,,,,Pedestrian hit at mid-block,Crossing without right of way,Normal,,,,Yes,,Yes,,,,,,,,,,,21,Humber Summit,21,Humber Summit (21),D31,616610.9302,4845858.366
18901,81753990,3002763481,30/11/2023,2023,1956,WESTON RD,RAY AVE,20 m East of,Minor Arterial,Toronto and East York,43.688666,-79.494174,Non Intersection,,Clear,Dark,Dry,Non-Fatal Injury,Pedestrian Collisions,Driver,65 to 69,None,,West,"Automobile, Station Wagon",Going Ahead,Driving Properly,Normal,,,,,,,Yes,,Yes,,,,,,,,,,,115,Mount Dennis,115,Mount Dennis (115),D12,621358.7119,4838395.342
18902,81753991,3002763481,30/11/2023,2023,1956,WESTON RD,RAY AVE,20 m East of,Minor Arterial,Toronto and East York,43.688666,-79.494174,Non Intersection,,Clear,Dark,Dry,Non-Fatal Injury,Pedestrian Collisions,Pedestrian,45 to 49,Major,,,,,,,Pedestrian hit at mid-block,Crossing without right of way,Had Been Drinking,,,,Yes,,Yes,,,,,,,,,,,115,Mount Dennis,115,Mount Dennis (115),D12,621358.7119,4838395.342
18903,81753086,3002774341,02/12/2023,2023,328,176 CHERRY ST,,,Collector,Toronto and East York,43.641585,-79.349551,Non Intersection,No Control,Rain,"Dark, artificial",Wet,Fatal,SMV Other,Passenger,20 to 24,Fatal,38,,"Automobile, Station Wagon",,,,,,,,,,,,Yes,,,,,Yes,,,,,,70,South Riverdale,70,South Riverdale (70),NSA,633118.4258,4833388.175
18904,81753087,3002774341,02/12/2023,2023,328,176 CHERRY ST,,,Collector,Toronto and East York,43.641585,-79.349551,Non Intersection,No Control,Rain,"Dark, artificial",Wet,Fatal,SMV Other,Driver,20 to 24,Minimal,,South,"Automobile, Station Wagon",Other,Lost control,Other,,,,,,,,,Yes,,,,,Yes,,,,,,70,South Riverdale,70,South Riverdale (70),NSA,633118.4258,4833388.175
18905,81754435,3002778824,02/12/2023,2023,1735,EMMETT AVE,VERONA AVE,1 m East of,Collector,Toronto and East York,43.688903,-79.50397,Intersection Related,Stop Sign,Clear,"Dark, artificial",Wet,Non-Fatal Injury,Pedestrian Collisions,Driver,45 to 49,None,,West,"Automobile, Station Wagon",Going Ahead,Failed to Yield Right of Way,,,,,,,,Yes,,Yes,,,,,,,Yes,,,,115,Mount Dennis,115,Mount Dennis (115),D12,620568.7436,4838407.375
18906,81754436,3002778824,02/12/2023,2023,1735,EMMETT AVE,VERONA AVE,1 m East of,Collector,Toronto and East York,43.688903,-79.50397,Intersection Related,Stop Sign,Clear,"Dark, artificial",Wet,Non-Fatal Injury,Pedestrian Collisions,Pedestrian,45 to 49,Major,,,,,,,Vehicle is going straight thru inter.while ped cross with ROW,Crossing with right of way,Normal,,,,Yes,,Yes,,,,,,,Yes,,,,115,Mount Dennis,115,Mount Dennis (115),D12,620568.7436,4838407.375
18907,81753412,3002816709,07/12/2023,2023,1246,ST CLAIR AVE W,WINONA DR,,Major Arterial,Toronto and East York,43.680205,-79.43246,Intersection Related,Traffic Signal,Clear,Daylight,Dry,Fatal,Pedestrian Collisions,Pedestrian,70 to 74,Fatal,40,West,,,,,Vehicle turns right while ped crosses with ROW at inter.,"Crossing, no Traffic Control",Normal,,,,Yes,,,,Yes,,,,,Yes,,,,94,Wychwood,94,Wychwood (94),D13,626350.2218,4837547.798
18908,81753729,3002816709,07/12/2023,2023,1246,ST CLAIR AVE W,WINONA DR,,Major Arterial,Toronto and East York,43.680205,-79.43246,Intersection Related,Traffic Signal,Clear,Daylight,Dry,Fatal,Pedestrian Collisions,Truck Driver,40 to 44,None,,West,Truck - Dump,Turning Right,Failed to Yield Right of Way,Normal,,,,,,,Yes,,,,Yes,,,,,Yes,,,,94,Wychwood,94,Wychwood (94),D13,626350.2218,4837547.798
18909,81796145,3002818319,07/12/2023,2023,1612,FRONT ST W,SPADINA AVE,,,,43.642749,-79.393894,Intersection Related,Traffic Signal,Clear,Daylight,Dry,Non-Fatal Injury,Pedestrian Collisions,Driver,55 to 59,None,,West,"Automobile, Station Wagon",Going Ahead,Driving Properly,Normal,,,,,,,Yes,,Yes,,,,,,,,,,,165,Harbourfront-CityPlace,77,Waterfront Communities-The Island (77),D52,629539.3618,4833447.286
18910,81796146,3002818319,07/12/2023,2023,1612,FRONT ST W,SPADINA AVE,,,,43.642749,-79.393894,Intersection Related,Traffic Signal,Clear,Daylight,Dry,Non-Fatal Injury,Pedestrian Collisions,Pedestrian,25 to 29,Major,,,,,,,,,Unknown,,,,Yes,,Yes,,,,,,,,,,,165,Harbourfront-CityPlace,77,Waterfront Communities-The Island (77),D52,629539.3618,4833447.286
18911,81796023,3002820255,07/12/2023,2023,2047,DUNDAS ST W,SHORNCLIFFE RD,5 m East of,,,43.632125,-79.544666,Intersection Related,Traffic Signal,Clear,"Dark, artificial",Dry,Non-Fatal Injury,Pedestrian Collisions,Truck Driver,50 to 54,None,,South,"Truck - Closed (Blazer, etc)",Turning Right,Improper Turn,Normal,,,,,,,Yes,,,,Yes,,,,,,,,,159,Etobicoke City Centre,14,Islington-City Centre West (14),D22,617399.5316,4832043.084
18912,81796024,3002820255,07/12/2023,2023,2047,DUNDAS ST W,SHORNCLIFFE RD,5 m East of,,,43.632125,-79.544666,Intersection Related,Traffic Signal,Clear,"Dark, artificial",Dry,Non-Fatal Injury,Pedestrian Collisions,Pedestrian,65 to 69,Major,,,,,,,,,Unknown,,,,Yes,,,,Yes,,,,,,,,,159,Etobicoke City Centre,14,Islington-City Centre West (14),D22,617399.5316,4832043.084
18913,81754162,3002835959,09/12/2023,2023,2040,256 EPSOM DOWNS DR,,,Local,North York,43.722567,-79.503848,Non Intersection,No Control,Rain,"Dark, artificial",Wet,Fatal,Pedestrian Collisions,Pedestrian,50 to 54,Fatal,42,East,,,,,Pedestrian hit at mid-block,Walking on Roadway with Traffic,Normal,,,,Yes,,Yes,,,,,,Yes,Yes,,,,154,Oakdale-Beverley Heights,26,Downsview-Roding-CFB (26),D31,620511.1014,4842146.405
18914,81754164,3002835959,09/12/2023,2023,2040,256 EPSOM DOWNS DR,,,Local,North York,43.722567,-79.503848,Non Intersection,No Control,Rain,"Dark, artificial",Wet,Fatal,Pedestrian Collisions,Driver,40 to 44,None,,East,"Automobile, Station Wagon",Going Ahead,Exceeding Speed Limit,Normal,,,,,,,Yes,,Yes,,,,,,Yes,Yes,,,,154,Oakdale-Beverley Heights,26,Downsview-Roding-CFB (26),D31,620511.1014,4842146.405
18915,81796331,3002836008,09/12/2023,2023,2048,318 RUSTIC RD,CULFORD RD,5 m South of,,,43.71532,-79.490322,Intersection Related,Traffic Signal,Rain,"Dark, artificial",Wet,Non-Fatal Injury,Pedestrian Collisions,Driver,80 to 84,None,,West,"Automobile, Station Wagon",Going Ahead,Driving Properly,Normal,,,,,,,Yes,,Yes,,,,,,,,,,,29,Maple Leaf,29,Maple Leaf (29),D12,621615.2545,4841361.28
18916,81796332,3002836008,09/12/2023,2023,2048,318 RUSTIC RD,CULFORD RD,5 m South of,,,43.71532,-79.490322,Intersection Related,Traffic Signal,Rain,"Dark, artificial",Wet,Non-Fatal Injury,Pedestrian Collisions,Pedestrian,75 to 79,Major,,,,,,,,,Unknown,,,,Yes,,Yes,,,,,,,,,,,29,Maple Leaf,29,Maple Leaf (29),D12,621615.2545,4841361.28
18917,81753946,3002850941,10/12/2023,2023,1240,BIRCHMOUNT RD,DANFORTH AVE,25 m North o,Minor Arterial,Scarborough,43.696994,-79.264003,Intersection Related,Traffic Signal,Clear,"Dark, artificial",Dry,Non-Fatal Injury,Pedestrian Collisions,Driver,30 to 34,None,,West,"Automobile, Station Wagon",Turning Right,Failed to Yield Right of Way,Inattentive,,,,,,,Yes,,Yes,,,,,,,Yes,,,,122,Birchcliffe-Cliffside,122,Birchcliffe-Cliffside (122),D41,639889.6736,4839682.877
18918,81753947,3002850941,10/12/2023,2023,1240,BIRCHMOUNT RD,DANFORTH AVE,25 m North o,Minor Arterial,Scarborough,43.696994,-79.264003,Intersection Related,Traffic Signal,Clear,"Dark, artificial",Dry,Non-Fatal Injury,Pedestrian Collisions,Pedestrian,25 to 29,Major,,,,,,,Vehicle turns right while ped crosses with ROW at inter.,Crossing with right of way,Normal,,,,Yes,,Yes,,,,,,,Yes,,,,122,Birchcliffe-Cliffside,122,Birchcliffe-Cliffside (122),D41,639889.6736,4839682.877
18919,81753941,3002861573,13/12/2023,2023,1019,BRIAR HILL AV,DUFFERIN ST,2 m East of,Major Arterial,North York,43.702346,-79.452083,Intersection Related,Traffic Signal,Clear,Daylight,Dry,Non-Fatal Injury,Pedestrian Collisions,Driver,25 to 29,None,,East,"Automobile, Station Wagon",Turning Left,Improper Turn,Fatigue,,,,,,,Yes,,Yes,,,,,,,,,,,108,Briar Hill-Belgravia,108,Briar Hill-Belgravia (108),D13,624722.6096,4839977.152
18920,81753942,3002861573,13/12/2023,2023,1019,BRIAR HILL AV,DUFFERIN ST,2 m East of,Major Arterial,North York,43.702346,-79.452083,Intersection Related,Traffic Signal,Clear,Daylight,Dry,Non-Fatal Injury,Pedestrian Collisions,Pedestrian,85 to 89,Major,,,,,,,Vehicle turns left while ped crosses with ROW at inter.,Crossing with right of way,Normal,,,,Yes,,Yes,,,,,,,,,,,108,Briar Hill-Belgravia,108,Briar Hill-Belgravia (108),D13,624722.6096,4839977.152
18921,81754618,3002895177,17/12/2023,2023,1700,ANNDALE DR,BALES AVE,,Local,North York,43.76034,-79.409351,Intersection Related,Stop Sign,Rain,Dark,Wet,Non-Fatal Injury,Pedestrian Collisions,Driver,40 to 44,None,,West,"Automobile, Station Wagon",Turning Left,Failed to Yield Right of Way,Normal,,,,,,,Yes,,Yes,,,,,Yes,,Yes,,,,153,Avondale,51,Willowdale East (51),D32,628042.1066,4846483.399
18922,81754619,3002895177,17/12/2023,2023,1700,ANNDALE DR,BALES AVE,,Local,North York,43.76034,-79.409351,Intersection Related,Stop Sign,Rain,Dark,Wet,Non-Fatal Injury,Pedestrian Collisions,Passenger,70 to 74,None,,,,,,,,,,,,,Yes,,Yes,,,,,Yes,,Yes,,,,153,Avondale,51,Willowdale East (51),D32,628042.1066,4846483.399
18923,81754620,3002895177,17/12/2023,2023,1700,ANNDALE DR,BALES AVE,,Local,North York,43.76034,-79.409351,Intersection Related,Stop Sign,Rain,Dark,Wet,Non-Fatal Injury,Pedestrian Collisions,Pedestrian,50 to 54,Major,,,,,,,Vehicle turns left while ped crosses with ROW at inter.,Crossing with right of way,Normal,,,,Yes,,Yes,,,,,Yes,,Yes,,,,153,Avondale,51,Willowdale East (51),D32,628042.1066,4846483.399
18924,81805818,3002895047,17/12/2023,2023,1707,ALBION RD,ELMHURST DR,2 m South of,,,43.725105,-79.550541,Intersection Related,Traffic Signal,Rain,Dark,Wet,Non-Fatal Injury,Pedestrian Collisions,Driver,70 to 74,None,,South,"Automobile, Station Wagon",Going Ahead,Driving Properly,Normal,,,,,,,Yes,,Yes,,,,,,,,,,,5,Elms-Old Rexdale,5,Elms-Old Rexdale (5),D23,616745.1452,4842361.45
18925,81805819,3002895047,17/12/2023,2023,1707,ALBION RD,ELMHURST DR,2 m South of,,,43.725105,-79.550541,Intersection Related,Traffic Signal,Rain,Dark,Wet,Non-Fatal Injury,Pedestrian Collisions,Pedestrian,75 to 79,Major,,,,,,,,,Unknown,,,,Yes,,Yes,,,,,,,,,,,5,Elms-Old Rexdale,5,Elms-Old Rexdale (5),D23,616745.1452,4842361.45
18926,81754701,3002902760,18/12/2023,2023,1800,BRIMLEY RD,DALLYN CRES,4 m South of,Major Arterial,Scarborough,43.741137,-79.250186,Intersection Related,Stop Sign,Rain,Dark,Wet,Non-Fatal Injury,Pedestrian Collisions,Driver,35 to 39,None,,North,"Automobile, Station Wagon",Going Ahead,Driving Properly,Normal,,,,,,,Yes,,Yes,,,,,,,,,,,138,Eglinton East,138,Eglinton East (138),D43,640899.5718,4844609.012
18927,81754702,3002902760,18/12/2023,2023,1800,BRIMLEY RD,DALLYN CRES,4 m South of,Major Arterial,Scarborough,43.741137,-79.250186,Intersection Related,Stop Sign,Rain,Dark,Wet,Non-Fatal Injury,Pedestrian Collisions,Pedestrian,65 to 69,Major,,,,,,,Vehicle is going straight thru inter.while ped cross without ROW,Crossing without right of way,Normal,,,,Yes,,Yes,,,,,,,,,,,138,Eglinton East,138,Eglinton East (138),D43,640899.5718,4844609.012
18928,81754217,3002903236,18/12/2023,2023,1905,GRANDRAVINE DR,JANE ST,3 m East of,Major Arterial,North York,43.747103,-79.515094,Intersection Related,Traffic Signal,Snow,"Dark, artificial",Wet,Non-Fatal Injury,Pedestrian Collisions,Driver,80 to 84,None,,West,"Automobile, Station Wagon",Turning Left,Driving Properly,Normal,,,,,,,Yes,,Yes,,,,,,,,,,,25,Glenfield-Jane Heights,25,Glenfield-Jane Heights (25),D31,619556.4235,4844855.188
18929,81754218,3002903236,18/12/2023,2023,1905,GRANDRAVINE DR,JANE ST,3 m East of,Major Arterial,North York,43.747103,-79.515094,Intersection Related,Traffic Signal,Snow,"Dark, artificial",Wet,Non-Fatal Injury,Pedestrian Collisions,Pedestrian,80 to 84,Major,,,,,,,Vehicle turns left while ped crosses with ROW at inter.,Crossing with right of way,Normal,,,,Yes,,Yes,,,,,,,,,,,25,Glenfield-Jane Heights,25,Glenfield-Jane Heights (25),D31,619556.4235,4844855.188
18930,81772106,3002906029,19/12/2023,2023,711,HAREWOOD AV,KINGSTON RD,35 m North o,,,43.72272,-79.235164,Non Intersection,No Control,Clear,Daylight,Dry,Non-Fatal Injury,Pedestrian Collisions,Driver,25 to 29,None,,South,"Automobile, Station Wagon",Slowing or Stopping,Driving Properly,Normal,,,,,,,Yes,,Yes,,,,,,,,,,,123,Cliffcrest,123,Cliffcrest (123),D43,642152.7655,4842589.188
18931,81772107,3002906029,19/12/2023,2023,711,HAREWOOD AV,KINGSTON RD,35 m North o,,,43.72272,-79.235164,Non Intersection,No Control,Clear,Daylight,Dry,Non-Fatal Injury,Pedestrian Collisions,Pedestrian,35 to 39,Major,,,,,,,,,Unknown,,,,Yes,,Yes,,,,,,,,,,,123,Cliffcrest,123,Cliffcrest (123),D43,642152.7655,4842589.188
18932,81754829,3002912499,20/12/2023,2023,115,KINGSTON RD,ELLESMERE RD,,Minor Arterial,Scarborough,43.793585,-79.154567,Intersection Related,Traffic Signal,Clear,Dark,Dry,Non-Fatal Injury,,Driver,55 to 59,Major,,West,"Automobile, Station Wagon",Going Ahead,Lost control,Fatigue,,,,,,,,,Yes,,,,,,,,,,,133,Centennial Scarborough,133,Centennial Scarborough (133),D43,648469.3341,4850601.269
18933,81754830,3002912499,20/12/2023,2023,115,KINGSTON RD,ELLESMERE RD,,Minor Arterial,Scarborough,43.793585,-79.154567,Intersection Related,Traffic Signal,Clear,Dark,Dry,Non-Fatal Injury,,Driver,25 to 29,None,,East,"Automobile, Station Wagon",Stopped,Driving Properly,Normal,,,,,,,,,Yes,,,,,,,,,,,133,Centennial Scarborough,133,Centennial Scarborough (133),D43,648469.3341,4850601.269
18934,81754160,3002925553,21/12/2023,2023,1842,CUMMER AVE,FLEMING DR,,Collector,North York,43.794005,-79.385844,Intersection Related,No Control,Clear,"Dark, artificial",Dry,Fatal,SMV Other,Driver,45 to 49,Fatal,43,East,"Automobile, Station Wagon",Going Ahead,Lost control,Other,,,,,,,,,Yes,,,,,,,,,,,49,Bayview Woods-Steeles,49,Bayview Woods-Steeles (49),D33,629861.4648,4850259.027
18935,81796697,3002931169,22/12/2023,2023,1400,FRONT ST E,MARKET STREET,1 m North of,,,43.649455,-79.371433,Non Intersection,,Clear,Daylight,Dry,Non-Fatal Injury,Cyclist Collisions,Driver,60 to 64,None,,East,Pick Up Truck,Going Ahead,Driving Properly,Normal,,,,,,,,Yes,Yes,,,,,,,,,,,166,St Lawrence-East Bayfront-The Islands,73,Moss Park (73),D51,631336.3423,4834227.377
18936,81796698,3002931169,22/12/2023,2023,1400,FRONT ST E,MARKET STREET,1 m North of,,,43.649455,-79.371433,Non Intersection,,Clear,Daylight,Dry,Non-Fatal Injury,Cyclist Collisions,Cyclist,80 to 84,Major,,North,Bicycle,Going Ahead,,,,,,,Failed to Yield Right of Way,Normal,,Yes,Yes,,,,,,,,,,,166,St Lawrence-East Bayfront-The Islands,73,Moss Park (73),D51,631336.3423,4834227.377
18937,81754442,3002940459,23/12/2023,2023,1954,BAYVIEW AVE,TEAGARDEN CRT,,Major Arterial,North York,43.768195,-79.388377,Non Intersection,No Control,Rain,"Dark, artificial",Wet,Non-Fatal Injury,Turning Movement,Driver,35 to 39,Major,,South,"Automobile, Station Wagon",Making U Turn,,Normal,,,,,,,,,Yes,,,,Yes,Yes,,,,,,52,Bayview Village,52,Bayview Village (52),D33,629713.4835,4847388.457
18938,81754443,3002940459,23/12/2023,2023,1954,BAYVIEW AVE,TEAGARDEN CRT,,Major Arterial,North York,43.768195,-79.388377,Non Intersection,No Control,Rain,"Dark, artificial",Wet,Non-Fatal Injury,Turning Movement,Driver,25 to 29,Minor,,South,Police Vehicle,Going Ahead,,Normal,,,,,,,,,Yes,,,,Yes,Yes,,,,,,52,Bayview Village,52,Bayview Village (52),D33,629713.4835,4847388.457
18939,81754444,3002940459,23/12/2023,2023,1954,BAYVIEW AVE,TEAGARDEN CRT,,Major Arterial,North York,43.768195,-79.388377,Non Intersection,No Control,Rain,"Dark, artificial",Wet,Non-Fatal Injury,Turning Movement,Passenger,35 to 39,Minor,,,,,,,,,,,,,,,Yes,,,,Yes,Yes,,,,,,52,Bayview Village,52,Bayview Village (52),D33,629713.4835,4847388.457
18940,81754445,3002940459,23/12/2023,2023,1954,BAYVIEW AVE,TEAGARDEN CRT,,Major Arterial,North York,43.768195,-79.388377,Non Intersection,No Control,Rain,"Dark, artificial",Wet,Non-Fatal Injury,Turning Movement,Passenger,5 to 9,Minimal,,,,,,,,,,,,,,,Yes,,,,Yes,Yes,,,,,,52,Bayview Village,52,Bayview Village (52),D33,629713.4835,4847388.457
18941,81754446,3002940459,23/12/2023,2023,1954,BAYVIEW AVE,TEAGARDEN CRT,,Major Arterial,North York,43.768195,-79.388377,Non Intersection,No Control,Rain,"Dark, artificial",Wet,Non-Fatal Injury,Turning Movement,Passenger,0 to 4,Minimal,,,,,,,,,,,,,,,Yes,,,,Yes,Yes,,,,,,52,Bayview Village,52,Bayview Village (52),D33,629713.4835,4847388.457
18942,81754447,3002940459,23/12/2023,2023,1954,BAYVIEW AVE,TEAGARDEN CRT,,Major Arterial,North York,43.768195,-79.388377,Non Intersection,No Control,Rain,"Dark, artificial",Wet,Non-Fatal Injury,Turning Movement,Passenger,25 to 29,Minor,,,,,,,,,,,,,,,Yes,,,,Yes,Yes,,,,,,52,Bayview Village,52,Bayview Village (52),D33,629713.4835,4847388.457
18943,81797690,3002943645,24/12/2023,2023,957,KEELE ST,LAWRENCE AV WEST,75 m East of,,,43.664176,-79.464039,At/Near Private Drive,Traffic Signal,Clear,Daylight,Dry,Non-Fatal Injury,Pedestrian Collisions,Driver,60 to 64,None,,South,"Automobile, Station Wagon",Turning Right,Improper Turn,Normal,,,,,,,Yes,,Yes,,,,,,,,,,,90,Junction Area,90,Junction Area (90),D11,623837.7628,4835719.942
18944,81797691,3002943645,24/12/2023,2023,957,KEELE ST,LAWRENCE AV WEST,75 m East of,,,43.664176,-79.464039,At/Near Private Drive,Traffic Signal,Clear,Daylight,Dry,Non-Fatal Injury,Pedestrian Collisions,Pedestrian,20 to 24,Major,,,,,,,,,Unknown,,,,Yes,,Yes,,,,,,,,,,,90,Junction Area,90,Junction Area (90),D11,623837.7628,4835719.942
18945,81754320,3002946108,24/12/2023,2023,1729,SHEPPARD AVE E,MARKHAM RD,22 m West of,Major Arterial,Scarborough,43.793822,-79.238979,Intersection Related,Traffic Signal,Clear,"Dark, artificial",Dry,Non-Fatal Injury,Angle,Driver,55 to 59,Major,,West,"Automobile, Station Wagon",Going Ahead,Disobeyed Traffic Control,Inattentive,,,,,,,,,Yes,,,,,Yes,,Yes,Yes,,,128,Agincourt South-Malvern West,128,Agincourt South-Malvern West (128),D42,641677.5526,4850479.624
18946,81754321,3002946108,24/12/2023,2023,1729,SHEPPARD AVE E,MARKHAM RD,22 m West of,Major Arterial,Scarborough,43.793822,-79.238979,Intersection Related,Traffic Signal,Clear,"Dark, artificial",Dry,Non-Fatal Injury,Angle,Driver,50 to 54,None,,South,"Automobile, Station Wagon",Going Ahead,Driving Properly,Normal,,,,,,,,,Yes,,,,,Yes,,Yes,Yes,,,128,Agincourt South-Malvern West,128,Agincourt South-Malvern West (128),D42,641677.5526,4850479.624
18947,81754322,3002946108,24/12/2023,2023,1729,SHEPPARD AVE E,MARKHAM RD,22 m West of,Major Arterial,Scarborough,43.793822,-79.238979,Intersection Related,Traffic Signal,Clear,"Dark, artificial",Dry,Non-Fatal Injury,Angle,Passenger,75 to 79,None,,,,,,,,,,,,,,,Yes,,,,,Yes,,Yes,Yes,,,128,Agincourt South-Malvern West,128,Agincourt South-Malvern West (128),D42,641677.5526,4850479.624
18948,81754323,3002946108,24/12/2023,2023,1729,SHEPPARD AVE E,MARKHAM RD,22 m West of,Major Arterial,Scarborough,43.793822,-79.238979,Intersection Related,Traffic Signal,Clear,"Dark, artificial",Dry,Non-Fatal Injury,Angle,Passenger,75 to 79,None,,,,,,,,,,,,,,,Yes,,,,,Yes,,Yes,Yes,,,128,Agincourt South-Malvern West,128,Agincourt South-Malvern West (128),D42,641677.5526,4850479.624
18949,81754324,3002946108,24/12/2023,2023,1729,SHEPPARD AVE E,MARKHAM RD,22 m West of,Major Arterial,Scarborough,43.793822,-79.238979,Intersection Related,Traffic Signal,Clear,"Dark, artificial",Dry,Non-Fatal Injury,Angle,Passenger,45 to 49,None,,,,,,,,,,,,,,,Yes,,,,,Yes,,Yes,Yes,,,128,Agincourt South-Malvern West,128,Agincourt South-Malvern West (128),D42,641677.5526,4850479.624
18950,81754325,3002946108,24/12/2023,2023,1729,SHEPPARD AVE E,MARKHAM RD,22 m West of,Major Arterial,Scarborough,43.793822,-79.238979,Intersection Related,Traffic Signal,Clear,"Dark, artificial",Dry,Non-Fatal Injury,Angle,Passenger,10 to 14,None,,,,,,,,,,,,,,,Yes,,,,,Yes,,Yes,Yes,,,128,Agincourt South-Malvern West,128,Agincourt South-Malvern West (128),D42,641677.5526,4850479.624
18951,81754326,3002946108,24/12/2023,2023,1729,SHEPPARD AVE E,MARKHAM RD,22 m West of,Major Arterial,Scarborough,43.793822,-79.238979,Intersection Related,Traffic Signal,Clear,"Dark, artificial",Dry,Non-Fatal Injury,Angle,Passenger,5 to 9,None,,,,,,,,,,,,,,,Yes,,,,,Yes,,Yes,Yes,,,128,Agincourt South-Malvern West,128,Agincourt South-Malvern West (128),D42,641677.5526,4850479.624
18952,81755036,3002957349,26/12/2023,2023,2008,MCCOWAN RD,ELLESMERE RD,,Major Arterial,,43.772151,-79.25146,Intersection Related,Traffic Signal,"Fog, Mist, Smoke, Dust","Dark, artificial",Wet,Non-Fatal Injury,Pedestrian Collisions,Driver,60 to 64,None,,North,"Automobile, Station Wagon",Turning Left,Failed to Yield Right of Way,Normal,,,,,,,Yes,,Yes,,,,,,,Yes,,,,142,Woburn North,137,Woburn (137),D43,640724.2608,4848051.427
18953,81755037,3002957349,26/12/2023,2023,2008,MCCOWAN RD,ELLESMERE RD,,Major Arterial,,43.772151,-79.25146,Intersection Related,Traffic Signal,"Fog, Mist, Smoke, Dust","Dark, artificial",Wet,Non-Fatal Injury,Pedestrian Collisions,Pedestrian,20 to 24,Major,,,,,,,Vehicle turns left while ped crosses with ROW at inter.,Crossing with right of way,Normal,,,,Yes,,Yes,,,,,,,Yes,,,,142,Woburn North,137,Woburn (137),D43,640724.2608,4848051.427
18954,81754165,3002971030,28/12/2023,2023,1911,DUFFERIN ST,FISHER ST,,Minor Arterial,Toronto and East York,43.650847,-79.431903,Intersection Related,No Control,Rain,Dark,Wet,Fatal,Pedestrian Collisions,Pedestrian,80 to 84,Fatal,45,East,,,,,Vehicle is going straight thru inter.while ped cross without ROW,Crossing without right of way,Normal,,,,Yes,,Yes,,,,,,,,,,,84,Little Portugal,84,Little Portugal (84),D14,626456.7479,4834288.051
18955,81754166,3002971030,28/12/2023,2023,1911,DUFFERIN ST,FISHER ST,,Minor Arterial,Toronto and East York,43.650847,-79.431903,Intersection Related,No Control,Rain,Dark,Wet,Fatal,Pedestrian Collisions,Driver,20 to 24,None,,North,"Automobile, Station Wagon",Going Ahead,Driving Properly,Normal,,,,,,,Yes,,Yes,,,,,,,,,,,84,Little Portugal,84,Little Portugal (84),D14,626456.7479,4834288.051
18956,81755104,3002978088,29/12/2023,2023,1829,DONSIDE DR,MAYBOURNE AV,,Local,Scarborough,43.700789,-79.290279,Intersection Related,No Control,Rain,Dark,Wet,Non-Fatal Injury,Pedestrian Collisions,Driver,65 to 69,None,,West,"Automobile, Station Wagon",Going Ahead,Driving Properly,Normal,,,,,,,Yes,,Yes,,,,,,,,,,,120,Clairlea-Birchmount,120,Clairlea-Birchmount (120),D41,637763.5905,4840060.368
18957,81755105,3002978088,29/12/2023,2023,1829,DONSIDE DR,MAYBOURNE AV,,Local,Scarborough,43.700789,-79.290279,Intersection Related,No Control,Rain,Dark,Wet,Non-Fatal Injury,Pedestrian Collisions,Pedestrian,15 to 19,Major,,,,,,,Vehicle is going straight thru inter.while ped cross with ROW,"Crossing, no Traffic Control",Normal,,,,Yes,,Yes,,,,,,,,,,,120,Clairlea-Birchmount,120,Clairlea-Birchmount (120),D41,637763.5905,4840060.368